risk_id,project_id,period_id,risk_category,risk_description,probability_score,impact_score,risk_score,risk_severity,risk_status,mitigation_status,risk_owner_type,date_identified,target_resolution_date,project_number,project_name,business_unit_id,project_manager_id,strategy_id,project_type,project_status,priority,start_date,planned_finish_date,currency_code,approved_budget,business_value_score,strategic_alignment_score,complexity_rating,criticality,business_unit_name,region,executive_owner,project_manager_name,experience_band,home_business_unit_id,strategic_objective,strategy_category,strategic_weight,period_start_date,period_end_date,fiscal_year,fiscal_quarter,fiscal_month,period_name,open_risk_flag,high_risk_flag
1,1,202502,Schedule,Testing window compressed,2,3,6,Moderate,Open,Not Started,PMO,2025-02-14,2025-03-23,PPM-0001,Unity Process Automation,4,11,5,Infrastructure,Completed,High,2024-03-13,2025-12-07,USD,1688000,93,92,2,Business Critical,Commercial,North America,Chief Commercial Officer,Grace Okafor,Principal,4,Customer Experience,Customer,0.9,2025-02-01,2025-02-28,2025,Q1,2,Feb-2025,True,False
2,1,202504,Scope,Change requests threaten baseline,2,3,6,Moderate,Open,Planned,Business Owner,2025-04-12,2025-05-27,PPM-0001,Unity Process Automation,4,11,5,Infrastructure,Completed,High,2024-03-13,2025-12-07,USD,1688000,93,92,2,Business Critical,Commercial,North America,Chief Commercial Officer,Grace Okafor,Principal,4,Customer Experience,Customer,0.9,2025-04-01,2025-04-30,2025,Q2,4,Apr-2025,True,False
3,1,202506,Financial,Vendor spend trending above plan,3,4,12,High,Open,Not Started,PMO,2025-06-25,2025-10-20,PPM-0001,Unity Process Automation,4,11,5,Infrastructure,Completed,High,2024-03-13,2025-12-07,USD,1688000,93,92,2,Business Critical,Commercial,North America,Chief Commercial Officer,Grace Okafor,Principal,4,Customer Experience,Customer,0.9,2025-06-01,2025-06-30,2025,Q2,6,Jun-2025,True,True
4,1,202609,Scope,Change requests threaten baseline,1,3,3,Low,Open,Not Started,Technical Lead,2026-09-05,2026-11-21,PPM-0001,Unity Process Automation,4,11,5,Infrastructure,Completed,High,2024-03-13,2025-12-07,USD,1688000,93,92,2,Business Critical,Commercial,North America,Chief Commercial Officer,Grace Okafor,Principal,4,Customer Experience,Customer,0.9,2026-09-01,2026-09-30,2026,Q3,9,Sep-2026,True,False
5,2,202501,Resource,Specialist allocation conflict,3,5,15,High,Mitigating,At Risk,Project Manager,2025-01-14,2025-05-07,PPM-0002,Summit Analytics Hub,4,5,5,Infrastructure,Active,High,2024-12-18,2027-06-18,USD,2720000,87,59,2,Standard,Commercial,North America,Chief Commercial Officer,Sofia Martinez,Senior,3,Customer Experience,Customer,0.9,2025-01-01,2025-01-31,2025,Q1,1,Jan-2025,True,True
6,2,202503,Scope,Requirements instability,2,4,8,Moderate,Open,Not Started,Project Manager,2025-03-22,2025-06-21,PPM-0002,Summit Analytics Hub,4,5,5,Infrastructure,Active,High,2024-12-18,2027-06-18,USD,2720000,87,59,2,Standard,Commercial,North America,Chief Commercial Officer,Sofia Martinez,Senior,3,Customer Experience,Customer,0.9,2025-03-01,2025-03-31,2025,Q1,3,Mar-2025,True,False
7,2,202605,Schedule,Dependency delay threatens delivery,2,5,10,High,Mitigating,At Risk,Business Owner,2026-05-09,2026-06-12,PPM-0002,Summit Analytics Hub,4,5,5,Infrastructure,Active,High,2024-12-18,2027-06-18,USD,2720000,87,59,2,Standard,Commercial,North America,Chief Commercial Officer,Sofia Martinez,Senior,3,Customer Experience,Customer,0.9,2026-05-01,2026-05-31,2026,Q2,5,May-2026,True,True
8,2,202512,Compliance,Control evidence incomplete,4,4,16,Critical,Mitigating,At Risk,Technical Lead,2025-12-18,2026-03-11,PPM-0002,Summit Analytics Hub,4,5,5,Infrastructure,Active,High,2024-12-18,2027-06-18,USD,2720000,87,59,2,Standard,Commercial,North America,Chief Commercial Officer,Sofia Martinez,Senior,3,Customer Experience,Customer,0.9,2025-12-01,2025-12-31,2025,Q4,12,Dec-2025,True,True
9,2,202511,Change Management,Training preparation delayed,3,5,15,High,Mitigating,In Progress,Business Owner,2025-11-24,2026-03-16,PPM-0002,Summit Analytics Hub,4,5,5,Infrastructure,Active,High,2024-12-18,2027-06-18,USD,2720000,87,59,2,Standard,Commercial,North America,Chief Commercial Officer,Sofia Martinez,Senior,3,Customer Experience,Customer,0.9,2025-11-01,2025-11-30,2025,Q4,11,Nov-2025,True,True
10,2,202607,Financial,Forecast cost exceeds approved budget,3,5,15,High,Closed,Complete,PMO,2026-07-24,2026-10-27,PPM-0002,Summit Analytics Hub,4,5,5,Infrastructure,Active,High,2024-12-18,2027-06-18,USD,2720000,87,59,2,Standard,Commercial,North America,Chief Commercial Officer,Sofia Martinez,Senior,3,Customer Experience,Customer,0.9,2026-07-01,2026-07-31,2026,Q3,7,Jul-2026,False,True
11,2,202502,Scope,Change requests threaten baseline,3,5,15,High,Open,Planned,Program Manager,2025-02-17,2025-04-18,PPM-0002,Summit Analytics Hub,4,5,5,Infrastructure,Active,High,2024-12-18,2027-06-18,USD,2720000,87,59,2,Standard,Commercial,North America,Chief Commercial Officer,Sofia Martinez,Senior,3,Customer Experience,Customer,0.9,2025-02-01,2025-02-28,2025,Q1,2,Feb-2025,True,True
12,2,202610,Financial,Contingency reserve under pressure,3,5,15,High,Open,Planned,Business Owner,2026-10-17,2026-12-06,PPM-0002,Summit Analytics Hub,4,5,5,Infrastructure,Active,High,2024-12-18,2027-06-18,USD,2720000,87,59,2,Standard,Commercial,North America,Chief Commercial Officer,Sofia Martinez,Senior,3,Customer Experience,Customer,0.9,2026-10-01,2026-10-31,2026,Q4,10,Oct-2026,True,True
13,2,202506,Financial,Vendor spend trending above plan,2,4,8,Moderate,Closed,Complete,Technical Lead,2025-06-20,2025-08-01,PPM-0002,Summit Analytics Hub,4,5,5,Infrastructure,Active,High,2024-12-18,2027-06-18,USD,2720000,87,59,2,Standard,Commercial,North America,Chief Commercial Officer,Sofia Martinez,Senior,3,Customer Experience,Customer,0.9,2025-06-01,2025-06-30,2025,Q2,6,Jun-2025,False,False
14,3,202508,Vendor,Vendor deliverable delayed,3,5,15,High,Mitigating,On Track,Project Manager,2025-08-07,2025-11-01,PPM-0003,Wave Process Automation,3,13,1,ERP Transformation,Active,High,2025-12-30,2028-02-28,USD,2775000,68,66,5,Important,Technology,Global,CIO,Nadia Rahman,Lead,5,Digital Transformation,Growth & Modernization,1.0,2025-08-01,2025-08-31,2025,Q3,8,Aug-2025,True,True
15,3,202511,Schedule,Critical milestone slippage,5,5,25,Critical,Mitigating,In Progress,Business Owner,2025-11-05,2026-02-27,PPM-0003,Wave Process Automation,3,13,1,ERP Transformation,Active,High,2025-12-30,2028-02-28,USD,2775000,68,66,5,Important,Technology,Global,CIO,Nadia Rahman,Lead,5,Digital Transformation,Growth & Modernization,1.0,2025-11-01,2025-11-30,2025,Q4,11,Nov-2025,True,True
16,3,202607,Schedule,Testing window compressed,5,4,20,Critical,Open,Planned,Program Manager,2026-07-21,2026-09-27,PPM-0003,Wave Process Automation,3,13,1,ERP Transformation,Active,High,2025-12-30,2028-02-28,USD,2775000,68,66,5,Important,Technology,Global,CIO,Nadia Rahman,Lead,5,Digital Transformation,Growth & Modernization,1.0,2026-07-01,2026-07-31,2026,Q3,7,Jul-2026,True,True
17,3,202505,Schedule,Dependency delay threatens delivery,5,5,25,Critical,Open,Not Started,PMO,2025-05-10,2025-09-03,PPM-0003,Wave Process Automation,3,13,1,ERP Transformation,Active,High,2025-12-30,2028-02-28,USD,2775000,68,66,5,Important,Technology,Global,CIO,Nadia Rahman,Lead,5,Digital Transformation,Growth & Modernization,1.0,2025-05-01,2025-05-31,2025,Q2,5,May-2025,True,True
18,3,202510,Change Management,Training preparation delayed,5,5,25,Critical,Open,Planned,Technical Lead,2025-10-21,2025-11-24,PPM-0003,Wave Process Automation,3,13,1,ERP Transformation,Active,High,2025-12-30,2028-02-28,USD,2775000,68,66,5,Important,Technology,Global,CIO,Nadia Rahman,Lead,5,Digital Transformation,Growth & Modernization,1.0,2025-10-01,2025-10-31,2025,Q4,10,Oct-2025,True,True
19,3,202508,Financial,Contingency reserve under pressure,3,5,15,High,Closed,Complete,Program Manager,2025-08-19,2025-11-06,PPM-0003,Wave Process Automation,3,13,1,ERP Transformation,Active,High,2025-12-30,2028-02-28,USD,2775000,68,66,5,Important,Technology,Global,CIO,Nadia Rahman,Lead,5,Digital Transformation,Growth & Modernization,1.0,2025-08-01,2025-08-31,2025,Q3,8,Aug-2025,False,True
20,3,202510,Vendor,Supplier capacity constraint,4,5,20,Critical,Open,Planned,Business Owner,2025-10-25,2026-02-02,PPM-0003,Wave Process Automation,3,13,1,ERP Transformation,Active,High,2025-12-30,2028-02-28,USD,2775000,68,66,5,Important,Technology,Global,CIO,Nadia Rahman,Lead,5,Digital Transformation,Growth & Modernization,1.0,2025-10-01,2025-10-31,2025,Q4,10,Oct-2025,True,True
21,4,202505,Change Management,Stakeholder resistance increasing,3,5,15,High,Open,Planned,Technical Lead,2025-05-24,2025-07-17,PPM-0004,Elevate Supply Chain Optimization,3,2,3,Customer Experience,Active,High,2025-06-27,2027-01-18,USD,1905000,76,84,5,Business Critical,Technology,Global,CIO,Daniel Chen,Senior,5,Operational Efficiency,Efficiency,0.85,2025-05-01,2025-05-31,2025,Q2,5,May-2025,True,True
22,4,202505,Technical,Integration complexity exceeds plan,3,5,15,High,Open,Planned,PMO,2025-05-08,2025-07-25,PPM-0004,Elevate Supply Chain Optimization,3,2,3,Customer Experience,Active,High,2025-06-27,2027-01-18,USD,1905000,76,84,5,Business Critical,Technology,Global,CIO,Daniel Chen,Senior,5,Operational Efficiency,Efficiency,0.85,2025-05-01,2025-05-31,2025,Q2,5,May-2025,True,True
23,4,202511,Schedule,Testing window compressed,4,5,20,Critical,Open,Not Started,Business Owner,2025-11-12,2026-01-21,PPM-0004,Elevate Supply Chain Optimization,3,2,3,Customer Experience,Active,High,2025-06-27,2027-01-18,USD,1905000,76,84,5,Business Critical,Technology,Global,CIO,Daniel Chen,Senior,5,Operational Efficiency,Efficiency,0.85,2025-11-01,2025-11-30,2025,Q4,11,Nov-2025,True,True
24,4,202606,Schedule,Dependency delay threatens delivery,2,5,10,High,Mitigating,At Risk,Program Manager,2026-06-16,2026-09-12,PPM-0004,Elevate Supply Chain Optimization,3,2,3,Customer Experience,Active,High,2025-06-27,2027-01-18,USD,1905000,76,84,5,Business Critical,Technology,Global,CIO,Daniel Chen,Senior,5,Operational Efficiency,Efficiency,0.85,2026-06-01,2026-06-30,2026,Q2,6,Jun-2026,True,True
25,4,202604,Resource,Specialist allocation conflict,3,4,12,High,Closed,Complete,PMO,2026-04-11,2026-05-25,PPM-0004,Elevate Supply Chain Optimization,3,2,3,Customer Experience,Active,High,2025-06-27,2027-01-18,USD,1905000,76,84,5,Business Critical,Technology,Global,CIO,Daniel Chen,Senior,5,Operational Efficiency,Efficiency,0.85,2026-04-01,2026-04-30,2026,Q2,4,Apr-2026,False,True
26,4,202512,Schedule,Dependency delay threatens delivery,4,5,20,Critical,Closed,Complete,Project Manager,2025-12-20,2026-03-02,PPM-0004,Elevate Supply Chain Optimization,3,2,3,Customer Experience,Active,High,2025-06-27,2027-01-18,USD,1905000,76,84,5,Business Critical,Technology,Global,CIO,Daniel Chen,Senior,5,Operational Efficiency,Efficiency,0.85,2025-12-01,2025-12-31,2025,Q4,12,Dec-2025,False,True
27,4,202502,Schedule,Critical milestone slippage,4,4,16,Critical,Mitigating,In Progress,Project Manager,2025-02-16,2025-04-20,PPM-0004,Elevate Supply Chain Optimization,3,2,3,Customer Experience,Active,High,2025-06-27,2027-01-18,USD,1905000,76,84,5,Business Critical,Technology,Global,CIO,Daniel Chen,Senior,5,Operational Efficiency,Efficiency,0.85,2025-02-01,2025-02-28,2025,Q1,2,Feb-2025,True,True
28,5,202508,Technical,Integration complexity exceeds plan,3,2,6,Moderate,Closed,Complete,Project Manager,2025-08-18,2025-09-21,PPM-0005,Catalyst Revenue Enablement,3,5,5,Customer Experience,Active,Medium,2025-08-30,2028-01-09,USD,4930000,92,69,5,Business Critical,Technology,Global,CIO,Sofia Martinez,Senior,3,Customer Experience,Customer,0.9,2025-08-01,2025-08-31,2025,Q3,8,Aug-2025,False,False
29,5,202603,Change Management,Adoption readiness behind plan,2,1,2,Low,Mitigating,At Risk,Project Manager,2026-03-14,2026-04-14,PPM-0005,Catalyst Revenue Enablement,3,5,5,Customer Experience,Active,Medium,2025-08-30,2028-01-09,USD,4930000,92,69,5,Business Critical,Technology,Global,CIO,Sofia Martinez,Senior,3,Customer Experience,Customer,0.9,2026-03-01,2026-03-31,2026,Q1,3,Mar-2026,True,False
30,5,202502,Schedule,Critical milestone slippage,2,3,6,Moderate,Mitigating,On Track,Business Owner,2025-02-21,2025-05-06,PPM-0005,Catalyst Revenue Enablement,3,5,5,Customer Experience,Active,Medium,2025-08-30,2028-01-09,USD,4930000,92,69,5,Business Critical,Technology,Global,CIO,Sofia Martinez,Senior,3,Customer Experience,Customer,0.9,2025-02-01,2025-02-28,2025,Q1,2,Feb-2025,True,False
31,5,202602,Vendor,Vendor deliverable delayed,2,2,4,Low,Open,Planned,Project Manager,2026-02-19,2026-04-22,PPM-0005,Catalyst Revenue Enablement,3,5,5,Customer Experience,Active,Medium,2025-08-30,2028-01-09,USD,4930000,92,69,5,Business Critical,Technology,Global,CIO,Sofia Martinez,Senior,3,Customer Experience,Customer,0.9,2026-02-01,2026-02-28,2026,Q1,2,Feb-2026,True,False
32,6,202604,Schedule,Critical milestone slippage,3,5,15,High,Mitigating,On Track,Program Manager,2026-04-24,2026-07-28,PPM-0006,Lighthouse Analytics Hub,2,6,5,Cloud Migration,Active,High,2025-09-28,2026-04-02,USD,5189000,88,83,3,Business Critical,Finance,Global,CFO,Kwame Owusu,Senior,6,Customer Experience,Customer,0.9,2026-04-01,2026-04-30,2026,Q2,4,Apr-2026,True,True
33,6,202605,Financial,Contingency reserve under pressure,2,4,8,Moderate,Closed,Complete,Program Manager,2026-05-22,2026-07-20,PPM-0006,Lighthouse Analytics Hub,2,6,5,Cloud Migration,Active,High,2025-09-28,2026-04-02,USD,5189000,88,83,3,Business Critical,Finance,Global,CFO,Kwame Owusu,Senior,6,Customer Experience,Customer,0.9,2026-05-01,2026-05-31,2026,Q2,5,May-2026,False,False
34,6,202612,Resource,Specialist allocation conflict,4,5,20,Critical,Open,Planned,Project Manager,2026-12-14,2027-03-11,PPM-0006,Lighthouse Analytics Hub,2,6,5,Cloud Migration,Active,High,2025-09-28,2026-04-02,USD,5189000,88,83,3,Business Critical,Finance,Global,CFO,Kwame Owusu,Senior,6,Customer Experience,Customer,0.9,2026-12-01,2026-12-31,2026,Q4,12,Dec-2026,True,True
35,6,202501,Financial,Contingency reserve under pressure,2,4,8,Moderate,Mitigating,At Risk,PMO,2025-01-11,2025-02-28,PPM-0006,Lighthouse Analytics Hub,2,6,5,Cloud Migration,Active,High,2025-09-28,2026-04-02,USD,5189000,88,83,3,Business Critical,Finance,Global,CFO,Kwame Owusu,Senior,6,Customer Experience,Customer,0.9,2025-01-01,2025-01-31,2025,Q1,1,Jan-2025,True,False
36,6,202606,Financial,Vendor spend trending above plan,3,4,12,High,Open,Planned,Program Manager,2026-06-17,2026-09-20,PPM-0006,Lighthouse Analytics Hub,2,6,5,Cloud Migration,Active,High,2025-09-28,2026-04-02,USD,5189000,88,83,3,Business Critical,Finance,Global,CFO,Kwame Owusu,Senior,6,Customer Experience,Customer,0.9,2026-06-01,2026-06-30,2026,Q2,6,Jun-2026,True,True
37,6,202512,Financial,Vendor spend trending above plan,2,4,8,Moderate,Closed,Complete,Program Manager,2025-12-24,2026-02-11,PPM-0006,Lighthouse Analytics Hub,2,6,5,Cloud Migration,Active,High,2025-09-28,2026-04-02,USD,5189000,88,83,3,Business Critical,Finance,Global,CFO,Kwame Owusu,Senior,6,Customer Experience,Customer,0.9,2025-12-01,2025-12-31,2025,Q4,12,Dec-2025,False,False
38,6,202603,Scope,Scope growth not fully funded,4,3,12,High,Open,Not Started,PMO,2026-03-14,2026-06-13,PPM-0006,Lighthouse Analytics Hub,2,6,5,Cloud Migration,Active,High,2025-09-28,2026-04-02,USD,5189000,88,83,3,Business Critical,Finance,Global,CFO,Kwame Owusu,Senior,6,Customer Experience,Customer,0.9,2026-03-01,2026-03-31,2026,Q1,3,Mar-2026,True,True
39,7,202507,Technical,Architecture risk unresolved,1,2,2,Low,Closed,Complete,Business Owner,2025-07-11,2025-10-29,PPM-0007,Orion Data Platform,5,7,5,ERP Transformation,Completed,Medium,2024-01-30,2024-11-19,USD,15360000,69,84,4,Important,Supply Chain,Global,EVP Supply Chain,Rachel Thompson,Senior,1,Customer Experience,Customer,0.9,2025-07-01,2025-07-31,2025,Q3,7,Jul-2025,False,False
40,7,202509,Resource,Key role vacancy,1,3,3,Low,Closed,Complete,Project Manager,2025-09-11,2025-11-11,PPM-0007,Orion Data Platform,5,7,5,ERP Transformation,Completed,Medium,2024-01-30,2024-11-19,USD,15360000,69,84,4,Important,Supply Chain,Global,EVP Supply Chain,Rachel Thompson,Senior,1,Customer Experience,Customer,0.9,2025-09-01,2025-09-30,2025,Q3,9,Sep-2025,False,False
41,7,202607,Schedule,Testing window compressed,3,2,6,Moderate,Closed,Complete,Program Manager,2026-07-26,2026-09-17,PPM-0007,Orion Data Platform,5,7,5,ERP Transformation,Completed,Medium,2024-01-30,2024-11-19,USD,15360000,69,84,4,Important,Supply Chain,Global,EVP Supply Chain,Rachel Thompson,Senior,1,Customer Experience,Customer,0.9,2026-07-01,2026-07-31,2026,Q3,7,Jul-2026,False,False
42,7,202508,Resource,Key role vacancy,1,2,2,Low,Closed,Complete,PMO,2025-08-21,2025-10-09,PPM-0007,Orion Data Platform,5,7,5,ERP Transformation,Completed,Medium,2024-01-30,2024-11-19,USD,15360000,69,84,4,Important,Supply Chain,Global,EVP Supply Chain,Rachel Thompson,Senior,1,Customer Experience,Customer,0.9,2025-08-01,2025-08-31,2025,Q3,8,Aug-2025,False,False
43,8,202511,Resource,Critical skill capacity constrained,4,4,16,Critical,Mitigating,At Risk,Program Manager,2025-11-19,2026-02-24,PPM-0008,Rise Regulatory Readiness,3,22,4,Data & Analytics,Active,Medium,2025-03-23,2026-12-16,USD,7587000,89,65,4,Important,Technology,Global,CIO,Marcus Reid,Lead,3,Regulatory Compliance,Risk & Compliance,1.0,2025-11-01,2025-11-30,2025,Q4,11,Nov-2025,True,True
44,8,202612,Resource,Specialist allocation conflict,3,3,9,Moderate,Mitigating,On Track,Technical Lead,2026-12-19,2027-01-24,PPM-0008,Rise Regulatory Readiness,3,22,4,Data & Analytics,Active,Medium,2025-03-23,2026-12-16,USD,7587000,89,65,4,Important,Technology,Global,CIO,Marcus Reid,Lead,3,Regulatory Compliance,Risk & Compliance,1.0,2026-12-01,2026-12-31,2026,Q4,12,Dec-2026,True,False
45,8,202604,Financial,Forecast cost exceeds approved budget,2,4,8,Moderate,Open,Not Started,Project Manager,2026-04-07,2026-07-05,PPM-0008,Rise Regulatory Readiness,3,22,4,Data & Analytics,Active,Medium,2025-03-23,2026-12-16,USD,7587000,89,65,4,Important,Technology,Global,CIO,Marcus Reid,Lead,3,Regulatory Compliance,Risk & Compliance,1.0,2026-04-01,2026-04-30,2026,Q2,4,Apr-2026,True,False
46,8,202606,Resource,Critical skill capacity constrained,3,3,9,Moderate,Closed,Complete,Project Manager,2026-06-19,2026-09-13,PPM-0008,Rise Regulatory Readiness,3,22,4,Data & Analytics,Active,Medium,2025-03-23,2026-12-16,USD,7587000,89,65,4,Important,Technology,Global,CIO,Marcus Reid,Lead,3,Regulatory Compliance,Risk & Compliance,1.0,2026-06-01,2026-06-30,2026,Q2,6,Jun-2026,False,False
47,8,202604,Schedule,Critical milestone slippage,4,3,12,High,Mitigating,In Progress,PMO,2026-04-07,2026-05-19,PPM-0008,Rise Regulatory Readiness,3,22,4,Data & Analytics,Active,Medium,2025-03-23,2026-12-16,USD,7587000,89,65,4,Important,Technology,Global,CIO,Marcus Reid,Lead,3,Regulatory Compliance,Risk & Compliance,1.0,2026-04-01,2026-04-30,2026,Q2,4,Apr-2026,True,True
48,8,202611,Resource,Critical skill capacity constrained,3,4,12,High,Closed,Complete,Program Manager,2026-11-22,2027-01-10,PPM-0008,Rise Regulatory Readiness,3,22,4,Data & Analytics,Active,Medium,2025-03-23,2026-12-16,USD,7587000,89,65,4,Important,Technology,Global,CIO,Marcus Reid,Lead,3,Regulatory Compliance,Risk & Compliance,1.0,2026-11-01,2026-11-30,2026,Q4,11,Nov-2026,False,True
49,8,202612,Technical,Architecture risk unresolved,2,3,6,Moderate,Mitigating,In Progress,Project Manager,2026-12-26,2027-04-22,PPM-0008,Rise Regulatory Readiness,3,22,4,Data & Analytics,Active,Medium,2025-03-23,2026-12-16,USD,7587000,89,65,4,Important,Technology,Global,CIO,Marcus Reid,Lead,3,Regulatory Compliance,Risk & Compliance,1.0,2026-12-01,2026-12-31,2026,Q4,12,Dec-2026,True,False
50,8,202606,Change Management,Training preparation delayed,3,4,12,High,Open,Planned,Program Manager,2026-06-21,2026-07-22,PPM-0008,Rise Regulatory Readiness,3,22,4,Data & Analytics,Active,Medium,2025-03-23,2026-12-16,USD,7587000,89,65,4,Important,Technology,Global,CIO,Marcus Reid,Lead,3,Regulatory Compliance,Risk & Compliance,1.0,2026-06-01,2026-06-30,2026,Q2,6,Jun-2026,True,True
51,9,202607,Resource,Critical skill capacity constrained,4,4,16,Critical,Mitigating,At Risk,Business Owner,2026-07-21,2026-08-25,PPM-0009,Genesis Customer 360,1,9,3,Customer Experience,On Hold,High,2026-02-24,2028-07-22,USD,1442000,91,52,5,Important,North America Operations,North America,EVP Operations,Linda Brown,Principal,2,Operational Efficiency,Efficiency,0.85,2026-07-01,2026-07-31,2026,Q3,7,Jul-2026,True,True
52,9,202602,Resource,Key role vacancy,3,4,12,High,Mitigating,At Risk,Program Manager,2026-02-17,2026-04-27,PPM-0009,Genesis Customer 360,1,9,3,Customer Experience,On Hold,High,2026-02-24,2028-07-22,USD,1442000,91,52,5,Important,North America Operations,North America,EVP Operations,Linda Brown,Principal,2,Operational Efficiency,Efficiency,0.85,2026-02-01,2026-02-28,2026,Q1,2,Feb-2026,True,True
53,9,202510,Scope,Scope growth not fully funded,3,5,15,High,Closed,Complete,Program Manager,2025-10-24,2025-12-01,PPM-0009,Genesis Customer 360,1,9,3,Customer Experience,On Hold,High,2026-02-24,2028-07-22,USD,1442000,91,52,5,Important,North America Operations,North America,EVP Operations,Linda Brown,Principal,2,Operational Efficiency,Efficiency,0.85,2025-10-01,2025-10-31,2025,Q4,10,Oct-2025,False,True
54,9,202602,Scope,Scope growth not fully funded,3,5,15,High,Open,Planned,Technical Lead,2026-02-04,2026-05-19,PPM-0009,Genesis Customer 360,1,9,3,Customer Experience,On Hold,High,2026-02-24,2028-07-22,USD,1442000,91,52,5,Important,North America Operations,North America,EVP Operations,Linda Brown,Principal,2,Operational Efficiency,Efficiency,0.85,2026-02-01,2026-02-28,2026,Q1,2,Feb-2026,True,True
55,9,202504,Change Management,Training preparation delayed,2,5,10,High,Mitigating,On Track,PMO,2025-04-21,2025-07-29,PPM-0009,Genesis Customer 360,1,9,3,Customer Experience,On Hold,High,2026-02-24,2028-07-22,USD,1442000,91,52,5,Important,North America Operations,North America,EVP Operations,Linda Brown,Principal,2,Operational Efficiency,Efficiency,0.85,2025-04-01,2025-04-30,2025,Q2,4,Apr-2025,True,True
56,9,202612,Resource,Specialist allocation conflict,2,5,10,High,Mitigating,On Track,PMO,2026-12-11,2027-01-10,PPM-0009,Genesis Customer 360,1,9,3,Customer Experience,On Hold,High,2026-02-24,2028-07-22,USD,1442000,91,52,5,Important,North America Operations,North America,EVP Operations,Linda Brown,Principal,2,Operational Efficiency,Efficiency,0.85,2026-12-01,2026-12-31,2026,Q4,12,Dec-2026,True,True
57,10,202510,Resource,Key role vacancy,4,4,16,Critical,Open,Not Started,Program Manager,2025-10-12,2026-02-07,PPM-0010,Horizon Regulatory Readiness,2,23,2,ERP Transformation,Completed,Medium,2025-02-03,2027-05-06,USD,7024000,67,70,3,Important,Finance,Global,CFO,Helen Morris,Lead,2,Revenue Growth,Growth,0.95,2025-10-01,2025-10-31,2025,Q4,10,Oct-2025,True,True
58,10,202509,Schedule,Testing window compressed,3,3,9,Moderate,Closed,Complete,Business Owner,2025-09-05,2025-12-15,PPM-0010,Horizon Regulatory Readiness,2,23,2,ERP Transformation,Completed,Medium,2025-02-03,2027-05-06,USD,7024000,67,70,3,Important,Finance,Global,CFO,Helen Morris,Lead,2,Revenue Growth,Growth,0.95,2025-09-01,2025-09-30,2025,Q3,9,Sep-2025,False,False
59,10,202512,Resource,Critical skill capacity constrained,4,2,8,Moderate,Closed,Complete,PMO,2025-12-25,2026-04-23,PPM-0010,Horizon Regulatory Readiness,2,23,2,ERP Transformation,Completed,Medium,2025-02-03,2027-05-06,USD,7024000,67,70,3,Important,Finance,Global,CFO,Helen Morris,Lead,2,Revenue Growth,Growth,0.95,2025-12-01,2025-12-31,2025,Q4,12,Dec-2025,False,False
60,10,202508,Financial,Contingency reserve under pressure,3,4,12,High,Open,Planned,Technical Lead,2025-08-07,2025-11-04,PPM-0010,Horizon Regulatory Readiness,2,23,2,ERP Transformation,Completed,Medium,2025-02-03,2027-05-06,USD,7024000,67,70,3,Important,Finance,Global,CFO,Helen Morris,Lead,2,Revenue Growth,Growth,0.95,2025-08-01,2025-08-31,2025,Q3,8,Aug-2025,True,True
61,10,202602,Financial,Vendor spend trending above plan,2,3,6,Moderate,Open,Not Started,Business Owner,2026-02-16,2026-05-23,PPM-0010,Horizon Regulatory Readiness,2,23,2,ERP Transformation,Completed,Medium,2025-02-03,2027-05-06,USD,7024000,67,70,3,Important,Finance,Global,CFO,Helen Morris,Lead,2,Revenue Growth,Growth,0.95,2026-02-01,2026-02-28,2026,Q1,2,Feb-2026,True,False
62,11,202509,Compliance,Approval dependency outstanding,2,2,4,Low,Open,Not Started,Program Manager,2025-09-14,2026-01-04,PPM-0011,Delta Revenue Enablement,5,9,2,Cloud Migration,Active,Critical,2025-09-02,2027-10-14,USD,6200000,85,58,5,Mission Critical,Supply Chain,Global,EVP Supply Chain,Linda Brown,Principal,2,Revenue Growth,Growth,0.95,2025-09-01,2025-09-30,2025,Q3,9,Sep-2025,True,False
63,11,202612,Compliance,Control evidence incomplete,3,4,12,High,Closed,Complete,PMO,2026-12-15,2027-02-23,PPM-0011,Delta Revenue Enablement,5,9,2,Cloud Migration,Active,Critical,2025-09-02,2027-10-14,USD,6200000,85,58,5,Mission Critical,Supply Chain,Global,EVP Supply Chain,Linda Brown,Principal,2,Revenue Growth,Growth,0.95,2026-12-01,2026-12-31,2026,Q4,12,Dec-2026,False,True
64,11,202509,Resource,Key role vacancy,3,3,9,Moderate,Open,Not Started,Project Manager,2025-09-11,2025-10-18,PPM-0011,Delta Revenue Enablement,5,9,2,Cloud Migration,Active,Critical,2025-09-02,2027-10-14,USD,6200000,85,58,5,Mission Critical,Supply Chain,Global,EVP Supply Chain,Linda Brown,Principal,2,Revenue Growth,Growth,0.95,2025-09-01,2025-09-30,2025,Q3,9,Sep-2025,True,False
65,11,202606,Resource,Key role vacancy,2,3,6,Moderate,Closed,Complete,Program Manager,2026-06-22,2026-07-24,PPM-0011,Delta Revenue Enablement,5,9,2,Cloud Migration,Active,Critical,2025-09-02,2027-10-14,USD,6200000,85,58,5,Mission Critical,Supply Chain,Global,EVP Supply Chain,Linda Brown,Principal,2,Revenue Growth,Growth,0.95,2026-06-01,2026-06-30,2026,Q2,6,Jun-2026,False,False
66,11,202606,Financial,Vendor spend trending above plan,2,3,6,Moderate,Closed,Complete,Technical Lead,2026-06-23,2026-09-06,PPM-0011,Delta Revenue Enablement,5,9,2,Cloud Migration,Active,Critical,2025-09-02,2027-10-14,USD,6200000,85,58,5,Mission Critical,Supply Chain,Global,EVP Supply Chain,Linda Brown,Principal,2,Revenue Growth,Growth,0.95,2026-06-01,2026-06-30,2026,Q2,6,Jun-2026,False,False
67,12,202502,Resource,Critical skill capacity constrained,2,2,4,Low,Mitigating,In Progress,Program Manager,2025-02-20,2025-05-06,PPM-0012,Unity Infrastructure Refresh,4,24,1,Regulatory,Active,Medium,2024-05-11,2025-09-15,USD,2733000,83,82,4,Important,Commercial,North America,Chief Commercial Officer,Noah Anderson,Senior,6,Digital Transformation,Growth & Modernization,1.0,2025-02-01,2025-02-28,2025,Q1,2,Feb-2025,True,False
68,12,202608,Resource,Specialist allocation conflict,3,1,3,Low,Closed,Complete,Technical Lead,2026-08-25,2026-11-07,PPM-0012,Unity Infrastructure Refresh,4,24,1,Regulatory,Active,Medium,2024-05-11,2025-09-15,USD,2733000,83,82,4,Important,Commercial,North America,Chief Commercial Officer,Noah Anderson,Senior,6,Digital Transformation,Growth & Modernization,1.0,2026-08-01,2026-08-31,2026,Q3,8,Aug-2026,False,False
69,12,202605,Technical,Technical debt threatens delivery,3,2,6,Moderate,Mitigating,On Track,PMO,2026-05-25,2026-07-27,PPM-0012,Unity Infrastructure Refresh,4,24,1,Regulatory,Active,Medium,2024-05-11,2025-09-15,USD,2733000,83,82,4,Important,Commercial,North America,Chief Commercial Officer,Noah Anderson,Senior,6,Digital Transformation,Growth & Modernization,1.0,2026-05-01,2026-05-31,2026,Q2,5,May-2026,True,False
70,12,202601,Technical,Architecture risk unresolved,2,1,2,Low,Open,Not Started,Business Owner,2026-01-14,2026-04-02,PPM-0012,Unity Infrastructure Refresh,4,24,1,Regulatory,Active,Medium,2024-05-11,2025-09-15,USD,2733000,83,82,4,Important,Commercial,North America,Chief Commercial Officer,Noah Anderson,Senior,6,Digital Transformation,Growth & Modernization,1.0,2026-01-01,2026-01-31,2026,Q1,1,Jan-2026,True,False
71,12,202511,Vendor,Third-party dependency at risk,2,2,4,Low,Closed,Complete,Technical Lead,2025-11-08,2026-01-06,PPM-0012,Unity Infrastructure Refresh,4,24,1,Regulatory,Active,Medium,2024-05-11,2025-09-15,USD,2733000,83,82,4,Important,Commercial,North America,Chief Commercial Officer,Noah Anderson,Senior,6,Digital Transformation,Growth & Modernization,1.0,2025-11-01,2025-11-30,2025,Q4,11,Nov-2025,False,False
72,13,202609,Vendor,Third-party dependency at risk,3,3,9,Moderate,Open,Planned,Program Manager,2026-09-21,2026-12-28,PPM-0013,Lighthouse Supply Chain Optimization,3,24,1,Product Development,Active,Critical,2024-10-16,2027-04-29,USD,1771000,70,63,4,Standard,Technology,Global,CIO,Noah Anderson,Senior,6,Digital Transformation,Growth & Modernization,1.0,2026-09-01,2026-09-30,2026,Q3,9,Sep-2026,True,False
73,13,202508,Change Management,Adoption readiness behind plan,2,3,6,Moderate,Mitigating,In Progress,Program Manager,2025-08-07,2025-10-01,PPM-0013,Lighthouse Supply Chain Optimization,3,24,1,Product Development,Active,Critical,2024-10-16,2027-04-29,USD,1771000,70,63,4,Standard,Technology,Global,CIO,Noah Anderson,Senior,6,Digital Transformation,Growth & Modernization,1.0,2025-08-01,2025-08-31,2025,Q3,8,Aug-2025,True,False
74,13,202612,Financial,Contingency reserve under pressure,2,3,6,Moderate,Open,Not Started,PMO,2026-12-14,2027-03-22,PPM-0013,Lighthouse Supply Chain Optimization,3,24,1,Product Development,Active,Critical,2024-10-16,2027-04-29,USD,1771000,70,63,4,Standard,Technology,Global,CIO,Noah Anderson,Senior,6,Digital Transformation,Growth & Modernization,1.0,2026-12-01,2026-12-31,2026,Q4,12,Dec-2026,True,False
75,13,202611,Technical,Architecture risk unresolved,1,2,2,Low,Closed,Complete,Program Manager,2026-11-09,2027-02-27,PPM-0013,Lighthouse Supply Chain Optimization,3,24,1,Product Development,Active,Critical,2024-10-16,2027-04-29,USD,1771000,70,63,4,Standard,Technology,Global,CIO,Noah Anderson,Senior,6,Digital Transformation,Growth & Modernization,1.0,2026-11-01,2026-11-30,2026,Q4,11,Nov-2026,False,False
76,13,202604,Schedule,Testing window compressed,2,2,4,Low,Closed,Complete,Business Owner,2026-04-24,2026-06-20,PPM-0013,Lighthouse Supply Chain Optimization,3,24,1,Product Development,Active,Critical,2024-10-16,2027-04-29,USD,1771000,70,63,4,Standard,Technology,Global,CIO,Noah Anderson,Senior,6,Digital Transformation,Growth & Modernization,1.0,2026-04-01,2026-04-30,2026,Q2,4,Apr-2026,False,False
77,14,202511,Compliance,Regulatory requirement unresolved,2,2,4,Low,Closed,Complete,PMO,2025-11-22,2026-01-07,PPM-0014,Vertex Customer 360,6,7,5,Regulatory,Completed,Medium,2025-08-05,2026-09-12,USD,1701000,70,96,1,Important,Corporate Services,Global,Chief Administrative Officer,Rachel Thompson,Senior,1,Customer Experience,Customer,0.9,2025-11-01,2025-11-30,2025,Q4,11,Nov-2025,False,False
78,14,202602,Resource,Key role vacancy,2,3,6,Moderate,Open,Planned,PMO,2026-02-08,2026-05-21,PPM-0014,Vertex Customer 360,6,7,5,Regulatory,Completed,Medium,2025-08-05,2026-09-12,USD,1701000,70,96,1,Important,Corporate Services,Global,Chief Administrative Officer,Rachel Thompson,Senior,1,Customer Experience,Customer,0.9,2026-02-01,2026-02-28,2026,Q1,2,Feb-2026,True,False
79,14,202602,Financial,Forecast cost exceeds approved budget,2,1,2,Low,Mitigating,On Track,Program Manager,2026-02-19,2026-05-29,PPM-0014,Vertex Customer 360,6,7,5,Regulatory,Completed,Medium,2025-08-05,2026-09-12,USD,1701000,70,96,1,Important,Corporate Services,Global,Chief Administrative Officer,Rachel Thompson,Senior,1,Customer Experience,Customer,0.9,2026-02-01,2026-02-28,2026,Q1,2,Feb-2026,True,False
80,15,202508,Financial,Forecast cost exceeds approved budget,3,5,15,High,Mitigating,In Progress,Project Manager,2025-08-14,2025-12-01,PPM-0015,Xenon Digital Commerce,3,18,2,Product Development,On Hold,High,2025-03-08,2026-01-26,USD,1089000,46,88,3,Important,Technology,Global,CIO,David Clark,Senior,1,Revenue Growth,Growth,0.95,2025-08-01,2025-08-31,2025,Q3,8,Aug-2025,True,True
81,15,202610,Scope,Change requests threaten baseline,3,5,15,High,Closed,Complete,Project Manager,2026-10-25,2026-12-17,PPM-0015,Xenon Digital Commerce,3,18,2,Product Development,On Hold,High,2025-03-08,2026-01-26,USD,1089000,46,88,3,Important,Technology,Global,CIO,David Clark,Senior,1,Revenue Growth,Growth,0.95,2026-10-01,2026-10-31,2026,Q4,10,Oct-2026,False,True
82,15,202601,Financial,Contingency reserve under pressure,3,4,12,High,Open,Planned,Technical Lead,2026-01-22,2026-03-11,PPM-0015,Xenon Digital Commerce,3,18,2,Product Development,On Hold,High,2025-03-08,2026-01-26,USD,1089000,46,88,3,Important,Technology,Global,CIO,David Clark,Senior,1,Revenue Growth,Growth,0.95,2026-01-01,2026-01-31,2026,Q1,1,Jan-2026,True,True
83,15,202612,Vendor,Vendor deliverable delayed,3,5,15,High,Open,Planned,PMO,2026-12-11,2027-03-30,PPM-0015,Xenon Digital Commerce,3,18,2,Product Development,On Hold,High,2025-03-08,2026-01-26,USD,1089000,46,88,3,Important,Technology,Global,CIO,David Clark,Senior,1,Revenue Growth,Growth,0.95,2026-12-01,2026-12-31,2026,Q4,12,Dec-2026,True,True
84,15,202502,Technical,Technical debt threatens delivery,2,5,10,High,Closed,Complete,PMO,2025-02-19,2025-05-04,PPM-0015,Xenon Digital Commerce,3,18,2,Product Development,On Hold,High,2025-03-08,2026-01-26,USD,1089000,46,88,3,Important,Technology,Global,CIO,David Clark,Senior,1,Revenue Growth,Growth,0.95,2025-02-01,2025-02-28,2025,Q1,2,Feb-2025,False,True
85,15,202504,Financial,Contingency reserve under pressure,4,5,20,Critical,Mitigating,On Track,PMO,2025-04-10,2025-07-13,PPM-0015,Xenon Digital Commerce,3,18,2,Product Development,On Hold,High,2025-03-08,2026-01-26,USD,1089000,46,88,3,Important,Technology,Global,CIO,David Clark,Senior,1,Revenue Growth,Growth,0.95,2025-04-01,2025-04-30,2025,Q2,4,Apr-2025,True,True
86,15,202604,Scope,Change requests threaten baseline,2,5,10,High,Mitigating,At Risk,PMO,2026-04-06,2026-07-22,PPM-0015,Xenon Digital Commerce,3,18,2,Product Development,On Hold,High,2025-03-08,2026-01-26,USD,1089000,46,88,3,Important,Technology,Global,CIO,David Clark,Senior,1,Revenue Growth,Growth,0.95,2026-04-01,2026-04-30,2026,Q2,4,Apr-2026,True,True
87,16,202612,Financial,Contingency reserve under pressure,2,4,8,Moderate,Closed,Complete,Program Manager,2026-12-10,2027-04-08,PPM-0016,Momentum Analytics Hub,5,17,3,Product Development,Active,Medium,2024-03-15,2026-02-25,USD,1592000,87,71,4,Important,Supply Chain,Global,EVP Supply Chain,Joanne Martin,Senior,4,Operational Efficiency,Efficiency,0.85,2026-12-01,2026-12-31,2026,Q4,12,Dec-2026,False,False
88,16,202607,Resource,Key role vacancy,3,2,6,Moderate,Open,Planned,Program Manager,2026-07-17,2026-09-16,PPM-0016,Momentum Analytics Hub,5,17,3,Product Development,Active,Medium,2024-03-15,2026-02-25,USD,1592000,87,71,4,Important,Supply Chain,Global,EVP Supply Chain,Joanne Martin,Senior,4,Operational Efficiency,Efficiency,0.85,2026-07-01,2026-07-31,2026,Q3,7,Jul-2026,True,False
89,16,202501,Financial,Forecast cost exceeds approved budget,2,2,4,Low,Mitigating,In Progress,Technical Lead,2025-01-09,2025-04-21,PPM-0016,Momentum Analytics Hub,5,17,3,Product Development,Active,Medium,2024-03-15,2026-02-25,USD,1592000,87,71,4,Important,Supply Chain,Global,EVP Supply Chain,Joanne Martin,Senior,4,Operational Efficiency,Efficiency,0.85,2025-01-01,2025-01-31,2025,Q1,1,Jan-2025,True,False
90,16,202506,Compliance,Control evidence incomplete,2,2,4,Low,Open,Not Started,PMO,2025-06-08,2025-09-04,PPM-0016,Momentum Analytics Hub,5,17,3,Product Development,Active,Medium,2024-03-15,2026-02-25,USD,1592000,87,71,4,Important,Supply Chain,Global,EVP Supply Chain,Joanne Martin,Senior,4,Operational Efficiency,Efficiency,0.85,2025-06-01,2025-06-30,2025,Q2,6,Jun-2025,True,False
91,16,202612,Financial,Contingency reserve under pressure,2,3,6,Moderate,Open,Not Started,Business Owner,2026-12-25,2027-03-01,PPM-0016,Momentum Analytics Hub,5,17,3,Product Development,Active,Medium,2024-03-15,2026-02-25,USD,1592000,87,71,4,Important,Supply Chain,Global,EVP Supply Chain,Joanne Martin,Senior,4,Operational Efficiency,Efficiency,0.85,2026-12-01,2026-12-31,2026,Q4,12,Dec-2026,True,False
92,16,202606,Resource,Specialist allocation conflict,3,4,12,High,Mitigating,On Track,Project Manager,2026-06-24,2026-09-12,PPM-0016,Momentum Analytics Hub,5,17,3,Product Development,Active,Medium,2024-03-15,2026-02-25,USD,1592000,87,71,4,Important,Supply Chain,Global,EVP Supply Chain,Joanne Martin,Senior,4,Operational Efficiency,Efficiency,0.85,2026-06-01,2026-06-30,2026,Q2,6,Jun-2026,True,True
93,17,202610,Change Management,Stakeholder resistance increasing,1,4,4,Low,Mitigating,At Risk,PMO,2026-10-13,2026-11-13,PPM-0017,Keystone Cloud Core,1,5,3,Infrastructure,Completed,High,2025-06-20,2026-03-11,USD,1372000,89,58,2,Business Critical,North America Operations,North America,EVP Operations,Sofia Martinez,Senior,3,Operational Efficiency,Efficiency,0.85,2026-10-01,2026-10-31,2026,Q4,10,Oct-2026,True,False
94,17,202502,Schedule,Critical milestone slippage,2,3,6,Moderate,Mitigating,On Track,PMO,2025-02-06,2025-06-02,PPM-0017,Keystone Cloud Core,1,5,3,Infrastructure,Completed,High,2025-06-20,2026-03-11,USD,1372000,89,58,2,Business Critical,North America Operations,North America,EVP Operations,Sofia Martinez,Senior,3,Operational Efficiency,Efficiency,0.85,2025-02-01,2025-02-28,2025,Q1,2,Feb-2025,True,False
95,17,202611,Scope,Change requests threaten baseline,3,3,9,Moderate,Closed,Complete,Technical Lead,2026-11-10,2026-12-31,PPM-0017,Keystone Cloud Core,1,5,3,Infrastructure,Completed,High,2025-06-20,2026-03-11,USD,1372000,89,58,2,Business Critical,North America Operations,North America,EVP Operations,Sofia Martinez,Senior,3,Operational Efficiency,Efficiency,0.85,2026-11-01,2026-11-30,2026,Q4,11,Nov-2026,False,False
96,17,202511,Financial,Vendor spend trending above plan,2,3,6,Moderate,Closed,Complete,Technical Lead,2025-11-25,2025-12-29,PPM-0017,Keystone Cloud Core,1,5,3,Infrastructure,Completed,High,2025-06-20,2026-03-11,USD,1372000,89,58,2,Business Critical,North America Operations,North America,EVP Operations,Sofia Martinez,Senior,3,Operational Efficiency,Efficiency,0.85,2025-11-01,2025-11-30,2025,Q4,11,Nov-2025,False,False
97,17,202601,Scope,Change requests threaten baseline,2,3,6,Moderate,Open,Not Started,PMO,2026-01-23,2026-05-18,PPM-0017,Keystone Cloud Core,1,5,3,Infrastructure,Completed,High,2025-06-20,2026-03-11,USD,1372000,89,58,2,Business Critical,North America Operations,North America,EVP Operations,Sofia Martinez,Senior,3,Operational Efficiency,Efficiency,0.85,2026-01-01,2026-01-31,2026,Q1,1,Jan-2026,True,False
98,18,202510,Compliance,Approval dependency outstanding,1,4,4,Low,Closed,Complete,Program Manager,2025-10-19,2025-12-29,PPM-0018,Keystone Revenue Enablement,6,25,4,Infrastructure,Active,High,2024-08-21,2025-03-07,USD,1065000,68,74,3,Important,Corporate Services,Global,Chief Administrative Officer,Chinedu Eze,Lead,5,Regulatory Compliance,Risk & Compliance,1.0,2025-10-01,2025-10-31,2025,Q4,10,Oct-2025,False,False
99,18,202503,Schedule,Testing window compressed,2,2,4,Low,Closed,Complete,Technical Lead,2025-03-14,2025-05-09,PPM-0018,Keystone Revenue Enablement,6,25,4,Infrastructure,Active,High,2024-08-21,2025-03-07,USD,1065000,68,74,3,Important,Corporate Services,Global,Chief Administrative Officer,Chinedu Eze,Lead,5,Regulatory Compliance,Risk & Compliance,1.0,2025-03-01,2025-03-31,2025,Q1,3,Mar-2025,False,False
100,18,202506,Schedule,Critical milestone slippage,2,2,4,Low,Closed,Complete,Technical Lead,2025-06-07,2025-07-13,PPM-0018,Keystone Revenue Enablement,6,25,4,Infrastructure,Active,High,2024-08-21,2025-03-07,USD,1065000,68,74,3,Important,Corporate Services,Global,Chief Administrative Officer,Chinedu Eze,Lead,5,Regulatory Compliance,Risk & Compliance,1.0,2025-06-01,2025-06-30,2025,Q2,6,Jun-2025,False,False
101,18,202603,Resource,Key role vacancy,3,3,9,Moderate,Closed,Complete,Technical Lead,2026-03-21,2026-04-27,PPM-0018,Keystone Revenue Enablement,6,25,4,Infrastructure,Active,High,2024-08-21,2025-03-07,USD,1065000,68,74,3,Important,Corporate Services,Global,Chief Administrative Officer,Chinedu Eze,Lead,5,Regulatory Compliance,Risk & Compliance,1.0,2026-03-01,2026-03-31,2026,Q1,3,Mar-2026,False,False
102,19,202503,Technical,Technical debt threatens delivery,2,3,6,Moderate,Closed,Complete,Technical Lead,2025-03-10,2025-05-15,PPM-0019,Genesis Service Transformation,5,2,1,Regulatory,Active,Medium,2024-12-14,2027-07-21,USD,1642000,75,74,5,Important,Supply Chain,Global,EVP Supply Chain,Daniel Chen,Senior,5,Digital Transformation,Growth & Modernization,1.0,2025-03-01,2025-03-31,2025,Q1,3,Mar-2025,False,False
103,19,202506,Financial,Vendor spend trending above plan,2,2,4,Low,Open,Planned,Technical Lead,2025-06-14,2025-07-24,PPM-0019,Genesis Service Transformation,5,2,1,Regulatory,Active,Medium,2024-12-14,2027-07-21,USD,1642000,75,74,5,Important,Supply Chain,Global,EVP Supply Chain,Daniel Chen,Senior,5,Digital Transformation,Growth & Modernization,1.0,2025-06-01,2025-06-30,2025,Q2,6,Jun-2025,True,False
104,19,202507,Schedule,Critical milestone slippage,2,3,6,Moderate,Closed,Complete,Technical Lead,2025-07-17,2025-09-08,PPM-0019,Genesis Service Transformation,5,2,1,Regulatory,Active,Medium,2024-12-14,2027-07-21,USD,1642000,75,74,5,Important,Supply Chain,Global,EVP Supply Chain,Daniel Chen,Senior,5,Digital Transformation,Growth & Modernization,1.0,2025-07-01,2025-07-31,2025,Q3,7,Jul-2025,False,False
105,20,202606,Resource,Key role vacancy,3,3,9,Moderate,Closed,Complete,PMO,2026-06-25,2026-10-18,PPM-0020,Pioneer Revenue Enablement,2,24,2,Infrastructure,Completed,Medium,2024-08-13,2025-02-26,USD,10440000,45,95,3,Important,Finance,Global,CFO,Noah Anderson,Senior,6,Revenue Growth,Growth,0.95,2026-06-01,2026-06-30,2026,Q2,6,Jun-2026,False,False
106,20,202509,Scope,Scope growth not fully funded,1,1,1,Low,Closed,Complete,Technical Lead,2025-09-23,2025-12-06,PPM-0020,Pioneer Revenue Enablement,2,24,2,Infrastructure,Completed,Medium,2024-08-13,2025-02-26,USD,10440000,45,95,3,Important,Finance,Global,CFO,Noah Anderson,Senior,6,Revenue Growth,Growth,0.95,2025-09-01,2025-09-30,2025,Q3,9,Sep-2025,False,False
107,20,202612,Resource,Specialist allocation conflict,3,2,6,Moderate,Closed,Complete,Business Owner,2026-12-20,2027-04-17,PPM-0020,Pioneer Revenue Enablement,2,24,2,Infrastructure,Completed,Medium,2024-08-13,2025-02-26,USD,10440000,45,95,3,Important,Finance,Global,CFO,Noah Anderson,Senior,6,Revenue Growth,Growth,0.95,2026-12-01,2026-12-31,2026,Q4,12,Dec-2026,False,False
108,20,202611,Financial,Vendor spend trending above plan,2,2,4,Low,Closed,Complete,Program Manager,2026-11-25,2027-01-26,PPM-0020,Pioneer Revenue Enablement,2,24,2,Infrastructure,Completed,Medium,2024-08-13,2025-02-26,USD,10440000,45,95,3,Important,Finance,Global,CFO,Noah Anderson,Senior,6,Revenue Growth,Growth,0.95,2026-11-01,2026-11-30,2026,Q4,11,Nov-2026,False,False
109,21,202604,Resource,Specialist allocation conflict,3,4,12,High,Closed,Complete,PMO,2026-04-18,2026-06-15,PPM-0021,Insight ERP Renewal,1,8,4,Cybersecurity,Active,Critical,2024-04-04,2025-05-19,USD,5150000,85,87,5,Important,North America Operations,North America,EVP Operations,Victor Nwosu,Senior,5,Regulatory Compliance,Risk & Compliance,1.0,2026-04-01,2026-04-30,2026,Q2,4,Apr-2026,False,True
110,21,202506,Vendor,Supplier capacity constraint,1,3,3,Low,Mitigating,In Progress,Project Manager,2025-06-13,2025-08-22,PPM-0021,Insight ERP Renewal,1,8,4,Cybersecurity,Active,Critical,2024-04-04,2025-05-19,USD,5150000,85,87,5,Important,North America Operations,North America,EVP Operations,Victor Nwosu,Senior,5,Regulatory Compliance,Risk & Compliance,1.0,2025-06-01,2025-06-30,2025,Q2,6,Jun-2025,True,False
111,21,202504,Resource,Specialist allocation conflict,2,3,6,Moderate,Mitigating,At Risk,PMO,2025-04-13,2025-05-28,PPM-0021,Insight ERP Renewal,1,8,4,Cybersecurity,Active,Critical,2024-04-04,2025-05-19,USD,5150000,85,87,5,Important,North America Operations,North America,EVP Operations,Victor Nwosu,Senior,5,Regulatory Compliance,Risk & Compliance,1.0,2025-04-01,2025-04-30,2025,Q2,4,Apr-2025,True,False
112,22,202504,Technical,Integration complexity exceeds plan,1,1,1,Low,Closed,Complete,Project Manager,2025-04-09,2025-06-10,PPM-0022,Rise Analytics Hub,5,9,1,Infrastructure,Completed,Low,2024-07-06,2025-02-01,USD,2083000,75,68,2,Business Critical,Supply Chain,Global,EVP Supply Chain,Linda Brown,Principal,2,Digital Transformation,Growth & Modernization,1.0,2025-04-01,2025-04-30,2025,Q2,4,Apr-2025,False,False
113,22,202503,Technical,Integration complexity exceeds plan,3,2,6,Moderate,Mitigating,On Track,Program Manager,2025-03-19,2025-05-04,PPM-0022,Rise Analytics Hub,5,9,1,Infrastructure,Completed,Low,2024-07-06,2025-02-01,USD,2083000,75,68,2,Business Critical,Supply Chain,Global,EVP Supply Chain,Linda Brown,Principal,2,Digital Transformation,Growth & Modernization,1.0,2025-03-01,2025-03-31,2025,Q1,3,Mar-2025,True,False
114,22,202504,Financial,Vendor spend trending above plan,3,2,6,Moderate,Closed,Complete,Business Owner,2025-04-10,2025-06-06,PPM-0022,Rise Analytics Hub,5,9,1,Infrastructure,Completed,Low,2024-07-06,2025-02-01,USD,2083000,75,68,2,Business Critical,Supply Chain,Global,EVP Supply Chain,Linda Brown,Principal,2,Digital Transformation,Growth & Modernization,1.0,2025-04-01,2025-04-30,2025,Q2,4,Apr-2025,False,False
115,22,202510,Resource,Key role vacancy,2,1,2,Low,Closed,Complete,Business Owner,2025-10-09,2025-11-12,PPM-0022,Rise Analytics Hub,5,9,1,Infrastructure,Completed,Low,2024-07-06,2025-02-01,USD,2083000,75,68,2,Business Critical,Supply Chain,Global,EVP Supply Chain,Linda Brown,Principal,2,Digital Transformation,Growth & Modernization,1.0,2025-10-01,2025-10-31,2025,Q4,10,Oct-2025,False,False
116,22,202608,Financial,Forecast cost exceeds approved budget,2,2,4,Low,Closed,Complete,Program Manager,2026-08-19,2026-09-19,PPM-0022,Rise Analytics Hub,5,9,1,Infrastructure,Completed,Low,2024-07-06,2025-02-01,USD,2083000,75,68,2,Business Critical,Supply Chain,Global,EVP Supply Chain,Linda Brown,Principal,2,Digital Transformation,Growth & Modernization,1.0,2026-08-01,2026-08-31,2026,Q3,8,Aug-2026,False,False
117,23,202605,Compliance,Control evidence incomplete,4,5,20,Critical,Closed,Complete,Technical Lead,2026-05-21,2026-07-09,PPM-0023,Momentum Infrastructure Refresh,5,12,5,Data & Analytics,On Hold,High,2025-05-17,2026-07-09,USD,3474000,95,63,5,Standard,Supply Chain,Global,EVP Supply Chain,Ethan Wilson,Principal,6,Customer Experience,Customer,0.9,2026-05-01,2026-05-31,2026,Q2,5,May-2026,False,True
118,23,202605,Resource,Critical skill capacity constrained,5,5,25,Critical,Mitigating,In Progress,PMO,2026-05-07,2026-06-26,PPM-0023,Momentum Infrastructure Refresh,5,12,5,Data & Analytics,On Hold,High,2025-05-17,2026-07-09,USD,3474000,95,63,5,Standard,Supply Chain,Global,EVP Supply Chain,Ethan Wilson,Principal,6,Customer Experience,Customer,0.9,2026-05-01,2026-05-31,2026,Q2,5,May-2026,True,True
119,23,202610,Scope,Requirements instability,4,4,16,Critical,Open,Planned,Program Manager,2026-10-24,2027-01-05,PPM-0023,Momentum Infrastructure Refresh,5,12,5,Data & Analytics,On Hold,High,2025-05-17,2026-07-09,USD,3474000,95,63,5,Standard,Supply Chain,Global,EVP Supply Chain,Ethan Wilson,Principal,6,Customer Experience,Customer,0.9,2026-10-01,2026-10-31,2026,Q4,10,Oct-2026,True,True
120,23,202604,Change Management,Training preparation delayed,4,5,20,Critical,Open,Planned,PMO,2026-04-20,2026-07-19,PPM-0023,Momentum Infrastructure Refresh,5,12,5,Data & Analytics,On Hold,High,2025-05-17,2026-07-09,USD,3474000,95,63,5,Standard,Supply Chain,Global,EVP Supply Chain,Ethan Wilson,Principal,6,Customer Experience,Customer,0.9,2026-04-01,2026-04-30,2026,Q2,4,Apr-2026,True,True
121,23,202507,Financial,Contingency reserve under pressure,4,4,16,Critical,Closed,Complete,Program Manager,2025-07-07,2025-09-25,PPM-0023,Momentum Infrastructure Refresh,5,12,5,Data & Analytics,On Hold,High,2025-05-17,2026-07-09,USD,3474000,95,63,5,Standard,Supply Chain,Global,EVP Supply Chain,Ethan Wilson,Principal,6,Customer Experience,Customer,0.9,2025-07-01,2025-07-31,2025,Q3,7,Jul-2025,False,True
122,23,202506,Schedule,Dependency delay threatens delivery,5,5,25,Critical,Open,Planned,PMO,2025-06-24,2025-10-05,PPM-0023,Momentum Infrastructure Refresh,5,12,5,Data & Analytics,On Hold,High,2025-05-17,2026-07-09,USD,3474000,95,63,5,Standard,Supply Chain,Global,EVP Supply Chain,Ethan Wilson,Principal,6,Customer Experience,Customer,0.9,2025-06-01,2025-06-30,2025,Q2,6,Jun-2025,True,True
123,23,202502,Financial,Vendor spend trending above plan,4,4,16,Critical,Open,Planned,Project Manager,2025-02-08,2025-05-31,PPM-0023,Momentum Infrastructure Refresh,5,12,5,Data & Analytics,On Hold,High,2025-05-17,2026-07-09,USD,3474000,95,63,5,Standard,Supply Chain,Global,EVP Supply Chain,Ethan Wilson,Principal,6,Customer Experience,Customer,0.9,2025-02-01,2025-02-28,2025,Q1,2,Feb-2025,True,True
124,24,202607,Financial,Contingency reserve under pressure,2,4,8,Moderate,Closed,Complete,Project Manager,2026-07-11,2026-10-07,PPM-0024,Quantum AI Foundations,6,5,1,Infrastructure,Active,Critical,2026-02-05,2028-10-25,USD,4672000,50,88,5,Important,Corporate Services,Global,Chief Administrative Officer,Sofia Martinez,Senior,3,Digital Transformation,Growth & Modernization,1.0,2026-07-01,2026-07-31,2026,Q3,7,Jul-2026,False,False
125,24,202612,Vendor,Third-party dependency at risk,2,3,6,Moderate,Mitigating,On Track,Project Manager,2026-12-15,2027-03-09,PPM-0024,Quantum AI Foundations,6,5,1,Infrastructure,Active,Critical,2026-02-05,2028-10-25,USD,4672000,50,88,5,Important,Corporate Services,Global,Chief Administrative Officer,Sofia Martinez,Senior,3,Digital Transformation,Growth & Modernization,1.0,2026-12-01,2026-12-31,2026,Q4,12,Dec-2026,True,False
126,24,202605,Technical,Architecture risk unresolved,3,3,9,Moderate,Closed,Complete,Project Manager,2026-05-17,2026-07-14,PPM-0024,Quantum AI Foundations,6,5,1,Infrastructure,Active,Critical,2026-02-05,2028-10-25,USD,4672000,50,88,5,Important,Corporate Services,Global,Chief Administrative Officer,Sofia Martinez,Senior,3,Digital Transformation,Growth & Modernization,1.0,2026-05-01,2026-05-31,2026,Q2,5,May-2026,False,False
127,24,202604,Resource,Critical skill capacity constrained,3,3,9,Moderate,Closed,Complete,Program Manager,2026-04-11,2026-07-14,PPM-0024,Quantum AI Foundations,6,5,1,Infrastructure,Active,Critical,2026-02-05,2028-10-25,USD,4672000,50,88,5,Important,Corporate Services,Global,Chief Administrative Officer,Sofia Martinez,Senior,3,Digital Transformation,Growth & Modernization,1.0,2026-04-01,2026-04-30,2026,Q2,4,Apr-2026,False,False
128,25,202505,Financial,Forecast cost exceeds approved budget,3,2,6,Moderate,Open,Not Started,Business Owner,2025-05-09,2025-09-02,PPM-0025,Delta ERP Renewal,6,6,6,Cloud Migration,Active,Medium,2024-01-18,2026-04-10,USD,2763000,67,69,5,Business Critical,Corporate Services,Global,Chief Administrative Officer,Kwame Owusu,Senior,6,Risk Reduction,Risk & Resilience,0.9,2025-05-01,2025-05-31,2025,Q2,5,May-2025,True,False
129,25,202602,Technical,Technical debt threatens delivery,3,3,9,Moderate,Closed,Complete,PMO,2026-02-19,2026-04-25,PPM-0025,Delta ERP Renewal,6,6,6,Cloud Migration,Active,Medium,2024-01-18,2026-04-10,USD,2763000,67,69,5,Business Critical,Corporate Services,Global,Chief Administrative Officer,Kwame Owusu,Senior,6,Risk Reduction,Risk & Resilience,0.9,2026-02-01,2026-02-28,2026,Q1,2,Feb-2026,False,False
130,25,202502,Technical,Integration complexity exceeds plan,3,3,9,Moderate,Mitigating,On Track,Business Owner,2025-02-15,2025-05-18,PPM-0025,Delta ERP Renewal,6,6,6,Cloud Migration,Active,Medium,2024-01-18,2026-04-10,USD,2763000,67,69,5,Business Critical,Corporate Services,Global,Chief Administrative Officer,Kwame Owusu,Senior,6,Risk Reduction,Risk & Resilience,0.9,2025-02-01,2025-02-28,2025,Q1,2,Feb-2025,True,False
131,25,202506,Technical,Architecture risk unresolved,3,4,12,High,Open,Planned,Technical Lead,2025-06-20,2025-08-22,PPM-0025,Delta ERP Renewal,6,6,6,Cloud Migration,Active,Medium,2024-01-18,2026-04-10,USD,2763000,67,69,5,Business Critical,Corporate Services,Global,Chief Administrative Officer,Kwame Owusu,Senior,6,Risk Reduction,Risk & Resilience,0.9,2025-06-01,2025-06-30,2025,Q2,6,Jun-2025,True,True
132,25,202610,Technical,Architecture risk unresolved,3,3,9,Moderate,Open,Planned,Program Manager,2026-10-15,2026-11-16,PPM-0025,Delta ERP Renewal,6,6,6,Cloud Migration,Active,Medium,2024-01-18,2026-04-10,USD,2763000,67,69,5,Business Critical,Corporate Services,Global,Chief Administrative Officer,Kwame Owusu,Senior,6,Risk Reduction,Risk & Resilience,0.9,2026-10-01,2026-10-31,2026,Q4,10,Oct-2026,True,False
133,25,202604,Financial,Forecast cost exceeds approved budget,2,2,4,Low,Open,Not Started,Project Manager,2026-04-11,2026-07-21,PPM-0025,Delta ERP Renewal,6,6,6,Cloud Migration,Active,Medium,2024-01-18,2026-04-10,USD,2763000,67,69,5,Business Critical,Corporate Services,Global,Chief Administrative Officer,Kwame Owusu,Senior,6,Risk Reduction,Risk & Resilience,0.9,2026-04-01,2026-04-30,2026,Q2,4,Apr-2026,True,False
134,25,202503,Resource,Critical skill capacity constrained,2,3,6,Moderate,Open,Planned,Program Manager,2025-03-10,2025-05-09,PPM-0025,Delta ERP Renewal,6,6,6,Cloud Migration,Active,Medium,2024-01-18,2026-04-10,USD,2763000,67,69,5,Business Critical,Corporate Services,Global,Chief Administrative Officer,Kwame Owusu,Senior,6,Risk Reduction,Risk & Resilience,0.9,2025-03-01,2025-03-31,2025,Q1,3,Mar-2025,True,False
135,26,202503,Compliance,Regulatory requirement unresolved,4,5,20,Critical,Mitigating,In Progress,Program Manager,2025-03-25,2025-05-03,PPM-0026,Nexus Customer 360,1,19,5,Product Development,Completed,High,2026-01-19,2027-01-31,USD,17675000,48,92,5,Standard,North America Operations,North America,EVP Operations,Fatima Khan,Senior,6,Customer Experience,Customer,0.9,2025-03-01,2025-03-31,2025,Q1,3,Mar-2025,True,True
136,26,202607,Resource,Key role vacancy,2,5,10,High,Mitigating,At Risk,Business Owner,2026-07-13,2026-10-22,PPM-0026,Nexus Customer 360,1,19,5,Product Development,Completed,High,2026-01-19,2027-01-31,USD,17675000,48,92,5,Standard,North America Operations,North America,EVP Operations,Fatima Khan,Senior,6,Customer Experience,Customer,0.9,2026-07-01,2026-07-31,2026,Q3,7,Jul-2026,True,True
137,26,202606,Technical,Architecture risk unresolved,3,4,12,High,Mitigating,In Progress,Business Owner,2026-06-08,2026-07-17,PPM-0026,Nexus Customer 360,1,19,5,Product Development,Completed,High,2026-01-19,2027-01-31,USD,17675000,48,92,5,Standard,North America Operations,North America,EVP Operations,Fatima Khan,Senior,6,Customer Experience,Customer,0.9,2026-06-01,2026-06-30,2026,Q2,6,Jun-2026,True,True
138,26,202604,Resource,Critical skill capacity constrained,2,5,10,High,Mitigating,At Risk,Business Owner,2026-04-17,2026-06-01,PPM-0026,Nexus Customer 360,1,19,5,Product Development,Completed,High,2026-01-19,2027-01-31,USD,17675000,48,92,5,Standard,North America Operations,North America,EVP Operations,Fatima Khan,Senior,6,Customer Experience,Customer,0.9,2026-04-01,2026-04-30,2026,Q2,4,Apr-2026,True,True
139,26,202506,Financial,Forecast cost exceeds approved budget,2,4,8,Moderate,Mitigating,In Progress,Project Manager,2025-06-12,2025-08-31,PPM-0026,Nexus Customer 360,1,19,5,Product Development,Completed,High,2026-01-19,2027-01-31,USD,17675000,48,92,5,Standard,North America Operations,North America,EVP Operations,Fatima Khan,Senior,6,Customer Experience,Customer,0.9,2025-06-01,2025-06-30,2025,Q2,6,Jun-2025,True,False
140,26,202502,Schedule,Critical milestone slippage,5,5,25,Critical,Open,Planned,Program Manager,2025-02-12,2025-06-10,PPM-0026,Nexus Customer 360,1,19,5,Product Development,Completed,High,2026-01-19,2027-01-31,USD,17675000,48,92,5,Standard,North America Operations,North America,EVP Operations,Fatima Khan,Senior,6,Customer Experience,Customer,0.9,2025-02-01,2025-02-28,2025,Q1,2,Feb-2025,True,True
141,26,202505,Schedule,Critical milestone slippage,4,4,16,Critical,Closed,Complete,PMO,2025-05-17,2025-09-06,PPM-0026,Nexus Customer 360,1,19,5,Product Development,Completed,High,2026-01-19,2027-01-31,USD,17675000,48,92,5,Standard,North America Operations,North America,EVP Operations,Fatima Khan,Senior,6,Customer Experience,Customer,0.9,2025-05-01,2025-05-31,2025,Q2,5,May-2025,False,True
142,26,202502,Compliance,Approval dependency outstanding,4,5,20,Critical,Open,Planned,PMO,2025-02-15,2025-05-01,PPM-0026,Nexus Customer 360,1,19,5,Product Development,Completed,High,2026-01-19,2027-01-31,USD,17675000,48,92,5,Standard,North America Operations,North America,EVP Operations,Fatima Khan,Senior,6,Customer Experience,Customer,0.9,2025-02-01,2025-02-28,2025,Q1,2,Feb-2025,True,True
143,26,202502,Change Management,Adoption readiness behind plan,3,5,15,High,Mitigating,In Progress,PMO,2025-02-13,2025-05-04,PPM-0026,Nexus Customer 360,1,19,5,Product Development,Completed,High,2026-01-19,2027-01-31,USD,17675000,48,92,5,Standard,North America Operations,North America,EVP Operations,Fatima Khan,Senior,6,Customer Experience,Customer,0.9,2025-02-01,2025-02-28,2025,Q1,2,Feb-2025,True,True
144,27,202607,Resource,Key role vacancy,1,3,3,Low,Open,Not Started,PMO,2026-07-14,2026-10-30,PPM-0027,Titan Risk Platform,1,19,2,Data & Analytics,Active,Medium,2024-02-05,2025-01-11,USD,1788000,100,89,2,Standard,North America Operations,North America,EVP Operations,Fatima Khan,Senior,6,Revenue Growth,Growth,0.95,2026-07-01,2026-07-31,2026,Q3,7,Jul-2026,True,False
145,27,202511,Technical,Architecture risk unresolved,2,2,4,Low,Mitigating,At Risk,PMO,2025-11-06,2025-12-09,PPM-0027,Titan Risk Platform,1,19,2,Data & Analytics,Active,Medium,2024-02-05,2025-01-11,USD,1788000,100,89,2,Standard,North America Operations,North America,EVP Operations,Fatima Khan,Senior,6,Revenue Growth,Growth,0.95,2025-11-01,2025-11-30,2025,Q4,11,Nov-2025,True,False
146,27,202504,Schedule,Critical milestone slippage,2,1,2,Low,Mitigating,In Progress,Program Manager,2025-04-11,2025-05-27,PPM-0027,Titan Risk Platform,1,19,2,Data & Analytics,Active,Medium,2024-02-05,2025-01-11,USD,1788000,100,89,2,Standard,North America Operations,North America,EVP Operations,Fatima Khan,Senior,6,Revenue Growth,Growth,0.95,2025-04-01,2025-04-30,2025,Q2,4,Apr-2025,True,False
147,27,202511,Financial,Contingency reserve under pressure,1,2,2,Low,Mitigating,At Risk,Business Owner,2025-11-20,2025-12-26,PPM-0027,Titan Risk Platform,1,19,2,Data & Analytics,Active,Medium,2024-02-05,2025-01-11,USD,1788000,100,89,2,Standard,North America Operations,North America,EVP Operations,Fatima Khan,Senior,6,Revenue Growth,Growth,0.95,2025-11-01,2025-11-30,2025,Q4,11,Nov-2025,True,False
148,28,202609,Financial,Forecast cost exceeds approved budget,3,2,6,Moderate,Open,Not Started,Business Owner,2026-09-22,2026-12-12,PPM-0028,Aurora Data Platform,6,13,4,Regulatory,On Hold,High,2024-05-17,2025-05-20,USD,4340000,46,84,5,Mission Critical,Corporate Services,Global,Chief Administrative Officer,Nadia Rahman,Lead,5,Regulatory Compliance,Risk & Compliance,1.0,2026-09-01,2026-09-30,2026,Q3,9,Sep-2026,True,False
149,28,202511,Financial,Contingency reserve under pressure,1,4,4,Low,Mitigating,On Track,Program Manager,2025-11-06,2026-01-26,PPM-0028,Aurora Data Platform,6,13,4,Regulatory,On Hold,High,2024-05-17,2025-05-20,USD,4340000,46,84,5,Mission Critical,Corporate Services,Global,Chief Administrative Officer,Nadia Rahman,Lead,5,Regulatory Compliance,Risk & Compliance,1.0,2025-11-01,2025-11-30,2025,Q4,11,Nov-2025,True,False
150,28,202511,Technical,Architecture risk unresolved,2,3,6,Moderate,Closed,Complete,PMO,2025-11-11,2026-01-01,PPM-0028,Aurora Data Platform,6,13,4,Regulatory,On Hold,High,2024-05-17,2025-05-20,USD,4340000,46,84,5,Mission Critical,Corporate Services,Global,Chief Administrative Officer,Nadia Rahman,Lead,5,Regulatory Compliance,Risk & Compliance,1.0,2025-11-01,2025-11-30,2025,Q4,11,Nov-2025,False,False
151,29,202601,Schedule,Critical milestone slippage,3,2,6,Moderate,Closed,Complete,Project Manager,2026-01-12,2026-04-15,PPM-0029,Keystone Data Platform,1,8,4,Regulatory,Completed,Medium,2024-11-25,2025-11-03,USD,2961000,46,86,1,Important,North America Operations,North America,EVP Operations,Victor Nwosu,Senior,5,Regulatory Compliance,Risk & Compliance,1.0,2026-01-01,2026-01-31,2026,Q1,1,Jan-2026,False,False
152,29,202511,Resource,Specialist allocation conflict,2,3,6,Moderate,Mitigating,On Track,Project Manager,2025-11-14,2025-12-20,PPM-0029,Keystone Data Platform,1,8,4,Regulatory,Completed,Medium,2024-11-25,2025-11-03,USD,2961000,46,86,1,Important,North America Operations,North America,EVP Operations,Victor Nwosu,Senior,5,Regulatory Compliance,Risk & Compliance,1.0,2025-11-01,2025-11-30,2025,Q4,11,Nov-2025,True,False
153,29,202607,Financial,Vendor spend trending above plan,2,2,4,Low,Open,Not Started,Technical Lead,2026-07-16,2026-10-15,PPM-0029,Keystone Data Platform,1,8,4,Regulatory,Completed,Medium,2024-11-25,2025-11-03,USD,2961000,46,86,1,Important,North America Operations,North America,EVP Operations,Victor Nwosu,Senior,5,Regulatory Compliance,Risk & Compliance,1.0,2026-07-01,2026-07-31,2026,Q3,7,Jul-2026,True,False
154,30,202601,Compliance,Control evidence incomplete,3,3,9,Moderate,Open,Planned,Program Manager,2026-01-22,2026-04-13,PPM-0030,Fusion Risk Platform,5,21,1,Regulatory,Active,High,2024-03-04,2025-07-23,USD,2978000,52,74,3,Standard,Supply Chain,Global,EVP Supply Chain,Leila Bennett,Senior,4,Digital Transformation,Growth & Modernization,1.0,2026-01-01,2026-01-31,2026,Q1,1,Jan-2026,True,False
155,30,202609,Financial,Contingency reserve under pressure,2,5,10,High,Open,Planned,PMO,2026-09-24,2027-01-12,PPM-0030,Fusion Risk Platform,5,21,1,Regulatory,Active,High,2024-03-04,2025-07-23,USD,2978000,52,74,3,Standard,Supply Chain,Global,EVP Supply Chain,Leila Bennett,Senior,4,Digital Transformation,Growth & Modernization,1.0,2026-09-01,2026-09-30,2026,Q3,9,Sep-2026,True,True
156,30,202605,Schedule,Dependency delay threatens delivery,3,4,12,High,Mitigating,On Track,Technical Lead,2026-05-22,2026-07-26,PPM-0030,Fusion Risk Platform,5,21,1,Regulatory,Active,High,2024-03-04,2025-07-23,USD,2978000,52,74,3,Standard,Supply Chain,Global,EVP Supply Chain,Leila Bennett,Senior,4,Digital Transformation,Growth & Modernization,1.0,2026-05-01,2026-05-31,2026,Q2,5,May-2026,True,True
157,30,202602,Financial,Forecast cost exceeds approved budget,3,4,12,High,Open,Not Started,Technical Lead,2026-02-17,2026-04-29,PPM-0030,Fusion Risk Platform,5,21,1,Regulatory,Active,High,2024-03-04,2025-07-23,USD,2978000,52,74,3,Standard,Supply Chain,Global,EVP Supply Chain,Leila Bennett,Senior,4,Digital Transformation,Growth & Modernization,1.0,2026-02-01,2026-02-28,2026,Q1,2,Feb-2026,True,True
158,30,202601,Technical,Technical debt threatens delivery,4,4,16,Critical,Open,Not Started,Technical Lead,2026-01-24,2026-03-25,PPM-0030,Fusion Risk Platform,5,21,1,Regulatory,Active,High,2024-03-04,2025-07-23,USD,2978000,52,74,3,Standard,Supply Chain,Global,EVP Supply Chain,Leila Bennett,Senior,4,Digital Transformation,Growth & Modernization,1.0,2026-01-01,2026-01-31,2026,Q1,1,Jan-2026,True,True
159,31,202601,Resource,Key role vacancy,2,3,6,Moderate,Mitigating,In Progress,Technical Lead,2026-01-23,2026-05-20,PPM-0031,Xenon Analytics Hub,4,8,6,ERP Transformation,Completed,High,2025-01-29,2025-08-17,USD,4976000,53,82,5,Standard,Commercial,North America,Chief Commercial Officer,Victor Nwosu,Senior,5,Risk Reduction,Risk & Resilience,0.9,2026-01-01,2026-01-31,2026,Q1,1,Jan-2026,True,False
160,31,202601,Resource,Critical skill capacity constrained,2,3,6,Moderate,Closed,Complete,Technical Lead,2026-01-14,2026-02-27,PPM-0031,Xenon Analytics Hub,4,8,6,ERP Transformation,Completed,High,2025-01-29,2025-08-17,USD,4976000,53,82,5,Standard,Commercial,North America,Chief Commercial Officer,Victor Nwosu,Senior,5,Risk Reduction,Risk & Resilience,0.9,2026-01-01,2026-01-31,2026,Q1,1,Jan-2026,False,False
161,31,202603,Resource,Critical skill capacity constrained,3,2,6,Moderate,Open,Planned,Project Manager,2026-03-16,2026-06-16,PPM-0031,Xenon Analytics Hub,4,8,6,ERP Transformation,Completed,High,2025-01-29,2025-08-17,USD,4976000,53,82,5,Standard,Commercial,North America,Chief Commercial Officer,Victor Nwosu,Senior,5,Risk Reduction,Risk & Resilience,0.9,2026-03-01,2026-03-31,2026,Q1,3,Mar-2026,True,False
162,31,202512,Resource,Specialist allocation conflict,1,4,4,Low,Mitigating,On Track,Business Owner,2025-12-09,2026-03-06,PPM-0031,Xenon Analytics Hub,4,8,6,ERP Transformation,Completed,High,2025-01-29,2025-08-17,USD,4976000,53,82,5,Standard,Commercial,North America,Chief Commercial Officer,Victor Nwosu,Senior,5,Risk Reduction,Risk & Resilience,0.9,2025-12-01,2025-12-31,2025,Q4,12,Dec-2025,True,False
163,31,202511,Vendor,Third-party dependency at risk,2,2,4,Low,Open,Planned,Program Manager,2025-11-06,2026-02-18,PPM-0031,Xenon Analytics Hub,4,8,6,ERP Transformation,Completed,High,2025-01-29,2025-08-17,USD,4976000,53,82,5,Standard,Commercial,North America,Chief Commercial Officer,Victor Nwosu,Senior,5,Risk Reduction,Risk & Resilience,0.9,2025-11-01,2025-11-30,2025,Q4,11,Nov-2025,True,False
164,32,202602,Resource,Critical skill capacity constrained,4,3,12,High,Open,Not Started,Technical Lead,2026-02-09,2026-05-16,PPM-0032,Delta Regulatory Readiness,1,19,1,Product Development,On Hold,High,2024-05-11,2026-03-10,USD,1856000,86,91,3,Standard,North America Operations,North America,EVP Operations,Fatima Khan,Senior,6,Digital Transformation,Growth & Modernization,1.0,2026-02-01,2026-02-28,2026,Q1,2,Feb-2026,True,True
165,32,202604,Resource,Key role vacancy,4,4,16,Critical,Mitigating,At Risk,Program Manager,2026-04-15,2026-07-21,PPM-0032,Delta Regulatory Readiness,1,19,1,Product Development,On Hold,High,2024-05-11,2026-03-10,USD,1856000,86,91,3,Standard,North America Operations,North America,EVP Operations,Fatima Khan,Senior,6,Digital Transformation,Growth & Modernization,1.0,2026-04-01,2026-04-30,2026,Q2,4,Apr-2026,True,True
166,32,202503,Resource,Critical skill capacity constrained,3,5,15,High,Open,Not Started,PMO,2025-03-06,2025-04-14,PPM-0032,Delta Regulatory Readiness,1,19,1,Product Development,On Hold,High,2024-05-11,2026-03-10,USD,1856000,86,91,3,Standard,North America Operations,North America,EVP Operations,Fatima Khan,Senior,6,Digital Transformation,Growth & Modernization,1.0,2025-03-01,2025-03-31,2025,Q1,3,Mar-2025,True,True
167,32,202511,Schedule,Dependency delay threatens delivery,3,3,9,Moderate,Mitigating,On Track,Technical Lead,2025-11-10,2026-02-07,PPM-0032,Delta Regulatory Readiness,1,19,1,Product Development,On Hold,High,2024-05-11,2026-03-10,USD,1856000,86,91,3,Standard,North America Operations,North America,EVP Operations,Fatima Khan,Senior,6,Digital Transformation,Growth & Modernization,1.0,2025-11-01,2025-11-30,2025,Q4,11,Nov-2025,True,False
168,32,202511,Resource,Specialist allocation conflict,3,5,15,High,Mitigating,At Risk,Business Owner,2025-11-07,2025-12-24,PPM-0032,Delta Regulatory Readiness,1,19,1,Product Development,On Hold,High,2024-05-11,2026-03-10,USD,1856000,86,91,3,Standard,North America Operations,North America,EVP Operations,Fatima Khan,Senior,6,Digital Transformation,Growth & Modernization,1.0,2025-11-01,2025-11-30,2025,Q4,11,Nov-2025,True,True
169,32,202611,Scope,Scope growth not fully funded,3,4,12,High,Closed,Complete,Program Manager,2026-11-06,2026-12-22,PPM-0032,Delta Regulatory Readiness,1,19,1,Product Development,On Hold,High,2024-05-11,2026-03-10,USD,1856000,86,91,3,Standard,North America Operations,North America,EVP Operations,Fatima Khan,Senior,6,Digital Transformation,Growth & Modernization,1.0,2026-11-01,2026-11-30,2026,Q4,11,Nov-2026,False,True
170,32,202508,Financial,Forecast cost exceeds approved budget,2,4,8,Moderate,Open,Planned,PMO,2025-08-23,2025-10-17,PPM-0032,Delta Regulatory Readiness,1,19,1,Product Development,On Hold,High,2024-05-11,2026-03-10,USD,1856000,86,91,3,Standard,North America Operations,North America,EVP Operations,Fatima Khan,Senior,6,Digital Transformation,Growth & Modernization,1.0,2025-08-01,2025-08-31,2025,Q3,8,Aug-2025,True,False
171,33,202608,Vendor,Supplier capacity constraint,4,5,20,Critical,Closed,Complete,Technical Lead,2026-08-06,2026-09-19,PPM-0033,Lighthouse Cyber Resilience,3,16,5,Infrastructure,Active,Critical,2024-08-15,2026-12-23,USD,2220000,70,61,2,Mission Critical,Technology,Global,CIO,Carlos Garcia,Lead,5,Customer Experience,Customer,0.9,2026-08-01,2026-08-31,2026,Q3,8,Aug-2026,False,True
172,33,202609,Technical,Architecture risk unresolved,3,4,12,High,Mitigating,On Track,PMO,2026-09-24,2026-11-17,PPM-0033,Lighthouse Cyber Resilience,3,16,5,Infrastructure,Active,Critical,2024-08-15,2026-12-23,USD,2220000,70,61,2,Mission Critical,Technology,Global,CIO,Carlos Garcia,Lead,5,Customer Experience,Customer,0.9,2026-09-01,2026-09-30,2026,Q3,9,Sep-2026,True,True
173,33,202610,Compliance,Regulatory requirement unresolved,5,5,25,Critical,Mitigating,In Progress,PMO,2026-10-16,2027-02-09,PPM-0033,Lighthouse Cyber Resilience,3,16,5,Infrastructure,Active,Critical,2024-08-15,2026-12-23,USD,2220000,70,61,2,Mission Critical,Technology,Global,CIO,Carlos Garcia,Lead,5,Customer Experience,Customer,0.9,2026-10-01,2026-10-31,2026,Q4,10,Oct-2026,True,True
174,33,202612,Financial,Forecast cost exceeds approved budget,3,5,15,High,Closed,Complete,Program Manager,2026-12-15,2027-01-29,PPM-0033,Lighthouse Cyber Resilience,3,16,5,Infrastructure,Active,Critical,2024-08-15,2026-12-23,USD,2220000,70,61,2,Mission Critical,Technology,Global,CIO,Carlos Garcia,Lead,5,Customer Experience,Customer,0.9,2026-12-01,2026-12-31,2026,Q4,12,Dec-2026,False,True
175,33,202605,Resource,Key role vacancy,5,4,20,Critical,Mitigating,On Track,PMO,2026-05-09,2026-08-31,PPM-0033,Lighthouse Cyber Resilience,3,16,5,Infrastructure,Active,Critical,2024-08-15,2026-12-23,USD,2220000,70,61,2,Mission Critical,Technology,Global,CIO,Carlos Garcia,Lead,5,Customer Experience,Customer,0.9,2026-05-01,2026-05-31,2026,Q2,5,May-2026,True,True
176,33,202512,Schedule,Testing window compressed,5,4,20,Critical,Open,Planned,PMO,2025-12-06,2026-02-05,PPM-0033,Lighthouse Cyber Resilience,3,16,5,Infrastructure,Active,Critical,2024-08-15,2026-12-23,USD,2220000,70,61,2,Mission Critical,Technology,Global,CIO,Carlos Garcia,Lead,5,Customer Experience,Customer,0.9,2025-12-01,2025-12-31,2025,Q4,12,Dec-2025,True,True
177,33,202512,Resource,Specialist allocation conflict,4,5,20,Critical,Mitigating,At Risk,Project Manager,2025-12-21,2026-02-14,PPM-0033,Lighthouse Cyber Resilience,3,16,5,Infrastructure,Active,Critical,2024-08-15,2026-12-23,USD,2220000,70,61,2,Mission Critical,Technology,Global,CIO,Carlos Garcia,Lead,5,Customer Experience,Customer,0.9,2025-12-01,2025-12-31,2025,Q4,12,Dec-2025,True,True
178,33,202608,Change Management,Stakeholder resistance increasing,4,5,20,Critical,Open,Planned,PMO,2026-08-25,2026-11-08,PPM-0033,Lighthouse Cyber Resilience,3,16,5,Infrastructure,Active,Critical,2024-08-15,2026-12-23,USD,2220000,70,61,2,Mission Critical,Technology,Global,CIO,Carlos Garcia,Lead,5,Customer Experience,Customer,0.9,2026-08-01,2026-08-31,2026,Q3,8,Aug-2026,True,True
179,33,202502,Schedule,Testing window compressed,4,4,16,Critical,Open,Not Started,Business Owner,2025-02-11,2025-04-26,PPM-0033,Lighthouse Cyber Resilience,3,16,5,Infrastructure,Active,Critical,2024-08-15,2026-12-23,USD,2220000,70,61,2,Mission Critical,Technology,Global,CIO,Carlos Garcia,Lead,5,Customer Experience,Customer,0.9,2025-02-01,2025-02-28,2025,Q1,2,Feb-2025,True,True
180,33,202605,Schedule,Dependency delay threatens delivery,5,5,25,Critical,Mitigating,On Track,Project Manager,2026-05-24,2026-08-05,PPM-0033,Lighthouse Cyber Resilience,3,16,5,Infrastructure,Active,Critical,2024-08-15,2026-12-23,USD,2220000,70,61,2,Mission Critical,Technology,Global,CIO,Carlos Garcia,Lead,5,Customer Experience,Customer,0.9,2026-05-01,2026-05-31,2026,Q2,5,May-2026,True,True
181,34,202602,Resource,Key role vacancy,4,5,20,Critical,Open,Not Started,Project Manager,2026-02-19,2026-03-26,PPM-0034,Keystone AI Foundations,4,20,4,ERP Transformation,On Hold,Low,2024-08-17,2026-01-17,USD,1817000,51,83,5,Important,Commercial,North America,Chief Commercial Officer,Andrew Walker,Senior,3,Regulatory Compliance,Risk & Compliance,1.0,2026-02-01,2026-02-28,2026,Q1,2,Feb-2026,True,True
182,34,202506,Schedule,Dependency delay threatens delivery,5,4,20,Critical,Open,Planned,Program Manager,2025-06-17,2025-09-19,PPM-0034,Keystone AI Foundations,4,20,4,ERP Transformation,On Hold,Low,2024-08-17,2026-01-17,USD,1817000,51,83,5,Important,Commercial,North America,Chief Commercial Officer,Andrew Walker,Senior,3,Regulatory Compliance,Risk & Compliance,1.0,2025-06-01,2025-06-30,2025,Q2,6,Jun-2025,True,True
183,34,202608,Technical,Integration complexity exceeds plan,4,5,20,Critical,Open,Not Started,Program Manager,2026-08-12,2026-09-30,PPM-0034,Keystone AI Foundations,4,20,4,ERP Transformation,On Hold,Low,2024-08-17,2026-01-17,USD,1817000,51,83,5,Important,Commercial,North America,Chief Commercial Officer,Andrew Walker,Senior,3,Regulatory Compliance,Risk & Compliance,1.0,2026-08-01,2026-08-31,2026,Q3,8,Aug-2026,True,True
184,34,202509,Schedule,Critical milestone slippage,5,4,20,Critical,Mitigating,On Track,Program Manager,2025-09-19,2025-10-21,PPM-0034,Keystone AI Foundations,4,20,4,ERP Transformation,On Hold,Low,2024-08-17,2026-01-17,USD,1817000,51,83,5,Important,Commercial,North America,Chief Commercial Officer,Andrew Walker,Senior,3,Regulatory Compliance,Risk & Compliance,1.0,2025-09-01,2025-09-30,2025,Q3,9,Sep-2025,True,True
185,34,202504,Schedule,Testing window compressed,5,5,25,Critical,Mitigating,At Risk,Technical Lead,2025-04-08,2025-08-06,PPM-0034,Keystone AI Foundations,4,20,4,ERP Transformation,On Hold,Low,2024-08-17,2026-01-17,USD,1817000,51,83,5,Important,Commercial,North America,Chief Commercial Officer,Andrew Walker,Senior,3,Regulatory Compliance,Risk & Compliance,1.0,2025-04-01,2025-04-30,2025,Q2,4,Apr-2025,True,True
186,34,202608,Financial,Forecast cost exceeds approved budget,3,4,12,High,Open,Planned,Technical Lead,2026-08-16,2026-10-11,PPM-0034,Keystone AI Foundations,4,20,4,ERP Transformation,On Hold,Low,2024-08-17,2026-01-17,USD,1817000,51,83,5,Important,Commercial,North America,Chief Commercial Officer,Andrew Walker,Senior,3,Regulatory Compliance,Risk & Compliance,1.0,2026-08-01,2026-08-31,2026,Q3,8,Aug-2026,True,True
187,34,202504,Vendor,Supplier capacity constraint,3,5,15,High,Closed,Complete,Technical Lead,2025-04-22,2025-07-20,PPM-0034,Keystone AI Foundations,4,20,4,ERP Transformation,On Hold,Low,2024-08-17,2026-01-17,USD,1817000,51,83,5,Important,Commercial,North America,Chief Commercial Officer,Andrew Walker,Senior,3,Regulatory Compliance,Risk & Compliance,1.0,2025-04-01,2025-04-30,2025,Q2,4,Apr-2025,False,True
188,35,202508,Financial,Contingency reserve under pressure,2,5,10,High,Open,Not Started,Business Owner,2025-08-18,2025-10-22,PPM-0035,Lighthouse Regulatory Readiness,6,7,3,ERP Transformation,Active,High,2026-02-25,2028-04-26,USD,20895000,98,55,5,Business Critical,Corporate Services,Global,Chief Administrative Officer,Rachel Thompson,Senior,1,Operational Efficiency,Efficiency,0.85,2025-08-01,2025-08-31,2025,Q3,8,Aug-2025,True,True
189,35,202610,Schedule,Dependency delay threatens delivery,2,5,10,High,Mitigating,In Progress,PMO,2026-10-24,2027-01-04,PPM-0035,Lighthouse Regulatory Readiness,6,7,3,ERP Transformation,Active,High,2026-02-25,2028-04-26,USD,20895000,98,55,5,Business Critical,Corporate Services,Global,Chief Administrative Officer,Rachel Thompson,Senior,1,Operational Efficiency,Efficiency,0.85,2026-10-01,2026-10-31,2026,Q4,10,Oct-2026,True,True
190,35,202505,Financial,Vendor spend trending above plan,3,4,12,High,Open,Planned,Business Owner,2025-05-25,2025-08-15,PPM-0035,Lighthouse Regulatory Readiness,6,7,3,ERP Transformation,Active,High,2026-02-25,2028-04-26,USD,20895000,98,55,5,Business Critical,Corporate Services,Global,Chief Administrative Officer,Rachel Thompson,Senior,1,Operational Efficiency,Efficiency,0.85,2025-05-01,2025-05-31,2025,Q2,5,May-2025,True,True
191,35,202506,Schedule,Dependency delay threatens delivery,4,4,16,Critical,Mitigating,In Progress,Business Owner,2025-06-24,2025-08-01,PPM-0035,Lighthouse Regulatory Readiness,6,7,3,ERP Transformation,Active,High,2026-02-25,2028-04-26,USD,20895000,98,55,5,Business Critical,Corporate Services,Global,Chief Administrative Officer,Rachel Thompson,Senior,1,Operational Efficiency,Efficiency,0.85,2025-06-01,2025-06-30,2025,Q2,6,Jun-2025,True,True
192,35,202510,Schedule,Testing window compressed,3,5,15,High,Mitigating,On Track,Project Manager,2025-10-23,2025-12-05,PPM-0035,Lighthouse Regulatory Readiness,6,7,3,ERP Transformation,Active,High,2026-02-25,2028-04-26,USD,20895000,98,55,5,Business Critical,Corporate Services,Global,Chief Administrative Officer,Rachel Thompson,Senior,1,Operational Efficiency,Efficiency,0.85,2025-10-01,2025-10-31,2025,Q4,10,Oct-2025,True,True
193,35,202610,Technical,Architecture risk unresolved,3,4,12,High,Closed,Complete,Program Manager,2026-10-11,2027-01-18,PPM-0035,Lighthouse Regulatory Readiness,6,7,3,ERP Transformation,Active,High,2026-02-25,2028-04-26,USD,20895000,98,55,5,Business Critical,Corporate Services,Global,Chief Administrative Officer,Rachel Thompson,Senior,1,Operational Efficiency,Efficiency,0.85,2026-10-01,2026-10-31,2026,Q4,10,Oct-2026,False,True
194,35,202512,Resource,Specialist allocation conflict,3,5,15,High,Open,Not Started,Project Manager,2025-12-16,2026-03-23,PPM-0035,Lighthouse Regulatory Readiness,6,7,3,ERP Transformation,Active,High,2026-02-25,2028-04-26,USD,20895000,98,55,5,Business Critical,Corporate Services,Global,Chief Administrative Officer,Rachel Thompson,Senior,1,Operational Efficiency,Efficiency,0.85,2025-12-01,2025-12-31,2025,Q4,12,Dec-2025,True,True
195,35,202511,Vendor,Supplier capacity constraint,4,4,16,Critical,Mitigating,On Track,Project Manager,2025-11-25,2026-03-05,PPM-0035,Lighthouse Regulatory Readiness,6,7,3,ERP Transformation,Active,High,2026-02-25,2028-04-26,USD,20895000,98,55,5,Business Critical,Corporate Services,Global,Chief Administrative Officer,Rachel Thompson,Senior,1,Operational Efficiency,Efficiency,0.85,2025-11-01,2025-11-30,2025,Q4,11,Nov-2025,True,True
196,36,202605,Technical,Integration complexity exceeds plan,2,2,4,Low,Closed,Complete,Program Manager,2026-05-09,2026-07-12,PPM-0036,Horizon Customer 360,1,12,4,Infrastructure,Active,High,2024-09-09,2025-11-17,USD,3208000,96,96,3,Standard,North America Operations,North America,EVP Operations,Ethan Wilson,Principal,6,Regulatory Compliance,Risk & Compliance,1.0,2026-05-01,2026-05-31,2026,Q2,5,May-2026,False,False
197,36,202512,Schedule,Testing window compressed,2,2,4,Low,Mitigating,In Progress,PMO,2025-12-15,2026-03-19,PPM-0036,Horizon Customer 360,1,12,4,Infrastructure,Active,High,2024-09-09,2025-11-17,USD,3208000,96,96,3,Standard,North America Operations,North America,EVP Operations,Ethan Wilson,Principal,6,Regulatory Compliance,Risk & Compliance,1.0,2025-12-01,2025-12-31,2025,Q4,12,Dec-2025,True,False
198,36,202609,Financial,Forecast cost exceeds approved budget,3,3,9,Moderate,Closed,Complete,Project Manager,2026-09-24,2026-10-29,PPM-0036,Horizon Customer 360,1,12,4,Infrastructure,Active,High,2024-09-09,2025-11-17,USD,3208000,96,96,3,Standard,North America Operations,North America,EVP Operations,Ethan Wilson,Principal,6,Regulatory Compliance,Risk & Compliance,1.0,2026-09-01,2026-09-30,2026,Q3,9,Sep-2026,False,False
199,36,202510,Vendor,Vendor deliverable delayed,3,2,6,Moderate,Closed,Complete,Project Manager,2025-10-18,2025-12-11,PPM-0036,Horizon Customer 360,1,12,4,Infrastructure,Active,High,2024-09-09,2025-11-17,USD,3208000,96,96,3,Standard,North America Operations,North America,EVP Operations,Ethan Wilson,Principal,6,Regulatory Compliance,Risk & Compliance,1.0,2025-10-01,2025-10-31,2025,Q4,10,Oct-2025,False,False
200,36,202503,Resource,Key role vacancy,1,3,3,Low,Mitigating,At Risk,Technical Lead,2025-03-20,2025-06-04,PPM-0036,Horizon Customer 360,1,12,4,Infrastructure,Active,High,2024-09-09,2025-11-17,USD,3208000,96,96,3,Standard,North America Operations,North America,EVP Operations,Ethan Wilson,Principal,6,Regulatory Compliance,Risk & Compliance,1.0,2025-03-01,2025-03-31,2025,Q1,3,Mar-2025,True,False
201,37,202509,Vendor,Supplier capacity constraint,1,3,3,Low,Mitigating,At Risk,Technical Lead,2025-09-09,2025-11-01,PPM-0037,Pioneer Customer 360,1,4,2,Cloud Migration,Completed,High,2025-03-03,2025-09-16,USD,3147000,55,58,5,Mission Critical,North America Operations,North America,EVP Operations,Michael Johnson,Principal,3,Revenue Growth,Growth,0.95,2025-09-01,2025-09-30,2025,Q3,9,Sep-2025,True,False
202,37,202606,Resource,Critical skill capacity constrained,4,3,12,High,Mitigating,On Track,Business Owner,2026-06-16,2026-09-02,PPM-0037,Pioneer Customer 360,1,4,2,Cloud Migration,Completed,High,2025-03-03,2025-09-16,USD,3147000,55,58,5,Mission Critical,North America Operations,North America,EVP Operations,Michael Johnson,Principal,3,Revenue Growth,Growth,0.95,2026-06-01,2026-06-30,2026,Q2,6,Jun-2026,True,True
203,37,202507,Resource,Key role vacancy,1,2,2,Low,Closed,Complete,Business Owner,2025-07-14,2025-10-25,PPM-0037,Pioneer Customer 360,1,4,2,Cloud Migration,Completed,High,2025-03-03,2025-09-16,USD,3147000,55,58,5,Mission Critical,North America Operations,North America,EVP Operations,Michael Johnson,Principal,3,Revenue Growth,Growth,0.95,2025-07-01,2025-07-31,2025,Q3,7,Jul-2025,False,False
204,38,202507,Scope,Scope growth not fully funded,3,3,9,Moderate,Closed,Complete,Program Manager,2025-07-18,2025-11-01,PPM-0038,Vertex AI Foundations,1,11,4,Product Development,Active,Medium,2025-10-17,2026-12-31,USD,4196000,86,94,4,Business Critical,North America Operations,North America,EVP Operations,Grace Okafor,Principal,4,Regulatory Compliance,Risk & Compliance,1.0,2025-07-01,2025-07-31,2025,Q3,7,Jul-2025,False,False
205,38,202609,Compliance,Control evidence incomplete,4,2,8,Moderate,Mitigating,At Risk,Program Manager,2026-09-17,2026-12-22,PPM-0038,Vertex AI Foundations,1,11,4,Product Development,Active,Medium,2025-10-17,2026-12-31,USD,4196000,86,94,4,Business Critical,North America Operations,North America,EVP Operations,Grace Okafor,Principal,4,Regulatory Compliance,Risk & Compliance,1.0,2026-09-01,2026-09-30,2026,Q3,9,Sep-2026,True,False
206,38,202506,Compliance,Approval dependency outstanding,4,3,12,High,Mitigating,On Track,Technical Lead,2025-06-19,2025-08-22,PPM-0038,Vertex AI Foundations,1,11,4,Product Development,Active,Medium,2025-10-17,2026-12-31,USD,4196000,86,94,4,Business Critical,North America Operations,North America,EVP Operations,Grace Okafor,Principal,4,Regulatory Compliance,Risk & Compliance,1.0,2025-06-01,2025-06-30,2025,Q2,6,Jun-2025,True,True
207,38,202610,Resource,Key role vacancy,4,4,16,Critical,Mitigating,On Track,PMO,2026-10-25,2027-01-24,PPM-0038,Vertex AI Foundations,1,11,4,Product Development,Active,Medium,2025-10-17,2026-12-31,USD,4196000,86,94,4,Business Critical,North America Operations,North America,EVP Operations,Grace Okafor,Principal,4,Regulatory Compliance,Risk & Compliance,1.0,2026-10-01,2026-10-31,2026,Q4,10,Oct-2026,True,True
208,38,202507,Resource,Specialist allocation conflict,3,4,12,High,Closed,Complete,Business Owner,2025-07-08,2025-10-31,PPM-0038,Vertex AI Foundations,1,11,4,Product Development,Active,Medium,2025-10-17,2026-12-31,USD,4196000,86,94,4,Business Critical,North America Operations,North America,EVP Operations,Grace Okafor,Principal,4,Regulatory Compliance,Risk & Compliance,1.0,2025-07-01,2025-07-31,2025,Q3,7,Jul-2025,False,True
209,38,202603,Resource,Critical skill capacity constrained,4,4,16,Critical,Mitigating,In Progress,Program Manager,2026-03-23,2026-06-12,PPM-0038,Vertex AI Foundations,1,11,4,Product Development,Active,Medium,2025-10-17,2026-12-31,USD,4196000,86,94,4,Business Critical,North America Operations,North America,EVP Operations,Grace Okafor,Principal,4,Regulatory Compliance,Risk & Compliance,1.0,2026-03-01,2026-03-31,2026,Q1,3,Mar-2026,True,True
210,38,202612,Financial,Vendor spend trending above plan,2,2,4,Low,Open,Planned,Project Manager,2026-12-17,2027-01-23,PPM-0038,Vertex AI Foundations,1,11,4,Product Development,Active,Medium,2025-10-17,2026-12-31,USD,4196000,86,94,4,Business Critical,North America Operations,North America,EVP Operations,Grace Okafor,Principal,4,Regulatory Compliance,Risk & Compliance,1.0,2026-12-01,2026-12-31,2026,Q4,12,Dec-2026,True,False
211,39,202504,Technical,Integration complexity exceeds plan,2,2,4,Low,Closed,Complete,PMO,2025-04-13,2025-05-21,PPM-0039,Quantum Process Automation,6,14,1,Product Development,Active,High,2024-06-29,2025-07-18,USD,16483000,98,71,2,Business Critical,Corporate Services,Global,Chief Administrative Officer,Samuel Taylor,Senior,5,Digital Transformation,Growth & Modernization,1.0,2025-04-01,2025-04-30,2025,Q2,4,Apr-2025,False,False
212,39,202508,Schedule,Critical milestone slippage,2,3,6,Moderate,Closed,Complete,Business Owner,2025-08-16,2025-11-12,PPM-0039,Quantum Process Automation,6,14,1,Product Development,Active,High,2024-06-29,2025-07-18,USD,16483000,98,71,2,Business Critical,Corporate Services,Global,Chief Administrative Officer,Samuel Taylor,Senior,5,Digital Transformation,Growth & Modernization,1.0,2025-08-01,2025-08-31,2025,Q3,8,Aug-2025,False,False
213,39,202501,Financial,Forecast cost exceeds approved budget,3,2,6,Moderate,Closed,Complete,PMO,2025-01-18,2025-03-15,PPM-0039,Quantum Process Automation,6,14,1,Product Development,Active,High,2024-06-29,2025-07-18,USD,16483000,98,71,2,Business Critical,Corporate Services,Global,Chief Administrative Officer,Samuel Taylor,Senior,5,Digital Transformation,Growth & Modernization,1.0,2025-01-01,2025-01-31,2025,Q1,1,Jan-2025,False,False
214,39,202603,Schedule,Dependency delay threatens delivery,2,2,4,Low,Mitigating,On Track,Program Manager,2026-03-13,2026-05-15,PPM-0039,Quantum Process Automation,6,14,1,Product Development,Active,High,2024-06-29,2025-07-18,USD,16483000,98,71,2,Business Critical,Corporate Services,Global,Chief Administrative Officer,Samuel Taylor,Senior,5,Digital Transformation,Growth & Modernization,1.0,2026-03-01,2026-03-31,2026,Q1,3,Mar-2026,True,False
215,39,202607,Resource,Critical skill capacity constrained,2,3,6,Moderate,Mitigating,On Track,Business Owner,2026-07-14,2026-09-04,PPM-0039,Quantum Process Automation,6,14,1,Product Development,Active,High,2024-06-29,2025-07-18,USD,16483000,98,71,2,Business Critical,Corporate Services,Global,Chief Administrative Officer,Samuel Taylor,Senior,5,Digital Transformation,Growth & Modernization,1.0,2026-07-01,2026-07-31,2026,Q3,7,Jul-2026,True,False
216,40,202606,Resource,Critical skill capacity constrained,5,2,10,High,Open,Not Started,Program Manager,2026-06-06,2026-08-23,PPM-0040,Xenon Supply Chain Optimization,1,1,3,Infrastructure,On Hold,Medium,2024-03-14,2026-07-25,USD,5067000,67,97,4,Mission Critical,North America Operations,North America,EVP Operations,Amina Mensah,Principal,1,Operational Efficiency,Efficiency,0.85,2026-06-01,2026-06-30,2026,Q2,6,Jun-2026,True,True
217,40,202510,Resource,Specialist allocation conflict,2,3,6,Moderate,Mitigating,In Progress,Project Manager,2025-10-16,2025-11-27,PPM-0040,Xenon Supply Chain Optimization,1,1,3,Infrastructure,On Hold,Medium,2024-03-14,2026-07-25,USD,5067000,67,97,4,Mission Critical,North America Operations,North America,EVP Operations,Amina Mensah,Principal,1,Operational Efficiency,Efficiency,0.85,2025-10-01,2025-10-31,2025,Q4,10,Oct-2025,True,False
218,40,202603,Resource,Specialist allocation conflict,4,3,12,High,Open,Not Started,Technical Lead,2026-03-14,2026-07-11,PPM-0040,Xenon Supply Chain Optimization,1,1,3,Infrastructure,On Hold,Medium,2024-03-14,2026-07-25,USD,5067000,67,97,4,Mission Critical,North America Operations,North America,EVP Operations,Amina Mensah,Principal,1,Operational Efficiency,Efficiency,0.85,2026-03-01,2026-03-31,2026,Q1,3,Mar-2026,True,True
219,40,202501,Schedule,Dependency delay threatens delivery,3,3,9,Moderate,Open,Not Started,Technical Lead,2025-01-23,2025-05-14,PPM-0040,Xenon Supply Chain Optimization,1,1,3,Infrastructure,On Hold,Medium,2024-03-14,2026-07-25,USD,5067000,67,97,4,Mission Critical,North America Operations,North America,EVP Operations,Amina Mensah,Principal,1,Operational Efficiency,Efficiency,0.85,2025-01-01,2025-01-31,2025,Q1,1,Jan-2025,True,False
220,40,202507,Compliance,Control evidence incomplete,4,3,12,High,Mitigating,On Track,PMO,2025-07-07,2025-10-15,PPM-0040,Xenon Supply Chain Optimization,1,1,3,Infrastructure,On Hold,Medium,2024-03-14,2026-07-25,USD,5067000,67,97,4,Mission Critical,North America Operations,North America,EVP Operations,Amina Mensah,Principal,1,Operational Efficiency,Efficiency,0.85,2025-07-01,2025-07-31,2025,Q3,7,Jul-2025,True,True
221,40,202509,Schedule,Dependency delay threatens delivery,2,3,6,Moderate,Mitigating,In Progress,Program Manager,2025-09-11,2025-11-12,PPM-0040,Xenon Supply Chain Optimization,1,1,3,Infrastructure,On Hold,Medium,2024-03-14,2026-07-25,USD,5067000,67,97,4,Mission Critical,North America Operations,North America,EVP Operations,Amina Mensah,Principal,1,Operational Efficiency,Efficiency,0.85,2025-09-01,2025-09-30,2025,Q3,9,Sep-2025,True,False
222,41,202506,Technical,Technical debt threatens delivery,1,3,3,Low,Closed,Complete,Project Manager,2025-06-19,2025-07-23,PPM-0041,Vertex Infrastructure Refresh,1,21,6,Regulatory,Active,Low,2024-09-10,2026-12-26,USD,5072000,80,82,4,Standard,North America Operations,North America,EVP Operations,Leila Bennett,Senior,4,Risk Reduction,Risk & Resilience,0.9,2025-06-01,2025-06-30,2025,Q2,6,Jun-2025,False,False
223,41,202604,Schedule,Critical milestone slippage,1,1,1,Low,Open,Planned,Project Manager,2026-04-06,2026-07-27,PPM-0041,Vertex Infrastructure Refresh,1,21,6,Regulatory,Active,Low,2024-09-10,2026-12-26,USD,5072000,80,82,4,Standard,North America Operations,North America,EVP Operations,Leila Bennett,Senior,4,Risk Reduction,Risk & Resilience,0.9,2026-04-01,2026-04-30,2026,Q2,4,Apr-2026,True,False
224,41,202505,Vendor,Third-party dependency at risk,2,2,4,Low,Closed,Complete,PMO,2025-05-12,2025-07-21,PPM-0041,Vertex Infrastructure Refresh,1,21,6,Regulatory,Active,Low,2024-09-10,2026-12-26,USD,5072000,80,82,4,Standard,North America Operations,North America,EVP Operations,Leila Bennett,Senior,4,Risk Reduction,Risk & Resilience,0.9,2025-05-01,2025-05-31,2025,Q2,5,May-2025,False,False
225,42,202510,Resource,Specialist allocation conflict,2,2,4,Low,Closed,Complete,Project Manager,2025-10-12,2025-12-10,PPM-0042,Orion Data Platform 2,5,19,1,Cybersecurity,On Hold,Medium,2026-02-03,2028-07-05,USD,500000,88,69,4,Important,Supply Chain,Global,EVP Supply Chain,Fatima Khan,Senior,6,Digital Transformation,Growth & Modernization,1.0,2025-10-01,2025-10-31,2025,Q4,10,Oct-2025,False,False
226,42,202603,Schedule,Critical milestone slippage,1,2,2,Low,Closed,Complete,Business Owner,2026-03-26,2026-05-10,PPM-0042,Orion Data Platform 2,5,19,1,Cybersecurity,On Hold,Medium,2026-02-03,2028-07-05,USD,500000,88,69,4,Important,Supply Chain,Global,EVP Supply Chain,Fatima Khan,Senior,6,Digital Transformation,Growth & Modernization,1.0,2026-03-01,2026-03-31,2026,Q1,3,Mar-2026,False,False
227,42,202612,Compliance,Regulatory requirement unresolved,3,3,9,Moderate,Mitigating,In Progress,Program Manager,2026-12-12,2027-01-24,PPM-0042,Orion Data Platform 2,5,19,1,Cybersecurity,On Hold,Medium,2026-02-03,2028-07-05,USD,500000,88,69,4,Important,Supply Chain,Global,EVP Supply Chain,Fatima Khan,Senior,6,Digital Transformation,Growth & Modernization,1.0,2026-12-01,2026-12-31,2026,Q4,12,Dec-2026,True,False
228,42,202608,Compliance,Regulatory requirement unresolved,1,2,2,Low,Closed,Complete,Technical Lead,2026-08-16,2026-10-20,PPM-0042,Orion Data Platform 2,5,19,1,Cybersecurity,On Hold,Medium,2026-02-03,2028-07-05,USD,500000,88,69,4,Important,Supply Chain,Global,EVP Supply Chain,Fatima Khan,Senior,6,Digital Transformation,Growth & Modernization,1.0,2026-08-01,2026-08-31,2026,Q3,8,Aug-2026,False,False
229,42,202511,Compliance,Control evidence incomplete,2,2,4,Low,Open,Not Started,Program Manager,2025-11-24,2026-01-22,PPM-0042,Orion Data Platform 2,5,19,1,Cybersecurity,On Hold,Medium,2026-02-03,2028-07-05,USD,500000,88,69,4,Important,Supply Chain,Global,EVP Supply Chain,Fatima Khan,Senior,6,Digital Transformation,Growth & Modernization,1.0,2025-11-01,2025-11-30,2025,Q4,11,Nov-2025,True,False
230,43,202504,Scope,Change requests threaten baseline,2,3,6,Moderate,Closed,Complete,Program Manager,2025-04-15,2025-06-14,PPM-0043,Catalyst Service Transformation,4,7,2,Infrastructure,Active,High,2024-05-10,2025-10-13,USD,18933000,63,68,3,Important,Commercial,North America,Chief Commercial Officer,Rachel Thompson,Senior,1,Revenue Growth,Growth,0.95,2025-04-01,2025-04-30,2025,Q2,4,Apr-2025,False,False
231,43,202503,Technical,Technical debt threatens delivery,2,3,6,Moderate,Mitigating,On Track,Business Owner,2025-03-18,2025-05-08,PPM-0043,Catalyst Service Transformation,4,7,2,Infrastructure,Active,High,2024-05-10,2025-10-13,USD,18933000,63,68,3,Important,Commercial,North America,Chief Commercial Officer,Rachel Thompson,Senior,1,Revenue Growth,Growth,0.95,2025-03-01,2025-03-31,2025,Q1,3,Mar-2025,True,False
232,43,202608,Resource,Critical skill capacity constrained,3,3,9,Moderate,Closed,Complete,Project Manager,2026-08-25,2026-12-17,PPM-0043,Catalyst Service Transformation,4,7,2,Infrastructure,Active,High,2024-05-10,2025-10-13,USD,18933000,63,68,3,Important,Commercial,North America,Chief Commercial Officer,Rachel Thompson,Senior,1,Revenue Growth,Growth,0.95,2026-08-01,2026-08-31,2026,Q3,8,Aug-2026,False,False
233,43,202602,Resource,Key role vacancy,3,2,6,Moderate,Mitigating,At Risk,Project Manager,2026-02-05,2026-03-22,PPM-0043,Catalyst Service Transformation,4,7,2,Infrastructure,Active,High,2024-05-10,2025-10-13,USD,18933000,63,68,3,Important,Commercial,North America,Chief Commercial Officer,Rachel Thompson,Senior,1,Revenue Growth,Growth,0.95,2026-02-01,2026-02-28,2026,Q1,2,Feb-2026,True,False
234,44,202610,Schedule,Critical milestone slippage,5,5,25,Critical,Open,Planned,PMO,2026-10-10,2026-12-03,PPM-0044,Rise Digital Commerce,3,19,2,ERP Transformation,On Hold,High,2024-07-05,2025-09-01,USD,12888000,82,96,5,Important,Technology,Global,CIO,Fatima Khan,Senior,6,Revenue Growth,Growth,0.95,2026-10-01,2026-10-31,2026,Q4,10,Oct-2026,True,True
235,44,202612,Financial,Forecast cost exceeds approved budget,5,5,25,Critical,Open,Planned,PMO,2026-12-23,2027-02-25,PPM-0044,Rise Digital Commerce,3,19,2,ERP Transformation,On Hold,High,2024-07-05,2025-09-01,USD,12888000,82,96,5,Important,Technology,Global,CIO,Fatima Khan,Senior,6,Revenue Growth,Growth,0.95,2026-12-01,2026-12-31,2026,Q4,12,Dec-2026,True,True
236,44,202510,Resource,Critical skill capacity constrained,4,5,20,Critical,Mitigating,On Track,PMO,2025-10-14,2026-01-14,PPM-0044,Rise Digital Commerce,3,19,2,ERP Transformation,On Hold,High,2024-07-05,2025-09-01,USD,12888000,82,96,5,Important,Technology,Global,CIO,Fatima Khan,Senior,6,Revenue Growth,Growth,0.95,2025-10-01,2025-10-31,2025,Q4,10,Oct-2025,True,True
237,44,202506,Technical,Architecture risk unresolved,4,5,20,Critical,Open,Not Started,Program Manager,2025-06-22,2025-10-09,PPM-0044,Rise Digital Commerce,3,19,2,ERP Transformation,On Hold,High,2024-07-05,2025-09-01,USD,12888000,82,96,5,Important,Technology,Global,CIO,Fatima Khan,Senior,6,Revenue Growth,Growth,0.95,2025-06-01,2025-06-30,2025,Q2,6,Jun-2025,True,True
238,44,202510,Resource,Specialist allocation conflict,4,4,16,Critical,Open,Planned,PMO,2025-10-12,2026-02-07,PPM-0044,Rise Digital Commerce,3,19,2,ERP Transformation,On Hold,High,2024-07-05,2025-09-01,USD,12888000,82,96,5,Important,Technology,Global,CIO,Fatima Khan,Senior,6,Revenue Growth,Growth,0.95,2025-10-01,2025-10-31,2025,Q4,10,Oct-2025,True,True
239,44,202612,Resource,Critical skill capacity constrained,5,4,20,Critical,Mitigating,In Progress,Project Manager,2026-12-17,2027-02-25,PPM-0044,Rise Digital Commerce,3,19,2,ERP Transformation,On Hold,High,2024-07-05,2025-09-01,USD,12888000,82,96,5,Important,Technology,Global,CIO,Fatima Khan,Senior,6,Revenue Growth,Growth,0.95,2026-12-01,2026-12-31,2026,Q4,12,Dec-2026,True,True
240,44,202506,Schedule,Dependency delay threatens delivery,5,5,25,Critical,Open,Not Started,Program Manager,2025-06-16,2025-07-23,PPM-0044,Rise Digital Commerce,3,19,2,ERP Transformation,On Hold,High,2024-07-05,2025-09-01,USD,12888000,82,96,5,Important,Technology,Global,CIO,Fatima Khan,Senior,6,Revenue Growth,Growth,0.95,2025-06-01,2025-06-30,2025,Q2,6,Jun-2025,True,True
241,44,202606,Schedule,Testing window compressed,4,5,20,Critical,Mitigating,On Track,Business Owner,2026-06-10,2026-08-06,PPM-0044,Rise Digital Commerce,3,19,2,ERP Transformation,On Hold,High,2024-07-05,2025-09-01,USD,12888000,82,96,5,Important,Technology,Global,CIO,Fatima Khan,Senior,6,Revenue Growth,Growth,0.95,2026-06-01,2026-06-30,2026,Q2,6,Jun-2026,True,True
242,44,202610,Resource,Specialist allocation conflict,5,5,25,Critical,Mitigating,In Progress,PMO,2026-10-16,2027-01-28,PPM-0044,Rise Digital Commerce,3,19,2,ERP Transformation,On Hold,High,2024-07-05,2025-09-01,USD,12888000,82,96,5,Important,Technology,Global,CIO,Fatima Khan,Senior,6,Revenue Growth,Growth,0.95,2026-10-01,2026-10-31,2026,Q4,10,Oct-2026,True,True
243,44,202612,Resource,Critical skill capacity constrained,4,4,16,Critical,Open,Planned,Business Owner,2026-12-14,2027-01-23,PPM-0044,Rise Digital Commerce,3,19,2,ERP Transformation,On Hold,High,2024-07-05,2025-09-01,USD,12888000,82,96,5,Important,Technology,Global,CIO,Fatima Khan,Senior,6,Revenue Growth,Growth,0.95,2026-12-01,2026-12-31,2026,Q4,12,Dec-2026,True,True
244,45,202510,Technical,Architecture risk unresolved,4,3,12,High,Open,Not Started,Business Owner,2025-10-13,2025-12-14,PPM-0045,Catalyst Cloud Core,3,20,2,Infrastructure,Active,Medium,2025-01-21,2027-01-06,USD,8427000,75,77,4,Standard,Technology,Global,CIO,Andrew Walker,Senior,3,Revenue Growth,Growth,0.95,2025-10-01,2025-10-31,2025,Q4,10,Oct-2025,True,True
245,45,202504,Schedule,Testing window compressed,4,4,16,Critical,Mitigating,In Progress,PMO,2025-04-23,2025-05-28,PPM-0045,Catalyst Cloud Core,3,20,2,Infrastructure,Active,Medium,2025-01-21,2027-01-06,USD,8427000,75,77,4,Standard,Technology,Global,CIO,Andrew Walker,Senior,3,Revenue Growth,Growth,0.95,2025-04-01,2025-04-30,2025,Q2,4,Apr-2025,True,True
246,45,202503,Schedule,Testing window compressed,5,4,20,Critical,Open,Planned,Project Manager,2025-03-16,2025-06-03,PPM-0045,Catalyst Cloud Core,3,20,2,Infrastructure,Active,Medium,2025-01-21,2027-01-06,USD,8427000,75,77,4,Standard,Technology,Global,CIO,Andrew Walker,Senior,3,Revenue Growth,Growth,0.95,2025-03-01,2025-03-31,2025,Q1,3,Mar-2025,True,True
247,45,202610,Vendor,Supplier capacity constraint,4,3,12,High,Mitigating,At Risk,Program Manager,2026-10-23,2026-11-29,PPM-0045,Catalyst Cloud Core,3,20,2,Infrastructure,Active,Medium,2025-01-21,2027-01-06,USD,8427000,75,77,4,Standard,Technology,Global,CIO,Andrew Walker,Senior,3,Revenue Growth,Growth,0.95,2026-10-01,2026-10-31,2026,Q4,10,Oct-2026,True,True
248,45,202509,Schedule,Dependency delay threatens delivery,5,4,20,Critical,Open,Not Started,Technical Lead,2025-09-19,2025-12-11,PPM-0045,Catalyst Cloud Core,3,20,2,Infrastructure,Active,Medium,2025-01-21,2027-01-06,USD,8427000,75,77,4,Standard,Technology,Global,CIO,Andrew Walker,Senior,3,Revenue Growth,Growth,0.95,2025-09-01,2025-09-30,2025,Q3,9,Sep-2025,True,True
249,45,202606,Schedule,Critical milestone slippage,4,3,12,High,Mitigating,On Track,Technical Lead,2026-06-13,2026-10-06,PPM-0045,Catalyst Cloud Core,3,20,2,Infrastructure,Active,Medium,2025-01-21,2027-01-06,USD,8427000,75,77,4,Standard,Technology,Global,CIO,Andrew Walker,Senior,3,Revenue Growth,Growth,0.95,2026-06-01,2026-06-30,2026,Q2,6,Jun-2026,True,True
250,45,202605,Resource,Critical skill capacity constrained,5,4,20,Critical,Mitigating,In Progress,Project Manager,2026-05-10,2026-07-17,PPM-0045,Catalyst Cloud Core,3,20,2,Infrastructure,Active,Medium,2025-01-21,2027-01-06,USD,8427000,75,77,4,Standard,Technology,Global,CIO,Andrew Walker,Senior,3,Revenue Growth,Growth,0.95,2026-05-01,2026-05-31,2026,Q2,5,May-2026,True,True
251,45,202507,Resource,Critical skill capacity constrained,3,4,12,High,Mitigating,In Progress,Technical Lead,2025-07-25,2025-08-25,PPM-0045,Catalyst Cloud Core,3,20,2,Infrastructure,Active,Medium,2025-01-21,2027-01-06,USD,8427000,75,77,4,Standard,Technology,Global,CIO,Andrew Walker,Senior,3,Revenue Growth,Growth,0.95,2025-07-01,2025-07-31,2025,Q3,7,Jul-2025,True,True
252,45,202511,Scope,Scope growth not fully funded,5,3,15,High,Closed,Complete,PMO,2025-11-16,2026-02-21,PPM-0045,Catalyst Cloud Core,3,20,2,Infrastructure,Active,Medium,2025-01-21,2027-01-06,USD,8427000,75,77,4,Standard,Technology,Global,CIO,Andrew Walker,Senior,3,Revenue Growth,Growth,0.95,2025-11-01,2025-11-30,2025,Q4,11,Nov-2025,False,True
253,46,202605,Resource,Specialist allocation conflict,2,1,2,Low,Mitigating,In Progress,PMO,2026-05-17,2026-06-16,PPM-0046,Beacon Service Transformation,4,2,2,Infrastructure,Active,Medium,2025-04-17,2027-05-06,USD,3369000,98,81,4,Business Critical,Commercial,North America,Chief Commercial Officer,Daniel Chen,Senior,5,Revenue Growth,Growth,0.95,2026-05-01,2026-05-31,2026,Q2,5,May-2026,True,False
254,46,202504,Resource,Critical skill capacity constrained,2,1,2,Low,Closed,Complete,Program Manager,2025-04-10,2025-05-18,PPM-0046,Beacon Service Transformation,4,2,2,Infrastructure,Active,Medium,2025-04-17,2027-05-06,USD,3369000,98,81,4,Business Critical,Commercial,North America,Chief Commercial Officer,Daniel Chen,Senior,5,Revenue Growth,Growth,0.95,2025-04-01,2025-04-30,2025,Q2,4,Apr-2025,False,False
255,46,202601,Schedule,Critical milestone slippage,1,2,2,Low,Open,Not Started,Technical Lead,2026-01-14,2026-05-08,PPM-0046,Beacon Service Transformation,4,2,2,Infrastructure,Active,Medium,2025-04-17,2027-05-06,USD,3369000,98,81,4,Business Critical,Commercial,North America,Chief Commercial Officer,Daniel Chen,Senior,5,Revenue Growth,Growth,0.95,2026-01-01,2026-01-31,2026,Q1,1,Jan-2026,True,False
256,47,202605,Schedule,Critical milestone slippage,1,3,3,Low,Mitigating,At Risk,Business Owner,2026-05-16,2026-07-11,PPM-0047,Horizon Analytics Hub,1,16,5,Cloud Migration,On Hold,Critical,2025-07-26,2026-05-14,USD,1393000,54,90,3,Standard,North America Operations,North America,EVP Operations,Carlos Garcia,Lead,5,Customer Experience,Customer,0.9,2026-05-01,2026-05-31,2026,Q2,5,May-2026,True,False
257,47,202612,Compliance,Control evidence incomplete,2,3,6,Moderate,Mitigating,At Risk,Program Manager,2026-12-06,2027-03-15,PPM-0047,Horizon Analytics Hub,1,16,5,Cloud Migration,On Hold,Critical,2025-07-26,2026-05-14,USD,1393000,54,90,3,Standard,North America Operations,North America,EVP Operations,Carlos Garcia,Lead,5,Customer Experience,Customer,0.9,2026-12-01,2026-12-31,2026,Q4,12,Dec-2026,True,False
258,47,202510,Resource,Critical skill capacity constrained,3,3,9,Moderate,Mitigating,On Track,Program Manager,2025-10-14,2025-11-24,PPM-0047,Horizon Analytics Hub,1,16,5,Cloud Migration,On Hold,Critical,2025-07-26,2026-05-14,USD,1393000,54,90,3,Standard,North America Operations,North America,EVP Operations,Carlos Garcia,Lead,5,Customer Experience,Customer,0.9,2025-10-01,2025-10-31,2025,Q4,10,Oct-2025,True,False
259,47,202507,Resource,Key role vacancy,1,2,2,Low,Closed,Complete,Program Manager,2025-07-14,2025-10-18,PPM-0047,Horizon Analytics Hub,1,16,5,Cloud Migration,On Hold,Critical,2025-07-26,2026-05-14,USD,1393000,54,90,3,Standard,North America Operations,North America,EVP Operations,Carlos Garcia,Lead,5,Customer Experience,Customer,0.9,2025-07-01,2025-07-31,2025,Q3,7,Jul-2025,False,False
260,47,202510,Resource,Specialist allocation conflict,2,3,6,Moderate,Closed,Complete,PMO,2025-10-15,2026-02-04,PPM-0047,Horizon Analytics Hub,1,16,5,Cloud Migration,On Hold,Critical,2025-07-26,2026-05-14,USD,1393000,54,90,3,Standard,North America Operations,North America,EVP Operations,Carlos Garcia,Lead,5,Customer Experience,Customer,0.9,2025-10-01,2025-10-31,2025,Q4,10,Oct-2025,False,False
261,48,202511,Vendor,Vendor deliverable delayed,3,3,9,Moderate,Open,Planned,Program Manager,2025-11-10,2025-12-10,PPM-0048,Rise ERP Renewal,4,12,5,Cybersecurity,Active,Medium,2024-03-12,2025-04-03,USD,1338000,47,54,3,Standard,Commercial,North America,Chief Commercial Officer,Ethan Wilson,Principal,6,Customer Experience,Customer,0.9,2025-11-01,2025-11-30,2025,Q4,11,Nov-2025,True,False
262,48,202504,Technical,Technical debt threatens delivery,5,4,20,Critical,Open,Not Started,Business Owner,2025-04-11,2025-07-30,PPM-0048,Rise ERP Renewal,4,12,5,Cybersecurity,Active,Medium,2024-03-12,2025-04-03,USD,1338000,47,54,3,Standard,Commercial,North America,Chief Commercial Officer,Ethan Wilson,Principal,6,Customer Experience,Customer,0.9,2025-04-01,2025-04-30,2025,Q2,4,Apr-2025,True,True
263,48,202509,Resource,Critical skill capacity constrained,3,3,9,Moderate,Open,Planned,PMO,2025-09-07,2025-12-28,PPM-0048,Rise ERP Renewal,4,12,5,Cybersecurity,Active,Medium,2024-03-12,2025-04-03,USD,1338000,47,54,3,Standard,Commercial,North America,Chief Commercial Officer,Ethan Wilson,Principal,6,Customer Experience,Customer,0.9,2025-09-01,2025-09-30,2025,Q3,9,Sep-2025,True,False
264,48,202511,Technical,Integration complexity exceeds plan,3,4,12,High,Closed,Complete,Program Manager,2025-11-23,2026-01-29,PPM-0048,Rise ERP Renewal,4,12,5,Cybersecurity,Active,Medium,2024-03-12,2025-04-03,USD,1338000,47,54,3,Standard,Commercial,North America,Chief Commercial Officer,Ethan Wilson,Principal,6,Customer Experience,Customer,0.9,2025-11-01,2025-11-30,2025,Q4,11,Nov-2025,False,True
265,48,202507,Vendor,Third-party dependency at risk,3,4,12,High,Closed,Complete,Project Manager,2025-07-10,2025-09-07,PPM-0048,Rise ERP Renewal,4,12,5,Cybersecurity,Active,Medium,2024-03-12,2025-04-03,USD,1338000,47,54,3,Standard,Commercial,North America,Chief Commercial Officer,Ethan Wilson,Principal,6,Customer Experience,Customer,0.9,2025-07-01,2025-07-31,2025,Q3,7,Jul-2025,False,True
266,48,202602,Scope,Scope growth not fully funded,4,3,12,High,Closed,Complete,Business Owner,2026-02-03,2026-04-11,PPM-0048,Rise ERP Renewal,4,12,5,Cybersecurity,Active,Medium,2024-03-12,2025-04-03,USD,1338000,47,54,3,Standard,Commercial,North America,Chief Commercial Officer,Ethan Wilson,Principal,6,Customer Experience,Customer,0.9,2026-02-01,2026-02-28,2026,Q1,2,Feb-2026,False,True
267,48,202611,Financial,Vendor spend trending above plan,3,3,9,Moderate,Open,Not Started,Business Owner,2026-11-23,2027-01-30,PPM-0048,Rise ERP Renewal,4,12,5,Cybersecurity,Active,Medium,2024-03-12,2025-04-03,USD,1338000,47,54,3,Standard,Commercial,North America,Chief Commercial Officer,Ethan Wilson,Principal,6,Customer Experience,Customer,0.9,2026-11-01,2026-11-30,2026,Q4,11,Nov-2026,True,False
268,48,202606,Schedule,Dependency delay threatens delivery,5,3,15,High,Mitigating,In Progress,Business Owner,2026-06-21,2026-07-26,PPM-0048,Rise ERP Renewal,4,12,5,Cybersecurity,Active,Medium,2024-03-12,2025-04-03,USD,1338000,47,54,3,Standard,Commercial,North America,Chief Commercial Officer,Ethan Wilson,Principal,6,Customer Experience,Customer,0.9,2026-06-01,2026-06-30,2026,Q2,6,Jun-2026,True,True
269,48,202503,Scope,Requirements instability,5,4,20,Critical,Open,Not Started,Business Owner,2025-03-23,2025-07-08,PPM-0048,Rise ERP Renewal,4,12,5,Cybersecurity,Active,Medium,2024-03-12,2025-04-03,USD,1338000,47,54,3,Standard,Commercial,North America,Chief Commercial Officer,Ethan Wilson,Principal,6,Customer Experience,Customer,0.9,2025-03-01,2025-03-31,2025,Q1,3,Mar-2025,True,True
270,48,202511,Resource,Critical skill capacity constrained,3,3,9,Moderate,Mitigating,On Track,PMO,2025-11-19,2026-02-18,PPM-0048,Rise ERP Renewal,4,12,5,Cybersecurity,Active,Medium,2024-03-12,2025-04-03,USD,1338000,47,54,3,Standard,Commercial,North America,Chief Commercial Officer,Ethan Wilson,Principal,6,Customer Experience,Customer,0.9,2025-11-01,2025-11-30,2025,Q4,11,Nov-2025,True,False
271,49,202609,Resource,Critical skill capacity constrained,1,2,2,Low,Closed,Complete,Technical Lead,2026-09-21,2026-10-28,PPM-0049,Pioneer Process Automation,4,5,2,Cybersecurity,Active,Medium,2025-01-11,2026-07-27,USD,5260000,85,88,5,Important,Commercial,North America,Chief Commercial Officer,Sofia Martinez,Senior,3,Revenue Growth,Growth,0.95,2026-09-01,2026-09-30,2026,Q3,9,Sep-2026,False,False
272,49,202604,Resource,Critical skill capacity constrained,2,3,6,Moderate,Closed,Complete,Program Manager,2026-04-21,2026-08-14,PPM-0049,Pioneer Process Automation,4,5,2,Cybersecurity,Active,Medium,2025-01-11,2026-07-27,USD,5260000,85,88,5,Important,Commercial,North America,Chief Commercial Officer,Sofia Martinez,Senior,3,Revenue Growth,Growth,0.95,2026-04-01,2026-04-30,2026,Q2,4,Apr-2026,False,False
273,49,202506,Technical,Integration complexity exceeds plan,1,1,1,Low,Mitigating,At Risk,Project Manager,2025-06-07,2025-09-16,PPM-0049,Pioneer Process Automation,4,5,2,Cybersecurity,Active,Medium,2025-01-11,2026-07-27,USD,5260000,85,88,5,Important,Commercial,North America,Chief Commercial Officer,Sofia Martinez,Senior,3,Revenue Growth,Growth,0.95,2025-06-01,2025-06-30,2025,Q2,6,Jun-2025,True,False
274,50,202503,Financial,Vendor spend trending above plan,2,2,4,Low,Mitigating,At Risk,Business Owner,2025-03-22,2025-05-13,PPM-0050,Delta Process Automation,5,13,3,Infrastructure,Active,Medium,2025-10-30,2026-08-04,USD,964000,85,54,3,Standard,Supply Chain,Global,EVP Supply Chain,Nadia Rahman,Lead,5,Operational Efficiency,Efficiency,0.85,2025-03-01,2025-03-31,2025,Q1,3,Mar-2025,True,False
275,50,202607,Resource,Specialist allocation conflict,4,3,12,High,Mitigating,On Track,Business Owner,2026-07-08,2026-08-26,PPM-0050,Delta Process Automation,5,13,3,Infrastructure,Active,Medium,2025-10-30,2026-08-04,USD,964000,85,54,3,Standard,Supply Chain,Global,EVP Supply Chain,Nadia Rahman,Lead,5,Operational Efficiency,Efficiency,0.85,2026-07-01,2026-07-31,2026,Q3,7,Jul-2026,True,True
276,50,202608,Schedule,Dependency delay threatens delivery,2,1,2,Low,Mitigating,In Progress,Program Manager,2026-08-08,2026-10-04,PPM-0050,Delta Process Automation,5,13,3,Infrastructure,Active,Medium,2025-10-30,2026-08-04,USD,964000,85,54,3,Standard,Supply Chain,Global,EVP Supply Chain,Nadia Rahman,Lead,5,Operational Efficiency,Efficiency,0.85,2026-08-01,2026-08-31,2026,Q3,8,Aug-2026,True,False
277,50,202610,Vendor,Vendor deliverable delayed,2,2,4,Low,Closed,Complete,Business Owner,2026-10-20,2027-01-03,PPM-0050,Delta Process Automation,5,13,3,Infrastructure,Active,Medium,2025-10-30,2026-08-04,USD,964000,85,54,3,Standard,Supply Chain,Global,EVP Supply Chain,Nadia Rahman,Lead,5,Operational Efficiency,Efficiency,0.85,2026-10-01,2026-10-31,2026,Q4,10,Oct-2026,False,False
278,51,202603,Resource,Critical skill capacity constrained,3,2,6,Moderate,Closed,Complete,Program Manager,2026-03-20,2026-05-07,PPM-0051,Nexus Risk Platform,4,19,3,Customer Experience,Active,Medium,2025-07-31,2026-10-27,USD,4933000,90,88,4,Important,Commercial,North America,Chief Commercial Officer,Fatima Khan,Senior,6,Operational Efficiency,Efficiency,0.85,2026-03-01,2026-03-31,2026,Q1,3,Mar-2026,False,False
279,51,202604,Compliance,Approval dependency outstanding,1,2,2,Low,Open,Not Started,Program Manager,2026-04-07,2026-06-26,PPM-0051,Nexus Risk Platform,4,19,3,Customer Experience,Active,Medium,2025-07-31,2026-10-27,USD,4933000,90,88,4,Important,Commercial,North America,Chief Commercial Officer,Fatima Khan,Senior,6,Operational Efficiency,Efficiency,0.85,2026-04-01,2026-04-30,2026,Q2,4,Apr-2026,True,False
280,51,202612,Schedule,Dependency delay threatens delivery,3,2,6,Moderate,Mitigating,In Progress,Project Manager,2026-12-18,2027-04-08,PPM-0051,Nexus Risk Platform,4,19,3,Customer Experience,Active,Medium,2025-07-31,2026-10-27,USD,4933000,90,88,4,Important,Commercial,North America,Chief Commercial Officer,Fatima Khan,Senior,6,Operational Efficiency,Efficiency,0.85,2026-12-01,2026-12-31,2026,Q4,12,Dec-2026,True,False
281,51,202601,Resource,Specialist allocation conflict,3,1,3,Low,Closed,Complete,Business Owner,2026-01-06,2026-02-12,PPM-0051,Nexus Risk Platform,4,19,3,Customer Experience,Active,Medium,2025-07-31,2026-10-27,USD,4933000,90,88,4,Important,Commercial,North America,Chief Commercial Officer,Fatima Khan,Senior,6,Operational Efficiency,Efficiency,0.85,2026-01-01,2026-01-31,2026,Q1,1,Jan-2026,False,False
282,52,202503,Resource,Specialist allocation conflict,3,3,9,Moderate,Mitigating,At Risk,Business Owner,2025-03-19,2025-06-23,PPM-0052,Unity Data Platform,2,20,3,ERP Transformation,Completed,High,2026-01-30,2026-11-27,USD,9837000,76,72,4,Business Critical,Finance,Global,CFO,Andrew Walker,Senior,3,Operational Efficiency,Efficiency,0.85,2025-03-01,2025-03-31,2025,Q1,3,Mar-2025,True,False
283,52,202504,Resource,Critical skill capacity constrained,4,4,16,Critical,Mitigating,On Track,Program Manager,2025-04-22,2025-08-08,PPM-0052,Unity Data Platform,2,20,3,ERP Transformation,Completed,High,2026-01-30,2026-11-27,USD,9837000,76,72,4,Business Critical,Finance,Global,CFO,Andrew Walker,Senior,3,Operational Efficiency,Efficiency,0.85,2025-04-01,2025-04-30,2025,Q2,4,Apr-2025,True,True
284,52,202610,Compliance,Control evidence incomplete,3,4,12,High,Open,Not Started,Project Manager,2026-10-22,2027-01-09,PPM-0052,Unity Data Platform,2,20,3,ERP Transformation,Completed,High,2026-01-30,2026-11-27,USD,9837000,76,72,4,Business Critical,Finance,Global,CFO,Andrew Walker,Senior,3,Operational Efficiency,Efficiency,0.85,2026-10-01,2026-10-31,2026,Q4,10,Oct-2026,True,True
285,52,202501,Schedule,Testing window compressed,2,4,8,Moderate,Mitigating,On Track,Project Manager,2025-01-24,2025-05-07,PPM-0052,Unity Data Platform,2,20,3,ERP Transformation,Completed,High,2026-01-30,2026-11-27,USD,9837000,76,72,4,Business Critical,Finance,Global,CFO,Andrew Walker,Senior,3,Operational Efficiency,Efficiency,0.85,2025-01-01,2025-01-31,2025,Q1,1,Jan-2025,True,False
286,52,202502,Resource,Critical skill capacity constrained,4,4,16,Critical,Open,Not Started,Technical Lead,2025-02-17,2025-03-23,PPM-0052,Unity Data Platform,2,20,3,ERP Transformation,Completed,High,2026-01-30,2026-11-27,USD,9837000,76,72,4,Business Critical,Finance,Global,CFO,Andrew Walker,Senior,3,Operational Efficiency,Efficiency,0.85,2025-02-01,2025-02-28,2025,Q1,2,Feb-2025,True,True
287,52,202505,Vendor,Third-party dependency at risk,4,5,20,Critical,Open,Planned,Program Manager,2025-05-17,2025-08-28,PPM-0052,Unity Data Platform,2,20,3,ERP Transformation,Completed,High,2026-01-30,2026-11-27,USD,9837000,76,72,4,Business Critical,Finance,Global,CFO,Andrew Walker,Senior,3,Operational Efficiency,Efficiency,0.85,2025-05-01,2025-05-31,2025,Q2,5,May-2025,True,True
288,53,202603,Schedule,Testing window compressed,4,3,12,High,Closed,Complete,Business Owner,2026-03-08,2026-06-03,PPM-0053,Xenon Service Transformation,3,4,5,ERP Transformation,Active,Medium,2024-10-12,2027-01-09,USD,8553000,52,69,4,Standard,Technology,Global,CIO,Michael Johnson,Principal,3,Customer Experience,Customer,0.9,2026-03-01,2026-03-31,2026,Q1,3,Mar-2026,False,True
289,53,202512,Resource,Key role vacancy,5,5,25,Critical,Closed,Complete,Project Manager,2025-12-10,2026-03-10,PPM-0053,Xenon Service Transformation,3,4,5,ERP Transformation,Active,Medium,2024-10-12,2027-01-09,USD,8553000,52,69,4,Standard,Technology,Global,CIO,Michael Johnson,Principal,3,Customer Experience,Customer,0.9,2025-12-01,2025-12-31,2025,Q4,12,Dec-2025,False,True
290,53,202604,Technical,Integration complexity exceeds plan,4,4,16,Critical,Closed,Complete,Business Owner,2026-04-21,2026-07-02,PPM-0053,Xenon Service Transformation,3,4,5,ERP Transformation,Active,Medium,2024-10-12,2027-01-09,USD,8553000,52,69,4,Standard,Technology,Global,CIO,Michael Johnson,Principal,3,Customer Experience,Customer,0.9,2026-04-01,2026-04-30,2026,Q2,4,Apr-2026,False,True
291,53,202510,Schedule,Critical milestone slippage,5,5,25,Critical,Mitigating,On Track,Technical Lead,2025-10-11,2025-12-15,PPM-0053,Xenon Service Transformation,3,4,5,ERP Transformation,Active,Medium,2024-10-12,2027-01-09,USD,8553000,52,69,4,Standard,Technology,Global,CIO,Michael Johnson,Principal,3,Customer Experience,Customer,0.9,2025-10-01,2025-10-31,2025,Q4,10,Oct-2025,True,True
292,53,202504,Resource,Specialist allocation conflict,5,4,20,Critical,Closed,Complete,Program Manager,2025-04-14,2025-06-30,PPM-0053,Xenon Service Transformation,3,4,5,ERP Transformation,Active,Medium,2024-10-12,2027-01-09,USD,8553000,52,69,4,Standard,Technology,Global,CIO,Michael Johnson,Principal,3,Customer Experience,Customer,0.9,2025-04-01,2025-04-30,2025,Q2,4,Apr-2025,False,True
293,53,202606,Compliance,Regulatory requirement unresolved,4,5,20,Critical,Mitigating,On Track,Program Manager,2026-06-23,2026-09-26,PPM-0053,Xenon Service Transformation,3,4,5,ERP Transformation,Active,Medium,2024-10-12,2027-01-09,USD,8553000,52,69,4,Standard,Technology,Global,CIO,Michael Johnson,Principal,3,Customer Experience,Customer,0.9,2026-06-01,2026-06-30,2026,Q2,6,Jun-2026,True,True
294,53,202609,Resource,Specialist allocation conflict,5,3,15,High,Open,Not Started,Project Manager,2026-09-25,2027-01-13,PPM-0053,Xenon Service Transformation,3,4,5,ERP Transformation,Active,Medium,2024-10-12,2027-01-09,USD,8553000,52,69,4,Standard,Technology,Global,CIO,Michael Johnson,Principal,3,Customer Experience,Customer,0.9,2026-09-01,2026-09-30,2026,Q3,9,Sep-2026,True,True
295,54,202502,Technical,Technical debt threatens delivery,3,4,12,High,Closed,Complete,Project Manager,2025-02-08,2025-04-18,PPM-0054,Genesis Supply Chain Optimization,6,1,5,Cloud Migration,Active,Low,2024-08-02,2026-12-27,USD,3326000,51,56,3,Mission Critical,Corporate Services,Global,Chief Administrative Officer,Amina Mensah,Principal,1,Customer Experience,Customer,0.9,2025-02-01,2025-02-28,2025,Q1,2,Feb-2025,False,True
296,54,202501,Schedule,Testing window compressed,3,3,9,Moderate,Open,Not Started,Business Owner,2025-01-08,2025-02-16,PPM-0054,Genesis Supply Chain Optimization,6,1,5,Cloud Migration,Active,Low,2024-08-02,2026-12-27,USD,3326000,51,56,3,Mission Critical,Corporate Services,Global,Chief Administrative Officer,Amina Mensah,Principal,1,Customer Experience,Customer,0.9,2025-01-01,2025-01-31,2025,Q1,1,Jan-2025,True,False
297,54,202601,Vendor,Supplier capacity constraint,3,3,9,Moderate,Mitigating,On Track,PMO,2026-01-10,2026-03-09,PPM-0054,Genesis Supply Chain Optimization,6,1,5,Cloud Migration,Active,Low,2024-08-02,2026-12-27,USD,3326000,51,56,3,Mission Critical,Corporate Services,Global,Chief Administrative Officer,Amina Mensah,Principal,1,Customer Experience,Customer,0.9,2026-01-01,2026-01-31,2026,Q1,1,Jan-2026,True,False
298,54,202607,Financial,Forecast cost exceeds approved budget,4,4,16,Critical,Mitigating,At Risk,Program Manager,2026-07-20,2026-10-02,PPM-0054,Genesis Supply Chain Optimization,6,1,5,Cloud Migration,Active,Low,2024-08-02,2026-12-27,USD,3326000,51,56,3,Mission Critical,Corporate Services,Global,Chief Administrative Officer,Amina Mensah,Principal,1,Customer Experience,Customer,0.9,2026-07-01,2026-07-31,2026,Q3,7,Jul-2026,True,True
299,54,202612,Resource,Key role vacancy,4,4,16,Critical,Closed,Complete,Business Owner,2026-12-06,2027-02-04,PPM-0054,Genesis Supply Chain Optimization,6,1,5,Cloud Migration,Active,Low,2024-08-02,2026-12-27,USD,3326000,51,56,3,Mission Critical,Corporate Services,Global,Chief Administrative Officer,Amina Mensah,Principal,1,Customer Experience,Customer,0.9,2026-12-01,2026-12-31,2026,Q4,12,Dec-2026,False,True
300,54,202512,Financial,Vendor spend trending above plan,2,4,8,Moderate,Mitigating,In Progress,PMO,2025-12-21,2026-02-06,PPM-0054,Genesis Supply Chain Optimization,6,1,5,Cloud Migration,Active,Low,2024-08-02,2026-12-27,USD,3326000,51,56,3,Mission Critical,Corporate Services,Global,Chief Administrative Officer,Amina Mensah,Principal,1,Customer Experience,Customer,0.9,2025-12-01,2025-12-31,2025,Q4,12,Dec-2025,True,False
301,55,202612,Resource,Critical skill capacity constrained,2,5,10,High,Mitigating,At Risk,Program Manager,2026-12-23,2027-04-05,PPM-0055,Nexus Cyber Resilience,4,1,5,Cybersecurity,Active,Critical,2025-07-25,2027-11-28,USD,1297000,99,73,2,Important,Commercial,North America,Chief Commercial Officer,Amina Mensah,Principal,1,Customer Experience,Customer,0.9,2026-12-01,2026-12-31,2026,Q4,12,Dec-2026,True,True
302,55,202606,Compliance,Regulatory requirement unresolved,3,5,15,High,Open,Not Started,PMO,2026-06-21,2026-09-02,PPM-0055,Nexus Cyber Resilience,4,1,5,Cybersecurity,Active,Critical,2025-07-25,2027-11-28,USD,1297000,99,73,2,Important,Commercial,North America,Chief Commercial Officer,Amina Mensah,Principal,1,Customer Experience,Customer,0.9,2026-06-01,2026-06-30,2026,Q2,6,Jun-2026,True,True
303,55,202607,Technical,Integration complexity exceeds plan,4,4,16,Critical,Open,Not Started,Business Owner,2026-07-22,2026-10-07,PPM-0055,Nexus Cyber Resilience,4,1,5,Cybersecurity,Active,Critical,2025-07-25,2027-11-28,USD,1297000,99,73,2,Important,Commercial,North America,Chief Commercial Officer,Amina Mensah,Principal,1,Customer Experience,Customer,0.9,2026-07-01,2026-07-31,2026,Q3,7,Jul-2026,True,True
304,55,202604,Financial,Vendor spend trending above plan,2,5,10,High,Mitigating,On Track,Project Manager,2026-04-11,2026-05-15,PPM-0055,Nexus Cyber Resilience,4,1,5,Cybersecurity,Active,Critical,2025-07-25,2027-11-28,USD,1297000,99,73,2,Important,Commercial,North America,Chief Commercial Officer,Amina Mensah,Principal,1,Customer Experience,Customer,0.9,2026-04-01,2026-04-30,2026,Q2,4,Apr-2026,True,True
305,55,202608,Change Management,Stakeholder resistance increasing,3,5,15,High,Open,Not Started,Technical Lead,2026-08-26,2026-09-27,PPM-0055,Nexus Cyber Resilience,4,1,5,Cybersecurity,Active,Critical,2025-07-25,2027-11-28,USD,1297000,99,73,2,Important,Commercial,North America,Chief Commercial Officer,Amina Mensah,Principal,1,Customer Experience,Customer,0.9,2026-08-01,2026-08-31,2026,Q3,8,Aug-2026,True,True
306,55,202506,Schedule,Critical milestone slippage,5,5,25,Critical,Open,Planned,Program Manager,2025-06-23,2025-10-18,PPM-0055,Nexus Cyber Resilience,4,1,5,Cybersecurity,Active,Critical,2025-07-25,2027-11-28,USD,1297000,99,73,2,Important,Commercial,North America,Chief Commercial Officer,Amina Mensah,Principal,1,Customer Experience,Customer,0.9,2025-06-01,2025-06-30,2025,Q2,6,Jun-2025,True,True
307,55,202512,Schedule,Dependency delay threatens delivery,4,4,16,Critical,Open,Not Started,Technical Lead,2025-12-21,2026-01-23,PPM-0055,Nexus Cyber Resilience,4,1,5,Cybersecurity,Active,Critical,2025-07-25,2027-11-28,USD,1297000,99,73,2,Important,Commercial,North America,Chief Commercial Officer,Amina Mensah,Principal,1,Customer Experience,Customer,0.9,2025-12-01,2025-12-31,2025,Q4,12,Dec-2025,True,True
308,56,202602,Compliance,Control evidence incomplete,2,1,2,Low,Closed,Complete,Program Manager,2026-02-03,2026-03-19,PPM-0056,Horizon Customer 360 2,3,1,2,Regulatory,Active,Low,2025-03-07,2025-12-02,USD,500000,47,94,4,Standard,Technology,Global,CIO,Amina Mensah,Principal,1,Revenue Growth,Growth,0.95,2026-02-01,2026-02-28,2026,Q1,2,Feb-2026,False,False
309,56,202506,Financial,Forecast cost exceeds approved budget,2,2,4,Low,Open,Planned,Project Manager,2025-06-23,2025-08-09,PPM-0056,Horizon Customer 360 2,3,1,2,Regulatory,Active,Low,2025-03-07,2025-12-02,USD,500000,47,94,4,Standard,Technology,Global,CIO,Amina Mensah,Principal,1,Revenue Growth,Growth,0.95,2025-06-01,2025-06-30,2025,Q2,6,Jun-2025,True,False
310,56,202510,Change Management,Training preparation delayed,2,2,4,Low,Closed,Complete,Business Owner,2025-10-23,2025-11-22,PPM-0056,Horizon Customer 360 2,3,1,2,Regulatory,Active,Low,2025-03-07,2025-12-02,USD,500000,47,94,4,Standard,Technology,Global,CIO,Amina Mensah,Principal,1,Revenue Growth,Growth,0.95,2025-10-01,2025-10-31,2025,Q4,10,Oct-2025,False,False
311,57,202512,Compliance,Approval dependency outstanding,2,3,6,Moderate,Closed,Complete,Technical Lead,2025-12-12,2026-04-01,PPM-0057,Delta Cloud Core,2,20,6,Cybersecurity,On Hold,Critical,2024-01-19,2026-01-13,USD,4530000,79,54,4,Standard,Finance,Global,CFO,Andrew Walker,Senior,3,Risk Reduction,Risk & Resilience,0.9,2025-12-01,2025-12-31,2025,Q4,12,Dec-2025,False,False
312,57,202608,Resource,Key role vacancy,2,2,4,Low,Closed,Complete,Business Owner,2026-08-17,2026-12-04,PPM-0057,Delta Cloud Core,2,20,6,Cybersecurity,On Hold,Critical,2024-01-19,2026-01-13,USD,4530000,79,54,4,Standard,Finance,Global,CFO,Andrew Walker,Senior,3,Risk Reduction,Risk & Resilience,0.9,2026-08-01,2026-08-31,2026,Q3,8,Aug-2026,False,False
313,57,202501,Resource,Specialist allocation conflict,1,4,4,Low,Mitigating,At Risk,PMO,2025-01-18,2025-04-20,PPM-0057,Delta Cloud Core,2,20,6,Cybersecurity,On Hold,Critical,2024-01-19,2026-01-13,USD,4530000,79,54,4,Standard,Finance,Global,CFO,Andrew Walker,Senior,3,Risk Reduction,Risk & Resilience,0.9,2025-01-01,2025-01-31,2025,Q1,1,Jan-2025,True,False
314,58,202610,Financial,Contingency reserve under pressure,4,4,16,Critical,Open,Not Started,Project Manager,2026-10-15,2026-11-20,PPM-0058,Horizon Cyber Resilience,6,22,1,ERP Transformation,Active,High,2025-11-06,2028-01-31,USD,8371000,45,96,2,Business Critical,Corporate Services,Global,Chief Administrative Officer,Marcus Reid,Lead,3,Digital Transformation,Growth & Modernization,1.0,2026-10-01,2026-10-31,2026,Q4,10,Oct-2026,True,True
315,58,202603,Technical,Architecture risk unresolved,3,5,15,High,Open,Planned,Program Manager,2026-03-19,2026-05-24,PPM-0058,Horizon Cyber Resilience,6,22,1,ERP Transformation,Active,High,2025-11-06,2028-01-31,USD,8371000,45,96,2,Business Critical,Corporate Services,Global,Chief Administrative Officer,Marcus Reid,Lead,3,Digital Transformation,Growth & Modernization,1.0,2026-03-01,2026-03-31,2026,Q1,3,Mar-2026,True,True
316,58,202506,Financial,Forecast cost exceeds approved budget,2,4,8,Moderate,Closed,Complete,Program Manager,2025-06-11,2025-08-06,PPM-0058,Horizon Cyber Resilience,6,22,1,ERP Transformation,Active,High,2025-11-06,2028-01-31,USD,8371000,45,96,2,Business Critical,Corporate Services,Global,Chief Administrative Officer,Marcus Reid,Lead,3,Digital Transformation,Growth & Modernization,1.0,2025-06-01,2025-06-30,2025,Q2,6,Jun-2025,False,False
317,58,202601,Financial,Forecast cost exceeds approved budget,3,4,12,High,Mitigating,At Risk,PMO,2026-01-14,2026-04-01,PPM-0058,Horizon Cyber Resilience,6,22,1,ERP Transformation,Active,High,2025-11-06,2028-01-31,USD,8371000,45,96,2,Business Critical,Corporate Services,Global,Chief Administrative Officer,Marcus Reid,Lead,3,Digital Transformation,Growth & Modernization,1.0,2026-01-01,2026-01-31,2026,Q1,1,Jan-2026,True,True
318,58,202505,Resource,Critical skill capacity constrained,4,4,16,Critical,Open,Planned,Project Manager,2025-05-22,2025-06-22,PPM-0058,Horizon Cyber Resilience,6,22,1,ERP Transformation,Active,High,2025-11-06,2028-01-31,USD,8371000,45,96,2,Business Critical,Corporate Services,Global,Chief Administrative Officer,Marcus Reid,Lead,3,Digital Transformation,Growth & Modernization,1.0,2025-05-01,2025-05-31,2025,Q2,5,May-2025,True,True
319,58,202507,Resource,Key role vacancy,3,4,12,High,Mitigating,At Risk,Business Owner,2025-07-20,2025-09-23,PPM-0058,Horizon Cyber Resilience,6,22,1,ERP Transformation,Active,High,2025-11-06,2028-01-31,USD,8371000,45,96,2,Business Critical,Corporate Services,Global,Chief Administrative Officer,Marcus Reid,Lead,3,Digital Transformation,Growth & Modernization,1.0,2025-07-01,2025-07-31,2025,Q3,7,Jul-2025,True,True
320,58,202507,Scope,Scope growth not fully funded,2,3,6,Moderate,Open,Not Started,Technical Lead,2025-07-17,2025-09-07,PPM-0058,Horizon Cyber Resilience,6,22,1,ERP Transformation,Active,High,2025-11-06,2028-01-31,USD,8371000,45,96,2,Business Critical,Corporate Services,Global,Chief Administrative Officer,Marcus Reid,Lead,3,Digital Transformation,Growth & Modernization,1.0,2025-07-01,2025-07-31,2025,Q3,7,Jul-2025,True,False
321,59,202604,Vendor,Third-party dependency at risk,2,4,8,Moderate,Mitigating,In Progress,Program Manager,2026-04-18,2026-07-05,PPM-0059,Pioneer Supply Chain Optimization,4,23,1,Data & Analytics,Active,Critical,2025-10-10,2027-08-17,USD,1245000,98,62,2,Mission Critical,Commercial,North America,Chief Commercial Officer,Helen Morris,Lead,2,Digital Transformation,Growth & Modernization,1.0,2026-04-01,2026-04-30,2026,Q2,4,Apr-2026,True,False
322,59,202512,Scope,Scope growth not fully funded,2,3,6,Moderate,Closed,Complete,Technical Lead,2025-12-17,2026-03-17,PPM-0059,Pioneer Supply Chain Optimization,4,23,1,Data & Analytics,Active,Critical,2025-10-10,2027-08-17,USD,1245000,98,62,2,Mission Critical,Commercial,North America,Chief Commercial Officer,Helen Morris,Lead,2,Digital Transformation,Growth & Modernization,1.0,2025-12-01,2025-12-31,2025,Q4,12,Dec-2025,False,False
323,59,202612,Technical,Architecture risk unresolved,2,3,6,Moderate,Closed,Complete,Business Owner,2026-12-09,2027-02-21,PPM-0059,Pioneer Supply Chain Optimization,4,23,1,Data & Analytics,Active,Critical,2025-10-10,2027-08-17,USD,1245000,98,62,2,Mission Critical,Commercial,North America,Chief Commercial Officer,Helen Morris,Lead,2,Digital Transformation,Growth & Modernization,1.0,2026-12-01,2026-12-31,2026,Q4,12,Dec-2026,False,False
324,60,202601,Financial,Vendor spend trending above plan,2,4,8,Moderate,Mitigating,In Progress,Technical Lead,2026-01-07,2026-04-29,PPM-0060,Fusion Revenue Enablement,6,7,1,Data & Analytics,Active,Medium,2024-04-05,2026-06-27,USD,10661000,90,92,3,Standard,Corporate Services,Global,Chief Administrative Officer,Rachel Thompson,Senior,1,Digital Transformation,Growth & Modernization,1.0,2026-01-01,2026-01-31,2026,Q1,1,Jan-2026,True,False
325,60,202607,Technical,Architecture risk unresolved,3,3,9,Moderate,Closed,Complete,Business Owner,2026-07-08,2026-08-14,PPM-0060,Fusion Revenue Enablement,6,7,1,Data & Analytics,Active,Medium,2024-04-05,2026-06-27,USD,10661000,90,92,3,Standard,Corporate Services,Global,Chief Administrative Officer,Rachel Thompson,Senior,1,Digital Transformation,Growth & Modernization,1.0,2026-07-01,2026-07-31,2026,Q3,7,Jul-2026,False,False
326,60,202610,Scope,Requirements instability,3,2,6,Moderate,Mitigating,On Track,Technical Lead,2026-10-18,2027-01-04,PPM-0060,Fusion Revenue Enablement,6,7,1,Data & Analytics,Active,Medium,2024-04-05,2026-06-27,USD,10661000,90,92,3,Standard,Corporate Services,Global,Chief Administrative Officer,Rachel Thompson,Senior,1,Digital Transformation,Growth & Modernization,1.0,2026-10-01,2026-10-31,2026,Q4,10,Oct-2026,True,False
327,60,202507,Change Management,Adoption readiness behind plan,3,3,9,Moderate,Open,Not Started,PMO,2025-07-15,2025-08-28,PPM-0060,Fusion Revenue Enablement,6,7,1,Data & Analytics,Active,Medium,2024-04-05,2026-06-27,USD,10661000,90,92,3,Standard,Corporate Services,Global,Chief Administrative Officer,Rachel Thompson,Senior,1,Digital Transformation,Growth & Modernization,1.0,2025-07-01,2025-07-31,2025,Q3,7,Jul-2025,True,False
328,60,202603,Technical,Architecture risk unresolved,3,3,9,Moderate,Closed,Complete,Technical Lead,2026-03-19,2026-07-07,PPM-0060,Fusion Revenue Enablement,6,7,1,Data & Analytics,Active,Medium,2024-04-05,2026-06-27,USD,10661000,90,92,3,Standard,Corporate Services,Global,Chief Administrative Officer,Rachel Thompson,Senior,1,Digital Transformation,Growth & Modernization,1.0,2026-03-01,2026-03-31,2026,Q1,3,Mar-2026,False,False
329,60,202511,Schedule,Testing window compressed,2,3,6,Moderate,Closed,Complete,PMO,2025-11-09,2026-01-17,PPM-0060,Fusion Revenue Enablement,6,7,1,Data & Analytics,Active,Medium,2024-04-05,2026-06-27,USD,10661000,90,92,3,Standard,Corporate Services,Global,Chief Administrative Officer,Rachel Thompson,Senior,1,Digital Transformation,Growth & Modernization,1.0,2025-11-01,2025-11-30,2025,Q4,11,Nov-2025,False,False
330,60,202611,Financial,Contingency reserve under pressure,3,3,9,Moderate,Open,Planned,Business Owner,2026-11-15,2027-03-10,PPM-0060,Fusion Revenue Enablement,6,7,1,Data & Analytics,Active,Medium,2024-04-05,2026-06-27,USD,10661000,90,92,3,Standard,Corporate Services,Global,Chief Administrative Officer,Rachel Thompson,Senior,1,Digital Transformation,Growth & Modernization,1.0,2026-11-01,2026-11-30,2026,Q4,11,Nov-2026,True,False
331,61,202511,Technical,Integration complexity exceeds plan,3,3,9,Moderate,Closed,Complete,Technical Lead,2025-11-09,2026-01-27,PPM-0061,Insight Risk Platform,1,12,2,ERP Transformation,Active,High,2025-03-03,2027-05-03,USD,4346000,49,93,3,Important,North America Operations,North America,EVP Operations,Ethan Wilson,Principal,6,Revenue Growth,Growth,0.95,2025-11-01,2025-11-30,2025,Q4,11,Nov-2025,False,False
332,61,202501,Resource,Key role vacancy,1,2,2,Low,Mitigating,In Progress,PMO,2025-01-23,2025-04-19,PPM-0061,Insight Risk Platform,1,12,2,ERP Transformation,Active,High,2025-03-03,2027-05-03,USD,4346000,49,93,3,Important,North America Operations,North America,EVP Operations,Ethan Wilson,Principal,6,Revenue Growth,Growth,0.95,2025-01-01,2025-01-31,2025,Q1,1,Jan-2025,True,False
333,61,202506,Change Management,Stakeholder resistance increasing,2,3,6,Moderate,Mitigating,At Risk,Program Manager,2025-06-19,2025-07-24,PPM-0061,Insight Risk Platform,1,12,2,ERP Transformation,Active,High,2025-03-03,2027-05-03,USD,4346000,49,93,3,Important,North America Operations,North America,EVP Operations,Ethan Wilson,Principal,6,Revenue Growth,Growth,0.95,2025-06-01,2025-06-30,2025,Q2,6,Jun-2025,True,False
334,62,202607,Vendor,Supplier capacity constraint,2,2,4,Low,Open,Not Started,Program Manager,2026-07-15,2026-11-08,PPM-0062,Wave AI Foundations,1,21,5,Regulatory,Active,High,2024-03-20,2026-04-21,USD,18821000,86,81,3,Business Critical,North America Operations,North America,EVP Operations,Leila Bennett,Senior,4,Customer Experience,Customer,0.9,2026-07-01,2026-07-31,2026,Q3,7,Jul-2026,True,False
335,62,202505,Technical,Integration complexity exceeds plan,3,4,12,High,Closed,Complete,Project Manager,2025-05-15,2025-07-06,PPM-0062,Wave AI Foundations,1,21,5,Regulatory,Active,High,2024-03-20,2026-04-21,USD,18821000,86,81,3,Business Critical,North America Operations,North America,EVP Operations,Leila Bennett,Senior,4,Customer Experience,Customer,0.9,2025-05-01,2025-05-31,2025,Q2,5,May-2025,False,True
336,62,202506,Scope,Change requests threaten baseline,3,4,12,High,Open,Not Started,Technical Lead,2025-06-11,2025-08-30,PPM-0062,Wave AI Foundations,1,21,5,Regulatory,Active,High,2024-03-20,2026-04-21,USD,18821000,86,81,3,Business Critical,North America Operations,North America,EVP Operations,Leila Bennett,Senior,4,Customer Experience,Customer,0.9,2025-06-01,2025-06-30,2025,Q2,6,Jun-2025,True,True
337,63,202609,Compliance,Regulatory requirement unresolved,3,4,12,High,Open,Not Started,Business Owner,2026-09-12,2026-10-15,PPM-0063,Jupiter Supply Chain Optimization,1,2,4,Product Development,Active,Critical,2024-12-29,2027-01-29,USD,9224000,65,54,4,Standard,North America Operations,North America,EVP Operations,Daniel Chen,Senior,5,Regulatory Compliance,Risk & Compliance,1.0,2026-09-01,2026-09-30,2026,Q3,9,Sep-2026,True,True
338,63,202509,Financial,Contingency reserve under pressure,4,5,20,Critical,Mitigating,At Risk,Technical Lead,2025-09-09,2025-12-14,PPM-0063,Jupiter Supply Chain Optimization,1,2,4,Product Development,Active,Critical,2024-12-29,2027-01-29,USD,9224000,65,54,4,Standard,North America Operations,North America,EVP Operations,Daniel Chen,Senior,5,Regulatory Compliance,Risk & Compliance,1.0,2025-09-01,2025-09-30,2025,Q3,9,Sep-2025,True,True
339,63,202605,Scope,Requirements instability,3,5,15,High,Mitigating,On Track,Business Owner,2026-05-12,2026-08-05,PPM-0063,Jupiter Supply Chain Optimization,1,2,4,Product Development,Active,Critical,2024-12-29,2027-01-29,USD,9224000,65,54,4,Standard,North America Operations,North America,EVP Operations,Daniel Chen,Senior,5,Regulatory Compliance,Risk & Compliance,1.0,2026-05-01,2026-05-31,2026,Q2,5,May-2026,True,True
340,63,202604,Scope,Requirements instability,3,3,9,Moderate,Open,Not Started,PMO,2026-04-16,2026-07-24,PPM-0063,Jupiter Supply Chain Optimization,1,2,4,Product Development,Active,Critical,2024-12-29,2027-01-29,USD,9224000,65,54,4,Standard,North America Operations,North America,EVP Operations,Daniel Chen,Senior,5,Regulatory Compliance,Risk & Compliance,1.0,2026-04-01,2026-04-30,2026,Q2,4,Apr-2026,True,False
341,63,202603,Vendor,Supplier capacity constraint,3,3,9,Moderate,Open,Planned,Business Owner,2026-03-09,2026-05-29,PPM-0063,Jupiter Supply Chain Optimization,1,2,4,Product Development,Active,Critical,2024-12-29,2027-01-29,USD,9224000,65,54,4,Standard,North America Operations,North America,EVP Operations,Daniel Chen,Senior,5,Regulatory Compliance,Risk & Compliance,1.0,2026-03-01,2026-03-31,2026,Q1,3,Mar-2026,True,False
342,63,202601,Compliance,Regulatory requirement unresolved,2,4,8,Moderate,Mitigating,On Track,Business Owner,2026-01-26,2026-03-14,PPM-0063,Jupiter Supply Chain Optimization,1,2,4,Product Development,Active,Critical,2024-12-29,2027-01-29,USD,9224000,65,54,4,Standard,North America Operations,North America,EVP Operations,Daniel Chen,Senior,5,Regulatory Compliance,Risk & Compliance,1.0,2026-01-01,2026-01-31,2026,Q1,1,Jan-2026,True,False
343,64,202611,Resource,Specialist allocation conflict,5,3,15,High,Open,Planned,Business Owner,2026-11-12,2027-03-01,PPM-0064,Xenon Cloud Core,2,10,6,ERP Transformation,On Hold,Medium,2024-07-20,2026-06-21,USD,5377000,70,57,2,Standard,Finance,Global,CFO,Omar Haddad,Senior,1,Risk Reduction,Risk & Resilience,0.9,2026-11-01,2026-11-30,2026,Q4,11,Nov-2026,True,True
344,64,202604,Resource,Key role vacancy,5,3,15,High,Mitigating,In Progress,Program Manager,2026-04-21,2026-08-17,PPM-0064,Xenon Cloud Core,2,10,6,ERP Transformation,On Hold,Medium,2024-07-20,2026-06-21,USD,5377000,70,57,2,Standard,Finance,Global,CFO,Omar Haddad,Senior,1,Risk Reduction,Risk & Resilience,0.9,2026-04-01,2026-04-30,2026,Q2,4,Apr-2026,True,True
345,64,202611,Schedule,Testing window compressed,5,3,15,High,Mitigating,On Track,Project Manager,2026-11-21,2027-03-03,PPM-0064,Xenon Cloud Core,2,10,6,ERP Transformation,On Hold,Medium,2024-07-20,2026-06-21,USD,5377000,70,57,2,Standard,Finance,Global,CFO,Omar Haddad,Senior,1,Risk Reduction,Risk & Resilience,0.9,2026-11-01,2026-11-30,2026,Q4,11,Nov-2026,True,True
346,64,202609,Schedule,Critical milestone slippage,5,5,25,Critical,Open,Planned,PMO,2026-09-11,2026-12-27,PPM-0064,Xenon Cloud Core,2,10,6,ERP Transformation,On Hold,Medium,2024-07-20,2026-06-21,USD,5377000,70,57,2,Standard,Finance,Global,CFO,Omar Haddad,Senior,1,Risk Reduction,Risk & Resilience,0.9,2026-09-01,2026-09-30,2026,Q3,9,Sep-2026,True,True
347,64,202508,Resource,Critical skill capacity constrained,4,5,20,Critical,Closed,Complete,Business Owner,2025-08-19,2025-10-18,PPM-0064,Xenon Cloud Core,2,10,6,ERP Transformation,On Hold,Medium,2024-07-20,2026-06-21,USD,5377000,70,57,2,Standard,Finance,Global,CFO,Omar Haddad,Senior,1,Risk Reduction,Risk & Resilience,0.9,2025-08-01,2025-08-31,2025,Q3,8,Aug-2025,False,True
348,64,202509,Schedule,Testing window compressed,5,3,15,High,Closed,Complete,Project Manager,2025-09-17,2025-11-16,PPM-0064,Xenon Cloud Core,2,10,6,ERP Transformation,On Hold,Medium,2024-07-20,2026-06-21,USD,5377000,70,57,2,Standard,Finance,Global,CFO,Omar Haddad,Senior,1,Risk Reduction,Risk & Resilience,0.9,2025-09-01,2025-09-30,2025,Q3,9,Sep-2025,False,True
349,64,202612,Scope,Change requests threaten baseline,3,4,12,High,Mitigating,On Track,Project Manager,2026-12-14,2027-03-14,PPM-0064,Xenon Cloud Core,2,10,6,ERP Transformation,On Hold,Medium,2024-07-20,2026-06-21,USD,5377000,70,57,2,Standard,Finance,Global,CFO,Omar Haddad,Senior,1,Risk Reduction,Risk & Resilience,0.9,2026-12-01,2026-12-31,2026,Q4,12,Dec-2026,True,True
350,65,202606,Technical,Technical debt threatens delivery,2,3,6,Moderate,Mitigating,In Progress,Business Owner,2026-06-20,2026-09-25,PPM-0065,Beacon AI Foundations,6,14,2,Customer Experience,Active,Medium,2024-07-22,2026-07-04,USD,10907000,53,57,3,Important,Corporate Services,Global,Chief Administrative Officer,Samuel Taylor,Senior,5,Revenue Growth,Growth,0.95,2026-06-01,2026-06-30,2026,Q2,6,Jun-2026,True,False
351,65,202605,Resource,Critical skill capacity constrained,1,1,1,Low,Closed,Complete,PMO,2026-05-17,2026-06-20,PPM-0065,Beacon AI Foundations,6,14,2,Customer Experience,Active,Medium,2024-07-22,2026-07-04,USD,10907000,53,57,3,Important,Corporate Services,Global,Chief Administrative Officer,Samuel Taylor,Senior,5,Revenue Growth,Growth,0.95,2026-05-01,2026-05-31,2026,Q2,5,May-2026,False,False
352,65,202612,Compliance,Regulatory requirement unresolved,2,3,6,Moderate,Closed,Complete,PMO,2026-12-23,2027-03-25,PPM-0065,Beacon AI Foundations,6,14,2,Customer Experience,Active,Medium,2024-07-22,2026-07-04,USD,10907000,53,57,3,Important,Corporate Services,Global,Chief Administrative Officer,Samuel Taylor,Senior,5,Revenue Growth,Growth,0.95,2026-12-01,2026-12-31,2026,Q4,12,Dec-2026,False,False
353,65,202602,Scope,Requirements instability,3,2,6,Moderate,Open,Planned,Technical Lead,2026-02-17,2026-04-15,PPM-0065,Beacon AI Foundations,6,14,2,Customer Experience,Active,Medium,2024-07-22,2026-07-04,USD,10907000,53,57,3,Important,Corporate Services,Global,Chief Administrative Officer,Samuel Taylor,Senior,5,Revenue Growth,Growth,0.95,2026-02-01,2026-02-28,2026,Q1,2,Feb-2026,True,False
354,66,202608,Vendor,Vendor deliverable delayed,3,2,6,Moderate,Mitigating,On Track,Program Manager,2026-08-25,2026-09-30,PPM-0066,Quantum Customer 360,4,18,3,Product Development,Active,Medium,2026-02-08,2026-11-24,USD,4620000,50,65,4,Mission Critical,Commercial,North America,Chief Commercial Officer,David Clark,Senior,1,Operational Efficiency,Efficiency,0.85,2026-08-01,2026-08-31,2026,Q3,8,Aug-2026,True,False
355,66,202608,Technical,Architecture risk unresolved,3,3,9,Moderate,Closed,Complete,Program Manager,2026-08-10,2026-10-26,PPM-0066,Quantum Customer 360,4,18,3,Product Development,Active,Medium,2026-02-08,2026-11-24,USD,4620000,50,65,4,Mission Critical,Commercial,North America,Chief Commercial Officer,David Clark,Senior,1,Operational Efficiency,Efficiency,0.85,2026-08-01,2026-08-31,2026,Q3,8,Aug-2026,False,False
356,66,202511,Scope,Requirements instability,2,2,4,Low,Open,Planned,Business Owner,2025-11-05,2026-01-10,PPM-0066,Quantum Customer 360,4,18,3,Product Development,Active,Medium,2026-02-08,2026-11-24,USD,4620000,50,65,4,Mission Critical,Commercial,North America,Chief Commercial Officer,David Clark,Senior,1,Operational Efficiency,Efficiency,0.85,2025-11-01,2025-11-30,2025,Q4,11,Nov-2025,True,False
357,66,202506,Compliance,Control evidence incomplete,2,1,2,Low,Mitigating,On Track,Program Manager,2025-06-24,2025-10-13,PPM-0066,Quantum Customer 360,4,18,3,Product Development,Active,Medium,2026-02-08,2026-11-24,USD,4620000,50,65,4,Mission Critical,Commercial,North America,Chief Commercial Officer,David Clark,Senior,1,Operational Efficiency,Efficiency,0.85,2025-06-01,2025-06-30,2025,Q2,6,Jun-2025,True,False
358,67,202507,Technical,Technical debt threatens delivery,2,3,6,Moderate,Mitigating,On Track,PMO,2025-07-23,2025-08-24,PPM-0067,Titan Customer 360,3,20,4,Product Development,Active,Medium,2024-05-01,2025-09-28,USD,957000,98,80,4,Important,Technology,Global,CIO,Andrew Walker,Senior,3,Regulatory Compliance,Risk & Compliance,1.0,2025-07-01,2025-07-31,2025,Q3,7,Jul-2025,True,False
359,67,202606,Resource,Specialist allocation conflict,2,2,4,Low,Mitigating,In Progress,Technical Lead,2026-06-07,2026-09-07,PPM-0067,Titan Customer 360,3,20,4,Product Development,Active,Medium,2024-05-01,2025-09-28,USD,957000,98,80,4,Important,Technology,Global,CIO,Andrew Walker,Senior,3,Regulatory Compliance,Risk & Compliance,1.0,2026-06-01,2026-06-30,2026,Q2,6,Jun-2026,True,False
360,67,202505,Vendor,Vendor deliverable delayed,2,1,2,Low,Open,Planned,Program Manager,2025-05-17,2025-08-20,PPM-0067,Titan Customer 360,3,20,4,Product Development,Active,Medium,2024-05-01,2025-09-28,USD,957000,98,80,4,Important,Technology,Global,CIO,Andrew Walker,Senior,3,Regulatory Compliance,Risk & Compliance,1.0,2025-05-01,2025-05-31,2025,Q2,5,May-2025,True,False
361,67,202604,Resource,Key role vacancy,2,1,2,Low,Open,Not Started,PMO,2026-04-08,2026-05-13,PPM-0067,Titan Customer 360,3,20,4,Product Development,Active,Medium,2024-05-01,2025-09-28,USD,957000,98,80,4,Important,Technology,Global,CIO,Andrew Walker,Senior,3,Regulatory Compliance,Risk & Compliance,1.0,2026-04-01,2026-04-30,2026,Q2,4,Apr-2026,True,False
362,67,202503,Vendor,Vendor deliverable delayed,2,2,4,Low,Open,Not Started,Technical Lead,2025-03-09,2025-06-04,PPM-0067,Titan Customer 360,3,20,4,Product Development,Active,Medium,2024-05-01,2025-09-28,USD,957000,98,80,4,Important,Technology,Global,CIO,Andrew Walker,Senior,3,Regulatory Compliance,Risk & Compliance,1.0,2025-03-01,2025-03-31,2025,Q1,3,Mar-2025,True,False
363,68,202610,Compliance,Approval dependency outstanding,4,5,20,Critical,Open,Planned,Technical Lead,2026-10-16,2026-12-04,PPM-0068,Delta Digital Commerce,2,24,1,Infrastructure,Active,High,2024-04-27,2025-04-26,USD,1683000,64,78,3,Important,Finance,Global,CFO,Noah Anderson,Senior,6,Digital Transformation,Growth & Modernization,1.0,2026-10-01,2026-10-31,2026,Q4,10,Oct-2026,True,True
364,68,202606,Schedule,Dependency delay threatens delivery,3,4,12,High,Mitigating,At Risk,PMO,2026-06-07,2026-08-28,PPM-0068,Delta Digital Commerce,2,24,1,Infrastructure,Active,High,2024-04-27,2025-04-26,USD,1683000,64,78,3,Important,Finance,Global,CFO,Noah Anderson,Senior,6,Digital Transformation,Growth & Modernization,1.0,2026-06-01,2026-06-30,2026,Q2,6,Jun-2026,True,True
365,68,202506,Financial,Vendor spend trending above plan,3,5,15,High,Mitigating,On Track,Business Owner,2025-06-21,2025-09-04,PPM-0068,Delta Digital Commerce,2,24,1,Infrastructure,Active,High,2024-04-27,2025-04-26,USD,1683000,64,78,3,Important,Finance,Global,CFO,Noah Anderson,Senior,6,Digital Transformation,Growth & Modernization,1.0,2025-06-01,2025-06-30,2025,Q2,6,Jun-2025,True,True
366,68,202605,Change Management,Stakeholder resistance increasing,4,5,20,Critical,Open,Not Started,Technical Lead,2026-05-08,2026-07-21,PPM-0068,Delta Digital Commerce,2,24,1,Infrastructure,Active,High,2024-04-27,2025-04-26,USD,1683000,64,78,3,Important,Finance,Global,CFO,Noah Anderson,Senior,6,Digital Transformation,Growth & Modernization,1.0,2026-05-01,2026-05-31,2026,Q2,5,May-2026,True,True
367,68,202601,Change Management,Stakeholder resistance increasing,3,5,15,High,Mitigating,In Progress,Project Manager,2026-01-12,2026-03-19,PPM-0068,Delta Digital Commerce,2,24,1,Infrastructure,Active,High,2024-04-27,2025-04-26,USD,1683000,64,78,3,Important,Finance,Global,CFO,Noah Anderson,Senior,6,Digital Transformation,Growth & Modernization,1.0,2026-01-01,2026-01-31,2026,Q1,1,Jan-2026,True,True
368,68,202503,Compliance,Control evidence incomplete,3,5,15,High,Open,Not Started,Business Owner,2025-03-10,2025-06-15,PPM-0068,Delta Digital Commerce,2,24,1,Infrastructure,Active,High,2024-04-27,2025-04-26,USD,1683000,64,78,3,Important,Finance,Global,CFO,Noah Anderson,Senior,6,Digital Transformation,Growth & Modernization,1.0,2025-03-01,2025-03-31,2025,Q1,3,Mar-2025,True,True
369,68,202602,Scope,Scope growth not fully funded,2,4,8,Moderate,Mitigating,In Progress,Business Owner,2026-02-20,2026-06-07,PPM-0068,Delta Digital Commerce,2,24,1,Infrastructure,Active,High,2024-04-27,2025-04-26,USD,1683000,64,78,3,Important,Finance,Global,CFO,Noah Anderson,Senior,6,Digital Transformation,Growth & Modernization,1.0,2026-02-01,2026-02-28,2026,Q1,2,Feb-2026,True,False
370,68,202606,Compliance,Regulatory requirement unresolved,3,5,15,High,Mitigating,On Track,Program Manager,2026-06-10,2026-09-21,PPM-0068,Delta Digital Commerce,2,24,1,Infrastructure,Active,High,2024-04-27,2025-04-26,USD,1683000,64,78,3,Important,Finance,Global,CFO,Noah Anderson,Senior,6,Digital Transformation,Growth & Modernization,1.0,2026-06-01,2026-06-30,2026,Q2,6,Jun-2026,True,True
371,68,202501,Resource,Specialist allocation conflict,3,5,15,High,Open,Planned,Program Manager,2025-01-22,2025-03-22,PPM-0068,Delta Digital Commerce,2,24,1,Infrastructure,Active,High,2024-04-27,2025-04-26,USD,1683000,64,78,3,Important,Finance,Global,CFO,Noah Anderson,Senior,6,Digital Transformation,Growth & Modernization,1.0,2025-01-01,2025-01-31,2025,Q1,1,Jan-2025,True,True
372,69,202512,Scope,Change requests threaten baseline,3,5,15,High,Open,Planned,Technical Lead,2025-12-15,2026-03-17,PPM-0069,Catalyst Process Automation,5,14,4,ERP Transformation,On Hold,Medium,2024-07-13,2026-10-16,USD,10420000,56,72,3,Business Critical,Supply Chain,Global,EVP Supply Chain,Samuel Taylor,Senior,5,Regulatory Compliance,Risk & Compliance,1.0,2025-12-01,2025-12-31,2025,Q4,12,Dec-2025,True,True
373,69,202512,Resource,Specialist allocation conflict,2,5,10,High,Open,Not Started,Technical Lead,2025-12-20,2026-02-10,PPM-0069,Catalyst Process Automation,5,14,4,ERP Transformation,On Hold,Medium,2024-07-13,2026-10-16,USD,10420000,56,72,3,Business Critical,Supply Chain,Global,EVP Supply Chain,Samuel Taylor,Senior,5,Regulatory Compliance,Risk & Compliance,1.0,2025-12-01,2025-12-31,2025,Q4,12,Dec-2025,True,True
374,69,202602,Change Management,Training preparation delayed,2,4,8,Moderate,Closed,Complete,PMO,2026-02-17,2026-06-08,PPM-0069,Catalyst Process Automation,5,14,4,ERP Transformation,On Hold,Medium,2024-07-13,2026-10-16,USD,10420000,56,72,3,Business Critical,Supply Chain,Global,EVP Supply Chain,Samuel Taylor,Senior,5,Regulatory Compliance,Risk & Compliance,1.0,2026-02-01,2026-02-28,2026,Q1,2,Feb-2026,False,False
375,69,202611,Technical,Technical debt threatens delivery,3,4,12,High,Mitigating,On Track,PMO,2026-11-15,2027-03-12,PPM-0069,Catalyst Process Automation,5,14,4,ERP Transformation,On Hold,Medium,2024-07-13,2026-10-16,USD,10420000,56,72,3,Business Critical,Supply Chain,Global,EVP Supply Chain,Samuel Taylor,Senior,5,Regulatory Compliance,Risk & Compliance,1.0,2026-11-01,2026-11-30,2026,Q4,11,Nov-2026,True,True
376,69,202507,Scope,Change requests threaten baseline,2,4,8,Moderate,Open,Not Started,Program Manager,2025-07-11,2025-08-13,PPM-0069,Catalyst Process Automation,5,14,4,ERP Transformation,On Hold,Medium,2024-07-13,2026-10-16,USD,10420000,56,72,3,Business Critical,Supply Chain,Global,EVP Supply Chain,Samuel Taylor,Senior,5,Regulatory Compliance,Risk & Compliance,1.0,2025-07-01,2025-07-31,2025,Q3,7,Jul-2025,True,False
377,69,202608,Schedule,Dependency delay threatens delivery,3,4,12,High,Mitigating,In Progress,PMO,2026-08-17,2026-11-03,PPM-0069,Catalyst Process Automation,5,14,4,ERP Transformation,On Hold,Medium,2024-07-13,2026-10-16,USD,10420000,56,72,3,Business Critical,Supply Chain,Global,EVP Supply Chain,Samuel Taylor,Senior,5,Regulatory Compliance,Risk & Compliance,1.0,2026-08-01,2026-08-31,2026,Q3,8,Aug-2026,True,True
378,69,202605,Schedule,Dependency delay threatens delivery,3,4,12,High,Mitigating,In Progress,Technical Lead,2026-05-22,2026-07-03,PPM-0069,Catalyst Process Automation,5,14,4,ERP Transformation,On Hold,Medium,2024-07-13,2026-10-16,USD,10420000,56,72,3,Business Critical,Supply Chain,Global,EVP Supply Chain,Samuel Taylor,Senior,5,Regulatory Compliance,Risk & Compliance,1.0,2026-05-01,2026-05-31,2026,Q2,5,May-2026,True,True
379,69,202611,Compliance,Regulatory requirement unresolved,2,5,10,High,Closed,Complete,Program Manager,2026-11-17,2026-12-24,PPM-0069,Catalyst Process Automation,5,14,4,ERP Transformation,On Hold,Medium,2024-07-13,2026-10-16,USD,10420000,56,72,3,Business Critical,Supply Chain,Global,EVP Supply Chain,Samuel Taylor,Senior,5,Regulatory Compliance,Risk & Compliance,1.0,2026-11-01,2026-11-30,2026,Q4,11,Nov-2026,False,True
380,69,202508,Vendor,Vendor deliverable delayed,3,5,15,High,Open,Not Started,PMO,2025-08-26,2025-12-16,PPM-0069,Catalyst Process Automation,5,14,4,ERP Transformation,On Hold,Medium,2024-07-13,2026-10-16,USD,10420000,56,72,3,Business Critical,Supply Chain,Global,EVP Supply Chain,Samuel Taylor,Senior,5,Regulatory Compliance,Risk & Compliance,1.0,2025-08-01,2025-08-31,2025,Q3,8,Aug-2025,True,True
381,70,202507,Financial,Contingency reserve under pressure,3,4,12,High,Open,Planned,PMO,2025-07-09,2025-10-28,PPM-0070,Genesis Service Transformation 2,4,14,3,Customer Experience,Active,Medium,2025-03-17,2027-09-09,USD,6746000,92,75,4,Important,Commercial,North America,Chief Commercial Officer,Samuel Taylor,Senior,5,Operational Efficiency,Efficiency,0.85,2025-07-01,2025-07-31,2025,Q3,7,Jul-2025,True,True
382,70,202604,Schedule,Testing window compressed,3,4,12,High,Closed,Complete,Program Manager,2026-04-23,2026-07-02,PPM-0070,Genesis Service Transformation 2,4,14,3,Customer Experience,Active,Medium,2025-03-17,2027-09-09,USD,6746000,92,75,4,Important,Commercial,North America,Chief Commercial Officer,Samuel Taylor,Senior,5,Operational Efficiency,Efficiency,0.85,2026-04-01,2026-04-30,2026,Q2,4,Apr-2026,False,True
383,70,202505,Schedule,Critical milestone slippage,5,3,15,High,Open,Planned,Business Owner,2025-05-26,2025-07-30,PPM-0070,Genesis Service Transformation 2,4,14,3,Customer Experience,Active,Medium,2025-03-17,2027-09-09,USD,6746000,92,75,4,Important,Commercial,North America,Chief Commercial Officer,Samuel Taylor,Senior,5,Operational Efficiency,Efficiency,0.85,2025-05-01,2025-05-31,2025,Q2,5,May-2025,True,True
384,70,202608,Change Management,Stakeholder resistance increasing,2,4,8,Moderate,Mitigating,On Track,PMO,2026-08-10,2026-10-23,PPM-0070,Genesis Service Transformation 2,4,14,3,Customer Experience,Active,Medium,2025-03-17,2027-09-09,USD,6746000,92,75,4,Important,Commercial,North America,Chief Commercial Officer,Samuel Taylor,Senior,5,Operational Efficiency,Efficiency,0.85,2026-08-01,2026-08-31,2026,Q3,8,Aug-2026,True,False
385,70,202508,Financial,Vendor spend trending above plan,4,4,16,Critical,Open,Not Started,Business Owner,2025-08-16,2025-09-27,PPM-0070,Genesis Service Transformation 2,4,14,3,Customer Experience,Active,Medium,2025-03-17,2027-09-09,USD,6746000,92,75,4,Important,Commercial,North America,Chief Commercial Officer,Samuel Taylor,Senior,5,Operational Efficiency,Efficiency,0.85,2025-08-01,2025-08-31,2025,Q3,8,Aug-2025,True,True
386,70,202612,Technical,Technical debt threatens delivery,4,3,12,High,Closed,Complete,Project Manager,2026-12-19,2027-04-16,PPM-0070,Genesis Service Transformation 2,4,14,3,Customer Experience,Active,Medium,2025-03-17,2027-09-09,USD,6746000,92,75,4,Important,Commercial,North America,Chief Commercial Officer,Samuel Taylor,Senior,5,Operational Efficiency,Efficiency,0.85,2026-12-01,2026-12-31,2026,Q4,12,Dec-2026,False,True
387,70,202509,Change Management,Stakeholder resistance increasing,2,5,10,High,Mitigating,At Risk,Business Owner,2025-09-10,2025-12-09,PPM-0070,Genesis Service Transformation 2,4,14,3,Customer Experience,Active,Medium,2025-03-17,2027-09-09,USD,6746000,92,75,4,Important,Commercial,North America,Chief Commercial Officer,Samuel Taylor,Senior,5,Operational Efficiency,Efficiency,0.85,2025-09-01,2025-09-30,2025,Q3,9,Sep-2025,True,True
388,70,202611,Resource,Critical skill capacity constrained,4,5,20,Critical,Mitigating,In Progress,Program Manager,2026-11-08,2027-02-24,PPM-0070,Genesis Service Transformation 2,4,14,3,Customer Experience,Active,Medium,2025-03-17,2027-09-09,USD,6746000,92,75,4,Important,Commercial,North America,Chief Commercial Officer,Samuel Taylor,Senior,5,Operational Efficiency,Efficiency,0.85,2026-11-01,2026-11-30,2026,Q4,11,Nov-2026,True,True
389,71,202611,Scope,Scope growth not fully funded,3,4,12,High,Closed,Complete,Program Manager,2026-11-16,2026-12-21,PPM-0071,Momentum ERP Renewal,4,7,5,Infrastructure,Active,High,2024-10-30,2026-06-07,USD,6942000,48,53,5,Standard,Commercial,North America,Chief Commercial Officer,Rachel Thompson,Senior,1,Customer Experience,Customer,0.9,2026-11-01,2026-11-30,2026,Q4,11,Nov-2026,False,True
390,71,202504,Technical,Architecture risk unresolved,2,3,6,Moderate,Open,Planned,Technical Lead,2025-04-08,2025-06-04,PPM-0071,Momentum ERP Renewal,4,7,5,Infrastructure,Active,High,2024-10-30,2026-06-07,USD,6942000,48,53,5,Standard,Commercial,North America,Chief Commercial Officer,Rachel Thompson,Senior,1,Customer Experience,Customer,0.9,2025-04-01,2025-04-30,2025,Q2,4,Apr-2025,True,False
391,71,202612,Vendor,Vendor deliverable delayed,2,3,6,Moderate,Mitigating,On Track,Technical Lead,2026-12-06,2027-01-25,PPM-0071,Momentum ERP Renewal,4,7,5,Infrastructure,Active,High,2024-10-30,2026-06-07,USD,6942000,48,53,5,Standard,Commercial,North America,Chief Commercial Officer,Rachel Thompson,Senior,1,Customer Experience,Customer,0.9,2026-12-01,2026-12-31,2026,Q4,12,Dec-2026,True,False
392,71,202608,Vendor,Vendor deliverable delayed,3,3,9,Moderate,Mitigating,In Progress,Project Manager,2026-08-22,2026-11-21,PPM-0071,Momentum ERP Renewal,4,7,5,Infrastructure,Active,High,2024-10-30,2026-06-07,USD,6942000,48,53,5,Standard,Commercial,North America,Chief Commercial Officer,Rachel Thompson,Senior,1,Customer Experience,Customer,0.9,2026-08-01,2026-08-31,2026,Q3,8,Aug-2026,True,False
393,71,202512,Vendor,Third-party dependency at risk,3,2,6,Moderate,Open,Not Started,Technical Lead,2025-12-18,2026-03-19,PPM-0071,Momentum ERP Renewal,4,7,5,Infrastructure,Active,High,2024-10-30,2026-06-07,USD,6942000,48,53,5,Standard,Commercial,North America,Chief Commercial Officer,Rachel Thompson,Senior,1,Customer Experience,Customer,0.9,2025-12-01,2025-12-31,2025,Q4,12,Dec-2025,True,False
394,72,202612,Schedule,Testing window compressed,2,3,6,Moderate,Mitigating,On Track,Technical Lead,2026-12-16,2027-04-07,PPM-0072,Keystone Customer 360,6,21,1,Regulatory,Active,High,2025-01-20,2025-12-07,USD,9284000,48,87,5,Business Critical,Corporate Services,Global,Chief Administrative Officer,Leila Bennett,Senior,4,Digital Transformation,Growth & Modernization,1.0,2026-12-01,2026-12-31,2026,Q4,12,Dec-2026,True,False
395,72,202508,Financial,Contingency reserve under pressure,2,3,6,Moderate,Open,Planned,Technical Lead,2025-08-09,2025-11-18,PPM-0072,Keystone Customer 360,6,21,1,Regulatory,Active,High,2025-01-20,2025-12-07,USD,9284000,48,87,5,Business Critical,Corporate Services,Global,Chief Administrative Officer,Leila Bennett,Senior,4,Digital Transformation,Growth & Modernization,1.0,2025-08-01,2025-08-31,2025,Q3,8,Aug-2025,True,False
396,72,202608,Scope,Change requests threaten baseline,2,3,6,Moderate,Mitigating,On Track,Program Manager,2026-08-10,2026-10-26,PPM-0072,Keystone Customer 360,6,21,1,Regulatory,Active,High,2025-01-20,2025-12-07,USD,9284000,48,87,5,Business Critical,Corporate Services,Global,Chief Administrative Officer,Leila Bennett,Senior,4,Digital Transformation,Growth & Modernization,1.0,2026-08-01,2026-08-31,2026,Q3,8,Aug-2026,True,False
397,72,202508,Vendor,Third-party dependency at risk,2,3,6,Moderate,Closed,Complete,Business Owner,2025-08-12,2025-11-09,PPM-0072,Keystone Customer 360,6,21,1,Regulatory,Active,High,2025-01-20,2025-12-07,USD,9284000,48,87,5,Business Critical,Corporate Services,Global,Chief Administrative Officer,Leila Bennett,Senior,4,Digital Transformation,Growth & Modernization,1.0,2025-08-01,2025-08-31,2025,Q3,8,Aug-2025,False,False
398,73,202602,Resource,Specialist allocation conflict,5,5,25,Critical,Open,Not Started,Business Owner,2026-02-12,2026-05-19,PPM-0073,Titan Data Platform,1,11,5,ERP Transformation,Active,Low,2025-07-14,2026-05-15,USD,2093000,82,56,3,Business Critical,North America Operations,North America,EVP Operations,Grace Okafor,Principal,4,Customer Experience,Customer,0.9,2026-02-01,2026-02-28,2026,Q1,2,Feb-2026,True,True
399,73,202601,Resource,Specialist allocation conflict,3,5,15,High,Mitigating,In Progress,Technical Lead,2026-01-12,2026-03-20,PPM-0073,Titan Data Platform,1,11,5,ERP Transformation,Active,Low,2025-07-14,2026-05-15,USD,2093000,82,56,3,Business Critical,North America Operations,North America,EVP Operations,Grace Okafor,Principal,4,Customer Experience,Customer,0.9,2026-01-01,2026-01-31,2026,Q1,1,Jan-2026,True,True
400,73,202606,Resource,Key role vacancy,5,4,20,Critical,Open,Planned,Program Manager,2026-06-18,2026-09-10,PPM-0073,Titan Data Platform,1,11,5,ERP Transformation,Active,Low,2025-07-14,2026-05-15,USD,2093000,82,56,3,Business Critical,North America Operations,North America,EVP Operations,Grace Okafor,Principal,4,Customer Experience,Customer,0.9,2026-06-01,2026-06-30,2026,Q2,6,Jun-2026,True,True
401,73,202505,Schedule,Dependency delay threatens delivery,5,3,15,High,Open,Planned,Business Owner,2025-05-14,2025-06-26,PPM-0073,Titan Data Platform,1,11,5,ERP Transformation,Active,Low,2025-07-14,2026-05-15,USD,2093000,82,56,3,Business Critical,North America Operations,North America,EVP Operations,Grace Okafor,Principal,4,Customer Experience,Customer,0.9,2025-05-01,2025-05-31,2025,Q2,5,May-2025,True,True
402,73,202612,Change Management,Training preparation delayed,4,4,16,Critical,Mitigating,At Risk,Program Manager,2026-12-20,2027-03-22,PPM-0073,Titan Data Platform,1,11,5,ERP Transformation,Active,Low,2025-07-14,2026-05-15,USD,2093000,82,56,3,Business Critical,North America Operations,North America,EVP Operations,Grace Okafor,Principal,4,Customer Experience,Customer,0.9,2026-12-01,2026-12-31,2026,Q4,12,Dec-2026,True,True
403,73,202611,Resource,Critical skill capacity constrained,3,5,15,High,Closed,Complete,Program Manager,2026-11-22,2027-01-11,PPM-0073,Titan Data Platform,1,11,5,ERP Transformation,Active,Low,2025-07-14,2026-05-15,USD,2093000,82,56,3,Business Critical,North America Operations,North America,EVP Operations,Grace Okafor,Principal,4,Customer Experience,Customer,0.9,2026-11-01,2026-11-30,2026,Q4,11,Nov-2026,False,True
404,73,202508,Financial,Vendor spend trending above plan,4,4,16,Critical,Open,Planned,Program Manager,2025-08-23,2025-12-04,PPM-0073,Titan Data Platform,1,11,5,ERP Transformation,Active,Low,2025-07-14,2026-05-15,USD,2093000,82,56,3,Business Critical,North America Operations,North America,EVP Operations,Grace Okafor,Principal,4,Customer Experience,Customer,0.9,2025-08-01,2025-08-31,2025,Q3,8,Aug-2025,True,True
405,74,202508,Technical,Architecture risk unresolved,3,3,9,Moderate,Mitigating,At Risk,Project Manager,2025-08-18,2025-11-09,PPM-0074,Genesis Analytics Hub,3,13,6,Cloud Migration,On Hold,Low,2024-12-01,2026-02-08,USD,6079000,53,85,4,Important,Technology,Global,CIO,Nadia Rahman,Lead,5,Risk Reduction,Risk & Resilience,0.9,2025-08-01,2025-08-31,2025,Q3,8,Aug-2025,True,False
406,74,202610,Change Management,Adoption readiness behind plan,3,2,6,Moderate,Open,Planned,Technical Lead,2026-10-07,2026-11-21,PPM-0074,Genesis Analytics Hub,3,13,6,Cloud Migration,On Hold,Low,2024-12-01,2026-02-08,USD,6079000,53,85,4,Important,Technology,Global,CIO,Nadia Rahman,Lead,5,Risk Reduction,Risk & Resilience,0.9,2026-10-01,2026-10-31,2026,Q4,10,Oct-2026,True,False
407,74,202505,Resource,Critical skill capacity constrained,3,2,6,Moderate,Closed,Complete,Business Owner,2025-05-14,2025-08-11,PPM-0074,Genesis Analytics Hub,3,13,6,Cloud Migration,On Hold,Low,2024-12-01,2026-02-08,USD,6079000,53,85,4,Important,Technology,Global,CIO,Nadia Rahman,Lead,5,Risk Reduction,Risk & Resilience,0.9,2025-05-01,2025-05-31,2025,Q2,5,May-2025,False,False
408,74,202603,Resource,Critical skill capacity constrained,5,3,15,High,Open,Not Started,Project Manager,2026-03-20,2026-05-28,PPM-0074,Genesis Analytics Hub,3,13,6,Cloud Migration,On Hold,Low,2024-12-01,2026-02-08,USD,6079000,53,85,4,Important,Technology,Global,CIO,Nadia Rahman,Lead,5,Risk Reduction,Risk & Resilience,0.9,2026-03-01,2026-03-31,2026,Q1,3,Mar-2026,True,True
409,74,202506,Technical,Architecture risk unresolved,4,2,8,Moderate,Open,Not Started,PMO,2025-06-15,2025-08-30,PPM-0074,Genesis Analytics Hub,3,13,6,Cloud Migration,On Hold,Low,2024-12-01,2026-02-08,USD,6079000,53,85,4,Important,Technology,Global,CIO,Nadia Rahman,Lead,5,Risk Reduction,Risk & Resilience,0.9,2025-06-01,2025-06-30,2025,Q2,6,Jun-2025,True,False
410,74,202504,Resource,Key role vacancy,5,3,15,High,Mitigating,In Progress,Business Owner,2025-04-11,2025-07-28,PPM-0074,Genesis Analytics Hub,3,13,6,Cloud Migration,On Hold,Low,2024-12-01,2026-02-08,USD,6079000,53,85,4,Important,Technology,Global,CIO,Nadia Rahman,Lead,5,Risk Reduction,Risk & Resilience,0.9,2025-04-01,2025-04-30,2025,Q2,4,Apr-2025,True,True
411,74,202611,Resource,Critical skill capacity constrained,2,2,4,Low,Open,Not Started,Business Owner,2026-11-11,2027-01-01,PPM-0074,Genesis Analytics Hub,3,13,6,Cloud Migration,On Hold,Low,2024-12-01,2026-02-08,USD,6079000,53,85,4,Important,Technology,Global,CIO,Nadia Rahman,Lead,5,Risk Reduction,Risk & Resilience,0.9,2026-11-01,2026-11-30,2026,Q4,11,Nov-2026,True,False
412,75,202505,Technical,Architecture risk unresolved,3,3,9,Moderate,Open,Not Started,PMO,2025-05-19,2025-07-30,PPM-0075,Catalyst Digital Commerce,3,24,4,Product Development,Active,Critical,2025-08-21,2027-04-23,USD,7299000,84,58,3,Business Critical,Technology,Global,CIO,Noah Anderson,Senior,6,Regulatory Compliance,Risk & Compliance,1.0,2025-05-01,2025-05-31,2025,Q2,5,May-2025,True,False
413,75,202604,Technical,Technical debt threatens delivery,1,3,3,Low,Open,Not Started,Technical Lead,2026-04-25,2026-08-14,PPM-0075,Catalyst Digital Commerce,3,24,4,Product Development,Active,Critical,2025-08-21,2027-04-23,USD,7299000,84,58,3,Business Critical,Technology,Global,CIO,Noah Anderson,Senior,6,Regulatory Compliance,Risk & Compliance,1.0,2026-04-01,2026-04-30,2026,Q2,4,Apr-2026,True,False
414,75,202607,Financial,Forecast cost exceeds approved budget,1,4,4,Low,Closed,Complete,Project Manager,2026-07-07,2026-09-20,PPM-0075,Catalyst Digital Commerce,3,24,4,Product Development,Active,Critical,2025-08-21,2027-04-23,USD,7299000,84,58,3,Business Critical,Technology,Global,CIO,Noah Anderson,Senior,6,Regulatory Compliance,Risk & Compliance,1.0,2026-07-01,2026-07-31,2026,Q3,7,Jul-2026,False,False
415,76,202607,Technical,Integration complexity exceeds plan,2,2,4,Low,Closed,Complete,PMO,2026-07-17,2026-09-14,PPM-0076,Fusion Risk Platform 2,6,24,6,Customer Experience,Active,Medium,2025-09-26,2028-06-14,USD,3367000,73,72,5,Standard,Corporate Services,Global,Chief Administrative Officer,Noah Anderson,Senior,6,Risk Reduction,Risk & Resilience,0.9,2026-07-01,2026-07-31,2026,Q3,7,Jul-2026,False,False
416,76,202611,Change Management,Stakeholder resistance increasing,2,2,4,Low,Closed,Complete,Technical Lead,2026-11-07,2027-01-07,PPM-0076,Fusion Risk Platform 2,6,24,6,Customer Experience,Active,Medium,2025-09-26,2028-06-14,USD,3367000,73,72,5,Standard,Corporate Services,Global,Chief Administrative Officer,Noah Anderson,Senior,6,Risk Reduction,Risk & Resilience,0.9,2026-11-01,2026-11-30,2026,Q4,11,Nov-2026,False,False
417,76,202602,Change Management,Adoption readiness behind plan,2,2,4,Low,Mitigating,On Track,PMO,2026-02-16,2026-04-24,PPM-0076,Fusion Risk Platform 2,6,24,6,Customer Experience,Active,Medium,2025-09-26,2028-06-14,USD,3367000,73,72,5,Standard,Corporate Services,Global,Chief Administrative Officer,Noah Anderson,Senior,6,Risk Reduction,Risk & Resilience,0.9,2026-02-01,2026-02-28,2026,Q1,2,Feb-2026,True,False
418,76,202611,Schedule,Critical milestone slippage,2,3,6,Moderate,Open,Planned,Technical Lead,2026-11-08,2027-01-15,PPM-0076,Fusion Risk Platform 2,6,24,6,Customer Experience,Active,Medium,2025-09-26,2028-06-14,USD,3367000,73,72,5,Standard,Corporate Services,Global,Chief Administrative Officer,Noah Anderson,Senior,6,Risk Reduction,Risk & Resilience,0.9,2026-11-01,2026-11-30,2026,Q4,11,Nov-2026,True,False
419,76,202604,Resource,Specialist allocation conflict,3,2,6,Moderate,Open,Not Started,Business Owner,2026-04-25,2026-07-05,PPM-0076,Fusion Risk Platform 2,6,24,6,Customer Experience,Active,Medium,2025-09-26,2028-06-14,USD,3367000,73,72,5,Standard,Corporate Services,Global,Chief Administrative Officer,Noah Anderson,Senior,6,Risk Reduction,Risk & Resilience,0.9,2026-04-01,2026-04-30,2026,Q2,4,Apr-2026,True,False
420,77,202604,Financial,Forecast cost exceeds approved budget,2,2,4,Low,Closed,Complete,Technical Lead,2026-04-06,2026-07-21,PPM-0077,Unity Finance Modernization,3,9,1,Regulatory,On Hold,Medium,2025-01-14,2026-08-01,USD,2888000,62,59,2,Important,Technology,Global,CIO,Linda Brown,Principal,2,Digital Transformation,Growth & Modernization,1.0,2026-04-01,2026-04-30,2026,Q2,4,Apr-2026,False,False
421,77,202604,Technical,Integration complexity exceeds plan,2,1,2,Low,Mitigating,At Risk,Business Owner,2026-04-18,2026-07-23,PPM-0077,Unity Finance Modernization,3,9,1,Regulatory,On Hold,Medium,2025-01-14,2026-08-01,USD,2888000,62,59,2,Important,Technology,Global,CIO,Linda Brown,Principal,2,Digital Transformation,Growth & Modernization,1.0,2026-04-01,2026-04-30,2026,Q2,4,Apr-2026,True,False
422,77,202608,Resource,Key role vacancy,2,3,6,Moderate,Closed,Complete,Project Manager,2026-08-14,2026-09-23,PPM-0077,Unity Finance Modernization,3,9,1,Regulatory,On Hold,Medium,2025-01-14,2026-08-01,USD,2888000,62,59,2,Important,Technology,Global,CIO,Linda Brown,Principal,2,Digital Transformation,Growth & Modernization,1.0,2026-08-01,2026-08-31,2026,Q3,8,Aug-2026,False,False
423,77,202608,Technical,Integration complexity exceeds plan,3,2,6,Moderate,Mitigating,At Risk,Program Manager,2026-08-24,2026-09-23,PPM-0077,Unity Finance Modernization,3,9,1,Regulatory,On Hold,Medium,2025-01-14,2026-08-01,USD,2888000,62,59,2,Important,Technology,Global,CIO,Linda Brown,Principal,2,Digital Transformation,Growth & Modernization,1.0,2026-08-01,2026-08-31,2026,Q3,8,Aug-2026,True,False
424,78,202506,Scope,Change requests threaten baseline,5,5,25,Critical,Mitigating,At Risk,PMO,2025-06-07,2025-09-16,PPM-0078,Delta ERP Renewal 2,6,24,1,Regulatory,Completed,High,2024-06-02,2026-01-04,USD,11238000,85,75,1,Business Critical,Corporate Services,Global,Chief Administrative Officer,Noah Anderson,Senior,6,Digital Transformation,Growth & Modernization,1.0,2025-06-01,2025-06-30,2025,Q2,6,Jun-2025,True,True
425,78,202601,Financial,Forecast cost exceeds approved budget,4,5,20,Critical,Mitigating,At Risk,Program Manager,2026-01-06,2026-03-24,PPM-0078,Delta ERP Renewal 2,6,24,1,Regulatory,Completed,High,2024-06-02,2026-01-04,USD,11238000,85,75,1,Business Critical,Corporate Services,Global,Chief Administrative Officer,Noah Anderson,Senior,6,Digital Transformation,Growth & Modernization,1.0,2026-01-01,2026-01-31,2026,Q1,1,Jan-2026,True,True
426,78,202502,Technical,Technical debt threatens delivery,5,5,25,Critical,Open,Not Started,Business Owner,2025-02-17,2025-05-28,PPM-0078,Delta ERP Renewal 2,6,24,1,Regulatory,Completed,High,2024-06-02,2026-01-04,USD,11238000,85,75,1,Business Critical,Corporate Services,Global,Chief Administrative Officer,Noah Anderson,Senior,6,Digital Transformation,Growth & Modernization,1.0,2025-02-01,2025-02-28,2025,Q1,2,Feb-2025,True,True
427,78,202612,Compliance,Regulatory requirement unresolved,4,4,16,Critical,Open,Not Started,Program Manager,2026-12-24,2027-03-09,PPM-0078,Delta ERP Renewal 2,6,24,1,Regulatory,Completed,High,2024-06-02,2026-01-04,USD,11238000,85,75,1,Business Critical,Corporate Services,Global,Chief Administrative Officer,Noah Anderson,Senior,6,Digital Transformation,Growth & Modernization,1.0,2026-12-01,2026-12-31,2026,Q4,12,Dec-2026,True,True
428,78,202603,Vendor,Supplier capacity constraint,5,5,25,Critical,Open,Not Started,Program Manager,2026-03-08,2026-06-01,PPM-0078,Delta ERP Renewal 2,6,24,1,Regulatory,Completed,High,2024-06-02,2026-01-04,USD,11238000,85,75,1,Business Critical,Corporate Services,Global,Chief Administrative Officer,Noah Anderson,Senior,6,Digital Transformation,Growth & Modernization,1.0,2026-03-01,2026-03-31,2026,Q1,3,Mar-2026,True,True
429,78,202512,Technical,Integration complexity exceeds plan,3,5,15,High,Mitigating,At Risk,PMO,2025-12-19,2026-02-12,PPM-0078,Delta ERP Renewal 2,6,24,1,Regulatory,Completed,High,2024-06-02,2026-01-04,USD,11238000,85,75,1,Business Critical,Corporate Services,Global,Chief Administrative Officer,Noah Anderson,Senior,6,Digital Transformation,Growth & Modernization,1.0,2025-12-01,2025-12-31,2025,Q4,12,Dec-2025,True,True
430,78,202610,Financial,Vendor spend trending above plan,5,5,25,Critical,Open,Not Started,Business Owner,2026-10-19,2026-12-27,PPM-0078,Delta ERP Renewal 2,6,24,1,Regulatory,Completed,High,2024-06-02,2026-01-04,USD,11238000,85,75,1,Business Critical,Corporate Services,Global,Chief Administrative Officer,Noah Anderson,Senior,6,Digital Transformation,Growth & Modernization,1.0,2026-10-01,2026-10-31,2026,Q4,10,Oct-2026,True,True
431,78,202607,Schedule,Testing window compressed,5,5,25,Critical,Open,Planned,Program Manager,2026-07-11,2026-08-19,PPM-0078,Delta ERP Renewal 2,6,24,1,Regulatory,Completed,High,2024-06-02,2026-01-04,USD,11238000,85,75,1,Business Critical,Corporate Services,Global,Chief Administrative Officer,Noah Anderson,Senior,6,Digital Transformation,Growth & Modernization,1.0,2026-07-01,2026-07-31,2026,Q3,7,Jul-2026,True,True
432,78,202511,Financial,Forecast cost exceeds approved budget,3,4,12,High,Mitigating,On Track,Technical Lead,2025-11-14,2025-12-14,PPM-0078,Delta ERP Renewal 2,6,24,1,Regulatory,Completed,High,2024-06-02,2026-01-04,USD,11238000,85,75,1,Business Critical,Corporate Services,Global,Chief Administrative Officer,Noah Anderson,Senior,6,Digital Transformation,Growth & Modernization,1.0,2025-11-01,2025-11-30,2025,Q4,11,Nov-2025,True,True
433,79,202507,Resource,Critical skill capacity constrained,3,2,6,Moderate,Closed,Complete,Technical Lead,2025-07-07,2025-08-19,PPM-0079,Delta ERP Renewal 3,1,7,2,Regulatory,Active,Medium,2025-03-15,2027-02-25,USD,3184000,89,88,4,Important,North America Operations,North America,EVP Operations,Rachel Thompson,Senior,1,Revenue Growth,Growth,0.95,2025-07-01,2025-07-31,2025,Q3,7,Jul-2025,False,False
434,79,202502,Resource,Specialist allocation conflict,2,1,2,Low,Mitigating,At Risk,Business Owner,2025-02-14,2025-03-27,PPM-0079,Delta ERP Renewal 3,1,7,2,Regulatory,Active,Medium,2025-03-15,2027-02-25,USD,3184000,89,88,4,Important,North America Operations,North America,EVP Operations,Rachel Thompson,Senior,1,Revenue Growth,Growth,0.95,2025-02-01,2025-02-28,2025,Q1,2,Feb-2025,True,False
435,79,202502,Technical,Integration complexity exceeds plan,3,2,6,Moderate,Open,Not Started,PMO,2025-02-04,2025-03-14,PPM-0079,Delta ERP Renewal 3,1,7,2,Regulatory,Active,Medium,2025-03-15,2027-02-25,USD,3184000,89,88,4,Important,North America Operations,North America,EVP Operations,Rachel Thompson,Senior,1,Revenue Growth,Growth,0.95,2025-02-01,2025-02-28,2025,Q1,2,Feb-2025,True,False
436,79,202503,Resource,Key role vacancy,1,2,2,Low,Closed,Complete,Project Manager,2025-03-10,2025-05-30,PPM-0079,Delta ERP Renewal 3,1,7,2,Regulatory,Active,Medium,2025-03-15,2027-02-25,USD,3184000,89,88,4,Important,North America Operations,North America,EVP Operations,Rachel Thompson,Senior,1,Revenue Growth,Growth,0.95,2025-03-01,2025-03-31,2025,Q1,3,Mar-2025,False,False
437,80,202610,Financial,Contingency reserve under pressure,1,2,2,Low,Closed,Complete,PMO,2026-10-10,2026-11-17,PPM-0080,Titan Supply Chain Optimization,1,19,3,Regulatory,Active,Medium,2026-01-06,2028-05-27,USD,6601000,74,89,4,Business Critical,North America Operations,North America,EVP Operations,Fatima Khan,Senior,6,Operational Efficiency,Efficiency,0.85,2026-10-01,2026-10-31,2026,Q4,10,Oct-2026,False,False
438,80,202602,Vendor,Vendor deliverable delayed,2,2,4,Low,Closed,Complete,Technical Lead,2026-02-07,2026-06-02,PPM-0080,Titan Supply Chain Optimization,1,19,3,Regulatory,Active,Medium,2026-01-06,2028-05-27,USD,6601000,74,89,4,Business Critical,North America Operations,North America,EVP Operations,Fatima Khan,Senior,6,Operational Efficiency,Efficiency,0.85,2026-02-01,2026-02-28,2026,Q1,2,Feb-2026,False,False
439,80,202604,Resource,Critical skill capacity constrained,2,2,4,Low,Closed,Complete,Program Manager,2026-04-09,2026-06-25,PPM-0080,Titan Supply Chain Optimization,1,19,3,Regulatory,Active,Medium,2026-01-06,2028-05-27,USD,6601000,74,89,4,Business Critical,North America Operations,North America,EVP Operations,Fatima Khan,Senior,6,Operational Efficiency,Efficiency,0.85,2026-04-01,2026-04-30,2026,Q2,4,Apr-2026,False,False
440,80,202510,Resource,Critical skill capacity constrained,2,2,4,Low,Closed,Complete,Business Owner,2025-10-08,2025-11-22,PPM-0080,Titan Supply Chain Optimization,1,19,3,Regulatory,Active,Medium,2026-01-06,2028-05-27,USD,6601000,74,89,4,Business Critical,North America Operations,North America,EVP Operations,Fatima Khan,Senior,6,Operational Efficiency,Efficiency,0.85,2025-10-01,2025-10-31,2025,Q4,10,Oct-2025,False,False
441,80,202603,Scope,Requirements instability,2,2,4,Low,Mitigating,On Track,Technical Lead,2026-03-09,2026-05-22,PPM-0080,Titan Supply Chain Optimization,1,19,3,Regulatory,Active,Medium,2026-01-06,2028-05-27,USD,6601000,74,89,4,Business Critical,North America Operations,North America,EVP Operations,Fatima Khan,Senior,6,Operational Efficiency,Efficiency,0.85,2026-03-01,2026-03-31,2026,Q1,3,Mar-2026,True,False
442,81,202610,Financial,Contingency reserve under pressure,1,2,2,Low,Open,Planned,PMO,2026-10-16,2026-12-06,PPM-0081,Vertex Analytics Hub,6,10,4,Customer Experience,Active,Low,2024-04-05,2026-08-30,USD,1305000,77,75,5,Important,Corporate Services,Global,Chief Administrative Officer,Omar Haddad,Senior,1,Regulatory Compliance,Risk & Compliance,1.0,2026-10-01,2026-10-31,2026,Q4,10,Oct-2026,True,False
443,81,202506,Schedule,Dependency delay threatens delivery,3,3,9,Moderate,Mitigating,On Track,Program Manager,2025-06-06,2025-08-29,PPM-0081,Vertex Analytics Hub,6,10,4,Customer Experience,Active,Low,2024-04-05,2026-08-30,USD,1305000,77,75,5,Important,Corporate Services,Global,Chief Administrative Officer,Omar Haddad,Senior,1,Regulatory Compliance,Risk & Compliance,1.0,2025-06-01,2025-06-30,2025,Q2,6,Jun-2025,True,False
444,81,202608,Financial,Forecast cost exceeds approved budget,2,2,4,Low,Closed,Complete,Project Manager,2026-08-08,2026-09-26,PPM-0081,Vertex Analytics Hub,6,10,4,Customer Experience,Active,Low,2024-04-05,2026-08-30,USD,1305000,77,75,5,Important,Corporate Services,Global,Chief Administrative Officer,Omar Haddad,Senior,1,Regulatory Compliance,Risk & Compliance,1.0,2026-08-01,2026-08-31,2026,Q3,8,Aug-2026,False,False
445,81,202503,Change Management,Adoption readiness behind plan,3,2,6,Moderate,Open,Not Started,Technical Lead,2025-03-12,2025-04-28,PPM-0081,Vertex Analytics Hub,6,10,4,Customer Experience,Active,Low,2024-04-05,2026-08-30,USD,1305000,77,75,5,Important,Corporate Services,Global,Chief Administrative Officer,Omar Haddad,Senior,1,Regulatory Compliance,Risk & Compliance,1.0,2025-03-01,2025-03-31,2025,Q1,3,Mar-2025,True,False
446,82,202609,Resource,Key role vacancy,3,5,15,High,Mitigating,On Track,Technical Lead,2026-09-07,2027-01-03,PPM-0082,Beacon Customer 360,4,13,1,Cybersecurity,Active,High,2025-05-12,2027-04-09,USD,2008000,45,67,2,Standard,Commercial,North America,Chief Commercial Officer,Nadia Rahman,Lead,5,Digital Transformation,Growth & Modernization,1.0,2026-09-01,2026-09-30,2026,Q3,9,Sep-2026,True,True
447,82,202511,Schedule,Dependency delay threatens delivery,5,5,25,Critical,Open,Not Started,PMO,2025-11-20,2026-02-27,PPM-0082,Beacon Customer 360,4,13,1,Cybersecurity,Active,High,2025-05-12,2027-04-09,USD,2008000,45,67,2,Standard,Commercial,North America,Chief Commercial Officer,Nadia Rahman,Lead,5,Digital Transformation,Growth & Modernization,1.0,2025-11-01,2025-11-30,2025,Q4,11,Nov-2025,True,True
448,82,202510,Schedule,Critical milestone slippage,4,5,20,Critical,Open,Not Started,Technical Lead,2025-10-11,2026-01-29,PPM-0082,Beacon Customer 360,4,13,1,Cybersecurity,Active,High,2025-05-12,2027-04-09,USD,2008000,45,67,2,Standard,Commercial,North America,Chief Commercial Officer,Nadia Rahman,Lead,5,Digital Transformation,Growth & Modernization,1.0,2025-10-01,2025-10-31,2025,Q4,10,Oct-2025,True,True
449,82,202509,Financial,Contingency reserve under pressure,4,5,20,Critical,Closed,Complete,Project Manager,2025-09-14,2025-12-25,PPM-0082,Beacon Customer 360,4,13,1,Cybersecurity,Active,High,2025-05-12,2027-04-09,USD,2008000,45,67,2,Standard,Commercial,North America,Chief Commercial Officer,Nadia Rahman,Lead,5,Digital Transformation,Growth & Modernization,1.0,2025-09-01,2025-09-30,2025,Q3,9,Sep-2025,False,True
450,82,202503,Financial,Vendor spend trending above plan,4,5,20,Critical,Open,Planned,PMO,2025-03-24,2025-06-18,PPM-0082,Beacon Customer 360,4,13,1,Cybersecurity,Active,High,2025-05-12,2027-04-09,USD,2008000,45,67,2,Standard,Commercial,North America,Chief Commercial Officer,Nadia Rahman,Lead,5,Digital Transformation,Growth & Modernization,1.0,2025-03-01,2025-03-31,2025,Q1,3,Mar-2025,True,True
451,82,202506,Resource,Key role vacancy,5,5,25,Critical,Mitigating,In Progress,Program Manager,2025-06-24,2025-09-02,PPM-0082,Beacon Customer 360,4,13,1,Cybersecurity,Active,High,2025-05-12,2027-04-09,USD,2008000,45,67,2,Standard,Commercial,North America,Chief Commercial Officer,Nadia Rahman,Lead,5,Digital Transformation,Growth & Modernization,1.0,2025-06-01,2025-06-30,2025,Q2,6,Jun-2025,True,True
452,82,202606,Schedule,Critical milestone slippage,4,5,20,Critical,Mitigating,On Track,Program Manager,2026-06-06,2026-08-31,PPM-0082,Beacon Customer 360,4,13,1,Cybersecurity,Active,High,2025-05-12,2027-04-09,USD,2008000,45,67,2,Standard,Commercial,North America,Chief Commercial Officer,Nadia Rahman,Lead,5,Digital Transformation,Growth & Modernization,1.0,2026-06-01,2026-06-30,2026,Q2,6,Jun-2026,True,True
453,83,202602,Resource,Key role vacancy,1,1,1,Low,Closed,Complete,PMO,2026-02-10,2026-03-18,PPM-0083,Beacon Finance Modernization,2,7,1,Data & Analytics,Active,Low,2024-11-28,2026-02-03,USD,1087000,76,50,3,Important,Finance,Global,CFO,Rachel Thompson,Senior,1,Digital Transformation,Growth & Modernization,1.0,2026-02-01,2026-02-28,2026,Q1,2,Feb-2026,False,False
454,83,202607,Change Management,Stakeholder resistance increasing,2,2,4,Low,Closed,Complete,PMO,2026-07-17,2026-09-10,PPM-0083,Beacon Finance Modernization,2,7,1,Data & Analytics,Active,Low,2024-11-28,2026-02-03,USD,1087000,76,50,3,Important,Finance,Global,CFO,Rachel Thompson,Senior,1,Digital Transformation,Growth & Modernization,1.0,2026-07-01,2026-07-31,2026,Q3,7,Jul-2026,False,False
455,83,202612,Schedule,Dependency delay threatens delivery,2,2,4,Low,Open,Not Started,Business Owner,2026-12-13,2027-03-19,PPM-0083,Beacon Finance Modernization,2,7,1,Data & Analytics,Active,Low,2024-11-28,2026-02-03,USD,1087000,76,50,3,Important,Finance,Global,CFO,Rachel Thompson,Senior,1,Digital Transformation,Growth & Modernization,1.0,2026-12-01,2026-12-31,2026,Q4,12,Dec-2026,True,False
456,83,202508,Resource,Specialist allocation conflict,1,3,3,Low,Open,Not Started,Business Owner,2025-08-21,2025-12-18,PPM-0083,Beacon Finance Modernization,2,7,1,Data & Analytics,Active,Low,2024-11-28,2026-02-03,USD,1087000,76,50,3,Important,Finance,Global,CFO,Rachel Thompson,Senior,1,Digital Transformation,Growth & Modernization,1.0,2025-08-01,2025-08-31,2025,Q3,8,Aug-2025,True,False
457,84,202509,Financial,Forecast cost exceeds approved budget,2,2,4,Low,Mitigating,In Progress,Business Owner,2025-09-13,2025-10-21,PPM-0084,Unity Analytics Hub,2,5,5,Customer Experience,Active,Medium,2025-09-26,2027-08-15,USD,12298000,100,88,4,Standard,Finance,Global,CFO,Sofia Martinez,Senior,3,Customer Experience,Customer,0.9,2025-09-01,2025-09-30,2025,Q3,9,Sep-2025,True,False
458,84,202608,Technical,Integration complexity exceeds plan,2,2,4,Low,Mitigating,On Track,Technical Lead,2026-08-12,2026-12-05,PPM-0084,Unity Analytics Hub,2,5,5,Customer Experience,Active,Medium,2025-09-26,2027-08-15,USD,12298000,100,88,4,Standard,Finance,Global,CFO,Sofia Martinez,Senior,3,Customer Experience,Customer,0.9,2026-08-01,2026-08-31,2026,Q3,8,Aug-2026,True,False
459,84,202606,Change Management,Training preparation delayed,2,2,4,Low,Mitigating,At Risk,Technical Lead,2026-06-12,2026-09-02,PPM-0084,Unity Analytics Hub,2,5,5,Customer Experience,Active,Medium,2025-09-26,2027-08-15,USD,12298000,100,88,4,Standard,Finance,Global,CFO,Sofia Martinez,Senior,3,Customer Experience,Customer,0.9,2026-06-01,2026-06-30,2026,Q2,6,Jun-2026,True,False
460,84,202508,Financial,Contingency reserve under pressure,3,2,6,Moderate,Open,Not Started,Business Owner,2025-08-20,2025-11-14,PPM-0084,Unity Analytics Hub,2,5,5,Customer Experience,Active,Medium,2025-09-26,2027-08-15,USD,12298000,100,88,4,Standard,Finance,Global,CFO,Sofia Martinez,Senior,3,Customer Experience,Customer,0.9,2025-08-01,2025-08-31,2025,Q3,8,Aug-2025,True,False
461,84,202508,Financial,Contingency reserve under pressure,3,2,6,Moderate,Closed,Complete,PMO,2025-08-09,2025-09-13,PPM-0084,Unity Analytics Hub,2,5,5,Customer Experience,Active,Medium,2025-09-26,2027-08-15,USD,12298000,100,88,4,Standard,Finance,Global,CFO,Sofia Martinez,Senior,3,Customer Experience,Customer,0.9,2025-08-01,2025-08-31,2025,Q3,8,Aug-2025,False,False
462,85,202603,Compliance,Approval dependency outstanding,2,1,2,Low,Open,Not Started,PMO,2026-03-24,2026-07-11,PPM-0085,Orion Process Automation,6,13,5,Product Development,Completed,Low,2024-12-30,2027-06-08,USD,7608000,73,87,5,Standard,Corporate Services,Global,Chief Administrative Officer,Nadia Rahman,Lead,5,Customer Experience,Customer,0.9,2026-03-01,2026-03-31,2026,Q1,3,Mar-2026,True,False
463,85,202511,Technical,Integration complexity exceeds plan,2,2,4,Low,Open,Planned,Business Owner,2025-11-17,2026-02-27,PPM-0085,Orion Process Automation,6,13,5,Product Development,Completed,Low,2024-12-30,2027-06-08,USD,7608000,73,87,5,Standard,Corporate Services,Global,Chief Administrative Officer,Nadia Rahman,Lead,5,Customer Experience,Customer,0.9,2025-11-01,2025-11-30,2025,Q4,11,Nov-2025,True,False
464,85,202609,Resource,Critical skill capacity constrained,2,2,4,Low,Mitigating,On Track,Program Manager,2026-09-23,2026-12-17,PPM-0085,Orion Process Automation,6,13,5,Product Development,Completed,Low,2024-12-30,2027-06-08,USD,7608000,73,87,5,Standard,Corporate Services,Global,Chief Administrative Officer,Nadia Rahman,Lead,5,Customer Experience,Customer,0.9,2026-09-01,2026-09-30,2026,Q3,9,Sep-2026,True,False
465,85,202603,Vendor,Third-party dependency at risk,3,1,3,Low,Closed,Complete,Technical Lead,2026-03-12,2026-04-21,PPM-0085,Orion Process Automation,6,13,5,Product Development,Completed,Low,2024-12-30,2027-06-08,USD,7608000,73,87,5,Standard,Corporate Services,Global,Chief Administrative Officer,Nadia Rahman,Lead,5,Customer Experience,Customer,0.9,2026-03-01,2026-03-31,2026,Q1,3,Mar-2026,False,False
466,85,202605,Resource,Specialist allocation conflict,2,2,4,Low,Open,Planned,Business Owner,2026-05-23,2026-09-06,PPM-0085,Orion Process Automation,6,13,5,Product Development,Completed,Low,2024-12-30,2027-06-08,USD,7608000,73,87,5,Standard,Corporate Services,Global,Chief Administrative Officer,Nadia Rahman,Lead,5,Customer Experience,Customer,0.9,2026-05-01,2026-05-31,2026,Q2,5,May-2026,True,False
467,86,202509,Financial,Forecast cost exceeds approved budget,3,3,9,Moderate,Mitigating,In Progress,Business Owner,2025-09-18,2025-12-28,PPM-0086,Catalyst ERP Renewal,3,17,4,ERP Transformation,Active,Medium,2024-03-25,2026-12-07,USD,5005000,91,87,5,Standard,Technology,Global,CIO,Joanne Martin,Senior,4,Regulatory Compliance,Risk & Compliance,1.0,2025-09-01,2025-09-30,2025,Q3,9,Sep-2025,True,False
468,86,202602,Resource,Critical skill capacity constrained,3,3,9,Moderate,Closed,Complete,Program Manager,2026-02-10,2026-06-08,PPM-0086,Catalyst ERP Renewal,3,17,4,ERP Transformation,Active,Medium,2024-03-25,2026-12-07,USD,5005000,91,87,5,Standard,Technology,Global,CIO,Joanne Martin,Senior,4,Regulatory Compliance,Risk & Compliance,1.0,2026-02-01,2026-02-28,2026,Q1,2,Feb-2026,False,False
469,86,202501,Financial,Forecast cost exceeds approved budget,1,2,2,Low,Closed,Complete,Program Manager,2025-01-19,2025-04-22,PPM-0086,Catalyst ERP Renewal,3,17,4,ERP Transformation,Active,Medium,2024-03-25,2026-12-07,USD,5005000,91,87,5,Standard,Technology,Global,CIO,Joanne Martin,Senior,4,Regulatory Compliance,Risk & Compliance,1.0,2025-01-01,2025-01-31,2025,Q1,1,Jan-2025,False,False
470,87,202608,Resource,Critical skill capacity constrained,1,3,3,Low,Closed,Complete,Business Owner,2026-08-26,2026-10-14,PPM-0087,Summit ERP Renewal,5,16,3,ERP Transformation,Active,High,2025-02-05,2027-05-03,USD,2504000,94,100,5,Mission Critical,Supply Chain,Global,EVP Supply Chain,Carlos Garcia,Lead,5,Operational Efficiency,Efficiency,0.85,2026-08-01,2026-08-31,2026,Q3,8,Aug-2026,False,False
471,87,202508,Technical,Technical debt threatens delivery,2,4,8,Moderate,Mitigating,On Track,Project Manager,2025-08-10,2025-10-20,PPM-0087,Summit ERP Renewal,5,16,3,ERP Transformation,Active,High,2025-02-05,2027-05-03,USD,2504000,94,100,5,Mission Critical,Supply Chain,Global,EVP Supply Chain,Carlos Garcia,Lead,5,Operational Efficiency,Efficiency,0.85,2025-08-01,2025-08-31,2025,Q3,8,Aug-2025,True,False
472,87,202602,Technical,Integration complexity exceeds plan,2,3,6,Moderate,Closed,Complete,Technical Lead,2026-02-14,2026-05-30,PPM-0087,Summit ERP Renewal,5,16,3,ERP Transformation,Active,High,2025-02-05,2027-05-03,USD,2504000,94,100,5,Mission Critical,Supply Chain,Global,EVP Supply Chain,Carlos Garcia,Lead,5,Operational Efficiency,Efficiency,0.85,2026-02-01,2026-02-28,2026,Q1,2,Feb-2026,False,False
473,88,202611,Technical,Integration complexity exceeds plan,2,2,4,Low,Closed,Complete,Program Manager,2026-11-06,2026-12-12,PPM-0088,Beacon Regulatory Readiness,3,9,6,Data & Analytics,Active,High,2025-05-29,2026-02-02,USD,2274000,75,90,2,Standard,Technology,Global,CIO,Linda Brown,Principal,2,Risk Reduction,Risk & Resilience,0.9,2026-11-01,2026-11-30,2026,Q4,11,Nov-2026,False,False
474,88,202609,Schedule,Testing window compressed,1,3,3,Low,Open,Not Started,PMO,2026-09-23,2027-01-14,PPM-0088,Beacon Regulatory Readiness,3,9,6,Data & Analytics,Active,High,2025-05-29,2026-02-02,USD,2274000,75,90,2,Standard,Technology,Global,CIO,Linda Brown,Principal,2,Risk Reduction,Risk & Resilience,0.9,2026-09-01,2026-09-30,2026,Q3,9,Sep-2026,True,False
475,88,202607,Resource,Specialist allocation conflict,2,3,6,Moderate,Closed,Complete,Program Manager,2026-07-06,2026-10-15,PPM-0088,Beacon Regulatory Readiness,3,9,6,Data & Analytics,Active,High,2025-05-29,2026-02-02,USD,2274000,75,90,2,Standard,Technology,Global,CIO,Linda Brown,Principal,2,Risk Reduction,Risk & Resilience,0.9,2026-07-01,2026-07-31,2026,Q3,7,Jul-2026,False,False
476,88,202511,Technical,Architecture risk unresolved,2,3,6,Moderate,Closed,Complete,Technical Lead,2025-11-24,2026-02-07,PPM-0088,Beacon Regulatory Readiness,3,9,6,Data & Analytics,Active,High,2025-05-29,2026-02-02,USD,2274000,75,90,2,Standard,Technology,Global,CIO,Linda Brown,Principal,2,Risk Reduction,Risk & Resilience,0.9,2025-11-01,2025-11-30,2025,Q4,11,Nov-2025,False,False
477,88,202603,Resource,Key role vacancy,3,2,6,Moderate,Closed,Complete,Project Manager,2026-03-07,2026-05-05,PPM-0088,Beacon Regulatory Readiness,3,9,6,Data & Analytics,Active,High,2025-05-29,2026-02-02,USD,2274000,75,90,2,Standard,Technology,Global,CIO,Linda Brown,Principal,2,Risk Reduction,Risk & Resilience,0.9,2026-03-01,2026-03-31,2026,Q1,3,Mar-2026,False,False
478,89,202611,Schedule,Dependency delay threatens delivery,3,3,9,Moderate,Open,Planned,Project Manager,2026-11-07,2026-12-07,PPM-0089,Lighthouse Supply Chain Optimization 2,6,12,5,Customer Experience,Active,Critical,2026-01-23,2026-08-30,USD,1577000,97,84,4,Business Critical,Corporate Services,Global,Chief Administrative Officer,Ethan Wilson,Principal,6,Customer Experience,Customer,0.9,2026-11-01,2026-11-30,2026,Q4,11,Nov-2026,True,False
479,89,202604,Scope,Requirements instability,2,3,6,Moderate,Mitigating,At Risk,Business Owner,2026-04-18,2026-07-30,PPM-0089,Lighthouse Supply Chain Optimization 2,6,12,5,Customer Experience,Active,Critical,2026-01-23,2026-08-30,USD,1577000,97,84,4,Business Critical,Corporate Services,Global,Chief Administrative Officer,Ethan Wilson,Principal,6,Customer Experience,Customer,0.9,2026-04-01,2026-04-30,2026,Q2,4,Apr-2026,True,False
480,89,202605,Compliance,Control evidence incomplete,3,2,6,Moderate,Mitigating,In Progress,Project Manager,2026-05-10,2026-06-21,PPM-0089,Lighthouse Supply Chain Optimization 2,6,12,5,Customer Experience,Active,Critical,2026-01-23,2026-08-30,USD,1577000,97,84,4,Business Critical,Corporate Services,Global,Chief Administrative Officer,Ethan Wilson,Principal,6,Customer Experience,Customer,0.9,2026-05-01,2026-05-31,2026,Q2,5,May-2026,True,False
481,89,202504,Schedule,Dependency delay threatens delivery,2,3,6,Moderate,Mitigating,On Track,Project Manager,2025-04-19,2025-08-17,PPM-0089,Lighthouse Supply Chain Optimization 2,6,12,5,Customer Experience,Active,Critical,2026-01-23,2026-08-30,USD,1577000,97,84,4,Business Critical,Corporate Services,Global,Chief Administrative Officer,Ethan Wilson,Principal,6,Customer Experience,Customer,0.9,2025-04-01,2025-04-30,2025,Q2,4,Apr-2025,True,False
482,90,202512,Vendor,Supplier capacity constraint,2,1,2,Low,Mitigating,At Risk,Program Manager,2025-12-13,2026-04-03,PPM-0090,Delta Infrastructure Refresh,5,17,5,Infrastructure,Completed,Low,2024-11-07,2027-02-21,USD,4972000,95,61,1,Important,Supply Chain,Global,EVP Supply Chain,Joanne Martin,Senior,4,Customer Experience,Customer,0.9,2025-12-01,2025-12-31,2025,Q4,12,Dec-2025,True,False
483,90,202511,Scope,Scope growth not fully funded,3,2,6,Moderate,Closed,Complete,PMO,2025-11-19,2026-02-22,PPM-0090,Delta Infrastructure Refresh,5,17,5,Infrastructure,Completed,Low,2024-11-07,2027-02-21,USD,4972000,95,61,1,Important,Supply Chain,Global,EVP Supply Chain,Joanne Martin,Senior,4,Customer Experience,Customer,0.9,2025-11-01,2025-11-30,2025,Q4,11,Nov-2025,False,False
484,90,202608,Resource,Key role vacancy,3,2,6,Moderate,Open,Planned,Project Manager,2026-08-26,2026-10-25,PPM-0090,Delta Infrastructure Refresh,5,17,5,Infrastructure,Completed,Low,2024-11-07,2027-02-21,USD,4972000,95,61,1,Important,Supply Chain,Global,EVP Supply Chain,Joanne Martin,Senior,4,Customer Experience,Customer,0.9,2026-08-01,2026-08-31,2026,Q3,8,Aug-2026,True,False
485,91,202504,Technical,Technical debt threatens delivery,2,5,10,High,Open,Planned,Project Manager,2025-04-06,2025-05-07,PPM-0091,Xenon ERP Renewal,4,6,6,Data & Analytics,On Hold,Critical,2024-07-27,2026-08-01,USD,6112000,87,70,4,Important,Commercial,North America,Chief Commercial Officer,Kwame Owusu,Senior,6,Risk Reduction,Risk & Resilience,0.9,2025-04-01,2025-04-30,2025,Q2,4,Apr-2025,True,True
486,91,202605,Technical,Integration complexity exceeds plan,3,3,9,Moderate,Open,Planned,Technical Lead,2026-05-18,2026-08-29,PPM-0091,Xenon ERP Renewal,4,6,6,Data & Analytics,On Hold,Critical,2024-07-27,2026-08-01,USD,6112000,87,70,4,Important,Commercial,North America,Chief Commercial Officer,Kwame Owusu,Senior,6,Risk Reduction,Risk & Resilience,0.9,2026-05-01,2026-05-31,2026,Q2,5,May-2026,True,False
487,91,202504,Financial,Vendor spend trending above plan,3,5,15,High,Open,Planned,PMO,2025-04-06,2025-05-18,PPM-0091,Xenon ERP Renewal,4,6,6,Data & Analytics,On Hold,Critical,2024-07-27,2026-08-01,USD,6112000,87,70,4,Important,Commercial,North America,Chief Commercial Officer,Kwame Owusu,Senior,6,Risk Reduction,Risk & Resilience,0.9,2025-04-01,2025-04-30,2025,Q2,4,Apr-2025,True,True
488,91,202501,Financial,Forecast cost exceeds approved budget,3,4,12,High,Open,Planned,Program Manager,2025-01-17,2025-04-26,PPM-0091,Xenon ERP Renewal,4,6,6,Data & Analytics,On Hold,Critical,2024-07-27,2026-08-01,USD,6112000,87,70,4,Important,Commercial,North America,Chief Commercial Officer,Kwame Owusu,Senior,6,Risk Reduction,Risk & Resilience,0.9,2025-01-01,2025-01-31,2025,Q1,1,Jan-2025,True,True
489,91,202607,Resource,Specialist allocation conflict,2,3,6,Moderate,Mitigating,At Risk,Technical Lead,2026-07-20,2026-10-04,PPM-0091,Xenon ERP Renewal,4,6,6,Data & Analytics,On Hold,Critical,2024-07-27,2026-08-01,USD,6112000,87,70,4,Important,Commercial,North America,Chief Commercial Officer,Kwame Owusu,Senior,6,Risk Reduction,Risk & Resilience,0.9,2026-07-01,2026-07-31,2026,Q3,7,Jul-2026,True,False
490,91,202612,Technical,Technical debt threatens delivery,3,5,15,High,Open,Planned,Business Owner,2026-12-09,2027-03-22,PPM-0091,Xenon ERP Renewal,4,6,6,Data & Analytics,On Hold,Critical,2024-07-27,2026-08-01,USD,6112000,87,70,4,Important,Commercial,North America,Chief Commercial Officer,Kwame Owusu,Senior,6,Risk Reduction,Risk & Resilience,0.9,2026-12-01,2026-12-31,2026,Q4,12,Dec-2026,True,True
491,91,202501,Financial,Forecast cost exceeds approved budget,3,4,12,High,Open,Not Started,Project Manager,2025-01-15,2025-03-13,PPM-0091,Xenon ERP Renewal,4,6,6,Data & Analytics,On Hold,Critical,2024-07-27,2026-08-01,USD,6112000,87,70,4,Important,Commercial,North America,Chief Commercial Officer,Kwame Owusu,Senior,6,Risk Reduction,Risk & Resilience,0.9,2025-01-01,2025-01-31,2025,Q1,1,Jan-2025,True,True
492,92,202607,Financial,Forecast cost exceeds approved budget,3,5,15,High,Mitigating,At Risk,Technical Lead,2026-07-24,2026-08-29,PPM-0092,Fusion Process Automation,6,16,5,Infrastructure,Active,High,2025-02-18,2026-05-29,USD,39674000,95,65,4,Standard,Corporate Services,Global,Chief Administrative Officer,Carlos Garcia,Lead,5,Customer Experience,Customer,0.9,2026-07-01,2026-07-31,2026,Q3,7,Jul-2026,True,True
493,92,202609,Compliance,Regulatory requirement unresolved,3,5,15,High,Mitigating,On Track,Business Owner,2026-09-12,2026-12-05,PPM-0092,Fusion Process Automation,6,16,5,Infrastructure,Active,High,2025-02-18,2026-05-29,USD,39674000,95,65,4,Standard,Corporate Services,Global,Chief Administrative Officer,Carlos Garcia,Lead,5,Customer Experience,Customer,0.9,2026-09-01,2026-09-30,2026,Q3,9,Sep-2026,True,True
494,92,202506,Compliance,Control evidence incomplete,4,4,16,Critical,Open,Planned,Project Manager,2025-06-23,2025-08-14,PPM-0092,Fusion Process Automation,6,16,5,Infrastructure,Active,High,2025-02-18,2026-05-29,USD,39674000,95,65,4,Standard,Corporate Services,Global,Chief Administrative Officer,Carlos Garcia,Lead,5,Customer Experience,Customer,0.9,2025-06-01,2025-06-30,2025,Q2,6,Jun-2025,True,True
495,92,202603,Schedule,Testing window compressed,4,5,20,Critical,Closed,Complete,Technical Lead,2026-03-09,2026-04-20,PPM-0092,Fusion Process Automation,6,16,5,Infrastructure,Active,High,2025-02-18,2026-05-29,USD,39674000,95,65,4,Standard,Corporate Services,Global,Chief Administrative Officer,Carlos Garcia,Lead,5,Customer Experience,Customer,0.9,2026-03-01,2026-03-31,2026,Q1,3,Mar-2026,False,True
496,92,202611,Financial,Contingency reserve under pressure,3,5,15,High,Mitigating,On Track,Project Manager,2026-11-13,2027-03-01,PPM-0092,Fusion Process Automation,6,16,5,Infrastructure,Active,High,2025-02-18,2026-05-29,USD,39674000,95,65,4,Standard,Corporate Services,Global,Chief Administrative Officer,Carlos Garcia,Lead,5,Customer Experience,Customer,0.9,2026-11-01,2026-11-30,2026,Q4,11,Nov-2026,True,True
497,92,202603,Schedule,Critical milestone slippage,4,5,20,Critical,Mitigating,On Track,Technical Lead,2026-03-19,2026-04-24,PPM-0092,Fusion Process Automation,6,16,5,Infrastructure,Active,High,2025-02-18,2026-05-29,USD,39674000,95,65,4,Standard,Corporate Services,Global,Chief Administrative Officer,Carlos Garcia,Lead,5,Customer Experience,Customer,0.9,2026-03-01,2026-03-31,2026,Q1,3,Mar-2026,True,True
498,92,202611,Schedule,Testing window compressed,2,5,10,High,Closed,Complete,PMO,2026-11-10,2026-12-16,PPM-0092,Fusion Process Automation,6,16,5,Infrastructure,Active,High,2025-02-18,2026-05-29,USD,39674000,95,65,4,Standard,Corporate Services,Global,Chief Administrative Officer,Carlos Garcia,Lead,5,Customer Experience,Customer,0.9,2026-11-01,2026-11-30,2026,Q4,11,Nov-2026,False,True
499,93,202607,Technical,Technical debt threatens delivery,3,4,12,High,Open,Planned,Technical Lead,2026-07-10,2026-09-20,PPM-0093,Xenon Service Transformation 2,4,12,3,ERP Transformation,Active,High,2025-11-16,2026-10-15,USD,6739000,82,67,3,Standard,Commercial,North America,Chief Commercial Officer,Ethan Wilson,Principal,6,Operational Efficiency,Efficiency,0.85,2026-07-01,2026-07-31,2026,Q3,7,Jul-2026,True,True
500,93,202508,Vendor,Supplier capacity constraint,2,3,6,Moderate,Open,Not Started,Program Manager,2025-08-25,2025-11-01,PPM-0093,Xenon Service Transformation 2,4,12,3,ERP Transformation,Active,High,2025-11-16,2026-10-15,USD,6739000,82,67,3,Standard,Commercial,North America,Chief Commercial Officer,Ethan Wilson,Principal,6,Operational Efficiency,Efficiency,0.85,2025-08-01,2025-08-31,2025,Q3,8,Aug-2025,True,False
501,93,202606,Resource,Specialist allocation conflict,4,3,12,High,Closed,Complete,Program Manager,2026-06-11,2026-07-23,PPM-0093,Xenon Service Transformation 2,4,12,3,ERP Transformation,Active,High,2025-11-16,2026-10-15,USD,6739000,82,67,3,Standard,Commercial,North America,Chief Commercial Officer,Ethan Wilson,Principal,6,Operational Efficiency,Efficiency,0.85,2026-06-01,2026-06-30,2026,Q2,6,Jun-2026,False,True
502,93,202508,Compliance,Regulatory requirement unresolved,2,5,10,High,Mitigating,At Risk,Project Manager,2025-08-21,2025-12-05,PPM-0093,Xenon Service Transformation 2,4,12,3,ERP Transformation,Active,High,2025-11-16,2026-10-15,USD,6739000,82,67,3,Standard,Commercial,North America,Chief Commercial Officer,Ethan Wilson,Principal,6,Operational Efficiency,Efficiency,0.85,2025-08-01,2025-08-31,2025,Q3,8,Aug-2025,True,True
503,93,202601,Scope,Change requests threaten baseline,2,4,8,Moderate,Open,Not Started,Program Manager,2026-01-19,2026-03-07,PPM-0093,Xenon Service Transformation 2,4,12,3,ERP Transformation,Active,High,2025-11-16,2026-10-15,USD,6739000,82,67,3,Standard,Commercial,North America,Chief Commercial Officer,Ethan Wilson,Principal,6,Operational Efficiency,Efficiency,0.85,2026-01-01,2026-01-31,2026,Q1,1,Jan-2026,True,False
504,94,202511,Resource,Specialist allocation conflict,2,2,4,Low,Mitigating,In Progress,PMO,2025-11-12,2026-03-02,PPM-0094,Xenon Digital Commerce 2,5,11,5,Data & Analytics,Completed,Low,2025-09-05,2027-02-01,USD,3520000,51,79,1,Business Critical,Supply Chain,Global,EVP Supply Chain,Grace Okafor,Principal,4,Customer Experience,Customer,0.9,2025-11-01,2025-11-30,2025,Q4,11,Nov-2025,True,False
505,94,202505,Financial,Contingency reserve under pressure,3,2,6,Moderate,Closed,Complete,Program Manager,2025-05-11,2025-08-01,PPM-0094,Xenon Digital Commerce 2,5,11,5,Data & Analytics,Completed,Low,2025-09-05,2027-02-01,USD,3520000,51,79,1,Business Critical,Supply Chain,Global,EVP Supply Chain,Grace Okafor,Principal,4,Customer Experience,Customer,0.9,2025-05-01,2025-05-31,2025,Q2,5,May-2025,False,False
506,94,202605,Resource,Specialist allocation conflict,4,3,12,High,Open,Not Started,Technical Lead,2026-05-26,2026-07-13,PPM-0094,Xenon Digital Commerce 2,5,11,5,Data & Analytics,Completed,Low,2025-09-05,2027-02-01,USD,3520000,51,79,1,Business Critical,Supply Chain,Global,EVP Supply Chain,Grace Okafor,Principal,4,Customer Experience,Customer,0.9,2026-05-01,2026-05-31,2026,Q2,5,May-2026,True,True
507,95,202606,Change Management,Adoption readiness behind plan,2,1,2,Low,Closed,Complete,Technical Lead,2026-06-23,2026-08-06,PPM-0095,Wave Data Platform,6,22,5,Regulatory,Active,Medium,2025-01-27,2027-08-15,USD,21101000,64,56,1,Business Critical,Corporate Services,Global,Chief Administrative Officer,Marcus Reid,Lead,3,Customer Experience,Customer,0.9,2026-06-01,2026-06-30,2026,Q2,6,Jun-2026,False,False
508,95,202601,Financial,Forecast cost exceeds approved budget,1,2,2,Low,Closed,Complete,PMO,2026-01-16,2026-03-27,PPM-0095,Wave Data Platform,6,22,5,Regulatory,Active,Medium,2025-01-27,2027-08-15,USD,21101000,64,56,1,Business Critical,Corporate Services,Global,Chief Administrative Officer,Marcus Reid,Lead,3,Customer Experience,Customer,0.9,2026-01-01,2026-01-31,2026,Q1,1,Jan-2026,False,False
509,95,202609,Scope,Scope growth not fully funded,2,2,4,Low,Mitigating,On Track,Project Manager,2026-09-24,2027-01-17,PPM-0095,Wave Data Platform,6,22,5,Regulatory,Active,Medium,2025-01-27,2027-08-15,USD,21101000,64,56,1,Business Critical,Corporate Services,Global,Chief Administrative Officer,Marcus Reid,Lead,3,Customer Experience,Customer,0.9,2026-09-01,2026-09-30,2026,Q3,9,Sep-2026,True,False
510,95,202503,Compliance,Approval dependency outstanding,3,3,9,Moderate,Closed,Complete,Program Manager,2025-03-14,2025-06-23,PPM-0095,Wave Data Platform,6,22,5,Regulatory,Active,Medium,2025-01-27,2027-08-15,USD,21101000,64,56,1,Business Critical,Corporate Services,Global,Chief Administrative Officer,Marcus Reid,Lead,3,Customer Experience,Customer,0.9,2025-03-01,2025-03-31,2025,Q1,3,Mar-2025,False,False
511,95,202510,Schedule,Testing window compressed,1,3,3,Low,Closed,Complete,PMO,2025-10-26,2025-12-14,PPM-0095,Wave Data Platform,6,22,5,Regulatory,Active,Medium,2025-01-27,2027-08-15,USD,21101000,64,56,1,Business Critical,Corporate Services,Global,Chief Administrative Officer,Marcus Reid,Lead,3,Customer Experience,Customer,0.9,2025-10-01,2025-10-31,2025,Q4,10,Oct-2025,False,False
512,96,202605,Change Management,Adoption readiness behind plan,2,4,8,Moderate,Mitigating,At Risk,Business Owner,2026-05-17,2026-08-19,PPM-0096,Pioneer Digital Commerce,3,3,1,Data & Analytics,Active,High,2024-08-26,2026-02-28,USD,4692000,94,67,3,Mission Critical,Technology,Global,CIO,Priya Patel,Senior,4,Digital Transformation,Growth & Modernization,1.0,2026-05-01,2026-05-31,2026,Q2,5,May-2026,True,False
513,96,202508,Resource,Key role vacancy,2,4,8,Moderate,Closed,Complete,Program Manager,2025-08-20,2025-10-09,PPM-0096,Pioneer Digital Commerce,3,3,1,Data & Analytics,Active,High,2024-08-26,2026-02-28,USD,4692000,94,67,3,Mission Critical,Technology,Global,CIO,Priya Patel,Senior,4,Digital Transformation,Growth & Modernization,1.0,2025-08-01,2025-08-31,2025,Q3,8,Aug-2025,False,False
514,96,202612,Technical,Architecture risk unresolved,3,3,9,Moderate,Mitigating,In Progress,Business Owner,2026-12-25,2027-02-19,PPM-0096,Pioneer Digital Commerce,3,3,1,Data & Analytics,Active,High,2024-08-26,2026-02-28,USD,4692000,94,67,3,Mission Critical,Technology,Global,CIO,Priya Patel,Senior,4,Digital Transformation,Growth & Modernization,1.0,2026-12-01,2026-12-31,2026,Q4,12,Dec-2026,True,False
515,96,202603,Schedule,Testing window compressed,2,3,6,Moderate,Open,Planned,Project Manager,2026-03-21,2026-07-14,PPM-0096,Pioneer Digital Commerce,3,3,1,Data & Analytics,Active,High,2024-08-26,2026-02-28,USD,4692000,94,67,3,Mission Critical,Technology,Global,CIO,Priya Patel,Senior,4,Digital Transformation,Growth & Modernization,1.0,2026-03-01,2026-03-31,2026,Q1,3,Mar-2026,True,False
516,96,202505,Vendor,Vendor deliverable delayed,4,4,16,Critical,Mitigating,On Track,Technical Lead,2025-05-14,2025-07-20,PPM-0096,Pioneer Digital Commerce,3,3,1,Data & Analytics,Active,High,2024-08-26,2026-02-28,USD,4692000,94,67,3,Mission Critical,Technology,Global,CIO,Priya Patel,Senior,4,Digital Transformation,Growth & Modernization,1.0,2025-05-01,2025-05-31,2025,Q2,5,May-2025,True,True
517,96,202612,Resource,Specialist allocation conflict,3,4,12,High,Open,Not Started,PMO,2026-12-08,2027-02-07,PPM-0096,Pioneer Digital Commerce,3,3,1,Data & Analytics,Active,High,2024-08-26,2026-02-28,USD,4692000,94,67,3,Mission Critical,Technology,Global,CIO,Priya Patel,Senior,4,Digital Transformation,Growth & Modernization,1.0,2026-12-01,2026-12-31,2026,Q4,12,Dec-2026,True,True
518,97,202602,Schedule,Critical milestone slippage,3,4,12,High,Mitigating,On Track,Program Manager,2026-02-07,2026-04-07,PPM-0097,Lighthouse Regulatory Readiness 2,3,23,6,Infrastructure,Active,Medium,2026-02-14,2027-04-03,USD,3717000,66,61,3,Important,Technology,Global,CIO,Helen Morris,Lead,2,Risk Reduction,Risk & Resilience,0.9,2026-02-01,2026-02-28,2026,Q1,2,Feb-2026,True,True
519,97,202612,Financial,Forecast cost exceeds approved budget,3,3,9,Moderate,Mitigating,On Track,PMO,2026-12-15,2027-04-06,PPM-0097,Lighthouse Regulatory Readiness 2,3,23,6,Infrastructure,Active,Medium,2026-02-14,2027-04-03,USD,3717000,66,61,3,Important,Technology,Global,CIO,Helen Morris,Lead,2,Risk Reduction,Risk & Resilience,0.9,2026-12-01,2026-12-31,2026,Q4,12,Dec-2026,True,False
520,97,202505,Resource,Key role vacancy,5,3,15,High,Closed,Complete,PMO,2025-05-20,2025-09-03,PPM-0097,Lighthouse Regulatory Readiness 2,3,23,6,Infrastructure,Active,Medium,2026-02-14,2027-04-03,USD,3717000,66,61,3,Important,Technology,Global,CIO,Helen Morris,Lead,2,Risk Reduction,Risk & Resilience,0.9,2025-05-01,2025-05-31,2025,Q2,5,May-2025,False,True
521,97,202608,Compliance,Control evidence incomplete,3,3,9,Moderate,Closed,Complete,Technical Lead,2026-08-12,2026-10-05,PPM-0097,Lighthouse Regulatory Readiness 2,3,23,6,Infrastructure,Active,Medium,2026-02-14,2027-04-03,USD,3717000,66,61,3,Important,Technology,Global,CIO,Helen Morris,Lead,2,Risk Reduction,Risk & Resilience,0.9,2026-08-01,2026-08-31,2026,Q3,8,Aug-2026,False,False
522,97,202602,Change Management,Training preparation delayed,4,3,12,High,Closed,Complete,Business Owner,2026-02-17,2026-03-24,PPM-0097,Lighthouse Regulatory Readiness 2,3,23,6,Infrastructure,Active,Medium,2026-02-14,2027-04-03,USD,3717000,66,61,3,Important,Technology,Global,CIO,Helen Morris,Lead,2,Risk Reduction,Risk & Resilience,0.9,2026-02-01,2026-02-28,2026,Q1,2,Feb-2026,False,True
523,97,202605,Resource,Specialist allocation conflict,4,3,12,High,Closed,Complete,Project Manager,2026-05-08,2026-07-05,PPM-0097,Lighthouse Regulatory Readiness 2,3,23,6,Infrastructure,Active,Medium,2026-02-14,2027-04-03,USD,3717000,66,61,3,Important,Technology,Global,CIO,Helen Morris,Lead,2,Risk Reduction,Risk & Resilience,0.9,2026-05-01,2026-05-31,2026,Q2,5,May-2026,False,True
524,97,202607,Scope,Requirements instability,3,3,9,Moderate,Mitigating,At Risk,PMO,2026-07-19,2026-09-19,PPM-0097,Lighthouse Regulatory Readiness 2,3,23,6,Infrastructure,Active,Medium,2026-02-14,2027-04-03,USD,3717000,66,61,3,Important,Technology,Global,CIO,Helen Morris,Lead,2,Risk Reduction,Risk & Resilience,0.9,2026-07-01,2026-07-31,2026,Q3,7,Jul-2026,True,False
525,98,202610,Scope,Scope growth not fully funded,3,3,9,Moderate,Closed,Complete,Program Manager,2026-10-24,2027-01-31,PPM-0098,Aurora Supply Chain Optimization,2,23,6,Infrastructure,Active,Medium,2024-06-19,2026-04-14,USD,5111000,46,65,5,Important,Finance,Global,CFO,Helen Morris,Lead,2,Risk Reduction,Risk & Resilience,0.9,2026-10-01,2026-10-31,2026,Q4,10,Oct-2026,False,False
526,98,202607,Schedule,Testing window compressed,2,1,2,Low,Mitigating,In Progress,PMO,2026-07-15,2026-10-29,PPM-0098,Aurora Supply Chain Optimization,2,23,6,Infrastructure,Active,Medium,2024-06-19,2026-04-14,USD,5111000,46,65,5,Important,Finance,Global,CFO,Helen Morris,Lead,2,Risk Reduction,Risk & Resilience,0.9,2026-07-01,2026-07-31,2026,Q3,7,Jul-2026,True,False
527,98,202510,Compliance,Approval dependency outstanding,2,2,4,Low,Closed,Complete,Project Manager,2025-10-06,2025-11-27,PPM-0098,Aurora Supply Chain Optimization,2,23,6,Infrastructure,Active,Medium,2024-06-19,2026-04-14,USD,5111000,46,65,5,Important,Finance,Global,CFO,Helen Morris,Lead,2,Risk Reduction,Risk & Resilience,0.9,2025-10-01,2025-10-31,2025,Q4,10,Oct-2025,False,False
528,98,202612,Schedule,Dependency delay threatens delivery,3,2,6,Moderate,Closed,Complete,Business Owner,2026-12-07,2027-02-20,PPM-0098,Aurora Supply Chain Optimization,2,23,6,Infrastructure,Active,Medium,2024-06-19,2026-04-14,USD,5111000,46,65,5,Important,Finance,Global,CFO,Helen Morris,Lead,2,Risk Reduction,Risk & Resilience,0.9,2026-12-01,2026-12-31,2026,Q4,12,Dec-2026,False,False
529,99,202606,Schedule,Critical milestone slippage,5,5,25,Critical,Closed,Complete,Project Manager,2026-06-22,2026-08-30,PPM-0099,Insight Customer 360,2,8,2,Data & Analytics,Active,High,2024-01-02,2025-02-17,USD,5838000,59,90,3,Standard,Finance,Global,CFO,Victor Nwosu,Senior,5,Revenue Growth,Growth,0.95,2026-06-01,2026-06-30,2026,Q2,6,Jun-2026,False,True
530,99,202504,Scope,Change requests threaten baseline,3,5,15,High,Mitigating,On Track,Program Manager,2025-04-07,2025-07-06,PPM-0099,Insight Customer 360,2,8,2,Data & Analytics,Active,High,2024-01-02,2025-02-17,USD,5838000,59,90,3,Standard,Finance,Global,CFO,Victor Nwosu,Senior,5,Revenue Growth,Growth,0.95,2025-04-01,2025-04-30,2025,Q2,4,Apr-2025,True,True
531,99,202504,Schedule,Testing window compressed,5,5,25,Critical,Open,Not Started,Program Manager,2025-04-11,2025-05-16,PPM-0099,Insight Customer 360,2,8,2,Data & Analytics,Active,High,2024-01-02,2025-02-17,USD,5838000,59,90,3,Standard,Finance,Global,CFO,Victor Nwosu,Senior,5,Revenue Growth,Growth,0.95,2025-04-01,2025-04-30,2025,Q2,4,Apr-2025,True,True
532,99,202509,Compliance,Regulatory requirement unresolved,5,5,25,Critical,Open,Planned,Project Manager,2025-09-05,2025-11-01,PPM-0099,Insight Customer 360,2,8,2,Data & Analytics,Active,High,2024-01-02,2025-02-17,USD,5838000,59,90,3,Standard,Finance,Global,CFO,Victor Nwosu,Senior,5,Revenue Growth,Growth,0.95,2025-09-01,2025-09-30,2025,Q3,9,Sep-2025,True,True
533,99,202611,Technical,Technical debt threatens delivery,5,4,20,Critical,Mitigating,On Track,Program Manager,2026-11-20,2027-01-30,PPM-0099,Insight Customer 360,2,8,2,Data & Analytics,Active,High,2024-01-02,2025-02-17,USD,5838000,59,90,3,Standard,Finance,Global,CFO,Victor Nwosu,Senior,5,Revenue Growth,Growth,0.95,2026-11-01,2026-11-30,2026,Q4,11,Nov-2026,True,True
534,99,202502,Financial,Vendor spend trending above plan,3,5,15,High,Open,Planned,Program Manager,2025-02-09,2025-05-07,PPM-0099,Insight Customer 360,2,8,2,Data & Analytics,Active,High,2024-01-02,2025-02-17,USD,5838000,59,90,3,Standard,Finance,Global,CFO,Victor Nwosu,Senior,5,Revenue Growth,Growth,0.95,2025-02-01,2025-02-28,2025,Q1,2,Feb-2025,True,True
535,99,202601,Resource,Specialist allocation conflict,4,5,20,Critical,Open,Planned,Technical Lead,2026-01-09,2026-05-04,PPM-0099,Insight Customer 360,2,8,2,Data & Analytics,Active,High,2024-01-02,2025-02-17,USD,5838000,59,90,3,Standard,Finance,Global,CFO,Victor Nwosu,Senior,5,Revenue Growth,Growth,0.95,2026-01-01,2026-01-31,2026,Q1,1,Jan-2026,True,True
536,99,202608,Schedule,Critical milestone slippage,4,5,20,Critical,Mitigating,At Risk,Project Manager,2026-08-09,2026-11-30,PPM-0099,Insight Customer 360,2,8,2,Data & Analytics,Active,High,2024-01-02,2025-02-17,USD,5838000,59,90,3,Standard,Finance,Global,CFO,Victor Nwosu,Senior,5,Revenue Growth,Growth,0.95,2026-08-01,2026-08-31,2026,Q3,8,Aug-2026,True,True
537,99,202508,Financial,Contingency reserve under pressure,4,5,20,Critical,Open,Planned,Project Manager,2025-08-21,2025-11-10,PPM-0099,Insight Customer 360,2,8,2,Data & Analytics,Active,High,2024-01-02,2025-02-17,USD,5838000,59,90,3,Standard,Finance,Global,CFO,Victor Nwosu,Senior,5,Revenue Growth,Growth,0.95,2025-08-01,2025-08-31,2025,Q3,8,Aug-2025,True,True
538,99,202601,Change Management,Adoption readiness behind plan,4,5,20,Critical,Closed,Complete,Business Owner,2026-01-14,2026-05-02,PPM-0099,Insight Customer 360,2,8,2,Data & Analytics,Active,High,2024-01-02,2025-02-17,USD,5838000,59,90,3,Standard,Finance,Global,CFO,Victor Nwosu,Senior,5,Revenue Growth,Growth,0.95,2026-01-01,2026-01-31,2026,Q1,1,Jan-2026,False,True
539,100,202601,Technical,Architecture risk unresolved,4,3,12,High,Closed,Complete,Project Manager,2026-01-17,2026-04-17,PPM-0100,Unity Revenue Enablement,5,16,3,Regulatory,Active,Medium,2025-04-10,2027-04-13,USD,2703000,71,59,1,Standard,Supply Chain,Global,EVP Supply Chain,Carlos Garcia,Lead,5,Operational Efficiency,Efficiency,0.85,2026-01-01,2026-01-31,2026,Q1,1,Jan-2026,False,True
540,100,202505,Schedule,Critical milestone slippage,4,5,20,Critical,Closed,Complete,Business Owner,2025-05-20,2025-07-31,PPM-0100,Unity Revenue Enablement,5,16,3,Regulatory,Active,Medium,2025-04-10,2027-04-13,USD,2703000,71,59,1,Standard,Supply Chain,Global,EVP Supply Chain,Carlos Garcia,Lead,5,Operational Efficiency,Efficiency,0.85,2025-05-01,2025-05-31,2025,Q2,5,May-2025,False,True
541,100,202602,Schedule,Testing window compressed,5,4,20,Critical,Mitigating,On Track,PMO,2026-02-07,2026-03-11,PPM-0100,Unity Revenue Enablement,5,16,3,Regulatory,Active,Medium,2025-04-10,2027-04-13,USD,2703000,71,59,1,Standard,Supply Chain,Global,EVP Supply Chain,Carlos Garcia,Lead,5,Operational Efficiency,Efficiency,0.85,2026-02-01,2026-02-28,2026,Q1,2,Feb-2026,True,True
542,100,202605,Schedule,Critical milestone slippage,5,5,25,Critical,Open,Not Started,Program Manager,2026-05-22,2026-09-14,PPM-0100,Unity Revenue Enablement,5,16,3,Regulatory,Active,Medium,2025-04-10,2027-04-13,USD,2703000,71,59,1,Standard,Supply Chain,Global,EVP Supply Chain,Carlos Garcia,Lead,5,Operational Efficiency,Efficiency,0.85,2026-05-01,2026-05-31,2026,Q2,5,May-2026,True,True
543,100,202609,Resource,Key role vacancy,5,3,15,High,Mitigating,In Progress,Technical Lead,2026-09-11,2027-01-02,PPM-0100,Unity Revenue Enablement,5,16,3,Regulatory,Active,Medium,2025-04-10,2027-04-13,USD,2703000,71,59,1,Standard,Supply Chain,Global,EVP Supply Chain,Carlos Garcia,Lead,5,Operational Efficiency,Efficiency,0.85,2026-09-01,2026-09-30,2026,Q3,9,Sep-2026,True,True
544,100,202609,Schedule,Testing window compressed,5,4,20,Critical,Mitigating,On Track,Business Owner,2026-09-22,2026-12-30,PPM-0100,Unity Revenue Enablement,5,16,3,Regulatory,Active,Medium,2025-04-10,2027-04-13,USD,2703000,71,59,1,Standard,Supply Chain,Global,EVP Supply Chain,Carlos Garcia,Lead,5,Operational Efficiency,Efficiency,0.85,2026-09-01,2026-09-30,2026,Q3,9,Sep-2026,True,True
545,100,202508,Schedule,Testing window compressed,5,3,15,High,Open,Not Started,Project Manager,2025-08-10,2025-09-23,PPM-0100,Unity Revenue Enablement,5,16,3,Regulatory,Active,Medium,2025-04-10,2027-04-13,USD,2703000,71,59,1,Standard,Supply Chain,Global,EVP Supply Chain,Carlos Garcia,Lead,5,Operational Efficiency,Efficiency,0.85,2025-08-01,2025-08-31,2025,Q3,8,Aug-2025,True,True
546,101,202609,Technical,Integration complexity exceeds plan,3,4,12,High,Mitigating,On Track,Business Owner,2026-09-08,2026-11-10,PPM-0101,Delta Analytics Hub,4,8,1,Customer Experience,Active,Medium,2025-09-08,2027-05-01,USD,3206000,52,51,5,Standard,Commercial,North America,Chief Commercial Officer,Victor Nwosu,Senior,5,Digital Transformation,Growth & Modernization,1.0,2026-09-01,2026-09-30,2026,Q3,9,Sep-2026,True,True
547,101,202608,Resource,Specialist allocation conflict,2,3,6,Moderate,Open,Not Started,Business Owner,2026-08-12,2026-11-16,PPM-0101,Delta Analytics Hub,4,8,1,Customer Experience,Active,Medium,2025-09-08,2027-05-01,USD,3206000,52,51,5,Standard,Commercial,North America,Chief Commercial Officer,Victor Nwosu,Senior,5,Digital Transformation,Growth & Modernization,1.0,2026-08-01,2026-08-31,2026,Q3,8,Aug-2026,True,False
548,101,202509,Vendor,Supplier capacity constraint,4,4,16,Critical,Open,Planned,Project Manager,2025-09-12,2025-12-09,PPM-0101,Delta Analytics Hub,4,8,1,Customer Experience,Active,Medium,2025-09-08,2027-05-01,USD,3206000,52,51,5,Standard,Commercial,North America,Chief Commercial Officer,Victor Nwosu,Senior,5,Digital Transformation,Growth & Modernization,1.0,2025-09-01,2025-09-30,2025,Q3,9,Sep-2025,True,True
549,101,202602,Technical,Architecture risk unresolved,3,3,9,Moderate,Mitigating,At Risk,Program Manager,2026-02-14,2026-06-14,PPM-0101,Delta Analytics Hub,4,8,1,Customer Experience,Active,Medium,2025-09-08,2027-05-01,USD,3206000,52,51,5,Standard,Commercial,North America,Chief Commercial Officer,Victor Nwosu,Senior,5,Digital Transformation,Growth & Modernization,1.0,2026-02-01,2026-02-28,2026,Q1,2,Feb-2026,True,False
550,101,202607,Resource,Key role vacancy,4,3,12,High,Mitigating,In Progress,Project Manager,2026-07-24,2026-09-18,PPM-0101,Delta Analytics Hub,4,8,1,Customer Experience,Active,Medium,2025-09-08,2027-05-01,USD,3206000,52,51,5,Standard,Commercial,North America,Chief Commercial Officer,Victor Nwosu,Senior,5,Digital Transformation,Growth & Modernization,1.0,2026-07-01,2026-07-31,2026,Q3,7,Jul-2026,True,True
551,101,202605,Resource,Specialist allocation conflict,3,3,9,Moderate,Mitigating,On Track,Business Owner,2026-05-14,2026-07-21,PPM-0101,Delta Analytics Hub,4,8,1,Customer Experience,Active,Medium,2025-09-08,2027-05-01,USD,3206000,52,51,5,Standard,Commercial,North America,Chief Commercial Officer,Victor Nwosu,Senior,5,Digital Transformation,Growth & Modernization,1.0,2026-05-01,2026-05-31,2026,Q2,5,May-2026,True,False
552,101,202612,Schedule,Dependency delay threatens delivery,3,3,9,Moderate,Open,Not Started,PMO,2026-12-08,2027-01-12,PPM-0101,Delta Analytics Hub,4,8,1,Customer Experience,Active,Medium,2025-09-08,2027-05-01,USD,3206000,52,51,5,Standard,Commercial,North America,Chief Commercial Officer,Victor Nwosu,Senior,5,Digital Transformation,Growth & Modernization,1.0,2026-12-01,2026-12-31,2026,Q4,12,Dec-2026,True,False
553,102,202512,Financial,Forecast cost exceeds approved budget,2,5,10,High,Open,Planned,Program Manager,2025-12-20,2026-01-19,PPM-0102,Insight Cloud Core,6,19,1,Product Development,On Hold,Critical,2025-03-28,2025-11-16,USD,1755000,59,76,4,Business Critical,Corporate Services,Global,Chief Administrative Officer,Fatima Khan,Senior,6,Digital Transformation,Growth & Modernization,1.0,2025-12-01,2025-12-31,2025,Q4,12,Dec-2025,True,True
554,102,202603,Schedule,Testing window compressed,3,3,9,Moderate,Open,Not Started,Program Manager,2026-03-14,2026-06-11,PPM-0102,Insight Cloud Core,6,19,1,Product Development,On Hold,Critical,2025-03-28,2025-11-16,USD,1755000,59,76,4,Business Critical,Corporate Services,Global,Chief Administrative Officer,Fatima Khan,Senior,6,Digital Transformation,Growth & Modernization,1.0,2026-03-01,2026-03-31,2026,Q1,3,Mar-2026,True,False
555,102,202508,Resource,Key role vacancy,4,4,16,Critical,Mitigating,On Track,PMO,2025-08-19,2025-11-16,PPM-0102,Insight Cloud Core,6,19,1,Product Development,On Hold,Critical,2025-03-28,2025-11-16,USD,1755000,59,76,4,Business Critical,Corporate Services,Global,Chief Administrative Officer,Fatima Khan,Senior,6,Digital Transformation,Growth & Modernization,1.0,2025-08-01,2025-08-31,2025,Q3,8,Aug-2025,True,True
556,102,202501,Financial,Contingency reserve under pressure,2,3,6,Moderate,Open,Planned,PMO,2025-01-21,2025-04-03,PPM-0102,Insight Cloud Core,6,19,1,Product Development,On Hold,Critical,2025-03-28,2025-11-16,USD,1755000,59,76,4,Business Critical,Corporate Services,Global,Chief Administrative Officer,Fatima Khan,Senior,6,Digital Transformation,Growth & Modernization,1.0,2025-01-01,2025-01-31,2025,Q1,1,Jan-2025,True,False
557,102,202602,Financial,Forecast cost exceeds approved budget,4,4,16,Critical,Open,Planned,Project Manager,2026-02-08,2026-06-04,PPM-0102,Insight Cloud Core,6,19,1,Product Development,On Hold,Critical,2025-03-28,2025-11-16,USD,1755000,59,76,4,Business Critical,Corporate Services,Global,Chief Administrative Officer,Fatima Khan,Senior,6,Digital Transformation,Growth & Modernization,1.0,2026-02-01,2026-02-28,2026,Q1,2,Feb-2026,True,True
558,102,202611,Vendor,Vendor deliverable delayed,3,4,12,High,Open,Planned,PMO,2026-11-13,2026-12-26,PPM-0102,Insight Cloud Core,6,19,1,Product Development,On Hold,Critical,2025-03-28,2025-11-16,USD,1755000,59,76,4,Business Critical,Corporate Services,Global,Chief Administrative Officer,Fatima Khan,Senior,6,Digital Transformation,Growth & Modernization,1.0,2026-11-01,2026-11-30,2026,Q4,11,Nov-2026,True,True
559,103,202505,Technical,Integration complexity exceeds plan,3,3,9,Moderate,Open,Planned,Project Manager,2025-05-07,2025-08-01,PPM-0103,Nexus Infrastructure Refresh,2,2,1,Cloud Migration,On Hold,Critical,2025-09-07,2026-04-24,USD,1662000,70,60,5,Business Critical,Finance,Global,CFO,Daniel Chen,Senior,5,Digital Transformation,Growth & Modernization,1.0,2025-05-01,2025-05-31,2025,Q2,5,May-2025,True,False
560,103,202512,Financial,Contingency reserve under pressure,3,2,6,Moderate,Closed,Complete,Project Manager,2025-12-13,2026-01-25,PPM-0103,Nexus Infrastructure Refresh,2,2,1,Cloud Migration,On Hold,Critical,2025-09-07,2026-04-24,USD,1662000,70,60,5,Business Critical,Finance,Global,CFO,Daniel Chen,Senior,5,Digital Transformation,Growth & Modernization,1.0,2025-12-01,2025-12-31,2025,Q4,12,Dec-2025,False,False
561,103,202604,Resource,Specialist allocation conflict,3,3,9,Moderate,Closed,Complete,Technical Lead,2026-04-06,2026-07-04,PPM-0103,Nexus Infrastructure Refresh,2,2,1,Cloud Migration,On Hold,Critical,2025-09-07,2026-04-24,USD,1662000,70,60,5,Business Critical,Finance,Global,CFO,Daniel Chen,Senior,5,Digital Transformation,Growth & Modernization,1.0,2026-04-01,2026-04-30,2026,Q2,4,Apr-2026,False,False
562,103,202508,Resource,Key role vacancy,2,3,6,Moderate,Closed,Complete,Technical Lead,2025-08-13,2025-11-14,PPM-0103,Nexus Infrastructure Refresh,2,2,1,Cloud Migration,On Hold,Critical,2025-09-07,2026-04-24,USD,1662000,70,60,5,Business Critical,Finance,Global,CFO,Daniel Chen,Senior,5,Digital Transformation,Growth & Modernization,1.0,2025-08-01,2025-08-31,2025,Q3,8,Aug-2025,False,False
563,103,202601,Resource,Key role vacancy,2,3,6,Moderate,Mitigating,On Track,Project Manager,2026-01-13,2026-04-15,PPM-0103,Nexus Infrastructure Refresh,2,2,1,Cloud Migration,On Hold,Critical,2025-09-07,2026-04-24,USD,1662000,70,60,5,Business Critical,Finance,Global,CFO,Daniel Chen,Senior,5,Digital Transformation,Growth & Modernization,1.0,2026-01-01,2026-01-31,2026,Q1,1,Jan-2026,True,False
564,104,202508,Vendor,Third-party dependency at risk,2,2,4,Low,Open,Planned,Business Owner,2025-08-16,2025-12-03,PPM-0104,Titan Data Platform 2,2,13,3,Customer Experience,Active,High,2024-08-17,2025-05-15,USD,1576000,54,50,1,Mission Critical,Finance,Global,CFO,Nadia Rahman,Lead,5,Operational Efficiency,Efficiency,0.85,2025-08-01,2025-08-31,2025,Q3,8,Aug-2025,True,False
565,104,202607,Vendor,Vendor deliverable delayed,2,4,8,Moderate,Mitigating,At Risk,Program Manager,2026-07-11,2026-08-19,PPM-0104,Titan Data Platform 2,2,13,3,Customer Experience,Active,High,2024-08-17,2025-05-15,USD,1576000,54,50,1,Mission Critical,Finance,Global,CFO,Nadia Rahman,Lead,5,Operational Efficiency,Efficiency,0.85,2026-07-01,2026-07-31,2026,Q3,7,Jul-2026,True,False
566,104,202609,Technical,Integration complexity exceeds plan,1,3,3,Low,Closed,Complete,Project Manager,2026-09-25,2026-12-15,PPM-0104,Titan Data Platform 2,2,13,3,Customer Experience,Active,High,2024-08-17,2025-05-15,USD,1576000,54,50,1,Mission Critical,Finance,Global,CFO,Nadia Rahman,Lead,5,Operational Efficiency,Efficiency,0.85,2026-09-01,2026-09-30,2026,Q3,9,Sep-2026,False,False
567,105,202510,Change Management,Adoption readiness behind plan,2,4,8,Moderate,Closed,Complete,PMO,2025-10-11,2025-11-20,PPM-0105,Genesis Analytics Hub 2,4,7,3,Data & Analytics,On Hold,High,2025-03-11,2027-06-09,USD,1594000,74,63,2,Important,Commercial,North America,Chief Commercial Officer,Rachel Thompson,Senior,1,Operational Efficiency,Efficiency,0.85,2025-10-01,2025-10-31,2025,Q4,10,Oct-2025,False,False
568,105,202508,Change Management,Training preparation delayed,2,3,6,Moderate,Mitigating,On Track,Project Manager,2025-08-16,2025-12-14,PPM-0105,Genesis Analytics Hub 2,4,7,3,Data & Analytics,On Hold,High,2025-03-11,2027-06-09,USD,1594000,74,63,2,Important,Commercial,North America,Chief Commercial Officer,Rachel Thompson,Senior,1,Operational Efficiency,Efficiency,0.85,2025-08-01,2025-08-31,2025,Q3,8,Aug-2025,True,False
569,105,202602,Resource,Critical skill capacity constrained,2,3,6,Moderate,Mitigating,At Risk,PMO,2026-02-21,2026-06-09,PPM-0105,Genesis Analytics Hub 2,4,7,3,Data & Analytics,On Hold,High,2025-03-11,2027-06-09,USD,1594000,74,63,2,Important,Commercial,North America,Chief Commercial Officer,Rachel Thompson,Senior,1,Operational Efficiency,Efficiency,0.85,2026-02-01,2026-02-28,2026,Q1,2,Feb-2026,True,False
570,106,202609,Resource,Critical skill capacity constrained,2,3,6,Moderate,Closed,Complete,Project Manager,2026-09-23,2027-01-10,PPM-0106,Nexus Finance Modernization,2,15,2,ERP Transformation,Completed,Medium,2024-09-20,2025-09-22,USD,5158000,58,97,3,Important,Finance,Global,CFO,Mei Liu,Lead,5,Revenue Growth,Growth,0.95,2026-09-01,2026-09-30,2026,Q3,9,Sep-2026,False,False
571,106,202501,Vendor,Supplier capacity constraint,1,2,2,Low,Open,Planned,PMO,2025-01-22,2025-03-23,PPM-0106,Nexus Finance Modernization,2,15,2,ERP Transformation,Completed,Medium,2024-09-20,2025-09-22,USD,5158000,58,97,3,Important,Finance,Global,CFO,Mei Liu,Lead,5,Revenue Growth,Growth,0.95,2025-01-01,2025-01-31,2025,Q1,1,Jan-2025,True,False
572,106,202507,Technical,Technical debt threatens delivery,2,2,4,Low,Closed,Complete,Technical Lead,2025-07-14,2025-09-28,PPM-0106,Nexus Finance Modernization,2,15,2,ERP Transformation,Completed,Medium,2024-09-20,2025-09-22,USD,5158000,58,97,3,Important,Finance,Global,CFO,Mei Liu,Lead,5,Revenue Growth,Growth,0.95,2025-07-01,2025-07-31,2025,Q3,7,Jul-2025,False,False
573,107,202511,Resource,Critical skill capacity constrained,2,4,8,Moderate,Open,Not Started,Technical Lead,2025-11-15,2026-01-08,PPM-0107,Nexus Customer 360 2,1,13,3,Infrastructure,Active,Medium,2025-04-22,2025-11-26,USD,3378000,46,96,1,Business Critical,North America Operations,North America,EVP Operations,Nadia Rahman,Lead,5,Operational Efficiency,Efficiency,0.85,2025-11-01,2025-11-30,2025,Q4,11,Nov-2025,True,False
574,107,202506,Scope,Scope growth not fully funded,3,3,9,Moderate,Closed,Complete,Program Manager,2025-06-07,2025-07-30,PPM-0107,Nexus Customer 360 2,1,13,3,Infrastructure,Active,Medium,2025-04-22,2025-11-26,USD,3378000,46,96,1,Business Critical,North America Operations,North America,EVP Operations,Nadia Rahman,Lead,5,Operational Efficiency,Efficiency,0.85,2025-06-01,2025-06-30,2025,Q2,6,Jun-2025,False,False
575,107,202611,Resource,Specialist allocation conflict,4,4,16,Critical,Mitigating,At Risk,Program Manager,2026-11-18,2027-02-17,PPM-0107,Nexus Customer 360 2,1,13,3,Infrastructure,Active,Medium,2025-04-22,2025-11-26,USD,3378000,46,96,1,Business Critical,North America Operations,North America,EVP Operations,Nadia Rahman,Lead,5,Operational Efficiency,Efficiency,0.85,2026-11-01,2026-11-30,2026,Q4,11,Nov-2026,True,True
576,107,202504,Vendor,Supplier capacity constraint,3,5,15,High,Mitigating,On Track,Technical Lead,2025-04-25,2025-07-25,PPM-0107,Nexus Customer 360 2,1,13,3,Infrastructure,Active,Medium,2025-04-22,2025-11-26,USD,3378000,46,96,1,Business Critical,North America Operations,North America,EVP Operations,Nadia Rahman,Lead,5,Operational Efficiency,Efficiency,0.85,2025-04-01,2025-04-30,2025,Q2,4,Apr-2025,True,True
577,107,202505,Schedule,Testing window compressed,3,4,12,High,Mitigating,On Track,PMO,2025-05-13,2025-07-26,PPM-0107,Nexus Customer 360 2,1,13,3,Infrastructure,Active,Medium,2025-04-22,2025-11-26,USD,3378000,46,96,1,Business Critical,North America Operations,North America,EVP Operations,Nadia Rahman,Lead,5,Operational Efficiency,Efficiency,0.85,2025-05-01,2025-05-31,2025,Q2,5,May-2025,True,True
578,107,202504,Resource,Specialist allocation conflict,2,4,8,Moderate,Open,Not Started,Business Owner,2025-04-14,2025-07-06,PPM-0107,Nexus Customer 360 2,1,13,3,Infrastructure,Active,Medium,2025-04-22,2025-11-26,USD,3378000,46,96,1,Business Critical,North America Operations,North America,EVP Operations,Nadia Rahman,Lead,5,Operational Efficiency,Efficiency,0.85,2025-04-01,2025-04-30,2025,Q2,4,Apr-2025,True,False
579,107,202604,Resource,Specialist allocation conflict,4,5,20,Critical,Mitigating,On Track,Project Manager,2026-04-22,2026-05-27,PPM-0107,Nexus Customer 360 2,1,13,3,Infrastructure,Active,Medium,2025-04-22,2025-11-26,USD,3378000,46,96,1,Business Critical,North America Operations,North America,EVP Operations,Nadia Rahman,Lead,5,Operational Efficiency,Efficiency,0.85,2026-04-01,2026-04-30,2026,Q2,4,Apr-2026,True,True
580,108,202608,Technical,Integration complexity exceeds plan,2,3,6,Moderate,Closed,Complete,Business Owner,2026-08-19,2026-09-25,PPM-0108,Keystone Data Platform 2,1,24,2,Customer Experience,On Hold,Critical,2025-07-12,2027-05-31,USD,9854000,49,79,2,Mission Critical,North America Operations,North America,EVP Operations,Noah Anderson,Senior,6,Revenue Growth,Growth,0.95,2026-08-01,2026-08-31,2026,Q3,8,Aug-2026,False,False
581,108,202601,Technical,Technical debt threatens delivery,3,3,9,Moderate,Closed,Complete,Program Manager,2026-01-10,2026-03-15,PPM-0108,Keystone Data Platform 2,1,24,2,Customer Experience,On Hold,Critical,2025-07-12,2027-05-31,USD,9854000,49,79,2,Mission Critical,North America Operations,North America,EVP Operations,Noah Anderson,Senior,6,Revenue Growth,Growth,0.95,2026-01-01,2026-01-31,2026,Q1,1,Jan-2026,False,False
582,108,202508,Compliance,Control evidence incomplete,1,3,3,Low,Closed,Complete,Technical Lead,2025-08-26,2025-09-30,PPM-0108,Keystone Data Platform 2,1,24,2,Customer Experience,On Hold,Critical,2025-07-12,2027-05-31,USD,9854000,49,79,2,Mission Critical,North America Operations,North America,EVP Operations,Noah Anderson,Senior,6,Revenue Growth,Growth,0.95,2025-08-01,2025-08-31,2025,Q3,8,Aug-2025,False,False
583,109,202609,Schedule,Critical milestone slippage,5,4,20,Critical,Closed,Complete,Program Manager,2026-09-23,2027-01-20,PPM-0109,Jupiter Process Automation,4,18,6,Regulatory,On Hold,Critical,2025-02-25,2027-01-13,USD,6366000,95,89,5,Standard,Commercial,North America,Chief Commercial Officer,David Clark,Senior,1,Risk Reduction,Risk & Resilience,0.9,2026-09-01,2026-09-30,2026,Q3,9,Sep-2026,False,True
584,109,202506,Financial,Contingency reserve under pressure,5,5,25,Critical,Mitigating,In Progress,PMO,2025-06-23,2025-08-26,PPM-0109,Jupiter Process Automation,4,18,6,Regulatory,On Hold,Critical,2025-02-25,2027-01-13,USD,6366000,95,89,5,Standard,Commercial,North America,Chief Commercial Officer,David Clark,Senior,1,Risk Reduction,Risk & Resilience,0.9,2025-06-01,2025-06-30,2025,Q2,6,Jun-2025,True,True
585,109,202610,Vendor,Vendor deliverable delayed,3,5,15,High,Open,Not Started,Project Manager,2026-10-07,2026-12-20,PPM-0109,Jupiter Process Automation,4,18,6,Regulatory,On Hold,Critical,2025-02-25,2027-01-13,USD,6366000,95,89,5,Standard,Commercial,North America,Chief Commercial Officer,David Clark,Senior,1,Risk Reduction,Risk & Resilience,0.9,2026-10-01,2026-10-31,2026,Q4,10,Oct-2026,True,True
586,109,202609,Schedule,Dependency delay threatens delivery,5,5,25,Critical,Open,Not Started,Project Manager,2026-09-05,2026-10-24,PPM-0109,Jupiter Process Automation,4,18,6,Regulatory,On Hold,Critical,2025-02-25,2027-01-13,USD,6366000,95,89,5,Standard,Commercial,North America,Chief Commercial Officer,David Clark,Senior,1,Risk Reduction,Risk & Resilience,0.9,2026-09-01,2026-09-30,2026,Q3,9,Sep-2026,True,True
587,109,202602,Scope,Change requests threaten baseline,3,5,15,High,Mitigating,In Progress,Business Owner,2026-02-21,2026-05-13,PPM-0109,Jupiter Process Automation,4,18,6,Regulatory,On Hold,Critical,2025-02-25,2027-01-13,USD,6366000,95,89,5,Standard,Commercial,North America,Chief Commercial Officer,David Clark,Senior,1,Risk Reduction,Risk & Resilience,0.9,2026-02-01,2026-02-28,2026,Q1,2,Feb-2026,True,True
588,109,202610,Financial,Vendor spend trending above plan,4,5,20,Critical,Mitigating,At Risk,Business Owner,2026-10-14,2026-12-19,PPM-0109,Jupiter Process Automation,4,18,6,Regulatory,On Hold,Critical,2025-02-25,2027-01-13,USD,6366000,95,89,5,Standard,Commercial,North America,Chief Commercial Officer,David Clark,Senior,1,Risk Reduction,Risk & Resilience,0.9,2026-10-01,2026-10-31,2026,Q4,10,Oct-2026,True,True
589,109,202508,Financial,Vendor spend trending above plan,3,5,15,High,Open,Not Started,Project Manager,2025-08-13,2025-10-16,PPM-0109,Jupiter Process Automation,4,18,6,Regulatory,On Hold,Critical,2025-02-25,2027-01-13,USD,6366000,95,89,5,Standard,Commercial,North America,Chief Commercial Officer,David Clark,Senior,1,Risk Reduction,Risk & Resilience,0.9,2025-08-01,2025-08-31,2025,Q3,8,Aug-2025,True,True
590,109,202504,Schedule,Testing window compressed,5,5,25,Critical,Mitigating,On Track,Technical Lead,2025-04-22,2025-06-04,PPM-0109,Jupiter Process Automation,4,18,6,Regulatory,On Hold,Critical,2025-02-25,2027-01-13,USD,6366000,95,89,5,Standard,Commercial,North America,Chief Commercial Officer,David Clark,Senior,1,Risk Reduction,Risk & Resilience,0.9,2025-04-01,2025-04-30,2025,Q2,4,Apr-2025,True,True
591,109,202503,Schedule,Critical milestone slippage,4,5,20,Critical,Open,Not Started,PMO,2025-03-07,2025-06-17,PPM-0109,Jupiter Process Automation,4,18,6,Regulatory,On Hold,Critical,2025-02-25,2027-01-13,USD,6366000,95,89,5,Standard,Commercial,North America,Chief Commercial Officer,David Clark,Senior,1,Risk Reduction,Risk & Resilience,0.9,2025-03-01,2025-03-31,2025,Q1,3,Mar-2025,True,True
592,110,202608,Vendor,Supplier capacity constraint,3,4,12,High,Mitigating,At Risk,Technical Lead,2026-08-20,2026-09-21,PPM-0110,Wave Regulatory Readiness,6,8,2,Customer Experience,Active,Low,2026-02-04,2027-12-10,USD,19944000,49,68,4,Important,Corporate Services,Global,Chief Administrative Officer,Victor Nwosu,Senior,5,Revenue Growth,Growth,0.95,2026-08-01,2026-08-31,2026,Q3,8,Aug-2026,True,True
593,110,202501,Vendor,Supplier capacity constraint,2,4,8,Moderate,Open,Not Started,PMO,2025-01-25,2025-03-19,PPM-0110,Wave Regulatory Readiness,6,8,2,Customer Experience,Active,Low,2026-02-04,2027-12-10,USD,19944000,49,68,4,Important,Corporate Services,Global,Chief Administrative Officer,Victor Nwosu,Senior,5,Revenue Growth,Growth,0.95,2025-01-01,2025-01-31,2025,Q1,1,Jan-2025,True,False
594,110,202502,Schedule,Dependency delay threatens delivery,3,3,9,Moderate,Mitigating,On Track,Program Manager,2025-02-13,2025-03-17,PPM-0110,Wave Regulatory Readiness,6,8,2,Customer Experience,Active,Low,2026-02-04,2027-12-10,USD,19944000,49,68,4,Important,Corporate Services,Global,Chief Administrative Officer,Victor Nwosu,Senior,5,Revenue Growth,Growth,0.95,2025-02-01,2025-02-28,2025,Q1,2,Feb-2025,True,False
595,110,202604,Financial,Forecast cost exceeds approved budget,3,4,12,High,Open,Planned,Project Manager,2026-04-18,2026-07-17,PPM-0110,Wave Regulatory Readiness,6,8,2,Customer Experience,Active,Low,2026-02-04,2027-12-10,USD,19944000,49,68,4,Important,Corporate Services,Global,Chief Administrative Officer,Victor Nwosu,Senior,5,Revenue Growth,Growth,0.95,2026-04-01,2026-04-30,2026,Q2,4,Apr-2026,True,True
596,110,202503,Schedule,Dependency delay threatens delivery,2,4,8,Moderate,Mitigating,At Risk,PMO,2025-03-13,2025-06-25,PPM-0110,Wave Regulatory Readiness,6,8,2,Customer Experience,Active,Low,2026-02-04,2027-12-10,USD,19944000,49,68,4,Important,Corporate Services,Global,Chief Administrative Officer,Victor Nwosu,Senior,5,Revenue Growth,Growth,0.95,2025-03-01,2025-03-31,2025,Q1,3,Mar-2025,True,False
597,110,202507,Resource,Specialist allocation conflict,3,3,9,Moderate,Open,Not Started,Project Manager,2025-07-18,2025-08-24,PPM-0110,Wave Regulatory Readiness,6,8,2,Customer Experience,Active,Low,2026-02-04,2027-12-10,USD,19944000,49,68,4,Important,Corporate Services,Global,Chief Administrative Officer,Victor Nwosu,Senior,5,Revenue Growth,Growth,0.95,2025-07-01,2025-07-31,2025,Q3,7,Jul-2025,True,False
598,110,202608,Scope,Requirements instability,2,4,8,Moderate,Mitigating,In Progress,Project Manager,2026-08-13,2026-12-07,PPM-0110,Wave Regulatory Readiness,6,8,2,Customer Experience,Active,Low,2026-02-04,2027-12-10,USD,19944000,49,68,4,Important,Corporate Services,Global,Chief Administrative Officer,Victor Nwosu,Senior,5,Revenue Growth,Growth,0.95,2026-08-01,2026-08-31,2026,Q3,8,Aug-2026,True,False
599,110,202508,Resource,Specialist allocation conflict,4,4,16,Critical,Open,Planned,Business Owner,2025-08-09,2025-11-12,PPM-0110,Wave Regulatory Readiness,6,8,2,Customer Experience,Active,Low,2026-02-04,2027-12-10,USD,19944000,49,68,4,Important,Corporate Services,Global,Chief Administrative Officer,Victor Nwosu,Senior,5,Revenue Growth,Growth,0.95,2025-08-01,2025-08-31,2025,Q3,8,Aug-2025,True,True
600,110,202605,Financial,Contingency reserve under pressure,3,4,12,High,Closed,Complete,Project Manager,2026-05-07,2026-06-20,PPM-0110,Wave Regulatory Readiness,6,8,2,Customer Experience,Active,Low,2026-02-04,2027-12-10,USD,19944000,49,68,4,Important,Corporate Services,Global,Chief Administrative Officer,Victor Nwosu,Senior,5,Revenue Growth,Growth,0.95,2026-05-01,2026-05-31,2026,Q2,5,May-2026,False,True
601,111,202610,Resource,Critical skill capacity constrained,2,2,4,Low,Open,Planned,Technical Lead,2026-10-13,2026-12-11,PPM-0111,Nexus Revenue Enablement,5,4,2,Product Development,Active,Medium,2024-08-22,2025-08-14,USD,7086000,80,66,5,Important,Supply Chain,Global,EVP Supply Chain,Michael Johnson,Principal,3,Revenue Growth,Growth,0.95,2026-10-01,2026-10-31,2026,Q4,10,Oct-2026,True,False
602,111,202603,Resource,Key role vacancy,2,2,4,Low,Closed,Complete,Project Manager,2026-03-24,2026-07-16,PPM-0111,Nexus Revenue Enablement,5,4,2,Product Development,Active,Medium,2024-08-22,2025-08-14,USD,7086000,80,66,5,Important,Supply Chain,Global,EVP Supply Chain,Michael Johnson,Principal,3,Revenue Growth,Growth,0.95,2026-03-01,2026-03-31,2026,Q1,3,Mar-2026,False,False
603,111,202504,Technical,Integration complexity exceeds plan,2,1,2,Low,Closed,Complete,Business Owner,2025-04-22,2025-07-26,PPM-0111,Nexus Revenue Enablement,5,4,2,Product Development,Active,Medium,2024-08-22,2025-08-14,USD,7086000,80,66,5,Important,Supply Chain,Global,EVP Supply Chain,Michael Johnson,Principal,3,Revenue Growth,Growth,0.95,2025-04-01,2025-04-30,2025,Q2,4,Apr-2025,False,False
604,112,202606,Technical,Integration complexity exceeds plan,3,3,9,Moderate,Open,Not Started,Project Manager,2026-06-08,2026-08-29,PPM-0112,Summit Regulatory Readiness,1,22,1,Product Development,On Hold,High,2025-07-09,2026-05-20,USD,1264000,92,86,2,Mission Critical,North America Operations,North America,EVP Operations,Marcus Reid,Lead,3,Digital Transformation,Growth & Modernization,1.0,2026-06-01,2026-06-30,2026,Q2,6,Jun-2026,True,False
605,112,202601,Compliance,Regulatory requirement unresolved,1,2,2,Low,Closed,Complete,Program Manager,2026-01-18,2026-04-12,PPM-0112,Summit Regulatory Readiness,1,22,1,Product Development,On Hold,High,2025-07-09,2026-05-20,USD,1264000,92,86,2,Mission Critical,North America Operations,North America,EVP Operations,Marcus Reid,Lead,3,Digital Transformation,Growth & Modernization,1.0,2026-01-01,2026-01-31,2026,Q1,1,Jan-2026,False,False
606,112,202606,Schedule,Dependency delay threatens delivery,2,4,8,Moderate,Open,Not Started,Program Manager,2026-06-13,2026-08-01,PPM-0112,Summit Regulatory Readiness,1,22,1,Product Development,On Hold,High,2025-07-09,2026-05-20,USD,1264000,92,86,2,Mission Critical,North America Operations,North America,EVP Operations,Marcus Reid,Lead,3,Digital Transformation,Growth & Modernization,1.0,2026-06-01,2026-06-30,2026,Q2,6,Jun-2026,True,False
607,113,202502,Resource,Specialist allocation conflict,3,2,6,Moderate,Open,Not Started,Program Manager,2025-02-11,2025-05-30,PPM-0113,Aurora Regulatory Readiness,5,21,2,Data & Analytics,On Hold,Low,2024-07-05,2025-04-14,USD,4801000,82,85,1,Important,Supply Chain,Global,EVP Supply Chain,Leila Bennett,Senior,4,Revenue Growth,Growth,0.95,2025-02-01,2025-02-28,2025,Q1,2,Feb-2025,True,False
608,113,202601,Schedule,Testing window compressed,3,3,9,Moderate,Open,Not Started,Business Owner,2026-01-07,2026-04-14,PPM-0113,Aurora Regulatory Readiness,5,21,2,Data & Analytics,On Hold,Low,2024-07-05,2025-04-14,USD,4801000,82,85,1,Important,Supply Chain,Global,EVP Supply Chain,Leila Bennett,Senior,4,Revenue Growth,Growth,0.95,2026-01-01,2026-01-31,2026,Q1,1,Jan-2026,True,False
609,113,202504,Resource,Key role vacancy,3,1,3,Low,Mitigating,On Track,Program Manager,2025-04-12,2025-08-04,PPM-0113,Aurora Regulatory Readiness,5,21,2,Data & Analytics,On Hold,Low,2024-07-05,2025-04-14,USD,4801000,82,85,1,Important,Supply Chain,Global,EVP Supply Chain,Leila Bennett,Senior,4,Revenue Growth,Growth,0.95,2025-04-01,2025-04-30,2025,Q2,4,Apr-2025,True,False
610,114,202504,Resource,Key role vacancy,3,3,9,Moderate,Open,Planned,Project Manager,2025-04-13,2025-06-10,PPM-0114,Nexus Service Transformation,2,20,4,Regulatory,Active,Low,2026-01-01,2026-07-13,USD,20168000,77,79,2,Mission Critical,Finance,Global,CFO,Andrew Walker,Senior,3,Regulatory Compliance,Risk & Compliance,1.0,2025-04-01,2025-04-30,2025,Q2,4,Apr-2025,True,False
611,114,202602,Schedule,Testing window compressed,2,2,4,Low,Mitigating,At Risk,Technical Lead,2026-02-07,2026-03-12,PPM-0114,Nexus Service Transformation,2,20,4,Regulatory,Active,Low,2026-01-01,2026-07-13,USD,20168000,77,79,2,Mission Critical,Finance,Global,CFO,Andrew Walker,Senior,3,Regulatory Compliance,Risk & Compliance,1.0,2026-02-01,2026-02-28,2026,Q1,2,Feb-2026,True,False
612,114,202606,Financial,Forecast cost exceeds approved budget,3,2,6,Moderate,Open,Not Started,Business Owner,2026-06-15,2026-09-16,PPM-0114,Nexus Service Transformation,2,20,4,Regulatory,Active,Low,2026-01-01,2026-07-13,USD,20168000,77,79,2,Mission Critical,Finance,Global,CFO,Andrew Walker,Senior,3,Regulatory Compliance,Risk & Compliance,1.0,2026-06-01,2026-06-30,2026,Q2,6,Jun-2026,True,False
613,114,202501,Schedule,Dependency delay threatens delivery,2,2,4,Low,Mitigating,At Risk,Business Owner,2025-01-18,2025-03-04,PPM-0114,Nexus Service Transformation,2,20,4,Regulatory,Active,Low,2026-01-01,2026-07-13,USD,20168000,77,79,2,Mission Critical,Finance,Global,CFO,Andrew Walker,Senior,3,Regulatory Compliance,Risk & Compliance,1.0,2025-01-01,2025-01-31,2025,Q1,1,Jan-2025,True,False
614,114,202512,Financial,Contingency reserve under pressure,3,3,9,Moderate,Mitigating,In Progress,Technical Lead,2025-12-19,2026-03-05,PPM-0114,Nexus Service Transformation,2,20,4,Regulatory,Active,Low,2026-01-01,2026-07-13,USD,20168000,77,79,2,Mission Critical,Finance,Global,CFO,Andrew Walker,Senior,3,Regulatory Compliance,Risk & Compliance,1.0,2025-12-01,2025-12-31,2025,Q4,12,Dec-2025,True,False
615,114,202602,Financial,Contingency reserve under pressure,3,3,9,Moderate,Closed,Complete,Technical Lead,2026-02-03,2026-04-09,PPM-0114,Nexus Service Transformation,2,20,4,Regulatory,Active,Low,2026-01-01,2026-07-13,USD,20168000,77,79,2,Mission Critical,Finance,Global,CFO,Andrew Walker,Senior,3,Regulatory Compliance,Risk & Compliance,1.0,2026-02-01,2026-02-28,2026,Q1,2,Feb-2026,False,False
616,115,202504,Compliance,Regulatory requirement unresolved,4,5,20,Critical,Open,Not Started,Technical Lead,2025-04-21,2025-05-23,PPM-0115,Orion Supply Chain Optimization,1,15,6,Cybersecurity,Active,Low,2024-05-10,2026-03-30,USD,3492000,85,52,3,Important,North America Operations,North America,EVP Operations,Mei Liu,Lead,5,Risk Reduction,Risk & Resilience,0.9,2025-04-01,2025-04-30,2025,Q2,4,Apr-2025,True,True
617,115,202501,Change Management,Adoption readiness behind plan,4,3,12,High,Open,Not Started,Project Manager,2025-01-10,2025-02-15,PPM-0115,Orion Supply Chain Optimization,1,15,6,Cybersecurity,Active,Low,2024-05-10,2026-03-30,USD,3492000,85,52,3,Important,North America Operations,North America,EVP Operations,Mei Liu,Lead,5,Risk Reduction,Risk & Resilience,0.9,2025-01-01,2025-01-31,2025,Q1,1,Jan-2025,True,True
618,115,202512,Schedule,Critical milestone slippage,5,3,15,High,Open,Not Started,Business Owner,2025-12-23,2026-04-20,PPM-0115,Orion Supply Chain Optimization,1,15,6,Cybersecurity,Active,Low,2024-05-10,2026-03-30,USD,3492000,85,52,3,Important,North America Operations,North America,EVP Operations,Mei Liu,Lead,5,Risk Reduction,Risk & Resilience,0.9,2025-12-01,2025-12-31,2025,Q4,12,Dec-2025,True,True
619,115,202502,Resource,Key role vacancy,4,5,20,Critical,Mitigating,At Risk,PMO,2025-02-13,2025-04-14,PPM-0115,Orion Supply Chain Optimization,1,15,6,Cybersecurity,Active,Low,2024-05-10,2026-03-30,USD,3492000,85,52,3,Important,North America Operations,North America,EVP Operations,Mei Liu,Lead,5,Risk Reduction,Risk & Resilience,0.9,2025-02-01,2025-02-28,2025,Q1,2,Feb-2025,True,True
620,115,202510,Vendor,Supplier capacity constraint,4,5,20,Critical,Open,Not Started,Project Manager,2025-10-25,2026-02-03,PPM-0115,Orion Supply Chain Optimization,1,15,6,Cybersecurity,Active,Low,2024-05-10,2026-03-30,USD,3492000,85,52,3,Important,North America Operations,North America,EVP Operations,Mei Liu,Lead,5,Risk Reduction,Risk & Resilience,0.9,2025-10-01,2025-10-31,2025,Q4,10,Oct-2025,True,True
621,115,202511,Scope,Change requests threaten baseline,3,3,9,Moderate,Mitigating,In Progress,PMO,2025-11-24,2026-01-24,PPM-0115,Orion Supply Chain Optimization,1,15,6,Cybersecurity,Active,Low,2024-05-10,2026-03-30,USD,3492000,85,52,3,Important,North America Operations,North America,EVP Operations,Mei Liu,Lead,5,Risk Reduction,Risk & Resilience,0.9,2025-11-01,2025-11-30,2025,Q4,11,Nov-2025,True,False
622,115,202506,Scope,Change requests threaten baseline,5,5,25,Critical,Open,Not Started,Technical Lead,2025-06-14,2025-09-07,PPM-0115,Orion Supply Chain Optimization,1,15,6,Cybersecurity,Active,Low,2024-05-10,2026-03-30,USD,3492000,85,52,3,Important,North America Operations,North America,EVP Operations,Mei Liu,Lead,5,Risk Reduction,Risk & Resilience,0.9,2025-06-01,2025-06-30,2025,Q2,6,Jun-2025,True,True
623,115,202503,Compliance,Regulatory requirement unresolved,3,3,9,Moderate,Mitigating,At Risk,PMO,2025-03-21,2025-04-29,PPM-0115,Orion Supply Chain Optimization,1,15,6,Cybersecurity,Active,Low,2024-05-10,2026-03-30,USD,3492000,85,52,3,Important,North America Operations,North America,EVP Operations,Mei Liu,Lead,5,Risk Reduction,Risk & Resilience,0.9,2025-03-01,2025-03-31,2025,Q1,3,Mar-2025,True,False
624,115,202511,Schedule,Critical milestone slippage,4,3,12,High,Closed,Complete,Project Manager,2025-11-18,2026-02-28,PPM-0115,Orion Supply Chain Optimization,1,15,6,Cybersecurity,Active,Low,2024-05-10,2026-03-30,USD,3492000,85,52,3,Important,North America Operations,North America,EVP Operations,Mei Liu,Lead,5,Risk Reduction,Risk & Resilience,0.9,2025-11-01,2025-11-30,2025,Q4,11,Nov-2025,False,True
625,116,202602,Schedule,Critical milestone slippage,2,2,4,Low,Open,Not Started,PMO,2026-02-20,2026-05-10,PPM-0116,Fusion Customer 360,4,4,2,Cybersecurity,Completed,Medium,2024-05-30,2024-12-10,USD,9800000,53,61,5,Standard,Commercial,North America,Chief Commercial Officer,Michael Johnson,Principal,3,Revenue Growth,Growth,0.95,2026-02-01,2026-02-28,2026,Q1,2,Feb-2026,True,False
626,116,202609,Resource,Specialist allocation conflict,2,2,4,Low,Closed,Complete,PMO,2026-09-07,2026-12-29,PPM-0116,Fusion Customer 360,4,4,2,Cybersecurity,Completed,Medium,2024-05-30,2024-12-10,USD,9800000,53,61,5,Standard,Commercial,North America,Chief Commercial Officer,Michael Johnson,Principal,3,Revenue Growth,Growth,0.95,2026-09-01,2026-09-30,2026,Q3,9,Sep-2026,False,False
627,116,202609,Change Management,Stakeholder resistance increasing,2,2,4,Low,Open,Planned,PMO,2026-09-16,2026-11-13,PPM-0116,Fusion Customer 360,4,4,2,Cybersecurity,Completed,Medium,2024-05-30,2024-12-10,USD,9800000,53,61,5,Standard,Commercial,North America,Chief Commercial Officer,Michael Johnson,Principal,3,Revenue Growth,Growth,0.95,2026-09-01,2026-09-30,2026,Q3,9,Sep-2026,True,False
628,117,202602,Financial,Vendor spend trending above plan,3,2,6,Moderate,Open,Not Started,Program Manager,2026-02-16,2026-04-20,PPM-0117,Vertex Service Transformation,6,21,2,Regulatory,On Hold,Medium,2025-02-19,2026-07-08,USD,5627000,74,87,4,Important,Corporate Services,Global,Chief Administrative Officer,Leila Bennett,Senior,4,Revenue Growth,Growth,0.95,2026-02-01,2026-02-28,2026,Q1,2,Feb-2026,True,False
629,117,202501,Compliance,Control evidence incomplete,1,3,3,Low,Mitigating,On Track,Business Owner,2025-01-08,2025-03-02,PPM-0117,Vertex Service Transformation,6,21,2,Regulatory,On Hold,Medium,2025-02-19,2026-07-08,USD,5627000,74,87,4,Important,Corporate Services,Global,Chief Administrative Officer,Leila Bennett,Senior,4,Revenue Growth,Growth,0.95,2025-01-01,2025-01-31,2025,Q1,1,Jan-2025,True,False
630,117,202608,Resource,Critical skill capacity constrained,2,2,4,Low,Closed,Complete,Business Owner,2026-08-22,2026-12-14,PPM-0117,Vertex Service Transformation,6,21,2,Regulatory,On Hold,Medium,2025-02-19,2026-07-08,USD,5627000,74,87,4,Important,Corporate Services,Global,Chief Administrative Officer,Leila Bennett,Senior,4,Revenue Growth,Growth,0.95,2026-08-01,2026-08-31,2026,Q3,8,Aug-2026,False,False
631,117,202602,Technical,Architecture risk unresolved,2,2,4,Low,Mitigating,In Progress,Program Manager,2026-02-18,2026-04-29,PPM-0117,Vertex Service Transformation,6,21,2,Regulatory,On Hold,Medium,2025-02-19,2026-07-08,USD,5627000,74,87,4,Important,Corporate Services,Global,Chief Administrative Officer,Leila Bennett,Senior,4,Revenue Growth,Growth,0.95,2026-02-01,2026-02-28,2026,Q1,2,Feb-2026,True,False
632,117,202505,Scope,Requirements instability,3,1,3,Low,Mitigating,In Progress,Program Manager,2025-05-25,2025-08-11,PPM-0117,Vertex Service Transformation,6,21,2,Regulatory,On Hold,Medium,2025-02-19,2026-07-08,USD,5627000,74,87,4,Important,Corporate Services,Global,Chief Administrative Officer,Leila Bennett,Senior,4,Revenue Growth,Growth,0.95,2025-05-01,2025-05-31,2025,Q2,5,May-2025,True,False
633,118,202508,Technical,Technical debt threatens delivery,4,4,16,Critical,Closed,Complete,Business Owner,2025-08-24,2025-12-03,PPM-0118,Vertex Regulatory Readiness,4,7,5,Cloud Migration,Active,Low,2026-01-01,2027-08-25,USD,3335000,46,90,2,Important,Commercial,North America,Chief Commercial Officer,Rachel Thompson,Senior,1,Customer Experience,Customer,0.9,2025-08-01,2025-08-31,2025,Q3,8,Aug-2025,False,True
634,118,202610,Resource,Specialist allocation conflict,5,5,25,Critical,Mitigating,In Progress,Program Manager,2026-10-15,2026-12-09,PPM-0118,Vertex Regulatory Readiness,4,7,5,Cloud Migration,Active,Low,2026-01-01,2027-08-25,USD,3335000,46,90,2,Important,Commercial,North America,Chief Commercial Officer,Rachel Thompson,Senior,1,Customer Experience,Customer,0.9,2026-10-01,2026-10-31,2026,Q4,10,Oct-2026,True,True
635,118,202608,Scope,Change requests threaten baseline,3,4,12,High,Mitigating,In Progress,Program Manager,2026-08-07,2026-10-24,PPM-0118,Vertex Regulatory Readiness,4,7,5,Cloud Migration,Active,Low,2026-01-01,2027-08-25,USD,3335000,46,90,2,Important,Commercial,North America,Chief Commercial Officer,Rachel Thompson,Senior,1,Customer Experience,Customer,0.9,2026-08-01,2026-08-31,2026,Q3,8,Aug-2026,True,True
636,118,202602,Resource,Specialist allocation conflict,5,5,25,Critical,Mitigating,At Risk,PMO,2026-02-13,2026-04-11,PPM-0118,Vertex Regulatory Readiness,4,7,5,Cloud Migration,Active,Low,2026-01-01,2027-08-25,USD,3335000,46,90,2,Important,Commercial,North America,Chief Commercial Officer,Rachel Thompson,Senior,1,Customer Experience,Customer,0.9,2026-02-01,2026-02-28,2026,Q1,2,Feb-2026,True,True
637,118,202506,Resource,Critical skill capacity constrained,5,3,15,High,Open,Not Started,Program Manager,2025-06-07,2025-07-20,PPM-0118,Vertex Regulatory Readiness,4,7,5,Cloud Migration,Active,Low,2026-01-01,2027-08-25,USD,3335000,46,90,2,Important,Commercial,North America,Chief Commercial Officer,Rachel Thompson,Senior,1,Customer Experience,Customer,0.9,2025-06-01,2025-06-30,2025,Q2,6,Jun-2025,True,True
638,118,202609,Financial,Contingency reserve under pressure,3,4,12,High,Mitigating,In Progress,Project Manager,2026-09-06,2026-10-27,PPM-0118,Vertex Regulatory Readiness,4,7,5,Cloud Migration,Active,Low,2026-01-01,2027-08-25,USD,3335000,46,90,2,Important,Commercial,North America,Chief Commercial Officer,Rachel Thompson,Senior,1,Customer Experience,Customer,0.9,2026-09-01,2026-09-30,2026,Q3,9,Sep-2026,True,True
639,118,202607,Schedule,Testing window compressed,5,4,20,Critical,Mitigating,In Progress,Project Manager,2026-07-10,2026-10-31,PPM-0118,Vertex Regulatory Readiness,4,7,5,Cloud Migration,Active,Low,2026-01-01,2027-08-25,USD,3335000,46,90,2,Important,Commercial,North America,Chief Commercial Officer,Rachel Thompson,Senior,1,Customer Experience,Customer,0.9,2026-07-01,2026-07-31,2026,Q3,7,Jul-2026,True,True
640,118,202601,Resource,Key role vacancy,4,4,16,Critical,Open,Not Started,Technical Lead,2026-01-12,2026-05-06,PPM-0118,Vertex Regulatory Readiness,4,7,5,Cloud Migration,Active,Low,2026-01-01,2027-08-25,USD,3335000,46,90,2,Important,Commercial,North America,Chief Commercial Officer,Rachel Thompson,Senior,1,Customer Experience,Customer,0.9,2026-01-01,2026-01-31,2026,Q1,1,Jan-2026,True,True
641,119,202506,Financial,Forecast cost exceeds approved budget,3,2,6,Moderate,Mitigating,On Track,Business Owner,2025-06-25,2025-07-25,PPM-0119,Elevate Finance Modernization,4,11,3,Infrastructure,Active,Critical,2025-06-04,2026-10-20,USD,4983000,71,57,2,Standard,Commercial,North America,Chief Commercial Officer,Grace Okafor,Principal,4,Operational Efficiency,Efficiency,0.85,2025-06-01,2025-06-30,2025,Q2,6,Jun-2025,True,False
642,119,202504,Resource,Key role vacancy,2,3,6,Moderate,Mitigating,At Risk,Technical Lead,2025-04-20,2025-05-20,PPM-0119,Elevate Finance Modernization,4,11,3,Infrastructure,Active,Critical,2025-06-04,2026-10-20,USD,4983000,71,57,2,Standard,Commercial,North America,Chief Commercial Officer,Grace Okafor,Principal,4,Operational Efficiency,Efficiency,0.85,2025-04-01,2025-04-30,2025,Q2,4,Apr-2025,True,False
643,119,202601,Resource,Critical skill capacity constrained,1,2,2,Low,Mitigating,On Track,Business Owner,2026-01-16,2026-03-28,PPM-0119,Elevate Finance Modernization,4,11,3,Infrastructure,Active,Critical,2025-06-04,2026-10-20,USD,4983000,71,57,2,Standard,Commercial,North America,Chief Commercial Officer,Grace Okafor,Principal,4,Operational Efficiency,Efficiency,0.85,2026-01-01,2026-01-31,2026,Q1,1,Jan-2026,True,False
644,119,202604,Resource,Key role vacancy,3,4,12,High,Open,Planned,PMO,2026-04-25,2026-06-13,PPM-0119,Elevate Finance Modernization,4,11,3,Infrastructure,Active,Critical,2025-06-04,2026-10-20,USD,4983000,71,57,2,Standard,Commercial,North America,Chief Commercial Officer,Grace Okafor,Principal,4,Operational Efficiency,Efficiency,0.85,2026-04-01,2026-04-30,2026,Q2,4,Apr-2026,True,True
645,120,202611,Change Management,Adoption readiness behind plan,2,4,8,Moderate,Closed,Complete,Project Manager,2026-11-07,2027-02-10,PPM-0120,Pioneer Customer 360 2,6,7,2,ERP Transformation,Active,High,2026-02-16,2028-09-01,USD,1406000,64,73,5,Standard,Corporate Services,Global,Chief Administrative Officer,Rachel Thompson,Senior,1,Revenue Growth,Growth,0.95,2026-11-01,2026-11-30,2026,Q4,11,Nov-2026,False,False
646,120,202501,Resource,Key role vacancy,1,2,2,Low,Mitigating,In Progress,Project Manager,2025-01-23,2025-04-28,PPM-0120,Pioneer Customer 360 2,6,7,2,ERP Transformation,Active,High,2026-02-16,2028-09-01,USD,1406000,64,73,5,Standard,Corporate Services,Global,Chief Administrative Officer,Rachel Thompson,Senior,1,Revenue Growth,Growth,0.95,2025-01-01,2025-01-31,2025,Q1,1,Jan-2025,True,False
647,120,202605,Resource,Specialist allocation conflict,4,3,12,High,Open,Planned,Business Owner,2026-05-08,2026-07-15,PPM-0120,Pioneer Customer 360 2,6,7,2,ERP Transformation,Active,High,2026-02-16,2028-09-01,USD,1406000,64,73,5,Standard,Corporate Services,Global,Chief Administrative Officer,Rachel Thompson,Senior,1,Revenue Growth,Growth,0.95,2026-05-01,2026-05-31,2026,Q2,5,May-2026,True,True
648,120,202602,Schedule,Testing window compressed,1,3,3,Low,Closed,Complete,Program Manager,2026-02-09,2026-06-01,PPM-0120,Pioneer Customer 360 2,6,7,2,ERP Transformation,Active,High,2026-02-16,2028-09-01,USD,1406000,64,73,5,Standard,Corporate Services,Global,Chief Administrative Officer,Rachel Thompson,Senior,1,Revenue Growth,Growth,0.95,2026-02-01,2026-02-28,2026,Q1,2,Feb-2026,False,False
649,121,202503,Schedule,Critical milestone slippage,4,5,20,Critical,Mitigating,At Risk,Project Manager,2025-03-17,2025-05-31,PPM-0121,Unity Supply Chain Optimization,5,17,6,Cybersecurity,Active,High,2024-03-11,2026-05-08,USD,500000,74,89,5,Important,Supply Chain,Global,EVP Supply Chain,Joanne Martin,Senior,4,Risk Reduction,Risk & Resilience,0.9,2025-03-01,2025-03-31,2025,Q1,3,Mar-2025,True,True
650,121,202605,Scope,Scope growth not fully funded,3,5,15,High,Open,Planned,Program Manager,2026-05-18,2026-08-16,PPM-0121,Unity Supply Chain Optimization,5,17,6,Cybersecurity,Active,High,2024-03-11,2026-05-08,USD,500000,74,89,5,Important,Supply Chain,Global,EVP Supply Chain,Joanne Martin,Senior,4,Risk Reduction,Risk & Resilience,0.9,2026-05-01,2026-05-31,2026,Q2,5,May-2026,True,True
651,121,202601,Financial,Vendor spend trending above plan,4,5,20,Critical,Mitigating,On Track,Program Manager,2026-01-09,2026-04-07,PPM-0121,Unity Supply Chain Optimization,5,17,6,Cybersecurity,Active,High,2024-03-11,2026-05-08,USD,500000,74,89,5,Important,Supply Chain,Global,EVP Supply Chain,Joanne Martin,Senior,4,Risk Reduction,Risk & Resilience,0.9,2026-01-01,2026-01-31,2026,Q1,1,Jan-2026,True,True
652,121,202606,Scope,Scope growth not fully funded,2,5,10,High,Mitigating,At Risk,Business Owner,2026-06-20,2026-07-20,PPM-0121,Unity Supply Chain Optimization,5,17,6,Cybersecurity,Active,High,2024-03-11,2026-05-08,USD,500000,74,89,5,Important,Supply Chain,Global,EVP Supply Chain,Joanne Martin,Senior,4,Risk Reduction,Risk & Resilience,0.9,2026-06-01,2026-06-30,2026,Q2,6,Jun-2026,True,True
653,121,202608,Vendor,Third-party dependency at risk,4,5,20,Critical,Open,Planned,Program Manager,2026-08-22,2026-11-03,PPM-0121,Unity Supply Chain Optimization,5,17,6,Cybersecurity,Active,High,2024-03-11,2026-05-08,USD,500000,74,89,5,Important,Supply Chain,Global,EVP Supply Chain,Joanne Martin,Senior,4,Risk Reduction,Risk & Resilience,0.9,2026-08-01,2026-08-31,2026,Q3,8,Aug-2026,True,True
654,121,202608,Financial,Forecast cost exceeds approved budget,3,5,15,High,Mitigating,On Track,Technical Lead,2026-08-11,2026-11-17,PPM-0121,Unity Supply Chain Optimization,5,17,6,Cybersecurity,Active,High,2024-03-11,2026-05-08,USD,500000,74,89,5,Important,Supply Chain,Global,EVP Supply Chain,Joanne Martin,Senior,4,Risk Reduction,Risk & Resilience,0.9,2026-08-01,2026-08-31,2026,Q3,8,Aug-2026,True,True
655,121,202501,Vendor,Vendor deliverable delayed,4,5,20,Critical,Mitigating,In Progress,Technical Lead,2025-01-25,2025-02-28,PPM-0121,Unity Supply Chain Optimization,5,17,6,Cybersecurity,Active,High,2024-03-11,2026-05-08,USD,500000,74,89,5,Important,Supply Chain,Global,EVP Supply Chain,Joanne Martin,Senior,4,Risk Reduction,Risk & Resilience,0.9,2025-01-01,2025-01-31,2025,Q1,1,Jan-2025,True,True
656,121,202602,Resource,Critical skill capacity constrained,3,5,15,High,Open,Not Started,PMO,2026-02-11,2026-06-06,PPM-0121,Unity Supply Chain Optimization,5,17,6,Cybersecurity,Active,High,2024-03-11,2026-05-08,USD,500000,74,89,5,Important,Supply Chain,Global,EVP Supply Chain,Joanne Martin,Senior,4,Risk Reduction,Risk & Resilience,0.9,2026-02-01,2026-02-28,2026,Q1,2,Feb-2026,True,True
657,121,202503,Financial,Forecast cost exceeds approved budget,2,5,10,High,Closed,Complete,PMO,2025-03-14,2025-04-28,PPM-0121,Unity Supply Chain Optimization,5,17,6,Cybersecurity,Active,High,2024-03-11,2026-05-08,USD,500000,74,89,5,Important,Supply Chain,Global,EVP Supply Chain,Joanne Martin,Senior,4,Risk Reduction,Risk & Resilience,0.9,2025-03-01,2025-03-31,2025,Q1,3,Mar-2025,False,True
658,122,202606,Resource,Critical skill capacity constrained,1,1,1,Low,Closed,Complete,Technical Lead,2026-06-10,2026-09-12,PPM-0122,Momentum Digital Commerce,4,12,1,Data & Analytics,Active,Low,2025-11-12,2028-02-24,USD,2982000,45,60,3,Standard,Commercial,North America,Chief Commercial Officer,Ethan Wilson,Principal,6,Digital Transformation,Growth & Modernization,1.0,2026-06-01,2026-06-30,2026,Q2,6,Jun-2026,False,False
659,122,202504,Technical,Technical debt threatens delivery,1,2,2,Low,Mitigating,At Risk,Business Owner,2025-04-07,2025-06-25,PPM-0122,Momentum Digital Commerce,4,12,1,Data & Analytics,Active,Low,2025-11-12,2028-02-24,USD,2982000,45,60,3,Standard,Commercial,North America,Chief Commercial Officer,Ethan Wilson,Principal,6,Digital Transformation,Growth & Modernization,1.0,2025-04-01,2025-04-30,2025,Q2,4,Apr-2025,True,False
660,122,202512,Resource,Key role vacancy,2,2,4,Low,Closed,Complete,Technical Lead,2025-12-26,2026-04-08,PPM-0122,Momentum Digital Commerce,4,12,1,Data & Analytics,Active,Low,2025-11-12,2028-02-24,USD,2982000,45,60,3,Standard,Commercial,North America,Chief Commercial Officer,Ethan Wilson,Principal,6,Digital Transformation,Growth & Modernization,1.0,2025-12-01,2025-12-31,2025,Q4,12,Dec-2025,False,False
661,122,202604,Financial,Forecast cost exceeds approved budget,2,2,4,Low,Mitigating,On Track,Project Manager,2026-04-23,2026-07-30,PPM-0122,Momentum Digital Commerce,4,12,1,Data & Analytics,Active,Low,2025-11-12,2028-02-24,USD,2982000,45,60,3,Standard,Commercial,North America,Chief Commercial Officer,Ethan Wilson,Principal,6,Digital Transformation,Growth & Modernization,1.0,2026-04-01,2026-04-30,2026,Q2,4,Apr-2026,True,False
662,122,202509,Schedule,Critical milestone slippage,2,2,4,Low,Open,Planned,Project Manager,2025-09-07,2025-12-27,PPM-0122,Momentum Digital Commerce,4,12,1,Data & Analytics,Active,Low,2025-11-12,2028-02-24,USD,2982000,45,60,3,Standard,Commercial,North America,Chief Commercial Officer,Ethan Wilson,Principal,6,Digital Transformation,Growth & Modernization,1.0,2025-09-01,2025-09-30,2025,Q3,9,Sep-2025,True,False
663,123,202502,Vendor,Third-party dependency at risk,2,2,4,Low,Mitigating,On Track,Technical Lead,2025-02-22,2025-06-14,PPM-0123,Wave Finance Modernization,5,12,1,Product Development,Completed,Low,2025-09-28,2027-11-06,USD,3678000,80,70,4,Business Critical,Supply Chain,Global,EVP Supply Chain,Ethan Wilson,Principal,6,Digital Transformation,Growth & Modernization,1.0,2025-02-01,2025-02-28,2025,Q1,2,Feb-2025,True,False
664,123,202605,Resource,Specialist allocation conflict,3,2,6,Moderate,Closed,Complete,PMO,2026-05-17,2026-08-21,PPM-0123,Wave Finance Modernization,5,12,1,Product Development,Completed,Low,2025-09-28,2027-11-06,USD,3678000,80,70,4,Business Critical,Supply Chain,Global,EVP Supply Chain,Ethan Wilson,Principal,6,Digital Transformation,Growth & Modernization,1.0,2026-05-01,2026-05-31,2026,Q2,5,May-2026,False,False
665,123,202601,Schedule,Critical milestone slippage,2,2,4,Low,Closed,Complete,PMO,2026-01-22,2026-05-06,PPM-0123,Wave Finance Modernization,5,12,1,Product Development,Completed,Low,2025-09-28,2027-11-06,USD,3678000,80,70,4,Business Critical,Supply Chain,Global,EVP Supply Chain,Ethan Wilson,Principal,6,Digital Transformation,Growth & Modernization,1.0,2026-01-01,2026-01-31,2026,Q1,1,Jan-2026,False,False
666,123,202608,Vendor,Third-party dependency at risk,2,2,4,Low,Closed,Complete,Project Manager,2026-08-08,2026-10-19,PPM-0123,Wave Finance Modernization,5,12,1,Product Development,Completed,Low,2025-09-28,2027-11-06,USD,3678000,80,70,4,Business Critical,Supply Chain,Global,EVP Supply Chain,Ethan Wilson,Principal,6,Digital Transformation,Growth & Modernization,1.0,2026-08-01,2026-08-31,2026,Q3,8,Aug-2026,False,False
667,123,202504,Resource,Critical skill capacity constrained,1,1,1,Low,Mitigating,On Track,Business Owner,2025-04-18,2025-07-11,PPM-0123,Wave Finance Modernization,5,12,1,Product Development,Completed,Low,2025-09-28,2027-11-06,USD,3678000,80,70,4,Business Critical,Supply Chain,Global,EVP Supply Chain,Ethan Wilson,Principal,6,Digital Transformation,Growth & Modernization,1.0,2025-04-01,2025-04-30,2025,Q2,4,Apr-2025,True,False
668,124,202509,Resource,Critical skill capacity constrained,2,1,2,Low,Mitigating,In Progress,PMO,2025-09-06,2025-12-10,PPM-0124,Horizon Cyber Resilience 2,2,9,4,Cloud Migration,Active,Medium,2024-01-09,2025-11-12,USD,2888000,73,73,1,Important,Finance,Global,CFO,Linda Brown,Principal,2,Regulatory Compliance,Risk & Compliance,1.0,2025-09-01,2025-09-30,2025,Q3,9,Sep-2025,True,False
669,124,202512,Change Management,Adoption readiness behind plan,2,3,6,Moderate,Closed,Complete,Business Owner,2025-12-12,2026-01-21,PPM-0124,Horizon Cyber Resilience 2,2,9,4,Cloud Migration,Active,Medium,2024-01-09,2025-11-12,USD,2888000,73,73,1,Important,Finance,Global,CFO,Linda Brown,Principal,2,Regulatory Compliance,Risk & Compliance,1.0,2025-12-01,2025-12-31,2025,Q4,12,Dec-2025,False,False
670,124,202609,Vendor,Supplier capacity constraint,1,2,2,Low,Closed,Complete,Program Manager,2026-09-05,2026-11-17,PPM-0124,Horizon Cyber Resilience 2,2,9,4,Cloud Migration,Active,Medium,2024-01-09,2025-11-12,USD,2888000,73,73,1,Important,Finance,Global,CFO,Linda Brown,Principal,2,Regulatory Compliance,Risk & Compliance,1.0,2026-09-01,2026-09-30,2026,Q3,9,Sep-2026,False,False
671,125,202505,Change Management,Training preparation delayed,4,3,12,High,Mitigating,At Risk,Technical Lead,2025-05-09,2025-08-15,PPM-0125,Rise Digital Commerce 2,2,9,3,Cybersecurity,Active,High,2024-09-19,2025-07-29,USD,5864000,47,67,1,Business Critical,Finance,Global,CFO,Linda Brown,Principal,2,Operational Efficiency,Efficiency,0.85,2025-05-01,2025-05-31,2025,Q2,5,May-2025,True,True
672,125,202608,Financial,Forecast cost exceeds approved budget,2,4,8,Moderate,Open,Planned,PMO,2026-08-07,2026-11-29,PPM-0125,Rise Digital Commerce 2,2,9,3,Cybersecurity,Active,High,2024-09-19,2025-07-29,USD,5864000,47,67,1,Business Critical,Finance,Global,CFO,Linda Brown,Principal,2,Operational Efficiency,Efficiency,0.85,2026-08-01,2026-08-31,2026,Q3,8,Aug-2026,True,False
673,125,202503,Financial,Forecast cost exceeds approved budget,3,4,12,High,Open,Planned,Program Manager,2025-03-16,2025-07-06,PPM-0125,Rise Digital Commerce 2,2,9,3,Cybersecurity,Active,High,2024-09-19,2025-07-29,USD,5864000,47,67,1,Business Critical,Finance,Global,CFO,Linda Brown,Principal,2,Operational Efficiency,Efficiency,0.85,2025-03-01,2025-03-31,2025,Q1,3,Mar-2025,True,True
674,125,202511,Technical,Integration complexity exceeds plan,3,5,15,High,Open,Not Started,Business Owner,2025-11-17,2026-03-17,PPM-0125,Rise Digital Commerce 2,2,9,3,Cybersecurity,Active,High,2024-09-19,2025-07-29,USD,5864000,47,67,1,Business Critical,Finance,Global,CFO,Linda Brown,Principal,2,Operational Efficiency,Efficiency,0.85,2025-11-01,2025-11-30,2025,Q4,11,Nov-2025,True,True
675,125,202604,Financial,Contingency reserve under pressure,3,3,9,Moderate,Closed,Complete,Technical Lead,2026-04-10,2026-05-11,PPM-0125,Rise Digital Commerce 2,2,9,3,Cybersecurity,Active,High,2024-09-19,2025-07-29,USD,5864000,47,67,1,Business Critical,Finance,Global,CFO,Linda Brown,Principal,2,Operational Efficiency,Efficiency,0.85,2026-04-01,2026-04-30,2026,Q2,4,Apr-2026,False,False
676,126,202601,Technical,Technical debt threatens delivery,3,3,9,Moderate,Closed,Complete,PMO,2026-01-14,2026-03-18,PPM-0126,Elevate Risk Platform,6,19,2,Cloud Migration,Active,Critical,2025-04-07,2027-09-26,USD,2143000,71,60,5,Important,Corporate Services,Global,Chief Administrative Officer,Fatima Khan,Senior,6,Revenue Growth,Growth,0.95,2026-01-01,2026-01-31,2026,Q1,1,Jan-2026,False,False
677,126,202501,Resource,Critical skill capacity constrained,2,3,6,Moderate,Open,Not Started,Technical Lead,2025-01-22,2025-03-05,PPM-0126,Elevate Risk Platform,6,19,2,Cloud Migration,Active,Critical,2025-04-07,2027-09-26,USD,2143000,71,60,5,Important,Corporate Services,Global,Chief Administrative Officer,Fatima Khan,Senior,6,Revenue Growth,Growth,0.95,2025-01-01,2025-01-31,2025,Q1,1,Jan-2025,True,False
678,126,202611,Resource,Critical skill capacity constrained,3,2,6,Moderate,Mitigating,In Progress,Project Manager,2026-11-06,2026-12-25,PPM-0126,Elevate Risk Platform,6,19,2,Cloud Migration,Active,Critical,2025-04-07,2027-09-26,USD,2143000,71,60,5,Important,Corporate Services,Global,Chief Administrative Officer,Fatima Khan,Senior,6,Revenue Growth,Growth,0.95,2026-11-01,2026-11-30,2026,Q4,11,Nov-2026,True,False
679,126,202601,Technical,Integration complexity exceeds plan,3,3,9,Moderate,Mitigating,On Track,PMO,2026-01-22,2026-04-20,PPM-0126,Elevate Risk Platform,6,19,2,Cloud Migration,Active,Critical,2025-04-07,2027-09-26,USD,2143000,71,60,5,Important,Corporate Services,Global,Chief Administrative Officer,Fatima Khan,Senior,6,Revenue Growth,Growth,0.95,2026-01-01,2026-01-31,2026,Q1,1,Jan-2026,True,False
680,126,202503,Technical,Architecture risk unresolved,2,4,8,Moderate,Open,Not Started,Program Manager,2025-03-10,2025-06-02,PPM-0126,Elevate Risk Platform,6,19,2,Cloud Migration,Active,Critical,2025-04-07,2027-09-26,USD,2143000,71,60,5,Important,Corporate Services,Global,Chief Administrative Officer,Fatima Khan,Senior,6,Revenue Growth,Growth,0.95,2025-03-01,2025-03-31,2025,Q1,3,Mar-2025,True,False
681,127,202612,Change Management,Training preparation delayed,2,3,6,Moderate,Closed,Complete,Technical Lead,2026-12-10,2027-03-17,PPM-0127,Titan Process Automation,2,12,4,Customer Experience,Active,Medium,2024-04-11,2024-11-14,USD,1615000,50,98,2,Business Critical,Finance,Global,CFO,Ethan Wilson,Principal,6,Regulatory Compliance,Risk & Compliance,1.0,2026-12-01,2026-12-31,2026,Q4,12,Dec-2026,False,False
682,127,202504,Financial,Forecast cost exceeds approved budget,2,2,4,Low,Open,Not Started,Project Manager,2025-04-23,2025-07-07,PPM-0127,Titan Process Automation,2,12,4,Customer Experience,Active,Medium,2024-04-11,2024-11-14,USD,1615000,50,98,2,Business Critical,Finance,Global,CFO,Ethan Wilson,Principal,6,Regulatory Compliance,Risk & Compliance,1.0,2025-04-01,2025-04-30,2025,Q2,4,Apr-2025,True,False
683,127,202612,Financial,Contingency reserve under pressure,2,2,4,Low,Mitigating,In Progress,Project Manager,2026-12-10,2027-03-15,PPM-0127,Titan Process Automation,2,12,4,Customer Experience,Active,Medium,2024-04-11,2024-11-14,USD,1615000,50,98,2,Business Critical,Finance,Global,CFO,Ethan Wilson,Principal,6,Regulatory Compliance,Risk & Compliance,1.0,2026-12-01,2026-12-31,2026,Q4,12,Dec-2026,True,False
684,127,202509,Compliance,Control evidence incomplete,2,2,4,Low,Closed,Complete,Technical Lead,2025-09-25,2026-01-02,PPM-0127,Titan Process Automation,2,12,4,Customer Experience,Active,Medium,2024-04-11,2024-11-14,USD,1615000,50,98,2,Business Critical,Finance,Global,CFO,Ethan Wilson,Principal,6,Regulatory Compliance,Risk & Compliance,1.0,2025-09-01,2025-09-30,2025,Q3,9,Sep-2025,False,False
685,128,202606,Resource,Key role vacancy,5,5,25,Critical,Open,Not Started,Technical Lead,2026-06-11,2026-08-29,PPM-0128,Xenon AI Foundations,4,17,3,Cybersecurity,Active,Critical,2024-04-17,2025-06-12,USD,3644000,61,94,4,Business Critical,Commercial,North America,Chief Commercial Officer,Joanne Martin,Senior,4,Operational Efficiency,Efficiency,0.85,2026-06-01,2026-06-30,2026,Q2,6,Jun-2026,True,True
686,128,202612,Schedule,Testing window compressed,5,5,25,Critical,Open,Planned,PMO,2026-12-14,2027-02-25,PPM-0128,Xenon AI Foundations,4,17,3,Cybersecurity,Active,Critical,2024-04-17,2025-06-12,USD,3644000,61,94,4,Business Critical,Commercial,North America,Chief Commercial Officer,Joanne Martin,Senior,4,Operational Efficiency,Efficiency,0.85,2026-12-01,2026-12-31,2026,Q4,12,Dec-2026,True,True
687,128,202603,Resource,Specialist allocation conflict,4,5,20,Critical,Open,Planned,Business Owner,2026-03-16,2026-06-01,PPM-0128,Xenon AI Foundations,4,17,3,Cybersecurity,Active,Critical,2024-04-17,2025-06-12,USD,3644000,61,94,4,Business Critical,Commercial,North America,Chief Commercial Officer,Joanne Martin,Senior,4,Operational Efficiency,Efficiency,0.85,2026-03-01,2026-03-31,2026,Q1,3,Mar-2026,True,True
688,128,202508,Financial,Forecast cost exceeds approved budget,4,5,20,Critical,Mitigating,In Progress,Technical Lead,2025-08-15,2025-11-16,PPM-0128,Xenon AI Foundations,4,17,3,Cybersecurity,Active,Critical,2024-04-17,2025-06-12,USD,3644000,61,94,4,Business Critical,Commercial,North America,Chief Commercial Officer,Joanne Martin,Senior,4,Operational Efficiency,Efficiency,0.85,2025-08-01,2025-08-31,2025,Q3,8,Aug-2025,True,True
689,128,202602,Technical,Integration complexity exceeds plan,4,4,16,Critical,Mitigating,At Risk,Business Owner,2026-02-11,2026-04-16,PPM-0128,Xenon AI Foundations,4,17,3,Cybersecurity,Active,Critical,2024-04-17,2025-06-12,USD,3644000,61,94,4,Business Critical,Commercial,North America,Chief Commercial Officer,Joanne Martin,Senior,4,Operational Efficiency,Efficiency,0.85,2026-02-01,2026-02-28,2026,Q1,2,Feb-2026,True,True
690,128,202605,Scope,Scope growth not fully funded,5,4,20,Critical,Mitigating,In Progress,Business Owner,2026-05-08,2026-06-21,PPM-0128,Xenon AI Foundations,4,17,3,Cybersecurity,Active,Critical,2024-04-17,2025-06-12,USD,3644000,61,94,4,Business Critical,Commercial,North America,Chief Commercial Officer,Joanne Martin,Senior,4,Operational Efficiency,Efficiency,0.85,2026-05-01,2026-05-31,2026,Q2,5,May-2026,True,True
691,128,202607,Resource,Specialist allocation conflict,5,5,25,Critical,Closed,Complete,Technical Lead,2026-07-19,2026-09-02,PPM-0128,Xenon AI Foundations,4,17,3,Cybersecurity,Active,Critical,2024-04-17,2025-06-12,USD,3644000,61,94,4,Business Critical,Commercial,North America,Chief Commercial Officer,Joanne Martin,Senior,4,Operational Efficiency,Efficiency,0.85,2026-07-01,2026-07-31,2026,Q3,7,Jul-2026,False,True
692,128,202508,Resource,Key role vacancy,4,5,20,Critical,Open,Not Started,Technical Lead,2025-08-22,2025-11-12,PPM-0128,Xenon AI Foundations,4,17,3,Cybersecurity,Active,Critical,2024-04-17,2025-06-12,USD,3644000,61,94,4,Business Critical,Commercial,North America,Chief Commercial Officer,Joanne Martin,Senior,4,Operational Efficiency,Efficiency,0.85,2025-08-01,2025-08-31,2025,Q3,8,Aug-2025,True,True
693,129,202609,Resource,Specialist allocation conflict,3,3,9,Moderate,Closed,Complete,Technical Lead,2026-09-16,2026-11-09,PPM-0129,Horizon Analytics Hub 2,6,3,6,Cybersecurity,Active,Low,2025-04-10,2025-12-04,USD,5188000,97,65,2,Standard,Corporate Services,Global,Chief Administrative Officer,Priya Patel,Senior,4,Risk Reduction,Risk & Resilience,0.9,2026-09-01,2026-09-30,2026,Q3,9,Sep-2026,False,False
694,129,202505,Resource,Specialist allocation conflict,3,4,12,High,Open,Not Started,Business Owner,2025-05-17,2025-07-13,PPM-0129,Horizon Analytics Hub 2,6,3,6,Cybersecurity,Active,Low,2025-04-10,2025-12-04,USD,5188000,97,65,2,Standard,Corporate Services,Global,Chief Administrative Officer,Priya Patel,Senior,4,Risk Reduction,Risk & Resilience,0.9,2025-05-01,2025-05-31,2025,Q2,5,May-2025,True,True
695,129,202504,Resource,Key role vacancy,3,4,12,High,Mitigating,In Progress,Technical Lead,2025-04-18,2025-07-05,PPM-0129,Horizon Analytics Hub 2,6,3,6,Cybersecurity,Active,Low,2025-04-10,2025-12-04,USD,5188000,97,65,2,Standard,Corporate Services,Global,Chief Administrative Officer,Priya Patel,Senior,4,Risk Reduction,Risk & Resilience,0.9,2025-04-01,2025-04-30,2025,Q2,4,Apr-2025,True,True
696,129,202604,Financial,Forecast cost exceeds approved budget,3,3,9,Moderate,Open,Planned,Project Manager,2026-04-25,2026-07-11,PPM-0129,Horizon Analytics Hub 2,6,3,6,Cybersecurity,Active,Low,2025-04-10,2025-12-04,USD,5188000,97,65,2,Standard,Corporate Services,Global,Chief Administrative Officer,Priya Patel,Senior,4,Risk Reduction,Risk & Resilience,0.9,2026-04-01,2026-04-30,2026,Q2,4,Apr-2026,True,False
697,129,202612,Financial,Contingency reserve under pressure,2,4,8,Moderate,Closed,Complete,Project Manager,2026-12-23,2027-02-11,PPM-0129,Horizon Analytics Hub 2,6,3,6,Cybersecurity,Active,Low,2025-04-10,2025-12-04,USD,5188000,97,65,2,Standard,Corporate Services,Global,Chief Administrative Officer,Priya Patel,Senior,4,Risk Reduction,Risk & Resilience,0.9,2026-12-01,2026-12-31,2026,Q4,12,Dec-2026,False,False
698,129,202611,Technical,Integration complexity exceeds plan,4,4,16,Critical,Open,Not Started,Program Manager,2026-11-20,2027-02-16,PPM-0129,Horizon Analytics Hub 2,6,3,6,Cybersecurity,Active,Low,2025-04-10,2025-12-04,USD,5188000,97,65,2,Standard,Corporate Services,Global,Chief Administrative Officer,Priya Patel,Senior,4,Risk Reduction,Risk & Resilience,0.9,2026-11-01,2026-11-30,2026,Q4,11,Nov-2026,True,True
699,130,202511,Schedule,Dependency delay threatens delivery,5,3,15,High,Open,Planned,Program Manager,2025-11-21,2026-03-13,PPM-0130,Horizon Analytics Hub 3,4,11,1,Cybersecurity,Completed,Medium,2024-11-14,2026-07-31,USD,2770000,49,62,3,Important,Commercial,North America,Chief Commercial Officer,Grace Okafor,Principal,4,Digital Transformation,Growth & Modernization,1.0,2025-11-01,2025-11-30,2025,Q4,11,Nov-2025,True,True
700,130,202508,Scope,Scope growth not fully funded,5,3,15,High,Closed,Complete,Program Manager,2025-08-22,2025-10-08,PPM-0130,Horizon Analytics Hub 3,4,11,1,Cybersecurity,Completed,Medium,2024-11-14,2026-07-31,USD,2770000,49,62,3,Important,Commercial,North America,Chief Commercial Officer,Grace Okafor,Principal,4,Digital Transformation,Growth & Modernization,1.0,2025-08-01,2025-08-31,2025,Q3,8,Aug-2025,False,True
701,130,202608,Resource,Specialist allocation conflict,4,4,16,Critical,Mitigating,In Progress,PMO,2026-08-08,2026-09-23,PPM-0130,Horizon Analytics Hub 3,4,11,1,Cybersecurity,Completed,Medium,2024-11-14,2026-07-31,USD,2770000,49,62,3,Important,Commercial,North America,Chief Commercial Officer,Grace Okafor,Principal,4,Digital Transformation,Growth & Modernization,1.0,2026-08-01,2026-08-31,2026,Q3,8,Aug-2026,True,True
702,130,202612,Resource,Specialist allocation conflict,4,4,16,Critical,Mitigating,At Risk,PMO,2026-12-20,2027-03-10,PPM-0130,Horizon Analytics Hub 3,4,11,1,Cybersecurity,Completed,Medium,2024-11-14,2026-07-31,USD,2770000,49,62,3,Important,Commercial,North America,Chief Commercial Officer,Grace Okafor,Principal,4,Digital Transformation,Growth & Modernization,1.0,2026-12-01,2026-12-31,2026,Q4,12,Dec-2026,True,True
703,130,202605,Financial,Vendor spend trending above plan,4,4,16,Critical,Closed,Complete,PMO,2026-05-21,2026-07-30,PPM-0130,Horizon Analytics Hub 3,4,11,1,Cybersecurity,Completed,Medium,2024-11-14,2026-07-31,USD,2770000,49,62,3,Important,Commercial,North America,Chief Commercial Officer,Grace Okafor,Principal,4,Digital Transformation,Growth & Modernization,1.0,2026-05-01,2026-05-31,2026,Q2,5,May-2026,False,True
704,130,202601,Resource,Specialist allocation conflict,5,3,15,High,Open,Not Started,PMO,2026-01-18,2026-04-25,PPM-0130,Horizon Analytics Hub 3,4,11,1,Cybersecurity,Completed,Medium,2024-11-14,2026-07-31,USD,2770000,49,62,3,Important,Commercial,North America,Chief Commercial Officer,Grace Okafor,Principal,4,Digital Transformation,Growth & Modernization,1.0,2026-01-01,2026-01-31,2026,Q1,1,Jan-2026,True,True
705,130,202610,Financial,Contingency reserve under pressure,4,5,20,Critical,Open,Planned,Program Manager,2026-10-22,2026-11-26,PPM-0130,Horizon Analytics Hub 3,4,11,1,Cybersecurity,Completed,Medium,2024-11-14,2026-07-31,USD,2770000,49,62,3,Important,Commercial,North America,Chief Commercial Officer,Grace Okafor,Principal,4,Digital Transformation,Growth & Modernization,1.0,2026-10-01,2026-10-31,2026,Q4,10,Oct-2026,True,True
706,131,202603,Financial,Vendor spend trending above plan,2,1,2,Low,Open,Planned,Technical Lead,2026-03-09,2026-06-17,PPM-0131,Wave Regulatory Readiness 2,1,3,6,Cybersecurity,Active,Medium,2025-08-08,2026-10-04,USD,1004000,91,70,1,Important,North America Operations,North America,EVP Operations,Priya Patel,Senior,4,Risk Reduction,Risk & Resilience,0.9,2026-03-01,2026-03-31,2026,Q1,3,Mar-2026,True,False
707,131,202609,Scope,Requirements instability,2,1,2,Low,Closed,Complete,Program Manager,2026-09-14,2026-10-27,PPM-0131,Wave Regulatory Readiness 2,1,3,6,Cybersecurity,Active,Medium,2025-08-08,2026-10-04,USD,1004000,91,70,1,Important,North America Operations,North America,EVP Operations,Priya Patel,Senior,4,Risk Reduction,Risk & Resilience,0.9,2026-09-01,2026-09-30,2026,Q3,9,Sep-2026,False,False
708,131,202604,Technical,Integration complexity exceeds plan,3,2,6,Moderate,Closed,Complete,Technical Lead,2026-04-13,2026-08-08,PPM-0131,Wave Regulatory Readiness 2,1,3,6,Cybersecurity,Active,Medium,2025-08-08,2026-10-04,USD,1004000,91,70,1,Important,North America Operations,North America,EVP Operations,Priya Patel,Senior,4,Risk Reduction,Risk & Resilience,0.9,2026-04-01,2026-04-30,2026,Q2,4,Apr-2026,False,False
709,132,202501,Compliance,Approval dependency outstanding,3,5,15,High,Mitigating,At Risk,Technical Lead,2025-01-22,2025-02-26,PPM-0132,Keystone Service Transformation,5,1,5,Infrastructure,Active,High,2024-11-19,2025-08-24,USD,3265000,85,55,2,Standard,Supply Chain,Global,EVP Supply Chain,Amina Mensah,Principal,1,Customer Experience,Customer,0.9,2025-01-01,2025-01-31,2025,Q1,1,Jan-2025,True,True
710,132,202606,Schedule,Testing window compressed,5,4,20,Critical,Mitigating,At Risk,Project Manager,2026-06-20,2026-09-25,PPM-0132,Keystone Service Transformation,5,1,5,Infrastructure,Active,High,2024-11-19,2025-08-24,USD,3265000,85,55,2,Standard,Supply Chain,Global,EVP Supply Chain,Amina Mensah,Principal,1,Customer Experience,Customer,0.9,2026-06-01,2026-06-30,2026,Q2,6,Jun-2026,True,True
711,132,202602,Change Management,Stakeholder resistance increasing,5,5,25,Critical,Open,Planned,Technical Lead,2026-02-07,2026-04-11,PPM-0132,Keystone Service Transformation,5,1,5,Infrastructure,Active,High,2024-11-19,2025-08-24,USD,3265000,85,55,2,Standard,Supply Chain,Global,EVP Supply Chain,Amina Mensah,Principal,1,Customer Experience,Customer,0.9,2026-02-01,2026-02-28,2026,Q1,2,Feb-2026,True,True
712,132,202611,Compliance,Control evidence incomplete,4,5,20,Critical,Open,Planned,PMO,2026-11-12,2026-12-13,PPM-0132,Keystone Service Transformation,5,1,5,Infrastructure,Active,High,2024-11-19,2025-08-24,USD,3265000,85,55,2,Standard,Supply Chain,Global,EVP Supply Chain,Amina Mensah,Principal,1,Customer Experience,Customer,0.9,2026-11-01,2026-11-30,2026,Q4,11,Nov-2026,True,True
713,132,202609,Scope,Scope growth not fully funded,4,5,20,Critical,Mitigating,At Risk,Project Manager,2026-09-05,2026-12-23,PPM-0132,Keystone Service Transformation,5,1,5,Infrastructure,Active,High,2024-11-19,2025-08-24,USD,3265000,85,55,2,Standard,Supply Chain,Global,EVP Supply Chain,Amina Mensah,Principal,1,Customer Experience,Customer,0.9,2026-09-01,2026-09-30,2026,Q3,9,Sep-2026,True,True
714,132,202502,Resource,Specialist allocation conflict,4,5,20,Critical,Open,Not Started,Technical Lead,2025-02-09,2025-05-06,PPM-0132,Keystone Service Transformation,5,1,5,Infrastructure,Active,High,2024-11-19,2025-08-24,USD,3265000,85,55,2,Standard,Supply Chain,Global,EVP Supply Chain,Amina Mensah,Principal,1,Customer Experience,Customer,0.9,2025-02-01,2025-02-28,2025,Q1,2,Feb-2025,True,True
715,132,202511,Schedule,Dependency delay threatens delivery,5,5,25,Critical,Closed,Complete,Technical Lead,2025-11-15,2026-01-09,PPM-0132,Keystone Service Transformation,5,1,5,Infrastructure,Active,High,2024-11-19,2025-08-24,USD,3265000,85,55,2,Standard,Supply Chain,Global,EVP Supply Chain,Amina Mensah,Principal,1,Customer Experience,Customer,0.9,2025-11-01,2025-11-30,2025,Q4,11,Nov-2025,False,True
716,132,202511,Scope,Scope growth not fully funded,4,5,20,Critical,Mitigating,At Risk,Project Manager,2025-11-20,2026-01-03,PPM-0132,Keystone Service Transformation,5,1,5,Infrastructure,Active,High,2024-11-19,2025-08-24,USD,3265000,85,55,2,Standard,Supply Chain,Global,EVP Supply Chain,Amina Mensah,Principal,1,Customer Experience,Customer,0.9,2025-11-01,2025-11-30,2025,Q4,11,Nov-2025,True,True
717,133,202603,Resource,Specialist allocation conflict,4,3,12,High,Closed,Complete,PMO,2026-03-21,2026-06-11,PPM-0133,Elevate Digital Commerce,2,5,6,Cloud Migration,Active,High,2024-02-18,2025-08-19,USD,2285000,94,86,1,Important,Finance,Global,CFO,Sofia Martinez,Senior,3,Risk Reduction,Risk & Resilience,0.9,2026-03-01,2026-03-31,2026,Q1,3,Mar-2026,False,True
718,133,202511,Financial,Forecast cost exceeds approved budget,3,2,6,Moderate,Mitigating,On Track,Business Owner,2025-11-23,2026-02-28,PPM-0133,Elevate Digital Commerce,2,5,6,Cloud Migration,Active,High,2024-02-18,2025-08-19,USD,2285000,94,86,1,Important,Finance,Global,CFO,Sofia Martinez,Senior,3,Risk Reduction,Risk & Resilience,0.9,2025-11-01,2025-11-30,2025,Q4,11,Nov-2025,True,False
719,133,202602,Resource,Key role vacancy,3,3,9,Moderate,Open,Not Started,Project Manager,2026-02-21,2026-03-25,PPM-0133,Elevate Digital Commerce,2,5,6,Cloud Migration,Active,High,2024-02-18,2025-08-19,USD,2285000,94,86,1,Important,Finance,Global,CFO,Sofia Martinez,Senior,3,Risk Reduction,Risk & Resilience,0.9,2026-02-01,2026-02-28,2026,Q1,2,Feb-2026,True,False
720,133,202611,Compliance,Control evidence incomplete,3,2,6,Moderate,Closed,Complete,Program Manager,2026-11-06,2027-02-09,PPM-0133,Elevate Digital Commerce,2,5,6,Cloud Migration,Active,High,2024-02-18,2025-08-19,USD,2285000,94,86,1,Important,Finance,Global,CFO,Sofia Martinez,Senior,3,Risk Reduction,Risk & Resilience,0.9,2026-11-01,2026-11-30,2026,Q4,11,Nov-2026,False,False
721,134,202601,Vendor,Supplier capacity constraint,3,3,9,Moderate,Mitigating,On Track,Business Owner,2026-01-22,2026-04-19,PPM-0134,Elevate Supply Chain Optimization 2,6,15,6,Data & Analytics,Completed,High,2025-07-23,2026-08-10,USD,736000,61,58,1,Important,Corporate Services,Global,Chief Administrative Officer,Mei Liu,Lead,5,Risk Reduction,Risk & Resilience,0.9,2026-01-01,2026-01-31,2026,Q1,1,Jan-2026,True,False
722,134,202610,Vendor,Supplier capacity constraint,2,4,8,Moderate,Mitigating,On Track,Technical Lead,2026-10-07,2026-12-11,PPM-0134,Elevate Supply Chain Optimization 2,6,15,6,Data & Analytics,Completed,High,2025-07-23,2026-08-10,USD,736000,61,58,1,Important,Corporate Services,Global,Chief Administrative Officer,Mei Liu,Lead,5,Risk Reduction,Risk & Resilience,0.9,2026-10-01,2026-10-31,2026,Q4,10,Oct-2026,True,False
723,134,202601,Resource,Critical skill capacity constrained,2,4,8,Moderate,Closed,Complete,PMO,2026-01-17,2026-04-27,PPM-0134,Elevate Supply Chain Optimization 2,6,15,6,Data & Analytics,Completed,High,2025-07-23,2026-08-10,USD,736000,61,58,1,Important,Corporate Services,Global,Chief Administrative Officer,Mei Liu,Lead,5,Risk Reduction,Risk & Resilience,0.9,2026-01-01,2026-01-31,2026,Q1,1,Jan-2026,False,False
724,134,202511,Technical,Technical debt threatens delivery,2,3,6,Moderate,Mitigating,On Track,Technical Lead,2025-11-19,2026-03-07,PPM-0134,Elevate Supply Chain Optimization 2,6,15,6,Data & Analytics,Completed,High,2025-07-23,2026-08-10,USD,736000,61,58,1,Important,Corporate Services,Global,Chief Administrative Officer,Mei Liu,Lead,5,Risk Reduction,Risk & Resilience,0.9,2025-11-01,2025-11-30,2025,Q4,11,Nov-2025,True,False
725,134,202612,Financial,Forecast cost exceeds approved budget,2,2,4,Low,Closed,Complete,Program Manager,2026-12-19,2027-03-03,PPM-0134,Elevate Supply Chain Optimization 2,6,15,6,Data & Analytics,Completed,High,2025-07-23,2026-08-10,USD,736000,61,58,1,Important,Corporate Services,Global,Chief Administrative Officer,Mei Liu,Lead,5,Risk Reduction,Risk & Resilience,0.9,2026-12-01,2026-12-31,2026,Q4,12,Dec-2026,False,False
726,135,202605,Resource,Critical skill capacity constrained,5,4,20,Critical,Open,Not Started,Project Manager,2026-05-12,2026-08-04,PPM-0135,Nexus Service Transformation 2,6,2,6,Cloud Migration,Active,Medium,2024-08-11,2026-03-16,USD,3433000,67,77,5,Important,Corporate Services,Global,Chief Administrative Officer,Daniel Chen,Senior,5,Risk Reduction,Risk & Resilience,0.9,2026-05-01,2026-05-31,2026,Q2,5,May-2026,True,True
727,135,202502,Resource,Specialist allocation conflict,2,3,6,Moderate,Open,Not Started,Technical Lead,2025-02-18,2025-05-09,PPM-0135,Nexus Service Transformation 2,6,2,6,Cloud Migration,Active,Medium,2024-08-11,2026-03-16,USD,3433000,67,77,5,Important,Corporate Services,Global,Chief Administrative Officer,Daniel Chen,Senior,5,Risk Reduction,Risk & Resilience,0.9,2025-02-01,2025-02-28,2025,Q1,2,Feb-2025,True,False
728,135,202603,Resource,Specialist allocation conflict,5,3,15,High,Open,Planned,Business Owner,2026-03-24,2026-06-12,PPM-0135,Nexus Service Transformation 2,6,2,6,Cloud Migration,Active,Medium,2024-08-11,2026-03-16,USD,3433000,67,77,5,Important,Corporate Services,Global,Chief Administrative Officer,Daniel Chen,Senior,5,Risk Reduction,Risk & Resilience,0.9,2026-03-01,2026-03-31,2026,Q1,3,Mar-2026,True,True
729,135,202606,Schedule,Testing window compressed,2,4,8,Moderate,Open,Planned,Technical Lead,2026-06-25,2026-08-18,PPM-0135,Nexus Service Transformation 2,6,2,6,Cloud Migration,Active,Medium,2024-08-11,2026-03-16,USD,3433000,67,77,5,Important,Corporate Services,Global,Chief Administrative Officer,Daniel Chen,Senior,5,Risk Reduction,Risk & Resilience,0.9,2026-06-01,2026-06-30,2026,Q2,6,Jun-2026,True,False
730,135,202510,Vendor,Vendor deliverable delayed,4,2,8,Moderate,Closed,Complete,Project Manager,2025-10-08,2025-12-24,PPM-0135,Nexus Service Transformation 2,6,2,6,Cloud Migration,Active,Medium,2024-08-11,2026-03-16,USD,3433000,67,77,5,Important,Corporate Services,Global,Chief Administrative Officer,Daniel Chen,Senior,5,Risk Reduction,Risk & Resilience,0.9,2025-10-01,2025-10-31,2025,Q4,10,Oct-2025,False,False
731,135,202511,Resource,Critical skill capacity constrained,4,4,16,Critical,Open,Planned,Program Manager,2025-11-17,2026-03-08,PPM-0135,Nexus Service Transformation 2,6,2,6,Cloud Migration,Active,Medium,2024-08-11,2026-03-16,USD,3433000,67,77,5,Important,Corporate Services,Global,Chief Administrative Officer,Daniel Chen,Senior,5,Risk Reduction,Risk & Resilience,0.9,2025-11-01,2025-11-30,2025,Q4,11,Nov-2025,True,True
732,135,202601,Change Management,Stakeholder resistance increasing,4,2,8,Moderate,Open,Planned,PMO,2026-01-13,2026-04-30,PPM-0135,Nexus Service Transformation 2,6,2,6,Cloud Migration,Active,Medium,2024-08-11,2026-03-16,USD,3433000,67,77,5,Important,Corporate Services,Global,Chief Administrative Officer,Daniel Chen,Senior,5,Risk Reduction,Risk & Resilience,0.9,2026-01-01,2026-01-31,2026,Q1,1,Jan-2026,True,False
733,136,202601,Vendor,Supplier capacity constraint,3,3,9,Moderate,Closed,Complete,Program Manager,2026-01-08,2026-05-07,PPM-0136,Beacon Supply Chain Optimization,3,10,1,Cybersecurity,Active,High,2024-03-11,2025-10-07,USD,17618000,53,58,2,Standard,Technology,Global,CIO,Omar Haddad,Senior,1,Digital Transformation,Growth & Modernization,1.0,2026-01-01,2026-01-31,2026,Q1,1,Jan-2026,False,False
734,136,202606,Resource,Key role vacancy,3,4,12,High,Mitigating,At Risk,Project Manager,2026-06-08,2026-08-16,PPM-0136,Beacon Supply Chain Optimization,3,10,1,Cybersecurity,Active,High,2024-03-11,2025-10-07,USD,17618000,53,58,2,Standard,Technology,Global,CIO,Omar Haddad,Senior,1,Digital Transformation,Growth & Modernization,1.0,2026-06-01,2026-06-30,2026,Q2,6,Jun-2026,True,True
735,136,202510,Resource,Specialist allocation conflict,3,4,12,High,Open,Planned,Program Manager,2025-10-24,2025-11-30,PPM-0136,Beacon Supply Chain Optimization,3,10,1,Cybersecurity,Active,High,2024-03-11,2025-10-07,USD,17618000,53,58,2,Standard,Technology,Global,CIO,Omar Haddad,Senior,1,Digital Transformation,Growth & Modernization,1.0,2025-10-01,2025-10-31,2025,Q4,10,Oct-2025,True,True
736,136,202507,Financial,Vendor spend trending above plan,3,5,15,High,Mitigating,In Progress,Technical Lead,2025-07-17,2025-10-01,PPM-0136,Beacon Supply Chain Optimization,3,10,1,Cybersecurity,Active,High,2024-03-11,2025-10-07,USD,17618000,53,58,2,Standard,Technology,Global,CIO,Omar Haddad,Senior,1,Digital Transformation,Growth & Modernization,1.0,2025-07-01,2025-07-31,2025,Q3,7,Jul-2025,True,True
737,136,202511,Change Management,Adoption readiness behind plan,2,4,8,Moderate,Mitigating,On Track,Business Owner,2025-11-25,2026-02-16,PPM-0136,Beacon Supply Chain Optimization,3,10,1,Cybersecurity,Active,High,2024-03-11,2025-10-07,USD,17618000,53,58,2,Standard,Technology,Global,CIO,Omar Haddad,Senior,1,Digital Transformation,Growth & Modernization,1.0,2025-11-01,2025-11-30,2025,Q4,11,Nov-2025,True,False
738,137,202609,Financial,Forecast cost exceeds approved budget,3,5,15,High,Mitigating,At Risk,Project Manager,2026-09-20,2026-10-23,PPM-0137,Summit Finance Modernization,4,24,2,Data & Analytics,Active,High,2024-10-27,2025-07-31,USD,4839000,45,66,5,Mission Critical,Commercial,North America,Chief Commercial Officer,Noah Anderson,Senior,6,Revenue Growth,Growth,0.95,2026-09-01,2026-09-30,2026,Q3,9,Sep-2026,True,True
739,137,202509,Change Management,Training preparation delayed,5,4,20,Critical,Mitigating,On Track,Program Manager,2025-09-14,2025-12-23,PPM-0137,Summit Finance Modernization,4,24,2,Data & Analytics,Active,High,2024-10-27,2025-07-31,USD,4839000,45,66,5,Mission Critical,Commercial,North America,Chief Commercial Officer,Noah Anderson,Senior,6,Revenue Growth,Growth,0.95,2025-09-01,2025-09-30,2025,Q3,9,Sep-2025,True,True
740,137,202605,Compliance,Approval dependency outstanding,4,5,20,Critical,Open,Planned,Project Manager,2026-05-22,2026-06-29,PPM-0137,Summit Finance Modernization,4,24,2,Data & Analytics,Active,High,2024-10-27,2025-07-31,USD,4839000,45,66,5,Mission Critical,Commercial,North America,Chief Commercial Officer,Noah Anderson,Senior,6,Revenue Growth,Growth,0.95,2026-05-01,2026-05-31,2026,Q2,5,May-2026,True,True
741,137,202608,Scope,Requirements instability,3,4,12,High,Mitigating,At Risk,Program Manager,2026-08-17,2026-10-13,PPM-0137,Summit Finance Modernization,4,24,2,Data & Analytics,Active,High,2024-10-27,2025-07-31,USD,4839000,45,66,5,Mission Critical,Commercial,North America,Chief Commercial Officer,Noah Anderson,Senior,6,Revenue Growth,Growth,0.95,2026-08-01,2026-08-31,2026,Q3,8,Aug-2026,True,True
742,137,202601,Schedule,Dependency delay threatens delivery,5,5,25,Critical,Open,Not Started,Technical Lead,2026-01-21,2026-04-12,PPM-0137,Summit Finance Modernization,4,24,2,Data & Analytics,Active,High,2024-10-27,2025-07-31,USD,4839000,45,66,5,Mission Critical,Commercial,North America,Chief Commercial Officer,Noah Anderson,Senior,6,Revenue Growth,Growth,0.95,2026-01-01,2026-01-31,2026,Q1,1,Jan-2026,True,True
743,137,202609,Resource,Key role vacancy,5,5,25,Critical,Mitigating,On Track,Project Manager,2026-09-21,2026-10-23,PPM-0137,Summit Finance Modernization,4,24,2,Data & Analytics,Active,High,2024-10-27,2025-07-31,USD,4839000,45,66,5,Mission Critical,Commercial,North America,Chief Commercial Officer,Noah Anderson,Senior,6,Revenue Growth,Growth,0.95,2026-09-01,2026-09-30,2026,Q3,9,Sep-2026,True,True
744,137,202601,Scope,Scope growth not fully funded,4,4,16,Critical,Mitigating,In Progress,Business Owner,2026-01-19,2026-02-21,PPM-0137,Summit Finance Modernization,4,24,2,Data & Analytics,Active,High,2024-10-27,2025-07-31,USD,4839000,45,66,5,Mission Critical,Commercial,North America,Chief Commercial Officer,Noah Anderson,Senior,6,Revenue Growth,Growth,0.95,2026-01-01,2026-01-31,2026,Q1,1,Jan-2026,True,True
745,137,202610,Vendor,Vendor deliverable delayed,4,5,20,Critical,Open,Planned,Program Manager,2026-10-17,2026-12-12,PPM-0137,Summit Finance Modernization,4,24,2,Data & Analytics,Active,High,2024-10-27,2025-07-31,USD,4839000,45,66,5,Mission Critical,Commercial,North America,Chief Commercial Officer,Noah Anderson,Senior,6,Revenue Growth,Growth,0.95,2026-10-01,2026-10-31,2026,Q4,10,Oct-2026,True,True
746,138,202607,Technical,Integration complexity exceeds plan,3,5,15,High,Mitigating,On Track,PMO,2026-07-19,2026-09-03,PPM-0138,Aurora Infrastructure Refresh,4,2,3,Data & Analytics,Active,High,2025-06-06,2026-05-05,USD,500000,52,91,5,Important,Commercial,North America,Chief Commercial Officer,Daniel Chen,Senior,5,Operational Efficiency,Efficiency,0.85,2026-07-01,2026-07-31,2026,Q3,7,Jul-2026,True,True
747,138,202601,Resource,Critical skill capacity constrained,3,5,15,High,Mitigating,At Risk,Business Owner,2026-01-20,2026-04-07,PPM-0138,Aurora Infrastructure Refresh,4,2,3,Data & Analytics,Active,High,2025-06-06,2026-05-05,USD,500000,52,91,5,Important,Commercial,North America,Chief Commercial Officer,Daniel Chen,Senior,5,Operational Efficiency,Efficiency,0.85,2026-01-01,2026-01-31,2026,Q1,1,Jan-2026,True,True
748,138,202603,Schedule,Dependency delay threatens delivery,5,5,25,Critical,Open,Planned,Project Manager,2026-03-14,2026-06-16,PPM-0138,Aurora Infrastructure Refresh,4,2,3,Data & Analytics,Active,High,2025-06-06,2026-05-05,USD,500000,52,91,5,Important,Commercial,North America,Chief Commercial Officer,Daniel Chen,Senior,5,Operational Efficiency,Efficiency,0.85,2026-03-01,2026-03-31,2026,Q1,3,Mar-2026,True,True
749,138,202501,Financial,Forecast cost exceeds approved budget,3,5,15,High,Mitigating,On Track,Project Manager,2025-01-19,2025-05-11,PPM-0138,Aurora Infrastructure Refresh,4,2,3,Data & Analytics,Active,High,2025-06-06,2026-05-05,USD,500000,52,91,5,Important,Commercial,North America,Chief Commercial Officer,Daniel Chen,Senior,5,Operational Efficiency,Efficiency,0.85,2025-01-01,2025-01-31,2025,Q1,1,Jan-2025,True,True
750,138,202505,Financial,Vendor spend trending above plan,4,5,20,Critical,Open,Planned,Program Manager,2025-05-10,2025-07-04,PPM-0138,Aurora Infrastructure Refresh,4,2,3,Data & Analytics,Active,High,2025-06-06,2026-05-05,USD,500000,52,91,5,Important,Commercial,North America,Chief Commercial Officer,Daniel Chen,Senior,5,Operational Efficiency,Efficiency,0.85,2025-05-01,2025-05-31,2025,Q2,5,May-2025,True,True
751,138,202510,Schedule,Critical milestone slippage,4,5,20,Critical,Mitigating,At Risk,Project Manager,2025-10-16,2026-01-18,PPM-0138,Aurora Infrastructure Refresh,4,2,3,Data & Analytics,Active,High,2025-06-06,2026-05-05,USD,500000,52,91,5,Important,Commercial,North America,Chief Commercial Officer,Daniel Chen,Senior,5,Operational Efficiency,Efficiency,0.85,2025-10-01,2025-10-31,2025,Q4,10,Oct-2025,True,True
752,139,202603,Technical,Integration complexity exceeds plan,2,3,6,Moderate,Open,Planned,Program Manager,2026-03-09,2026-06-19,PPM-0139,Nexus Digital Commerce,5,10,3,Regulatory,Active,High,2025-06-23,2026-09-25,USD,2107000,97,67,1,Standard,Supply Chain,Global,EVP Supply Chain,Omar Haddad,Senior,1,Operational Efficiency,Efficiency,0.85,2026-03-01,2026-03-31,2026,Q1,3,Mar-2026,True,False
753,139,202503,Resource,Specialist allocation conflict,2,3,6,Moderate,Closed,Complete,PMO,2025-03-10,2025-06-28,PPM-0139,Nexus Digital Commerce,5,10,3,Regulatory,Active,High,2025-06-23,2026-09-25,USD,2107000,97,67,1,Standard,Supply Chain,Global,EVP Supply Chain,Omar Haddad,Senior,1,Operational Efficiency,Efficiency,0.85,2025-03-01,2025-03-31,2025,Q1,3,Mar-2025,False,False
754,139,202610,Resource,Key role vacancy,2,2,4,Low,Open,Planned,PMO,2026-10-06,2026-11-30,PPM-0139,Nexus Digital Commerce,5,10,3,Regulatory,Active,High,2025-06-23,2026-09-25,USD,2107000,97,67,1,Standard,Supply Chain,Global,EVP Supply Chain,Omar Haddad,Senior,1,Operational Efficiency,Efficiency,0.85,2026-10-01,2026-10-31,2026,Q4,10,Oct-2026,True,False
755,139,202504,Compliance,Control evidence incomplete,2,2,4,Low,Closed,Complete,Technical Lead,2025-04-20,2025-06-28,PPM-0139,Nexus Digital Commerce,5,10,3,Regulatory,Active,High,2025-06-23,2026-09-25,USD,2107000,97,67,1,Standard,Supply Chain,Global,EVP Supply Chain,Omar Haddad,Senior,1,Operational Efficiency,Efficiency,0.85,2025-04-01,2025-04-30,2025,Q2,4,Apr-2025,False,False
756,139,202605,Financial,Contingency reserve under pressure,1,3,3,Low,Open,Not Started,Program Manager,2026-05-06,2026-06-17,PPM-0139,Nexus Digital Commerce,5,10,3,Regulatory,Active,High,2025-06-23,2026-09-25,USD,2107000,97,67,1,Standard,Supply Chain,Global,EVP Supply Chain,Omar Haddad,Senior,1,Operational Efficiency,Efficiency,0.85,2026-05-01,2026-05-31,2026,Q2,5,May-2026,True,False
757,140,202504,Resource,Key role vacancy,2,2,4,Low,Mitigating,On Track,Business Owner,2025-04-11,2025-06-16,PPM-0140,Insight Process Automation,5,17,4,Cybersecurity,Active,Medium,2025-10-16,2026-10-04,USD,4501000,74,72,2,Standard,Supply Chain,Global,EVP Supply Chain,Joanne Martin,Senior,4,Regulatory Compliance,Risk & Compliance,1.0,2025-04-01,2025-04-30,2025,Q2,4,Apr-2025,True,False
758,140,202511,Schedule,Dependency delay threatens delivery,3,3,9,Moderate,Closed,Complete,Project Manager,2025-11-06,2026-02-06,PPM-0140,Insight Process Automation,5,17,4,Cybersecurity,Active,Medium,2025-10-16,2026-10-04,USD,4501000,74,72,2,Standard,Supply Chain,Global,EVP Supply Chain,Joanne Martin,Senior,4,Regulatory Compliance,Risk & Compliance,1.0,2025-11-01,2025-11-30,2025,Q4,11,Nov-2025,False,False
759,140,202610,Financial,Contingency reserve under pressure,3,2,6,Moderate,Open,Not Started,Program Manager,2026-10-10,2027-01-12,PPM-0140,Insight Process Automation,5,17,4,Cybersecurity,Active,Medium,2025-10-16,2026-10-04,USD,4501000,74,72,2,Standard,Supply Chain,Global,EVP Supply Chain,Joanne Martin,Senior,4,Regulatory Compliance,Risk & Compliance,1.0,2026-10-01,2026-10-31,2026,Q4,10,Oct-2026,True,False
760,141,202603,Change Management,Training preparation delayed,3,3,9,Moderate,Open,Planned,Program Manager,2026-03-14,2026-05-24,PPM-0141,Momentum Service Transformation,4,19,1,Cybersecurity,Active,Low,2025-11-25,2026-07-13,USD,9191000,89,56,3,Business Critical,Commercial,North America,Chief Commercial Officer,Fatima Khan,Senior,6,Digital Transformation,Growth & Modernization,1.0,2026-03-01,2026-03-31,2026,Q1,3,Mar-2026,True,False
761,141,202504,Resource,Key role vacancy,3,4,12,High,Open,Not Started,Business Owner,2025-04-19,2025-05-20,PPM-0141,Momentum Service Transformation,4,19,1,Cybersecurity,Active,Low,2025-11-25,2026-07-13,USD,9191000,89,56,3,Business Critical,Commercial,North America,Chief Commercial Officer,Fatima Khan,Senior,6,Digital Transformation,Growth & Modernization,1.0,2025-04-01,2025-04-30,2025,Q2,4,Apr-2025,True,True
762,141,202603,Financial,Contingency reserve under pressure,2,4,8,Moderate,Open,Planned,Business Owner,2026-03-11,2026-04-13,PPM-0141,Momentum Service Transformation,4,19,1,Cybersecurity,Active,Low,2025-11-25,2026-07-13,USD,9191000,89,56,3,Business Critical,Commercial,North America,Chief Commercial Officer,Fatima Khan,Senior,6,Digital Transformation,Growth & Modernization,1.0,2026-03-01,2026-03-31,2026,Q1,3,Mar-2026,True,False
763,141,202604,Technical,Integration complexity exceeds plan,3,2,6,Moderate,Open,Not Started,PMO,2026-04-11,2026-08-09,PPM-0141,Momentum Service Transformation,4,19,1,Cybersecurity,Active,Low,2025-11-25,2026-07-13,USD,9191000,89,56,3,Business Critical,Commercial,North America,Chief Commercial Officer,Fatima Khan,Senior,6,Digital Transformation,Growth & Modernization,1.0,2026-04-01,2026-04-30,2026,Q2,4,Apr-2026,True,False
764,141,202601,Resource,Specialist allocation conflict,2,3,6,Moderate,Closed,Complete,Business Owner,2026-01-17,2026-03-26,PPM-0141,Momentum Service Transformation,4,19,1,Cybersecurity,Active,Low,2025-11-25,2026-07-13,USD,9191000,89,56,3,Business Critical,Commercial,North America,Chief Commercial Officer,Fatima Khan,Senior,6,Digital Transformation,Growth & Modernization,1.0,2026-01-01,2026-01-31,2026,Q1,1,Jan-2026,False,False
765,141,202603,Resource,Key role vacancy,4,3,12,High,Mitigating,At Risk,Technical Lead,2026-03-15,2026-05-21,PPM-0141,Momentum Service Transformation,4,19,1,Cybersecurity,Active,Low,2025-11-25,2026-07-13,USD,9191000,89,56,3,Business Critical,Commercial,North America,Chief Commercial Officer,Fatima Khan,Senior,6,Digital Transformation,Growth & Modernization,1.0,2026-03-01,2026-03-31,2026,Q1,3,Mar-2026,True,True
766,141,202509,Resource,Specialist allocation conflict,3,3,9,Moderate,Closed,Complete,Technical Lead,2025-09-24,2026-01-11,PPM-0141,Momentum Service Transformation,4,19,1,Cybersecurity,Active,Low,2025-11-25,2026-07-13,USD,9191000,89,56,3,Business Critical,Commercial,North America,Chief Commercial Officer,Fatima Khan,Senior,6,Digital Transformation,Growth & Modernization,1.0,2025-09-01,2025-09-30,2025,Q3,9,Sep-2025,False,False
767,142,202506,Schedule,Critical milestone slippage,4,5,20,Critical,Closed,Complete,Project Manager,2025-06-23,2025-10-09,PPM-0142,Fusion Risk Platform 3,1,20,4,Data & Analytics,Completed,High,2025-05-27,2026-08-11,USD,1567000,85,73,2,Standard,North America Operations,North America,EVP Operations,Andrew Walker,Senior,3,Regulatory Compliance,Risk & Compliance,1.0,2025-06-01,2025-06-30,2025,Q2,6,Jun-2025,False,True
768,142,202501,Schedule,Testing window compressed,5,5,25,Critical,Mitigating,At Risk,Project Manager,2025-01-11,2025-03-01,PPM-0142,Fusion Risk Platform 3,1,20,4,Data & Analytics,Completed,High,2025-05-27,2026-08-11,USD,1567000,85,73,2,Standard,North America Operations,North America,EVP Operations,Andrew Walker,Senior,3,Regulatory Compliance,Risk & Compliance,1.0,2025-01-01,2025-01-31,2025,Q1,1,Jan-2025,True,True
769,142,202506,Financial,Vendor spend trending above plan,4,4,16,Critical,Open,Not Started,Business Owner,2025-06-18,2025-08-15,PPM-0142,Fusion Risk Platform 3,1,20,4,Data & Analytics,Completed,High,2025-05-27,2026-08-11,USD,1567000,85,73,2,Standard,North America Operations,North America,EVP Operations,Andrew Walker,Senior,3,Regulatory Compliance,Risk & Compliance,1.0,2025-06-01,2025-06-30,2025,Q2,6,Jun-2025,True,True
770,142,202511,Resource,Critical skill capacity constrained,5,5,25,Critical,Mitigating,In Progress,PMO,2025-11-13,2026-01-15,PPM-0142,Fusion Risk Platform 3,1,20,4,Data & Analytics,Completed,High,2025-05-27,2026-08-11,USD,1567000,85,73,2,Standard,North America Operations,North America,EVP Operations,Andrew Walker,Senior,3,Regulatory Compliance,Risk & Compliance,1.0,2025-11-01,2025-11-30,2025,Q4,11,Nov-2025,True,True
771,142,202602,Resource,Critical skill capacity constrained,5,5,25,Critical,Closed,Complete,Technical Lead,2026-02-04,2026-03-19,PPM-0142,Fusion Risk Platform 3,1,20,4,Data & Analytics,Completed,High,2025-05-27,2026-08-11,USD,1567000,85,73,2,Standard,North America Operations,North America,EVP Operations,Andrew Walker,Senior,3,Regulatory Compliance,Risk & Compliance,1.0,2026-02-01,2026-02-28,2026,Q1,2,Feb-2026,False,True
772,142,202512,Schedule,Critical milestone slippage,4,4,16,Critical,Open,Not Started,Technical Lead,2025-12-24,2026-04-07,PPM-0142,Fusion Risk Platform 3,1,20,4,Data & Analytics,Completed,High,2025-05-27,2026-08-11,USD,1567000,85,73,2,Standard,North America Operations,North America,EVP Operations,Andrew Walker,Senior,3,Regulatory Compliance,Risk & Compliance,1.0,2025-12-01,2025-12-31,2025,Q4,12,Dec-2025,True,True
773,142,202501,Resource,Key role vacancy,4,5,20,Critical,Mitigating,On Track,Technical Lead,2025-01-15,2025-02-14,PPM-0142,Fusion Risk Platform 3,1,20,4,Data & Analytics,Completed,High,2025-05-27,2026-08-11,USD,1567000,85,73,2,Standard,North America Operations,North America,EVP Operations,Andrew Walker,Senior,3,Regulatory Compliance,Risk & Compliance,1.0,2025-01-01,2025-01-31,2025,Q1,1,Jan-2025,True,True
774,142,202606,Technical,Architecture risk unresolved,3,4,12,High,Open,Not Started,Project Manager,2026-06-18,2026-10-12,PPM-0142,Fusion Risk Platform 3,1,20,4,Data & Analytics,Completed,High,2025-05-27,2026-08-11,USD,1567000,85,73,2,Standard,North America Operations,North America,EVP Operations,Andrew Walker,Senior,3,Regulatory Compliance,Risk & Compliance,1.0,2026-06-01,2026-06-30,2026,Q2,6,Jun-2026,True,True
775,142,202503,Schedule,Testing window compressed,5,5,25,Critical,Closed,Complete,Project Manager,2025-03-21,2025-05-14,PPM-0142,Fusion Risk Platform 3,1,20,4,Data & Analytics,Completed,High,2025-05-27,2026-08-11,USD,1567000,85,73,2,Standard,North America Operations,North America,EVP Operations,Andrew Walker,Senior,3,Regulatory Compliance,Risk & Compliance,1.0,2025-03-01,2025-03-31,2025,Q1,3,Mar-2025,False,True
776,142,202610,Resource,Specialist allocation conflict,4,5,20,Critical,Mitigating,At Risk,Project Manager,2026-10-14,2027-01-03,PPM-0142,Fusion Risk Platform 3,1,20,4,Data & Analytics,Completed,High,2025-05-27,2026-08-11,USD,1567000,85,73,2,Standard,North America Operations,North America,EVP Operations,Andrew Walker,Senior,3,Regulatory Compliance,Risk & Compliance,1.0,2026-10-01,2026-10-31,2026,Q4,10,Oct-2026,True,True
777,143,202610,Change Management,Adoption readiness behind plan,3,3,9,Moderate,Mitigating,At Risk,Business Owner,2026-10-06,2026-11-14,PPM-0143,Rise Finance Modernization,4,17,4,Product Development,On Hold,Medium,2025-02-19,2026-05-26,USD,4918000,50,84,5,Standard,Commercial,North America,Chief Commercial Officer,Joanne Martin,Senior,4,Regulatory Compliance,Risk & Compliance,1.0,2026-10-01,2026-10-31,2026,Q4,10,Oct-2026,True,False
778,143,202601,Schedule,Testing window compressed,5,4,20,Critical,Open,Not Started,Project Manager,2026-01-20,2026-03-01,PPM-0143,Rise Finance Modernization,4,17,4,Product Development,On Hold,Medium,2025-02-19,2026-05-26,USD,4918000,50,84,5,Standard,Commercial,North America,Chief Commercial Officer,Joanne Martin,Senior,4,Regulatory Compliance,Risk & Compliance,1.0,2026-01-01,2026-01-31,2026,Q1,1,Jan-2026,True,True
779,143,202612,Schedule,Dependency delay threatens delivery,5,3,15,High,Open,Planned,Technical Lead,2026-12-19,2027-02-12,PPM-0143,Rise Finance Modernization,4,17,4,Product Development,On Hold,Medium,2025-02-19,2026-05-26,USD,4918000,50,84,5,Standard,Commercial,North America,Chief Commercial Officer,Joanne Martin,Senior,4,Regulatory Compliance,Risk & Compliance,1.0,2026-12-01,2026-12-31,2026,Q4,12,Dec-2026,True,True
780,143,202605,Financial,Contingency reserve under pressure,4,3,12,High,Mitigating,At Risk,Business Owner,2026-05-25,2026-09-19,PPM-0143,Rise Finance Modernization,4,17,4,Product Development,On Hold,Medium,2025-02-19,2026-05-26,USD,4918000,50,84,5,Standard,Commercial,North America,Chief Commercial Officer,Joanne Martin,Senior,4,Regulatory Compliance,Risk & Compliance,1.0,2026-05-01,2026-05-31,2026,Q2,5,May-2026,True,True
781,143,202604,Schedule,Testing window compressed,5,5,25,Critical,Closed,Complete,Business Owner,2026-04-23,2026-07-28,PPM-0143,Rise Finance Modernization,4,17,4,Product Development,On Hold,Medium,2025-02-19,2026-05-26,USD,4918000,50,84,5,Standard,Commercial,North America,Chief Commercial Officer,Joanne Martin,Senior,4,Regulatory Compliance,Risk & Compliance,1.0,2026-04-01,2026-04-30,2026,Q2,4,Apr-2026,False,True
782,143,202506,Schedule,Dependency delay threatens delivery,3,3,9,Moderate,Closed,Complete,Project Manager,2025-06-23,2025-08-22,PPM-0143,Rise Finance Modernization,4,17,4,Product Development,On Hold,Medium,2025-02-19,2026-05-26,USD,4918000,50,84,5,Standard,Commercial,North America,Chief Commercial Officer,Joanne Martin,Senior,4,Regulatory Compliance,Risk & Compliance,1.0,2025-06-01,2025-06-30,2025,Q2,6,Jun-2025,False,False
783,143,202612,Resource,Critical skill capacity constrained,3,4,12,High,Open,Planned,Technical Lead,2026-12-25,2027-04-12,PPM-0143,Rise Finance Modernization,4,17,4,Product Development,On Hold,Medium,2025-02-19,2026-05-26,USD,4918000,50,84,5,Standard,Commercial,North America,Chief Commercial Officer,Joanne Martin,Senior,4,Regulatory Compliance,Risk & Compliance,1.0,2026-12-01,2026-12-31,2026,Q4,12,Dec-2026,True,True
784,143,202606,Resource,Key role vacancy,3,4,12,High,Mitigating,On Track,Program Manager,2026-06-15,2026-07-25,PPM-0143,Rise Finance Modernization,4,17,4,Product Development,On Hold,Medium,2025-02-19,2026-05-26,USD,4918000,50,84,5,Standard,Commercial,North America,Chief Commercial Officer,Joanne Martin,Senior,4,Regulatory Compliance,Risk & Compliance,1.0,2026-06-01,2026-06-30,2026,Q2,6,Jun-2026,True,True
785,143,202602,Schedule,Dependency delay threatens delivery,4,5,20,Critical,Open,Not Started,Technical Lead,2026-02-20,2026-05-04,PPM-0143,Rise Finance Modernization,4,17,4,Product Development,On Hold,Medium,2025-02-19,2026-05-26,USD,4918000,50,84,5,Standard,Commercial,North America,Chief Commercial Officer,Joanne Martin,Senior,4,Regulatory Compliance,Risk & Compliance,1.0,2026-02-01,2026-02-28,2026,Q1,2,Feb-2026,True,True
786,143,202604,Schedule,Testing window compressed,4,4,16,Critical,Open,Planned,Technical Lead,2026-04-05,2026-07-31,PPM-0143,Rise Finance Modernization,4,17,4,Product Development,On Hold,Medium,2025-02-19,2026-05-26,USD,4918000,50,84,5,Standard,Commercial,North America,Chief Commercial Officer,Joanne Martin,Senior,4,Regulatory Compliance,Risk & Compliance,1.0,2026-04-01,2026-04-30,2026,Q2,4,Apr-2026,True,True
787,144,202610,Resource,Critical skill capacity constrained,1,3,3,Low,Closed,Complete,PMO,2026-10-18,2027-01-30,PPM-0144,Summit Finance Modernization 2,6,15,1,Data & Analytics,On Hold,High,2025-08-13,2027-10-16,USD,6891000,70,77,4,Standard,Corporate Services,Global,Chief Administrative Officer,Mei Liu,Lead,5,Digital Transformation,Growth & Modernization,1.0,2026-10-01,2026-10-31,2026,Q4,10,Oct-2026,False,False
788,144,202507,Vendor,Vendor deliverable delayed,1,3,3,Low,Mitigating,In Progress,Program Manager,2025-07-20,2025-08-26,PPM-0144,Summit Finance Modernization 2,6,15,1,Data & Analytics,On Hold,High,2025-08-13,2027-10-16,USD,6891000,70,77,4,Standard,Corporate Services,Global,Chief Administrative Officer,Mei Liu,Lead,5,Digital Transformation,Growth & Modernization,1.0,2025-07-01,2025-07-31,2025,Q3,7,Jul-2025,True,False
789,144,202507,Change Management,Stakeholder resistance increasing,3,3,9,Moderate,Mitigating,At Risk,Program Manager,2025-07-23,2025-10-31,PPM-0144,Summit Finance Modernization 2,6,15,1,Data & Analytics,On Hold,High,2025-08-13,2027-10-16,USD,6891000,70,77,4,Standard,Corporate Services,Global,Chief Administrative Officer,Mei Liu,Lead,5,Digital Transformation,Growth & Modernization,1.0,2025-07-01,2025-07-31,2025,Q3,7,Jul-2025,True,False
790,144,202501,Change Management,Adoption readiness behind plan,3,3,9,Moderate,Closed,Complete,Program Manager,2025-01-23,2025-02-28,PPM-0144,Summit Finance Modernization 2,6,15,1,Data & Analytics,On Hold,High,2025-08-13,2027-10-16,USD,6891000,70,77,4,Standard,Corporate Services,Global,Chief Administrative Officer,Mei Liu,Lead,5,Digital Transformation,Growth & Modernization,1.0,2025-01-01,2025-01-31,2025,Q1,1,Jan-2025,False,False
791,145,202506,Schedule,Testing window compressed,1,2,2,Low,Closed,Complete,Program Manager,2025-06-18,2025-09-03,PPM-0145,Nexus ERP Renewal,4,5,2,Cloud Migration,Completed,Low,2025-08-04,2027-09-28,USD,3624000,95,78,1,Business Critical,Commercial,North America,Chief Commercial Officer,Sofia Martinez,Senior,3,Revenue Growth,Growth,0.95,2025-06-01,2025-06-30,2025,Q2,6,Jun-2025,False,False
792,145,202601,Resource,Specialist allocation conflict,1,2,2,Low,Open,Not Started,PMO,2026-01-11,2026-03-15,PPM-0145,Nexus ERP Renewal,4,5,2,Cloud Migration,Completed,Low,2025-08-04,2027-09-28,USD,3624000,95,78,1,Business Critical,Commercial,North America,Chief Commercial Officer,Sofia Martinez,Senior,3,Revenue Growth,Growth,0.95,2026-01-01,2026-01-31,2026,Q1,1,Jan-2026,True,False
793,145,202601,Vendor,Supplier capacity constraint,2,1,2,Low,Closed,Complete,Program Manager,2026-01-20,2026-03-23,PPM-0145,Nexus ERP Renewal,4,5,2,Cloud Migration,Completed,Low,2025-08-04,2027-09-28,USD,3624000,95,78,1,Business Critical,Commercial,North America,Chief Commercial Officer,Sofia Martinez,Senior,3,Revenue Growth,Growth,0.95,2026-01-01,2026-01-31,2026,Q1,1,Jan-2026,False,False
794,145,202610,Resource,Key role vacancy,3,2,6,Moderate,Mitigating,In Progress,Business Owner,2026-10-06,2027-01-15,PPM-0145,Nexus ERP Renewal,4,5,2,Cloud Migration,Completed,Low,2025-08-04,2027-09-28,USD,3624000,95,78,1,Business Critical,Commercial,North America,Chief Commercial Officer,Sofia Martinez,Senior,3,Revenue Growth,Growth,0.95,2026-10-01,2026-10-31,2026,Q4,10,Oct-2026,True,False
795,145,202502,Resource,Critical skill capacity constrained,1,2,2,Low,Mitigating,On Track,Business Owner,2025-02-06,2025-06-02,PPM-0145,Nexus ERP Renewal,4,5,2,Cloud Migration,Completed,Low,2025-08-04,2027-09-28,USD,3624000,95,78,1,Business Critical,Commercial,North America,Chief Commercial Officer,Sofia Martinez,Senior,3,Revenue Growth,Growth,0.95,2025-02-01,2025-02-28,2025,Q1,2,Feb-2025,True,False
796,146,202501,Financial,Forecast cost exceeds approved budget,2,5,10,High,Open,Not Started,PMO,2025-01-25,2025-04-10,PPM-0146,Beacon Analytics Hub,5,15,4,Cybersecurity,Active,Low,2024-05-29,2026-05-09,USD,2075000,84,70,3,Important,Supply Chain,Global,EVP Supply Chain,Mei Liu,Lead,5,Regulatory Compliance,Risk & Compliance,1.0,2025-01-01,2025-01-31,2025,Q1,1,Jan-2025,True,True
797,146,202507,Compliance,Regulatory requirement unresolved,3,4,12,High,Open,Planned,Technical Lead,2025-07-24,2025-10-29,PPM-0146,Beacon Analytics Hub,5,15,4,Cybersecurity,Active,Low,2024-05-29,2026-05-09,USD,2075000,84,70,3,Important,Supply Chain,Global,EVP Supply Chain,Mei Liu,Lead,5,Regulatory Compliance,Risk & Compliance,1.0,2025-07-01,2025-07-31,2025,Q3,7,Jul-2025,True,True
798,146,202604,Scope,Change requests threaten baseline,3,4,12,High,Open,Planned,Project Manager,2026-04-25,2026-07-14,PPM-0146,Beacon Analytics Hub,5,15,4,Cybersecurity,Active,Low,2024-05-29,2026-05-09,USD,2075000,84,70,3,Important,Supply Chain,Global,EVP Supply Chain,Mei Liu,Lead,5,Regulatory Compliance,Risk & Compliance,1.0,2026-04-01,2026-04-30,2026,Q2,4,Apr-2026,True,True
799,146,202510,Schedule,Testing window compressed,3,4,12,High,Closed,Complete,Technical Lead,2025-10-08,2025-11-19,PPM-0146,Beacon Analytics Hub,5,15,4,Cybersecurity,Active,Low,2024-05-29,2026-05-09,USD,2075000,84,70,3,Important,Supply Chain,Global,EVP Supply Chain,Mei Liu,Lead,5,Regulatory Compliance,Risk & Compliance,1.0,2025-10-01,2025-10-31,2025,Q4,10,Oct-2025,False,True
800,146,202611,Compliance,Approval dependency outstanding,4,4,16,Critical,Mitigating,At Risk,Program Manager,2026-11-05,2027-02-02,PPM-0146,Beacon Analytics Hub,5,15,4,Cybersecurity,Active,Low,2024-05-29,2026-05-09,USD,2075000,84,70,3,Important,Supply Chain,Global,EVP Supply Chain,Mei Liu,Lead,5,Regulatory Compliance,Risk & Compliance,1.0,2026-11-01,2026-11-30,2026,Q4,11,Nov-2026,True,True
801,146,202501,Technical,Architecture risk unresolved,4,4,16,Critical,Closed,Complete,PMO,2025-01-11,2025-02-13,PPM-0146,Beacon Analytics Hub,5,15,4,Cybersecurity,Active,Low,2024-05-29,2026-05-09,USD,2075000,84,70,3,Important,Supply Chain,Global,EVP Supply Chain,Mei Liu,Lead,5,Regulatory Compliance,Risk & Compliance,1.0,2025-01-01,2025-01-31,2025,Q1,1,Jan-2025,False,True
802,146,202504,Financial,Forecast cost exceeds approved budget,3,4,12,High,Mitigating,At Risk,Program Manager,2025-04-16,2025-07-01,PPM-0146,Beacon Analytics Hub,5,15,4,Cybersecurity,Active,Low,2024-05-29,2026-05-09,USD,2075000,84,70,3,Important,Supply Chain,Global,EVP Supply Chain,Mei Liu,Lead,5,Regulatory Compliance,Risk & Compliance,1.0,2025-04-01,2025-04-30,2025,Q2,4,Apr-2025,True,True
803,146,202506,Resource,Key role vacancy,4,3,12,High,Open,Not Started,PMO,2025-06-20,2025-09-27,PPM-0146,Beacon Analytics Hub,5,15,4,Cybersecurity,Active,Low,2024-05-29,2026-05-09,USD,2075000,84,70,3,Important,Supply Chain,Global,EVP Supply Chain,Mei Liu,Lead,5,Regulatory Compliance,Risk & Compliance,1.0,2025-06-01,2025-06-30,2025,Q2,6,Jun-2025,True,True
804,147,202606,Scope,Scope growth not fully funded,2,2,4,Low,Mitigating,On Track,PMO,2026-06-13,2026-08-12,PPM-0147,Genesis Risk Platform,3,7,1,Data & Analytics,Active,Critical,2024-04-13,2026-03-31,USD,7900000,62,51,5,Important,Technology,Global,CIO,Rachel Thompson,Senior,1,Digital Transformation,Growth & Modernization,1.0,2026-06-01,2026-06-30,2026,Q2,6,Jun-2026,True,False
805,147,202611,Schedule,Dependency delay threatens delivery,3,2,6,Moderate,Open,Not Started,Program Manager,2026-11-11,2027-01-03,PPM-0147,Genesis Risk Platform,3,7,1,Data & Analytics,Active,Critical,2024-04-13,2026-03-31,USD,7900000,62,51,5,Important,Technology,Global,CIO,Rachel Thompson,Senior,1,Digital Transformation,Growth & Modernization,1.0,2026-11-01,2026-11-30,2026,Q4,11,Nov-2026,True,False
806,147,202512,Financial,Forecast cost exceeds approved budget,1,4,4,Low,Closed,Complete,PMO,2025-12-06,2026-01-09,PPM-0147,Genesis Risk Platform,3,7,1,Data & Analytics,Active,Critical,2024-04-13,2026-03-31,USD,7900000,62,51,5,Important,Technology,Global,CIO,Rachel Thompson,Senior,1,Digital Transformation,Growth & Modernization,1.0,2025-12-01,2025-12-31,2025,Q4,12,Dec-2025,False,False
807,147,202501,Change Management,Training preparation delayed,3,3,9,Moderate,Closed,Complete,Program Manager,2025-01-14,2025-03-25,PPM-0147,Genesis Risk Platform,3,7,1,Data & Analytics,Active,Critical,2024-04-13,2026-03-31,USD,7900000,62,51,5,Important,Technology,Global,CIO,Rachel Thompson,Senior,1,Digital Transformation,Growth & Modernization,1.0,2025-01-01,2025-01-31,2025,Q1,1,Jan-2025,False,False
808,147,202503,Compliance,Approval dependency outstanding,3,3,9,Moderate,Closed,Complete,Program Manager,2025-03-06,2025-04-24,PPM-0147,Genesis Risk Platform,3,7,1,Data & Analytics,Active,Critical,2024-04-13,2026-03-31,USD,7900000,62,51,5,Important,Technology,Global,CIO,Rachel Thompson,Senior,1,Digital Transformation,Growth & Modernization,1.0,2025-03-01,2025-03-31,2025,Q1,3,Mar-2025,False,False
809,148,202510,Resource,Critical skill capacity constrained,4,4,16,Critical,Mitigating,At Risk,Program Manager,2025-10-26,2026-02-20,PPM-0148,Momentum Analytics Hub 2,2,21,2,Customer Experience,Active,Medium,2025-08-17,2026-09-03,USD,1596000,54,56,5,Standard,Finance,Global,CFO,Leila Bennett,Senior,4,Revenue Growth,Growth,0.95,2025-10-01,2025-10-31,2025,Q4,10,Oct-2025,True,True
810,148,202505,Technical,Technical debt threatens delivery,5,4,20,Critical,Closed,Complete,Project Manager,2025-05-19,2025-08-19,PPM-0148,Momentum Analytics Hub 2,2,21,2,Customer Experience,Active,Medium,2025-08-17,2026-09-03,USD,1596000,54,56,5,Standard,Finance,Global,CFO,Leila Bennett,Senior,4,Revenue Growth,Growth,0.95,2025-05-01,2025-05-31,2025,Q2,5,May-2025,False,True
811,148,202508,Resource,Critical skill capacity constrained,5,4,20,Critical,Mitigating,In Progress,PMO,2025-08-20,2025-10-17,PPM-0148,Momentum Analytics Hub 2,2,21,2,Customer Experience,Active,Medium,2025-08-17,2026-09-03,USD,1596000,54,56,5,Standard,Finance,Global,CFO,Leila Bennett,Senior,4,Revenue Growth,Growth,0.95,2025-08-01,2025-08-31,2025,Q3,8,Aug-2025,True,True
812,148,202501,Compliance,Regulatory requirement unresolved,5,5,25,Critical,Open,Planned,Technical Lead,2025-01-26,2025-03-26,PPM-0148,Momentum Analytics Hub 2,2,21,2,Customer Experience,Active,Medium,2025-08-17,2026-09-03,USD,1596000,54,56,5,Standard,Finance,Global,CFO,Leila Bennett,Senior,4,Revenue Growth,Growth,0.95,2025-01-01,2025-01-31,2025,Q1,1,Jan-2025,True,True
813,148,202608,Resource,Key role vacancy,3,4,12,High,Open,Planned,Project Manager,2026-08-26,2026-12-03,PPM-0148,Momentum Analytics Hub 2,2,21,2,Customer Experience,Active,Medium,2025-08-17,2026-09-03,USD,1596000,54,56,5,Standard,Finance,Global,CFO,Leila Bennett,Senior,4,Revenue Growth,Growth,0.95,2026-08-01,2026-08-31,2026,Q3,8,Aug-2026,True,True
814,148,202504,Schedule,Testing window compressed,5,5,25,Critical,Mitigating,At Risk,PMO,2025-04-24,2025-07-23,PPM-0148,Momentum Analytics Hub 2,2,21,2,Customer Experience,Active,Medium,2025-08-17,2026-09-03,USD,1596000,54,56,5,Standard,Finance,Global,CFO,Leila Bennett,Senior,4,Revenue Growth,Growth,0.95,2025-04-01,2025-04-30,2025,Q2,4,Apr-2025,True,True
815,148,202605,Vendor,Third-party dependency at risk,4,3,12,High,Mitigating,On Track,Program Manager,2026-05-19,2026-07-26,PPM-0148,Momentum Analytics Hub 2,2,21,2,Customer Experience,Active,Medium,2025-08-17,2026-09-03,USD,1596000,54,56,5,Standard,Finance,Global,CFO,Leila Bennett,Senior,4,Revenue Growth,Growth,0.95,2026-05-01,2026-05-31,2026,Q2,5,May-2026,True,True
816,148,202606,Schedule,Testing window compressed,4,4,16,Critical,Mitigating,On Track,PMO,2026-06-25,2026-09-26,PPM-0148,Momentum Analytics Hub 2,2,21,2,Customer Experience,Active,Medium,2025-08-17,2026-09-03,USD,1596000,54,56,5,Standard,Finance,Global,CFO,Leila Bennett,Senior,4,Revenue Growth,Growth,0.95,2026-06-01,2026-06-30,2026,Q2,6,Jun-2026,True,True
817,149,202605,Resource,Specialist allocation conflict,3,3,9,Moderate,Open,Planned,Program Manager,2026-05-16,2026-09-01,PPM-0149,Catalyst AI Foundations,2,20,1,Data & Analytics,Active,High,2025-12-24,2028-07-07,USD,5784000,98,77,3,Important,Finance,Global,CFO,Andrew Walker,Senior,3,Digital Transformation,Growth & Modernization,1.0,2026-05-01,2026-05-31,2026,Q2,5,May-2026,True,False
818,149,202602,Vendor,Third-party dependency at risk,2,2,4,Low,Open,Not Started,Project Manager,2026-02-04,2026-03-25,PPM-0149,Catalyst AI Foundations,2,20,1,Data & Analytics,Active,High,2025-12-24,2028-07-07,USD,5784000,98,77,3,Important,Finance,Global,CFO,Andrew Walker,Senior,3,Digital Transformation,Growth & Modernization,1.0,2026-02-01,2026-02-28,2026,Q1,2,Feb-2026,True,False
819,149,202501,Technical,Technical debt threatens delivery,2,4,8,Moderate,Mitigating,At Risk,Project Manager,2025-01-09,2025-02-08,PPM-0149,Catalyst AI Foundations,2,20,1,Data & Analytics,Active,High,2025-12-24,2028-07-07,USD,5784000,98,77,3,Important,Finance,Global,CFO,Andrew Walker,Senior,3,Digital Transformation,Growth & Modernization,1.0,2025-01-01,2025-01-31,2025,Q1,1,Jan-2025,True,False
820,149,202511,Vendor,Third-party dependency at risk,2,3,6,Moderate,Closed,Complete,PMO,2025-11-22,2025-12-25,PPM-0149,Catalyst AI Foundations,2,20,1,Data & Analytics,Active,High,2025-12-24,2028-07-07,USD,5784000,98,77,3,Important,Finance,Global,CFO,Andrew Walker,Senior,3,Digital Transformation,Growth & Modernization,1.0,2025-11-01,2025-11-30,2025,Q4,11,Nov-2025,False,False
821,149,202603,Financial,Forecast cost exceeds approved budget,2,2,4,Low,Open,Not Started,Technical Lead,2026-03-21,2026-07-13,PPM-0149,Catalyst AI Foundations,2,20,1,Data & Analytics,Active,High,2025-12-24,2028-07-07,USD,5784000,98,77,3,Important,Finance,Global,CFO,Andrew Walker,Senior,3,Digital Transformation,Growth & Modernization,1.0,2026-03-01,2026-03-31,2026,Q1,3,Mar-2026,True,False
822,150,202512,Financial,Forecast cost exceeds approved budget,3,1,3,Low,Mitigating,On Track,Technical Lead,2025-12-06,2026-02-20,PPM-0150,Rise Cloud Core,5,20,6,ERP Transformation,Completed,Medium,2024-08-31,2026-07-24,USD,10250000,85,99,3,Business Critical,Supply Chain,Global,EVP Supply Chain,Andrew Walker,Senior,3,Risk Reduction,Risk & Resilience,0.9,2025-12-01,2025-12-31,2025,Q4,12,Dec-2025,True,False
823,150,202508,Resource,Critical skill capacity constrained,2,1,2,Low,Mitigating,On Track,PMO,2025-08-20,2025-10-13,PPM-0150,Rise Cloud Core,5,20,6,ERP Transformation,Completed,Medium,2024-08-31,2026-07-24,USD,10250000,85,99,3,Business Critical,Supply Chain,Global,EVP Supply Chain,Andrew Walker,Senior,3,Risk Reduction,Risk & Resilience,0.9,2025-08-01,2025-08-31,2025,Q3,8,Aug-2025,True,False
824,150,202604,Technical,Architecture risk unresolved,2,2,4,Low,Closed,Complete,Program Manager,2026-04-12,2026-06-15,PPM-0150,Rise Cloud Core,5,20,6,ERP Transformation,Completed,Medium,2024-08-31,2026-07-24,USD,10250000,85,99,3,Business Critical,Supply Chain,Global,EVP Supply Chain,Andrew Walker,Senior,3,Risk Reduction,Risk & Resilience,0.9,2026-04-01,2026-04-30,2026,Q2,4,Apr-2026,False,False
