period_id,project_id,baseline_budget,current_budget,actual_cost,committed_cost,forecast_cost,planned_cost_to_date,earned_value,budget_variance,budget_variance_pct,cost_variance,cpi,forecast_variance,burn_rate,remaining_budget
202501,1,1688000,1688000,831000,452000,1720000,863000,852000,-32000,-1.91,20000,1.025,-32000,831000,857000
202502,1,1688000,1688000,874000,321000,1720000,937000,920000,-32000,-1.91,46000,1.052,-32000,437000,814000
202503,1,1688000,1688000,959000,258000,1720000,1020000,1000000,-32000,-1.91,41000,1.042,-32000,320000,729000
202504,1,1688000,1688000,1061000,224000,1720000,1100000,1113000,-32000,-1.91,52000,1.049,-32000,265000,627000
202505,1,1688000,1688000,1121000,174000,1720000,1182000,1165000,-32000,-1.91,44000,1.039,-32000,224000,567000
202506,1,1688000,1688000,1271000,149000,1720000,1262000,1239000,-32000,-1.91,-33000,0.974,-32000,212000,417000
202507,1,1688000,1688000,1330000,117000,1720000,1345000,1353000,-32000,-1.91,23000,1.017,-32000,190000,358000
202508,1,1688000,1688000,1442000,71000,1720000,1427000,1426000,-32000,-1.91,-16000,0.989,-32000,180000,246000
202509,1,1688000,1688000,1441000,97000,1720000,1507000,1466000,-32000,-1.91,25000,1.017,-32000,160000,247000
202510,1,1688000,1688000,1529000,82000,1720000,1589000,1587000,-32000,-1.91,58000,1.038,-32000,153000,159000
202511,1,1688000,1688000,1624000,26000,1720000,1669000,1618000,-32000,-1.91,-6000,0.997,-32000,148000,64000
202512,1,1688000,1688000,1589000,42000,1720000,1688000,1651000,-32000,-1.91,62000,1.039,-32000,132000,99000
202601,1,1688000,1688000,1629000,35000,1720000,1688000,1675000,-32000,-1.91,45000,1.028,-32000,125000,59000
202602,1,1688000,1688000,1549000,70000,1720000,1688000,1620000,-32000,-1.91,71000,1.046,-32000,111000,139000
202603,1,1688000,1688000,1641000,26000,1720000,1688000,1671000,-32000,-1.91,30000,1.018,-32000,109000,47000
202604,1,1688000,1688000,1644000,29000,1720000,1688000,1627000,-32000,-1.91,-18000,0.989,-32000,103000,44000
202605,1,1688000,1688000,1663000,27000,1720000,1688000,1680000,-32000,-1.91,17000,1.01,-32000,98000,25000
202606,1,1688000,1688000,1614000,48000,1720000,1688000,1656000,-32000,-1.91,42000,1.026,-32000,90000,74000
202607,1,1688000,1688000,1629000,28000,1720000,1688000,1632000,-32000,-1.91,3000,1.002,-32000,86000,59000
202608,1,1688000,1688000,1670000,14000,1720000,1688000,1700000,-32000,-1.91,30000,1.018,-32000,84000,18000
202609,1,1688000,1688000,1729000,0,1729000,1688000,1690000,-41000,-2.4,-39000,0.978,-41000,82000,-41000
202610,1,1688000,1688000,1616000,26000,1720000,1688000,1644000,-32000,-1.91,28000,1.017,-32000,73000,72000
202611,1,1688000,1688000,1608000,34000,1720000,1688000,1711000,-32000,-1.91,103000,1.064,-32000,70000,80000
202612,1,1688000,1688000,1597000,53000,1720000,1688000,1683000,-32000,-1.91,86000,1.054,-32000,67000,91000
202501,2,2720000,2720000,134000,1043000,2959000,131000,113000,-239000,-8.8,-21000,0.844,-239000,134000,2586000
202502,2,2720000,2720000,206000,1322000,2959000,215000,181000,-239000,-8.8,-25000,0.878,-239000,103000,2514000
202503,2,2720000,2720000,299000,939000,2959000,307000,259000,-239000,-8.8,-40000,0.866,-239000,100000,2421000
202504,2,2720000,2720000,349000,1376000,2959000,397000,325000,-239000,-8.8,-25000,0.929,-239000,87000,2371000
202505,2,2720000,2720000,456000,1054000,2959000,489000,398000,-239000,-8.8,-57000,0.874,-239000,91000,2264000
202506,2,2720000,2720000,523000,1337000,2959000,579000,470000,-239000,-8.8,-53000,0.899,-239000,87000,2197000
202507,2,2720000,2720000,642000,1000000,2959000,671000,541000,-239000,-8.8,-101000,0.842,-239000,92000,2078000
202508,2,2720000,2720000,679000,623000,2959000,764000,621000,-239000,-8.8,-58000,0.915,-239000,85000,2041000
202509,2,2720000,2720000,779000,688000,2959000,853000,706000,-239000,-8.8,-73000,0.907,-239000,87000,1941000
202510,2,2720000,2720000,877000,963000,2959000,945000,757000,-239000,-8.8,-120000,0.863,-239000,88000,1843000
202511,2,2720000,2720000,955000,852000,2959000,1035000,820000,-239000,-8.8,-135000,0.858,-239000,87000,1765000
202512,2,2720000,2720000,1106000,475000,2959000,1127000,986000,-239000,-8.8,-120000,0.891,-239000,92000,1614000
202601,2,2720000,2720000,1225000,454000,2959000,1220000,1079000,-239000,-8.8,-145000,0.881,-239000,94000,1495000
202602,2,2720000,2720000,1342000,426000,2959000,1303000,1191000,-239000,-8.8,-152000,0.887,-239000,96000,1378000
202603,2,2720000,2720000,1420000,789000,2959000,1396000,1283000,-239000,-8.8,-137000,0.903,-239000,95000,1300000
202604,2,2720000,2720000,1561000,368000,2959000,1485000,1410000,-239000,-8.8,-151000,0.903,-239000,98000,1159000
202605,2,2720000,2720000,1647000,593000,2959000,1578000,1491000,-239000,-8.8,-156000,0.905,-239000,97000,1073000
202606,2,2720000,2720000,1720000,442000,2959000,1667000,1599000,-239000,-8.8,-121000,0.93,-239000,96000,1000000
202607,2,2720000,2720000,1835000,402000,2959000,1760000,1720000,-239000,-8.8,-115000,0.937,-239000,97000,885000
202608,2,2720000,2720000,1965000,474000,2959000,1852000,1834000,-239000,-8.8,-131000,0.933,-239000,98000,755000
202609,2,2720000,2720000,2023000,316000,2959000,1942000,1922000,-239000,-8.8,-101000,0.95,-239000,96000,697000
202610,2,2720000,2720000,2098000,414000,2959000,2034000,2014000,-239000,-8.8,-84000,0.96,-239000,95000,622000
202611,2,2720000,2720000,2186000,209000,2959000,2124000,2102000,-239000,-8.8,-84000,0.962,-239000,95000,534000
202612,2,2720000,2720000,2219000,381000,2959000,2216000,2194000,-239000,-8.8,-25000,0.989,-239000,92000,501000
202501,3,2775000,2775000,0,1289000,3031000,0,0,-256000,-9.23,0,1.0,-256000,0,2775000
202502,3,2775000,2775000,0,1422000,3031000,0,0,-256000,-9.23,0,1.0,-256000,0,2775000
202503,3,2775000,2775000,0,785000,3031000,0,0,-256000,-9.23,0,1.0,-256000,0,2775000
202504,3,2775000,2775000,0,1534000,3031000,0,0,-256000,-9.23,0,1.0,-256000,0,2775000
202505,3,2775000,2775000,0,1627000,3031000,0,0,-256000,-9.23,0,1.0,-256000,0,2775000
202506,3,2775000,2775000,0,1491000,3031000,0,0,-256000,-9.23,0,1.0,-256000,0,2775000
202507,3,2775000,2775000,0,1110000,3031000,0,0,-256000,-9.23,0,1.0,-256000,0,2775000
202508,3,2775000,2775000,0,1033000,3031000,0,0,-256000,-9.23,0,1.0,-256000,0,2775000
202509,3,2775000,2775000,0,1610000,3031000,0,0,-256000,-9.23,0,1.0,-256000,0,2775000
202510,3,2775000,2775000,0,1253000,3031000,0,0,-256000,-9.23,0,1.0,-256000,0,2775000
202511,3,2775000,2775000,0,1241000,3031000,0,0,-256000,-9.23,0,1.0,-256000,0,2775000
202512,3,2775000,2775000,3000,1214000,3031000,4000,2000,-256000,-9.23,0,0.901,-256000,0,2772000
202601,3,2775000,2858000,82000,980000,3031000,112000,76000,-173000,-6.05,-6000,0.925,-173000,6000,2776000
202602,3,2775000,2858000,142000,1089000,3031000,211000,139000,-173000,-6.05,-3000,0.978,-173000,10000,2716000
202603,3,2775000,2858000,250000,1507000,3031000,320000,215000,-173000,-6.05,-35000,0.861,-173000,17000,2608000
202604,3,2775000,2858000,298000,1217000,3031000,425000,281000,-173000,-6.05,-17000,0.944,-173000,19000,2560000
202605,3,2775000,2858000,390000,678000,3031000,534000,346000,-173000,-6.05,-43000,0.889,-173000,23000,2468000
202606,3,2775000,2858000,495000,1337000,3031000,639000,430000,-173000,-6.05,-65000,0.869,-173000,27000,2363000
202607,3,2775000,2858000,533000,994000,3031000,748000,496000,-173000,-6.05,-37000,0.931,-173000,28000,2325000
202608,3,2775000,2858000,609000,821000,3031000,857000,570000,-173000,-6.05,-39000,0.936,-173000,30000,2249000
202609,3,2775000,2858000,672000,822000,3031000,962000,607000,-173000,-6.05,-65000,0.904,-173000,32000,2186000
202610,3,2775000,2858000,704000,1272000,3031000,1071000,670000,-173000,-6.05,-34000,0.951,-173000,32000,2154000
202611,3,2775000,2858000,881000,571000,3031000,1177000,760000,-173000,-6.05,-122000,0.862,-173000,38000,1977000
202612,3,2775000,2858000,838000,838000,3031000,1286000,819000,-173000,-6.05,-19000,0.978,-173000,35000,2020000
202501,4,1905000,1905000,0,1074000,2006000,0,0,-101000,-5.31,0,1.0,-101000,0,1905000
202502,4,1905000,1905000,0,996000,2006000,0,0,-101000,-5.31,0,1.0,-101000,0,1905000
202503,4,1905000,1905000,0,956000,2006000,0,0,-101000,-5.31,0,1.0,-101000,0,1905000
202504,4,1905000,1905000,0,1080000,2006000,0,0,-101000,-5.31,0,1.0,-101000,0,1905000
202505,4,1905000,1905000,0,883000,2006000,0,0,-101000,-5.31,0,1.0,-101000,0,1905000
202506,4,1905000,1905000,9000,1008000,2006000,10000,8000,-101000,-5.31,-1000,0.873,-101000,1000,1896000
202507,4,1905000,1905000,100000,593000,2006000,114000,86000,-101000,-5.31,-15000,0.854,-101000,14000,1805000
202508,4,1905000,1905000,182000,971000,2006000,217000,160000,-101000,-5.31,-23000,0.876,-101000,23000,1723000
202509,4,1905000,1905000,264000,579000,2006000,318000,234000,-101000,-5.31,-30000,0.888,-101000,29000,1641000
202510,4,1905000,1905000,370000,537000,2006000,421000,312000,-101000,-5.31,-58000,0.844,-101000,37000,1535000
202511,4,1905000,1905000,424000,740000,2006000,521000,389000,-101000,-5.31,-34000,0.919,-101000,39000,1481000
202512,4,1905000,1905000,544000,792000,2006000,625000,457000,-101000,-5.31,-87000,0.84,-101000,45000,1361000
202601,4,1905000,1905000,661000,617000,2006000,729000,584000,-101000,-5.31,-77000,0.884,-101000,51000,1244000
202602,4,1905000,1905000,737000,583000,2006000,822000,661000,-101000,-5.31,-75000,0.898,-101000,53000,1168000
202603,4,1905000,1905000,865000,483000,2006000,926000,766000,-101000,-5.31,-99000,0.885,-101000,58000,1040000
202604,4,1905000,1905000,973000,442000,2006000,1026000,870000,-101000,-5.31,-103000,0.894,-101000,61000,932000
202605,4,1905000,1905000,1089000,293000,2006000,1130000,984000,-101000,-5.31,-106000,0.903,-101000,64000,816000
202606,4,1905000,1905000,1143000,462000,2006000,1230000,1061000,-101000,-5.31,-82000,0.928,-101000,63000,762000
202607,4,1905000,1905000,1252000,352000,2006000,1334000,1180000,-101000,-5.31,-73000,0.942,-101000,66000,653000
202608,4,1905000,1905000,1402000,230000,2006000,1437000,1328000,-101000,-5.31,-74000,0.947,-101000,70000,503000
202609,4,1905000,1905000,1548000,194000,2006000,1537000,1446000,-101000,-5.31,-102000,0.934,-101000,74000,357000
202610,4,1905000,1905000,1580000,165000,2006000,1641000,1521000,-101000,-5.31,-59000,0.963,-101000,72000,325000
202611,4,1905000,1905000,1736000,69000,2006000,1741000,1643000,-101000,-5.31,-92000,0.947,-101000,75000,169000
202612,4,1905000,1905000,1828000,45000,2006000,1845000,1749000,-101000,-5.31,-78000,0.957,-101000,76000,77000
202501,5,4930000,4930000,0,2103000,4696000,0,0,234000,4.75,0,1.0,234000,0,4930000
202502,5,4930000,4930000,0,1680000,4696000,0,0,234000,4.75,0,1.0,234000,0,4930000
202503,5,4930000,4930000,0,2296000,4696000,0,0,234000,4.75,0,1.0,234000,0,4930000
202504,5,4930000,4930000,0,1902000,4696000,0,0,234000,4.75,0,1.0,234000,0,4930000
202505,5,4930000,4930000,0,1922000,4696000,0,0,234000,4.75,0,1.0,234000,0,4930000
202506,5,4930000,4930000,0,1398000,4696000,0,0,234000,4.75,0,1.0,234000,0,4930000
202507,5,4930000,4930000,0,1364000,4696000,0,0,234000,4.75,0,1.0,234000,0,4930000
202508,5,4930000,4930000,5000,1559000,4696000,6000,6000,234000,4.75,0,1.065,234000,1000,4925000
202509,5,4930000,4930000,167000,2203000,4696000,177000,176000,234000,4.75,9000,1.052,234000,19000,4763000
202510,5,4930000,4930000,358000,2133000,4696000,355000,349000,234000,4.75,-9000,0.976,234000,36000,4572000
202511,5,4930000,4930000,520000,2109000,4696000,526000,520000,234000,4.75,0,1.001,234000,47000,4410000
202512,5,4930000,4930000,716000,1552000,4696000,703000,706000,234000,4.75,-11000,0.985,234000,60000,4214000
202601,5,4930000,4930000,859000,1569000,4696000,881000,864000,234000,4.75,5000,1.005,234000,66000,4071000
202602,5,4930000,4930000,1016000,1482000,4696000,1041000,1017000,234000,4.75,1000,1.001,234000,73000,3914000
202603,5,4930000,4930000,1165000,1131000,4696000,1218000,1174000,234000,4.75,9000,1.008,234000,78000,3765000
202604,5,4930000,4930000,1281000,1401000,4696000,1390000,1366000,234000,4.75,85000,1.066,234000,80000,3649000
202605,5,4930000,4930000,1508000,1451000,4696000,1567000,1574000,234000,4.75,66000,1.044,234000,89000,3422000
202606,5,4930000,4930000,1715000,1157000,4696000,1739000,1728000,234000,4.75,13000,1.008,234000,95000,3215000
202607,5,4930000,4930000,1860000,975000,4696000,1916000,1926000,234000,4.75,66000,1.036,234000,98000,3070000
202608,5,4930000,4930000,1960000,1401000,4696000,2093000,2095000,234000,4.75,135000,1.069,234000,98000,2970000
202609,5,4930000,4930000,2324000,723000,4696000,2265000,2256000,234000,4.75,-68000,0.971,234000,111000,2606000
202610,5,4930000,4930000,2278000,1075000,4696000,2442000,2427000,234000,4.75,149000,1.066,234000,104000,2652000
202611,5,4930000,4930000,2393000,1106000,4696000,2614000,2547000,234000,4.75,154000,1.064,234000,104000,2537000
202612,5,4930000,4930000,2814000,509000,4696000,2791000,2732000,234000,4.75,-82000,0.971,234000,117000,2116000
202501,6,5189000,5189000,0,3107000,5749000,0,0,-560000,-10.79,0,1.0,-560000,0,5189000
202502,6,5189000,5189000,0,1514000,5749000,0,0,-560000,-10.79,0,1.0,-560000,0,5189000
202503,6,5189000,5189000,0,2343000,5749000,0,0,-560000,-10.79,0,1.0,-560000,0,5189000
202504,6,5189000,5189000,0,2659000,5749000,0,0,-560000,-10.79,0,1.0,-560000,0,5189000
202505,6,5189000,5189000,0,2770000,5749000,0,0,-560000,-10.79,0,1.0,-560000,0,5189000
202506,6,5189000,5189000,0,2233000,5749000,0,0,-560000,-10.79,0,1.0,-560000,0,5189000
202507,6,5189000,5189000,0,2714000,5749000,0,0,-560000,-10.79,0,1.0,-560000,0,5189000
202508,6,5189000,5189000,0,2244000,5749000,0,0,-560000,-10.79,0,1.0,-560000,0,5189000
202509,6,5189000,5189000,64000,2393000,5749000,56000,55000,-560000,-10.79,-9000,0.857,-560000,7000,5125000
202510,6,5189000,5189000,1044000,2073000,5749000,921000,902000,-560000,-10.79,-142000,0.864,-560000,104000,4145000
202511,6,5189000,5189000,1914000,1579000,5749000,1758000,1733000,-560000,-10.79,-181000,0.905,-560000,174000,3275000
202512,6,5189000,5189000,2947000,1155000,5749000,2622000,2531000,-560000,-10.79,-416000,0.859,-560000,246000,2242000
202601,6,5189000,5345000,3731000,716000,5749000,3487000,3384000,-404000,-7.56,-347000,0.907,-404000,287000,1613000
202602,6,5189000,5345000,5288000,228000,5749000,4268000,4199000,-404000,-7.56,-1089000,0.794,-404000,378000,57000
202603,6,5189000,5345000,6036000,0,6036000,5133000,4973000,-691000,-12.94,-1063000,0.824,-691000,402000,-691000
202604,6,5189000,5345000,6036000,0,6036000,5189000,5032000,-691000,-12.94,-1004000,0.834,-691000,377000,-691000
202605,6,5189000,5345000,6036000,0,6036000,5189000,4902000,-691000,-12.94,-1134000,0.812,-691000,355000,-691000
202606,6,5189000,5345000,6012000,0,6012000,5189000,5052000,-667000,-12.48,-960000,0.84,-667000,334000,-667000
202607,6,5189000,5345000,5445000,132000,5749000,5189000,4928000,-404000,-7.56,-517000,0.905,-404000,287000,-100000
202608,6,5189000,5345000,5681000,26000,5749000,5189000,5100000,-404000,-7.56,-581000,0.898,-404000,284000,-336000
202609,6,5189000,5345000,6036000,0,6036000,5189000,5003000,-691000,-12.94,-1033000,0.829,-691000,287000,-691000
202610,6,5189000,5345000,5529000,109000,5749000,5189000,4952000,-404000,-7.56,-577000,0.896,-404000,251000,-184000
202611,6,5189000,5345000,5946000,0,5946000,5189000,4931000,-601000,-11.25,-1015000,0.829,-601000,259000,-601000
202612,6,5189000,5345000,6036000,0,6036000,5189000,5139000,-691000,-12.94,-897000,0.851,-691000,252000,-691000
202501,7,15360000,15360000,14534000,204000,14984000,15360000,15125000,376000,2.45,592000,1.041,376000,14534000,826000
202502,7,15360000,15360000,13987000,379000,14984000,15360000,14868000,376000,2.45,882000,1.063,376000,6993000,1373000
202503,7,15360000,15360000,13924000,525000,14984000,15360000,14722000,376000,2.45,798000,1.057,376000,4641000,1436000
202504,7,15360000,15360000,14006000,382000,14984000,15360000,14753000,376000,2.45,747000,1.053,376000,3501000,1354000
202505,7,15360000,15360000,13707000,421000,14984000,15360000,14649000,376000,2.45,942000,1.069,376000,2741000,1653000
202506,7,15360000,15360000,13532000,533000,14984000,15360000,14448000,376000,2.45,916000,1.068,376000,2255000,1828000
202507,7,15360000,15360000,14798000,61000,14984000,15360000,14669000,376000,2.45,-130000,0.991,376000,2114000,562000
202508,7,15360000,15360000,14271000,249000,14984000,15360000,14578000,376000,2.45,307000,1.021,376000,1784000,1089000
202509,7,15360000,15360000,15096000,0,15096000,15360000,14845000,264000,1.72,-251000,0.983,264000,1677000,264000
202510,7,15360000,15360000,14888000,47000,14984000,15360000,15066000,376000,2.45,178000,1.012,376000,1489000,472000
202511,7,15360000,15360000,14779000,65000,14984000,15360000,15264000,376000,2.45,485000,1.033,376000,1344000,581000
202512,7,15360000,15360000,14786000,86000,14984000,15360000,15053000,376000,2.45,267000,1.018,376000,1232000,574000
202601,7,15360000,15360000,15123000,0,15123000,15360000,14939000,237000,1.55,-183000,0.988,237000,1163000,237000
202602,7,15360000,15360000,14167000,444000,14984000,15360000,14803000,376000,2.45,635000,1.045,376000,1012000,1193000
202603,7,15360000,15360000,15330000,0,15330000,15360000,14976000,30000,0.2,-354000,0.977,30000,1022000,30000
202604,7,15360000,15360000,14847000,43000,14984000,15360000,14437000,376000,2.45,-411000,0.972,376000,928000,513000
202605,7,15360000,15360000,14464000,224000,14984000,15360000,14453000,376000,2.45,-10000,0.999,376000,851000,896000
202606,7,15360000,15360000,13939000,371000,14984000,15360000,14771000,376000,2.45,832000,1.06,376000,774000,1421000
202607,7,15360000,15360000,14209000,344000,14984000,15360000,14803000,376000,2.45,594000,1.042,376000,748000,1151000
202608,7,15360000,15360000,14840000,75000,14984000,15360000,14544000,376000,2.45,-296000,0.98,376000,742000,520000
202609,7,15360000,15360000,14258000,376000,14984000,15360000,15215000,376000,2.45,957000,1.067,376000,679000,1102000
202610,7,15360000,15360000,14042000,313000,14984000,15360000,14604000,376000,2.45,562000,1.04,376000,638000,1318000
202611,7,15360000,15360000,14519000,166000,14984000,15360000,14630000,376000,2.45,111000,1.008,376000,631000,841000
202612,7,15360000,15360000,14431000,260000,14984000,15360000,15124000,376000,2.45,693000,1.048,376000,601000,929000
202501,8,7587000,7587000,0,3261000,8030000,0,0,-443000,-5.84,0,1.0,-443000,0,7587000
202502,8,7587000,7587000,0,3603000,8030000,0,0,-443000,-5.84,0,1.0,-443000,0,7587000
202503,8,7587000,7587000,86000,3003000,8030000,96000,78000,-443000,-5.84,-8000,0.905,-443000,29000,7501000
202504,8,7587000,7587000,382000,2354000,8030000,455000,356000,-443000,-5.84,-26000,0.932,-443000,95000,7205000
202505,8,7587000,7587000,702000,3019000,8030000,827000,653000,-443000,-5.84,-49000,0.93,-443000,140000,6885000
202506,8,7587000,7587000,1126000,2193000,8030000,1187000,961000,-443000,-5.84,-165000,0.853,-443000,188000,6461000
202507,8,7587000,7587000,1384000,3174000,8030000,1558000,1257000,-443000,-5.84,-127000,0.908,-443000,198000,6203000
202508,8,7587000,7587000,1626000,2573000,8030000,1930000,1527000,-443000,-5.84,-99000,0.939,-443000,203000,5961000
202509,8,7587000,7587000,2135000,1476000,8030000,2289000,1808000,-443000,-5.84,-327000,0.847,-443000,237000,5452000
202510,8,7587000,7587000,2230000,2603000,8030000,2661000,2093000,-443000,-5.84,-137000,0.939,-443000,223000,5357000
202511,8,7587000,7587000,2501000,2218000,8030000,3020000,2314000,-443000,-5.84,-186000,0.926,-443000,227000,5086000
202512,8,7587000,7587000,2996000,2578000,8030000,3392000,2557000,-443000,-5.84,-439000,0.854,-443000,250000,4591000
202601,8,7587000,7587000,3294000,1826000,8030000,3764000,2930000,-443000,-5.84,-364000,0.89,-443000,253000,4293000
202602,8,7587000,7587000,3558000,1945000,8030000,4099000,3114000,-443000,-5.84,-443000,0.875,-443000,254000,4029000
202603,8,7587000,7587000,3930000,1610000,8030000,4471000,3352000,-443000,-5.84,-578000,0.853,-443000,262000,3657000
202604,8,7587000,7587000,4468000,1293000,8030000,4830000,3987000,-443000,-5.84,-481000,0.892,-443000,279000,3119000
202605,8,7587000,7587000,5086000,1566000,8030000,5202000,4513000,-443000,-5.84,-573000,0.887,-443000,299000,2501000
202606,8,7587000,7587000,5515000,1381000,8030000,5561000,4889000,-443000,-5.84,-626000,0.886,-443000,306000,2072000
202607,8,7587000,7587000,5728000,600000,8030000,5933000,5240000,-443000,-5.84,-488000,0.915,-443000,301000,1859000
202608,8,7587000,7587000,6236000,716000,8030000,6305000,5648000,-443000,-5.84,-588000,0.906,-443000,312000,1351000
202609,8,7587000,7587000,6610000,578000,8030000,6664000,6144000,-443000,-5.84,-467000,0.929,-443000,315000,977000
202610,8,7587000,7587000,7029000,396000,8030000,7036000,6515000,-443000,-5.84,-514000,0.927,-443000,320000,558000
202611,8,7587000,7587000,7663000,194000,8030000,7395000,7160000,-443000,-5.84,-503000,0.934,-443000,333000,-76000
202612,8,7587000,7587000,8064000,0,8064000,7587000,7496000,-477000,-6.29,-569000,0.929,-477000,336000,-477000
202501,9,1442000,1442000,0,551000,1484000,0,0,-42000,-2.92,0,1.0,-42000,0,1442000
202502,9,1442000,1442000,0,539000,1484000,0,0,-42000,-2.92,0,1.0,-42000,0,1442000
202503,9,1442000,1442000,0,417000,1484000,0,0,-42000,-2.92,0,1.0,-42000,0,1442000
202504,9,1442000,1442000,0,812000,1484000,0,0,-42000,-2.92,0,1.0,-42000,0,1442000
202505,9,1442000,1442000,0,802000,1484000,0,0,-42000,-2.92,0,1.0,-42000,0,1442000
202506,9,1442000,1442000,0,683000,1484000,0,0,-42000,-2.92,0,1.0,-42000,0,1442000
202507,9,1442000,1442000,0,459000,1484000,0,0,-42000,-2.92,0,1.0,-42000,0,1442000
202508,9,1442000,1442000,0,562000,1484000,0,0,-42000,-2.92,0,1.0,-42000,0,1442000
202509,9,1442000,1442000,0,450000,1484000,0,0,-42000,-2.92,0,1.0,-42000,0,1442000
202510,9,1442000,1442000,0,416000,1484000,0,0,-42000,-2.92,0,1.0,-42000,0,1442000
202511,9,1442000,1442000,0,524000,1484000,0,0,-42000,-2.92,0,1.0,-42000,0,1442000
202512,9,1442000,1442000,0,504000,1484000,0,0,-42000,-2.92,0,1.0,-42000,0,1442000
202601,9,1442000,1442000,0,667000,1484000,0,0,-42000,-2.92,0,1.0,-42000,0,1442000
202602,9,1442000,1442000,6000,737000,1484000,7000,6000,-42000,-2.92,-1000,0.882,-42000,0,1436000
202603,9,1442000,1442000,57000,503000,1484000,57000,51000,-42000,-2.92,-6000,0.895,-42000,4000,1385000
202604,9,1442000,1442000,107000,357000,1484000,107000,97000,-42000,-2.92,-10000,0.907,-42000,7000,1335000
202605,9,1442000,1442000,160000,426000,1484000,157000,147000,-42000,-2.92,-13000,0.918,-42000,9000,1282000
202606,9,1442000,1442000,209000,487000,1484000,207000,193000,-42000,-2.92,-16000,0.922,-42000,12000,1233000
202607,9,1442000,1442000,272000,552000,1484000,258000,251000,-42000,-2.92,-21000,0.923,-42000,14000,1170000
202608,9,1442000,1442000,321000,573000,1484000,308000,304000,-42000,-2.92,-17000,0.948,-42000,16000,1121000
202609,9,1442000,1442000,363000,298000,1484000,358000,351000,-42000,-2.92,-12000,0.966,-42000,17000,1079000
202610,9,1442000,1442000,416000,348000,1484000,408000,400000,-42000,-2.92,-16000,0.962,-42000,19000,1026000
202611,9,1442000,1442000,462000,311000,1484000,458000,446000,-42000,-2.92,-16000,0.965,-42000,20000,980000
202612,9,1442000,1442000,520000,268000,1484000,509000,503000,-42000,-2.92,-16000,0.969,-42000,22000,922000
202501,10,7024000,7024000,0,2290000,7778000,0,0,-754000,-10.73,0,1.0,-754000,0,7024000
202502,10,7024000,7024000,258000,3843000,7778000,214000,210000,-754000,-10.73,-48000,0.814,-754000,129000,6766000
202503,10,7024000,7024000,579000,3435000,7778000,479000,458000,-754000,-10.73,-121000,0.791,-754000,193000,6445000
202504,10,7024000,7024000,866000,3560000,7778000,735000,699000,-754000,-10.73,-166000,0.808,-754000,216000,6158000
202505,10,7024000,7024000,1093000,3330000,7778000,1000000,972000,-754000,-10.73,-121000,0.889,-754000,219000,5931000
202506,10,7024000,7024000,1440000,2514000,7778000,1256000,1204000,-754000,-10.73,-236000,0.836,-754000,240000,5584000
202507,10,7024000,7024000,1645000,1667000,7778000,1521000,1504000,-754000,-10.73,-141000,0.915,-754000,235000,5379000
202508,10,7024000,7024000,1904000,2759000,7778000,1786000,1696000,-754000,-10.73,-209000,0.89,-754000,238000,5120000
202509,10,7024000,7024000,2150000,1896000,7778000,2042000,1949000,-754000,-10.73,-201000,0.906,-754000,239000,4874000
202510,10,7024000,7024000,2465000,2347000,7778000,2307000,2218000,-754000,-10.73,-248000,0.9,-754000,247000,4559000
202511,10,7024000,7024000,2812000,2142000,7778000,2564000,2513000,-754000,-10.73,-299000,0.894,-754000,256000,4212000
202512,10,7024000,7024000,3377000,1276000,7778000,2828000,2714000,-754000,-10.73,-663000,0.804,-754000,281000,3647000
202601,10,7024000,7235000,3800000,1386000,7778000,3093000,2981000,-543000,-7.51,-818000,0.785,-543000,292000,3435000
202602,10,7024000,7235000,3548000,1255000,7778000,3333000,3153000,-543000,-7.51,-395000,0.889,-543000,253000,3686000
202603,10,7024000,7235000,4318000,1803000,7778000,3597000,3465000,-543000,-7.51,-853000,0.802,-543000,288000,2917000
202604,10,7024000,7235000,4529000,843000,7778000,3854000,3645000,-543000,-7.51,-884000,0.805,-543000,283000,2706000
202605,10,7024000,7235000,4527000,927000,7778000,4119000,3969000,-543000,-7.51,-558000,0.877,-543000,266000,2708000
202606,10,7024000,7235000,4981000,1325000,7778000,4375000,4188000,-543000,-7.51,-793000,0.841,-543000,277000,2254000
202607,10,7024000,7235000,5375000,1157000,7778000,4640000,4526000,-543000,-7.51,-848000,0.842,-543000,283000,1860000
202608,10,7024000,7235000,6004000,875000,7778000,4905000,4805000,-543000,-7.51,-1199000,0.8,-543000,300000,1231000
202609,10,7024000,7235000,5614000,559000,7778000,5161000,4929000,-543000,-7.51,-686000,0.878,-543000,267000,1620000
202610,10,7024000,7235000,6549000,601000,7778000,5426000,5122000,-543000,-7.51,-1427000,0.782,-543000,298000,686000
202611,10,7024000,7235000,6134000,549000,7778000,5682000,5560000,-543000,-7.51,-574000,0.906,-543000,267000,1100000
202612,10,7024000,7235000,7110000,286000,7778000,5947000,5618000,-543000,-7.51,-1492000,0.79,-543000,296000,125000
202501,11,6200000,6200000,0,1524000,5853000,0,0,347000,5.6,0,1.0,347000,0,6200000
202502,11,6200000,6200000,0,2061000,5853000,0,0,347000,5.6,0,1.0,347000,0,6200000
202503,11,6200000,6200000,0,1897000,5853000,0,0,347000,5.6,0,1.0,347000,0,6200000
202504,11,6200000,6200000,0,2306000,5853000,0,0,347000,5.6,0,1.0,347000,0,6200000
202505,11,6200000,6200000,0,2132000,5853000,0,0,347000,5.6,0,1.0,347000,0,6200000
202506,11,6200000,6200000,0,2427000,5853000,0,0,347000,5.6,0,1.0,347000,0,6200000
202507,11,6200000,6200000,0,3028000,5853000,0,0,347000,5.6,0,1.0,347000,0,6200000
202508,11,6200000,6200000,0,1674000,5853000,0,0,347000,5.6,0,1.0,347000,0,6200000
202509,11,6200000,6200000,220000,2905000,5853000,225000,223000,347000,5.6,2000,1.011,347000,24000,5980000
202510,11,6200000,6200000,453000,1971000,5853000,474000,465000,347000,5.6,12000,1.026,347000,45000,5747000
202511,11,6200000,6200000,656000,1969000,5853000,715000,699000,347000,5.6,43000,1.066,347000,60000,5544000
202512,11,6200000,6200000,890000,2653000,5853000,964000,914000,347000,5.6,25000,1.028,347000,74000,5310000
202601,11,6200000,6200000,1222000,2526000,5853000,1213000,1195000,347000,5.6,-27000,0.978,347000,94000,4978000
202602,11,6200000,6200000,1355000,2013000,5853000,1438000,1372000,347000,5.6,16000,1.012,347000,97000,4845000
202603,11,6200000,6200000,1496000,2381000,5853000,1687000,1585000,347000,5.6,89000,1.059,347000,100000,4704000
202604,11,6200000,6200000,1862000,1683000,5853000,1927000,1868000,347000,5.6,6000,1.003,347000,116000,4338000
202605,11,6200000,6200000,2014000,1795000,5853000,2176000,2135000,347000,5.6,121000,1.06,347000,118000,4186000
202606,11,6200000,6200000,2229000,1175000,5853000,2417000,2373000,347000,5.6,143000,1.064,347000,124000,3971000
202607,11,6200000,6200000,2601000,927000,5853000,2666000,2603000,347000,5.6,2000,1.001,347000,137000,3599000
202608,11,6200000,6200000,2602000,1788000,5853000,2915000,2749000,347000,5.6,147000,1.056,347000,130000,3598000
202609,11,6200000,6200000,3022000,1540000,5853000,3156000,2979000,347000,5.6,-43000,0.986,347000,144000,3178000
202610,11,6200000,6200000,3327000,849000,5853000,3405000,3358000,347000,5.6,30000,1.009,347000,151000,2873000
202611,11,6200000,6200000,3710000,550000,5853000,3646000,3601000,347000,5.6,-109000,0.971,347000,161000,2490000
202612,11,6200000,6200000,3827000,1113000,5853000,3895000,3719000,347000,5.6,-108000,0.972,347000,159000,2373000
202501,12,2733000,2733000,1436000,631000,2782000,1472000,1500000,-49000,-1.78,64000,1.045,-49000,1436000,1297000
202502,12,2733000,2733000,1563000,574000,2782000,1628000,1631000,-49000,-1.78,68000,1.043,-49000,782000,1170000
202503,12,2733000,2733000,1803000,489000,2782000,1800000,1832000,-49000,-1.78,28000,1.016,-49000,601000,930000
202504,12,2733000,2733000,1881000,432000,2782000,1966000,2011000,-49000,-1.78,131000,1.07,-49000,470000,852000
202505,12,2733000,2733000,2098000,358000,2782000,2139000,2202000,-49000,-1.78,104000,1.049,-49000,420000,635000
202506,12,2733000,2733000,2371000,145000,2782000,2305000,2334000,-49000,-1.78,-37000,0.984,-49000,395000,362000
202507,12,2733000,2733000,2520000,74000,2782000,2477000,2556000,-49000,-1.78,36000,1.014,-49000,360000,213000
202508,12,2733000,2733000,2753000,15000,2782000,2650000,2720000,-49000,-1.78,-33000,0.988,-49000,344000,-20000
202509,12,2733000,2733000,2825000,0,2825000,2733000,2838000,-92000,-3.35,13000,1.005,-92000,314000,-92000
202510,12,2733000,2733000,2783000,0,2783000,2733000,2724000,-50000,-1.84,-60000,0.978,-50000,278000,-50000
202511,12,2733000,2733000,2693000,25000,2782000,2733000,2838000,-49000,-1.78,145000,1.054,-49000,245000,40000
202512,12,2733000,2733000,2663000,38000,2782000,2733000,2838000,-49000,-1.78,175000,1.066,-49000,222000,70000
202601,12,2733000,2733000,2713000,32000,2782000,2733000,2723000,-49000,-1.78,10000,1.004,-49000,209000,20000
202602,12,2733000,2733000,2807000,0,2807000,2733000,2787000,-74000,-2.72,-20000,0.993,-74000,201000,-74000
202603,12,2733000,2733000,2777000,2000,2782000,2733000,2747000,-49000,-1.78,-30000,0.989,-49000,185000,-44000
202604,12,2733000,2733000,2680000,32000,2782000,2733000,2780000,-49000,-1.78,101000,1.038,-49000,167000,53000
202605,12,2733000,2733000,2713000,24000,2782000,2733000,2829000,-49000,-1.78,116000,1.043,-49000,160000,20000
202606,12,2733000,2733000,2579000,110000,2782000,2733000,2737000,-49000,-1.78,157000,1.061,-49000,143000,154000
202607,12,2733000,2733000,2686000,41000,2782000,2733000,2721000,-49000,-1.78,36000,1.013,-49000,141000,47000
202608,12,2733000,2733000,2670000,46000,2782000,2733000,2844000,-49000,-1.78,174000,1.065,-49000,133000,63000
202609,12,2733000,2733000,2778000,2000,2782000,2733000,2780000,-49000,-1.78,1000,1.0,-49000,132000,-45000
202610,12,2733000,2733000,2746000,16000,2782000,2733000,2721000,-49000,-1.78,-25000,0.991,-49000,125000,-13000
202611,12,2733000,2733000,2588000,67000,2782000,2733000,2737000,-49000,-1.78,149000,1.058,-49000,113000,145000
202612,12,2733000,2733000,2796000,0,2796000,2733000,2839000,-63000,-2.29,43000,1.015,-63000,116000,-63000
202501,13,1771000,1771000,195000,459000,1692000,205000,203000,79000,4.48,9000,1.045,79000,195000,1576000
202502,13,1771000,1771000,258000,462000,1692000,258000,265000,79000,4.48,7000,1.028,79000,129000,1513000
202503,13,1771000,1771000,306000,448000,1692000,318000,324000,79000,4.48,18000,1.06,79000,102000,1465000
202504,13,1771000,1771000,393000,681000,1692000,375000,387000,79000,4.48,-7000,0.983,79000,98000,1378000
202505,13,1771000,1771000,438000,447000,1692000,435000,437000,79000,4.48,-1000,0.998,79000,88000,1333000
202506,13,1771000,1771000,490000,584000,1692000,492000,491000,79000,4.48,1000,1.003,79000,82000,1281000
202507,13,1771000,1771000,572000,587000,1692000,551000,567000,79000,4.48,-5000,0.992,79000,82000,1199000
202508,13,1771000,1771000,625000,370000,1692000,611000,626000,79000,4.48,1000,1.002,79000,78000,1146000
202509,13,1771000,1771000,706000,291000,1692000,668000,685000,79000,4.48,-21000,0.971,79000,78000,1065000
202510,13,1771000,1771000,712000,525000,1692000,728000,739000,79000,4.48,27000,1.038,79000,71000,1059000
202511,13,1771000,1771000,793000,344000,1692000,785000,784000,79000,4.48,-9000,0.988,79000,72000,978000
202512,13,1771000,1771000,818000,368000,1692000,844000,868000,79000,4.48,50000,1.062,79000,68000,953000
202601,13,1771000,1771000,908000,357000,1692000,904000,889000,79000,4.48,-19000,0.979,79000,70000,863000
202602,13,1771000,1771000,917000,416000,1692000,957000,957000,79000,4.48,40000,1.044,79000,65000,854000
202603,13,1771000,1771000,943000,289000,1692000,1017000,1002000,79000,4.48,59000,1.063,79000,63000,828000
202604,13,1771000,1771000,1085000,195000,1692000,1074000,1057000,79000,4.48,-28000,0.974,79000,68000,686000
202605,13,1771000,1771000,1088000,319000,1692000,1133000,1153000,79000,4.48,65000,1.059,79000,64000,683000
202606,13,1771000,1771000,1168000,231000,1692000,1191000,1191000,79000,4.48,23000,1.02,79000,65000,603000
202607,13,1771000,1771000,1262000,116000,1692000,1250000,1242000,79000,4.48,-20000,0.984,79000,66000,509000
202608,13,1771000,1771000,1280000,204000,1692000,1310000,1320000,79000,4.48,40000,1.031,79000,64000,491000
202609,13,1771000,1771000,1337000,117000,1692000,1367000,1394000,79000,4.48,58000,1.043,79000,64000,434000
202610,13,1771000,1771000,1396000,89000,1692000,1426000,1462000,79000,4.48,65000,1.047,79000,63000,375000
202611,13,1771000,1771000,1569000,58000,1692000,1484000,1524000,79000,4.48,-45000,0.971,79000,68000,202000
202612,13,1771000,1771000,1488000,95000,1692000,1543000,1577000,79000,4.48,89000,1.06,79000,62000,283000
202501,14,1701000,1701000,0,955000,1745000,0,0,-44000,-2.59,0,1.0,-44000,0,1701000
202502,14,1701000,1701000,0,843000,1745000,0,0,-44000,-2.59,0,1.0,-44000,0,1701000
202503,14,1701000,1701000,0,894000,1745000,0,0,-44000,-2.59,0,1.0,-44000,0,1701000
202504,14,1701000,1701000,0,654000,1745000,0,0,-44000,-2.59,0,1.0,-44000,0,1701000
202505,14,1701000,1701000,0,463000,1745000,0,0,-44000,-2.59,0,1.0,-44000,0,1701000
202506,14,1701000,1701000,0,619000,1745000,0,0,-44000,-2.59,0,1.0,-44000,0,1701000
202507,14,1701000,1701000,0,495000,1745000,0,0,-44000,-2.59,0,1.0,-44000,0,1701000
202508,14,1701000,1701000,104000,668000,1745000,110000,110000,-44000,-2.59,6000,1.053,-44000,13000,1597000
202509,14,1701000,1701000,227000,440000,1745000,236000,240000,-44000,-2.59,13000,1.055,-44000,25000,1474000
202510,14,1701000,1701000,368000,746000,1745000,367000,364000,-44000,-2.59,-4000,0.989,-44000,37000,1333000
202511,14,1701000,1701000,504000,665000,1745000,494000,490000,-44000,-2.59,-14000,0.972,-44000,46000,1197000
202512,14,1701000,1701000,607000,463000,1745000,625000,630000,-44000,-2.59,23000,1.038,-44000,51000,1094000
202601,14,1701000,1701000,743000,531000,1745000,756000,753000,-44000,-2.59,10000,1.013,-44000,57000,958000
202602,14,1701000,1701000,883000,227000,1745000,874000,900000,-44000,-2.59,17000,1.019,-44000,63000,818000
202603,14,1701000,1701000,1020000,366000,1745000,1005000,1017000,-44000,-2.59,-3000,0.997,-44000,68000,681000
202604,14,1701000,1701000,1098000,280000,1745000,1131000,1119000,-44000,-2.59,21000,1.019,-44000,69000,603000
202605,14,1701000,1701000,1307000,188000,1745000,1262000,1305000,-44000,-2.59,-3000,0.998,-44000,77000,394000
202606,14,1701000,1701000,1322000,133000,1745000,1389000,1396000,-44000,-2.59,73000,1.055,-44000,73000,379000
202607,14,1701000,1701000,1491000,135000,1745000,1520000,1502000,-44000,-2.59,12000,1.008,-44000,78000,210000
202608,14,1701000,1701000,1571000,76000,1745000,1650000,1642000,-44000,-2.59,71000,1.045,-44000,79000,130000
202609,14,1701000,1701000,1635000,38000,1745000,1701000,1712000,-44000,-2.59,78000,1.048,-44000,78000,66000
202610,14,1701000,1701000,1604000,49000,1745000,1701000,1693000,-44000,-2.59,89000,1.056,-44000,73000,97000
202611,14,1701000,1701000,1619000,61000,1745000,1701000,1718000,-44000,-2.59,100000,1.062,-44000,70000,82000
202612,14,1701000,1701000,1714000,17000,1745000,1701000,1745000,-44000,-2.59,32000,1.018,-44000,71000,-13000
202501,15,1089000,1089000,0,348000,1186000,0,0,-97000,-8.91,0,1.0,-97000,0,1089000
202502,15,1089000,1089000,0,354000,1186000,0,0,-97000,-8.91,0,1.0,-97000,0,1089000
202503,15,1089000,1089000,97000,483000,1186000,77000,78000,-97000,-8.91,-19000,0.804,-97000,32000,992000
202504,15,1089000,1089000,229000,440000,1186000,178000,180000,-97000,-8.91,-50000,0.783,-97000,57000,860000
202505,15,1089000,1089000,331000,346000,1186000,282000,279000,-97000,-8.91,-52000,0.842,-97000,66000,758000
202506,15,1089000,1089000,457000,207000,1186000,383000,393000,-97000,-8.91,-64000,0.86,-97000,76000,632000
202507,15,1089000,1089000,583000,203000,1186000,487000,489000,-97000,-8.91,-93000,0.84,-97000,83000,506000
202508,15,1089000,1089000,678000,151000,1186000,592000,587000,-97000,-8.91,-91000,0.866,-97000,85000,411000
202509,15,1089000,1089000,820000,135000,1186000,692000,690000,-97000,-8.91,-130000,0.842,-97000,91000,269000
202510,15,1089000,1089000,958000,62000,1186000,797000,798000,-97000,-8.91,-160000,0.833,-97000,96000,131000
202511,15,1089000,1089000,1033000,67000,1186000,897000,902000,-97000,-8.91,-131000,0.873,-97000,94000,56000
202512,15,1089000,1089000,1207000,0,1207000,1002000,1003000,-118000,-10.83,-204000,0.831,-118000,101000,-118000
202601,15,1089000,1122000,1245000,0,1245000,1089000,1074000,-124000,-11.03,-171000,0.862,-124000,96000,-124000
202602,15,1089000,1122000,1222000,0,1222000,1089000,1073000,-101000,-8.97,-149000,0.878,-101000,87000,-101000
202603,15,1089000,1122000,1245000,0,1245000,1089000,1081000,-124000,-11.03,-165000,0.868,-124000,83000,-124000
202604,15,1089000,1122000,1185000,0,1186000,1089000,1077000,-64000,-5.74,-108000,0.909,-64000,74000,-63000
202605,15,1089000,1122000,1245000,0,1245000,1089000,1097000,-124000,-11.03,-149000,0.881,-124000,73000,-124000
202606,15,1089000,1122000,1214000,0,1214000,1089000,1083000,-92000,-8.21,-131000,0.892,-92000,67000,-92000
202607,15,1089000,1122000,1245000,0,1245000,1089000,1070000,-124000,-11.03,-176000,0.859,-124000,66000,-124000
202608,15,1089000,1122000,1245000,0,1245000,1089000,1084000,-124000,-11.03,-161000,0.871,-124000,62000,-124000
202609,15,1089000,1122000,1245000,0,1245000,1089000,1099000,-124000,-11.03,-146000,0.883,-124000,59000,-124000
202610,15,1089000,1122000,1235000,0,1235000,1089000,1110000,-113000,-10.11,-125000,0.899,-113000,56000,-113000
202611,15,1089000,1122000,1245000,0,1245000,1089000,1107000,-124000,-11.03,-139000,0.889,-124000,54000,-124000
202612,15,1089000,1122000,1245000,0,1245000,1089000,1113000,-124000,-11.03,-133000,0.894,-124000,52000,-124000
202501,16,1592000,1592000,841000,375000,1909000,720000,726000,-317000,-19.94,-114000,0.864,-317000,841000,751000
202502,16,1592000,1592000,915000,509000,1909000,783000,780000,-317000,-19.94,-135000,0.852,-317000,458000,677000
202503,16,1592000,1592000,983000,258000,1909000,852000,834000,-317000,-19.94,-149000,0.849,-317000,328000,609000
202504,16,1592000,1592000,1140000,402000,1909000,919000,904000,-317000,-19.94,-236000,0.793,-317000,285000,452000
202505,16,1592000,1592000,1200000,195000,1909000,988000,971000,-317000,-19.94,-229000,0.809,-317000,240000,392000
202506,16,1592000,1592000,1196000,239000,1909000,1055000,1048000,-317000,-19.94,-148000,0.876,-317000,199000,396000
202507,16,1592000,1592000,1390000,267000,1909000,1125000,1106000,-317000,-19.94,-284000,0.796,-317000,199000,202000
202508,16,1592000,1592000,1419000,156000,1909000,1194000,1164000,-317000,-19.94,-255000,0.821,-317000,177000,173000
202509,16,1592000,1592000,1474000,141000,1909000,1261000,1231000,-317000,-19.94,-243000,0.835,-317000,164000,118000
202510,16,1592000,1592000,1470000,159000,1909000,1330000,1345000,-317000,-19.94,-125000,0.915,-317000,147000,122000
202511,16,1592000,1592000,1542000,197000,1909000,1397000,1398000,-317000,-19.94,-144000,0.906,-317000,140000,50000
202512,16,1592000,1592000,1751000,81000,1909000,1467000,1442000,-317000,-19.94,-309000,0.824,-317000,146000,-159000
202601,16,1592000,1640000,1817000,38000,1909000,1536000,1543000,-270000,-16.45,-274000,0.849,-270000,140000,-177000
202602,16,1592000,1640000,1946000,0,1946000,1592000,1568000,-306000,-18.65,-378000,0.806,-306000,139000,-306000
202603,16,1592000,1640000,1838000,19000,1909000,1592000,1609000,-270000,-16.45,-228000,0.876,-270000,123000,-198000
202604,16,1592000,1640000,1875000,18000,1909000,1592000,1550000,-270000,-16.45,-325000,0.827,-270000,117000,-236000
202605,16,1592000,1640000,2005000,0,2005000,1592000,1599000,-365000,-22.27,-406000,0.798,-365000,118000,-365000
202606,16,1592000,1640000,1729000,80000,1909000,1592000,1559000,-270000,-16.45,-170000,0.902,-270000,96000,-89000
202607,16,1592000,1640000,1911000,0,1911000,1592000,1589000,-272000,-16.56,-322000,0.831,-272000,101000,-272000
202608,16,1592000,1640000,1821000,28000,1909000,1592000,1586000,-270000,-16.45,-235000,0.871,-270000,91000,-181000
202609,16,1592000,1640000,1845000,31000,1909000,1592000,1599000,-270000,-16.45,-246000,0.866,-270000,88000,-205000
202610,16,1592000,1640000,1775000,34000,1909000,1592000,1591000,-270000,-16.45,-184000,0.896,-270000,81000,-135000
202611,16,1592000,1640000,1980000,0,1980000,1592000,1554000,-340000,-20.76,-426000,0.785,-340000,86000,-340000
202612,16,1592000,1640000,1962000,0,1962000,1592000,1589000,-323000,-19.67,-373000,0.81,-323000,82000,-323000
202501,17,1372000,1372000,0,673000,1327000,0,0,45000,3.29,0,1.0,45000,0,1372000
202502,17,1372000,1372000,0,494000,1327000,0,0,45000,3.29,0,1.0,45000,0,1372000
202503,17,1372000,1372000,0,622000,1327000,0,0,45000,3.29,0,1.0,45000,0,1372000
202504,17,1372000,1372000,0,692000,1327000,0,0,45000,3.29,0,1.0,45000,0,1372000
202505,17,1372000,1372000,0,650000,1327000,0,0,45000,3.29,0,1.0,45000,0,1372000
202506,17,1372000,1372000,52000,399000,1327000,52000,52000,45000,3.29,1000,1.016,45000,9000,1320000
202507,17,1372000,1372000,200000,407000,1327000,213000,210000,45000,3.29,10000,1.049,45000,29000,1172000
202508,17,1372000,1372000,357000,341000,1327000,374000,378000,45000,3.29,20000,1.057,45000,45000,1015000
202509,17,1372000,1372000,517000,231000,1327000,530000,520000,45000,3.29,3000,1.006,45000,57000,855000
202510,17,1372000,1372000,647000,245000,1327000,691000,688000,45000,3.29,41000,1.063,45000,65000,725000
202511,17,1372000,1372000,846000,175000,1327000,847000,831000,45000,3.29,-14000,0.983,45000,77000,526000
202512,17,1372000,1372000,1030000,103000,1327000,1008000,1019000,45000,3.29,-12000,0.989,45000,86000,342000
202601,17,1372000,1372000,1105000,60000,1327000,1169000,1158000,45000,3.29,53000,1.048,45000,85000,267000
202602,17,1372000,1372000,1294000,16000,1327000,1315000,1303000,45000,3.29,10000,1.008,45000,92000,78000
202603,17,1372000,1372000,1298000,12000,1327000,1372000,1356000,45000,3.29,58000,1.045,45000,87000,74000
202604,17,1372000,1372000,1348000,0,1348000,1372000,1375000,24000,1.78,28000,1.021,24000,84000,24000
202605,17,1372000,1372000,1298000,14000,1327000,1372000,1368000,45000,3.29,71000,1.055,45000,76000,74000
202606,17,1372000,1372000,1246000,34000,1327000,1372000,1331000,45000,3.29,85000,1.068,45000,69000,126000
202607,17,1372000,1372000,1344000,0,1344000,1372000,1350000,28000,2.06,7000,1.005,28000,71000,28000
202608,17,1372000,1372000,1393000,0,1393000,1372000,1374000,-21000,-1.55,-20000,0.986,-21000,70000,-21000
202609,17,1372000,1372000,1391000,0,1391000,1372000,1396000,-19000,-1.39,5000,1.004,-19000,66000,-19000
202610,17,1372000,1372000,1393000,0,1393000,1372000,1393000,-21000,-1.55,0,1.0,-21000,63000,-21000
202611,17,1372000,1372000,1293000,18000,1327000,1372000,1348000,45000,3.29,55000,1.043,45000,56000,79000
202612,17,1372000,1372000,1334000,0,1334000,1372000,1373000,38000,2.78,39000,1.029,38000,56000,38000
202501,18,1065000,1065000,879000,99000,1079000,877000,913000,-14000,-1.31,34000,1.039,-14000,879000,186000
202502,18,1065000,1065000,1051000,7000,1079000,1027000,1081000,-14000,-1.31,30000,1.029,-14000,526000,14000
202503,18,1065000,1065000,1035000,16000,1079000,1065000,1086000,-14000,-1.31,51000,1.049,-14000,345000,30000
202504,18,1065000,1065000,1083000,0,1083000,1065000,1082000,-18000,-1.72,-1000,0.999,-18000,271000,-18000
202505,18,1065000,1065000,1082000,0,1082000,1065000,1070000,-17000,-1.56,-12000,0.989,-17000,216000,-17000
202506,18,1065000,1065000,1049000,9000,1079000,1065000,1078000,-14000,-1.31,29000,1.028,-14000,175000,16000
202507,18,1065000,1065000,1069000,5000,1079000,1065000,1124000,-14000,-1.31,55000,1.052,-14000,153000,-4000
202508,18,1065000,1065000,1053000,13000,1079000,1065000,1102000,-14000,-1.31,49000,1.047,-14000,132000,12000
202509,18,1065000,1065000,1069000,4000,1079000,1065000,1122000,-14000,-1.31,53000,1.05,-14000,119000,-4000
202510,18,1065000,1065000,1096000,0,1096000,1065000,1092000,-31000,-2.95,-5000,0.996,-31000,110000,-31000
202511,18,1065000,1065000,1028000,26000,1079000,1065000,1091000,-14000,-1.31,64000,1.062,-14000,93000,37000
202512,18,1065000,1065000,1071000,2000,1079000,1065000,1089000,-14000,-1.31,18000,1.016,-14000,89000,-6000
202601,18,1065000,1065000,1065000,7000,1079000,1065000,1112000,-14000,-1.31,47000,1.044,-14000,82000,0
202602,18,1065000,1065000,1062000,5000,1079000,1065000,1080000,-14000,-1.31,17000,1.016,-14000,76000,3000
202603,18,1065000,1065000,1044000,12000,1079000,1065000,1104000,-14000,-1.31,60000,1.057,-14000,70000,21000
202604,18,1065000,1065000,1123000,0,1123000,1065000,1091000,-58000,-5.44,-32000,0.972,-58000,70000,-58000
202605,18,1065000,1065000,1084000,0,1084000,1065000,1088000,-19000,-1.76,4000,1.004,-19000,64000,-19000
202606,18,1065000,1065000,1114000,0,1114000,1065000,1111000,-49000,-4.57,-2000,0.998,-49000,62000,-49000
202607,18,1065000,1065000,1096000,0,1096000,1065000,1105000,-31000,-2.87,10000,1.009,-31000,58000,-31000
202608,18,1065000,1065000,1011000,29000,1079000,1065000,1072000,-14000,-1.31,61000,1.06,-14000,51000,54000
202609,18,1065000,1065000,1105000,0,1105000,1065000,1088000,-40000,-3.75,-17000,0.985,-40000,53000,-40000
202610,18,1065000,1065000,1092000,0,1092000,1065000,1085000,-27000,-2.53,-7000,0.993,-27000,50000,-27000
202611,18,1065000,1065000,1062000,7000,1079000,1065000,1093000,-14000,-1.31,30000,1.029,-14000,46000,3000
202612,18,1065000,1065000,1080000,0,1080000,1065000,1104000,-15000,-1.44,24000,1.022,-15000,45000,-15000
202501,19,1642000,1642000,79000,399000,1590000,83000,80000,52000,3.16,1000,1.01,52000,79000,1563000
202502,19,1642000,1642000,132000,595000,1590000,131000,130000,52000,3.16,-2000,0.986,52000,66000,1510000
202503,19,1642000,1642000,180000,484000,1590000,185000,182000,52000,3.16,2000,1.009,52000,60000,1462000
202504,19,1642000,1642000,237000,392000,1590000,237000,234000,52000,3.16,-3000,0.986,52000,59000,1405000
202505,19,1642000,1642000,268000,455000,1590000,291000,280000,52000,3.16,12000,1.045,52000,54000,1374000
202506,19,1642000,1642000,336000,547000,1590000,343000,338000,52000,3.16,2000,1.006,52000,56000,1306000
202507,19,1642000,1642000,389000,629000,1590000,396000,393000,52000,3.16,4000,1.01,52000,56000,1253000
202508,19,1642000,1642000,445000,323000,1590000,450000,451000,52000,3.16,6000,1.014,52000,56000,1197000
202509,19,1642000,1642000,499000,522000,1590000,502000,497000,52000,3.16,-2000,0.996,52000,55000,1143000
202510,19,1642000,1642000,529000,558000,1590000,555000,537000,52000,3.16,8000,1.016,52000,53000,1113000
202511,19,1642000,1642000,593000,366000,1590000,607000,607000,52000,3.16,14000,1.023,52000,54000,1049000
202512,19,1642000,1642000,657000,323000,1590000,661000,667000,52000,3.16,10000,1.015,52000,55000,985000
202601,19,1642000,1642000,714000,274000,1590000,715000,694000,52000,3.16,-20000,0.972,52000,55000,928000
202602,19,1642000,1642000,698000,329000,1590000,763000,733000,52000,3.16,36000,1.051,52000,50000,944000
202603,19,1642000,1642000,802000,283000,1590000,817000,810000,52000,3.16,8000,1.01,52000,53000,840000
202604,19,1642000,1642000,870000,355000,1590000,869000,849000,52000,3.16,-21000,0.976,52000,54000,772000
202605,19,1642000,1642000,861000,300000,1590000,922000,919000,52000,3.16,59000,1.068,52000,51000,781000
202606,19,1642000,1642000,935000,273000,1590000,974000,974000,52000,3.16,39000,1.042,52000,52000,707000
202607,19,1642000,1642000,997000,254000,1590000,1028000,992000,52000,3.16,-5000,0.995,52000,52000,645000
202608,19,1642000,1642000,987000,196000,1590000,1081000,1043000,52000,3.16,56000,1.057,52000,49000,655000
202609,19,1642000,1642000,1071000,276000,1590000,1133000,1122000,52000,3.16,51000,1.048,52000,51000,571000
202610,19,1642000,1642000,1138000,176000,1590000,1187000,1196000,52000,3.16,59000,1.052,52000,52000,504000
202611,19,1642000,1642000,1143000,117000,1590000,1239000,1209000,52000,3.16,66000,1.058,52000,50000,499000
202612,19,1642000,1642000,1251000,98000,1590000,1292000,1251000,52000,3.16,-1000,1.0,52000,52000,391000
202501,20,10440000,10440000,8793000,427000,10389000,9062000,9331000,51000,0.49,538000,1.061,51000,8793000,1647000
202502,20,10440000,10440000,10153000,125000,10389000,10440000,10495000,51000,0.49,342000,1.034,51000,5076000,287000
202503,20,10440000,10440000,10247000,46000,10389000,10440000,10459000,51000,0.49,212000,1.021,51000,3416000,193000
202504,20,10440000,10440000,10542000,0,10542000,10440000,10626000,-102000,-0.97,85000,1.008,-102000,2635000,-102000
202505,20,10440000,10440000,10471000,0,10471000,10440000,10833000,-31000,-0.3,362000,1.035,-31000,2094000,-31000
202506,20,10440000,10440000,9861000,238000,10389000,10440000,10534000,51000,0.49,673000,1.068,51000,1644000,579000
202507,20,10440000,10440000,10339000,21000,10389000,10440000,10831000,51000,0.49,492000,1.048,51000,1477000,101000
202508,20,10440000,10440000,10228000,59000,10389000,10440000,10925000,51000,0.49,697000,1.068,51000,1279000,212000
202509,20,10440000,10440000,10703000,0,10703000,10440000,10904000,-263000,-2.52,201000,1.019,-263000,1189000,-263000
202510,20,10440000,10440000,10267000,31000,10389000,10440000,10828000,51000,0.49,561000,1.055,51000,1027000,173000
202511,20,10440000,10440000,10360000,11000,10389000,10440000,11000000,51000,0.49,640000,1.062,51000,942000,80000
202512,20,10440000,10440000,10908000,0,10908000,10440000,10830000,-468000,-4.48,-78000,0.993,-468000,909000,-468000
202601,20,10440000,10440000,10017000,119000,10389000,10440000,10622000,51000,0.49,605000,1.06,51000,771000,423000
202602,20,10440000,10440000,10679000,0,10679000,10440000,10612000,-239000,-2.28,-67000,0.994,-239000,763000,-239000
202603,20,10440000,10440000,9937000,236000,10389000,10440000,10439000,51000,0.49,502000,1.05,51000,662000,503000
202604,20,10440000,10440000,10908000,0,10908000,10440000,10662000,-468000,-4.48,-246000,0.977,-468000,682000,-468000
202605,20,10440000,10440000,10686000,0,10686000,10440000,10765000,-246000,-2.36,79000,1.007,-246000,629000,-246000
202606,20,10440000,10440000,10289000,52000,10389000,10440000,10403000,51000,0.49,115000,1.011,51000,572000,151000
202607,20,10440000,10440000,10908000,0,10908000,10440000,10773000,-468000,-4.48,-135000,0.988,-468000,574000,-468000
202608,20,10440000,10440000,10423000,0,10423000,10440000,10886000,17000,0.16,463000,1.044,17000,521000,17000
202609,20,10440000,10440000,10110000,100000,10389000,10440000,10514000,51000,0.49,404000,1.04,51000,481000,330000
202610,20,10440000,10440000,10527000,0,10527000,10440000,10587000,-87000,-0.83,60000,1.006,-87000,478000,-87000
202611,20,10440000,10440000,10434000,0,10434000,10440000,10653000,6000,0.06,219000,1.021,6000,454000,6000
202612,20,10440000,10440000,9985000,125000,10389000,10440000,10650000,51000,0.49,665000,1.067,51000,416000,455000
202501,21,5150000,5150000,3617000,725000,5200000,3793000,3867000,-50000,-0.96,251000,1.069,-50000,3617000,1533000
202502,21,5150000,5150000,4277000,305000,5200000,4145000,4190000,-50000,-0.96,-87000,0.98,-50000,2139000,873000
202503,21,5150000,5150000,4229000,393000,5200000,4535000,4473000,-50000,-0.96,244000,1.058,-50000,1410000,921000
202504,21,5150000,5150000,4697000,249000,5200000,4911000,4921000,-50000,-0.96,224000,1.048,-50000,1174000,453000
202505,21,5150000,5150000,5019000,58000,5200000,5150000,5170000,-50000,-0.96,151000,1.03,-50000,1004000,131000
202506,21,5150000,5150000,4759000,232000,5200000,5150000,5055000,-50000,-0.96,297000,1.062,-50000,793000,391000
202507,21,5150000,5150000,4863000,172000,5200000,5150000,5155000,-50000,-0.96,292000,1.06,-50000,695000,287000
202508,21,5150000,5150000,4818000,190000,5200000,5150000,5085000,-50000,-0.96,267000,1.055,-50000,602000,332000
202509,21,5150000,5150000,5105000,30000,5200000,5150000,5037000,-50000,-0.96,-68000,0.987,-50000,567000,45000
202510,21,5150000,5150000,5084000,49000,5200000,5150000,5112000,-50000,-0.96,28000,1.005,-50000,508000,66000
202511,21,5150000,5150000,5056000,39000,5200000,5150000,5176000,-50000,-0.96,120000,1.024,-50000,460000,94000
202512,21,5150000,5150000,4811000,173000,5200000,5150000,5141000,-50000,-0.96,329000,1.068,-50000,401000,339000
202601,21,5150000,5150000,4924000,86000,5200000,5150000,5092000,-50000,-0.96,169000,1.034,-50000,379000,226000
202602,21,5150000,5150000,4881000,136000,5200000,5150000,5015000,-50000,-0.96,133000,1.027,-50000,349000,269000
202603,21,5150000,5150000,4743000,213000,5200000,5150000,5001000,-50000,-0.96,258000,1.054,-50000,316000,407000
202604,21,5150000,5150000,5103000,51000,5200000,5150000,4955000,-50000,-0.96,-148000,0.971,-50000,319000,47000
202605,21,5150000,5150000,4872000,112000,5200000,5150000,4994000,-50000,-0.96,122000,1.025,-50000,287000,278000
202606,21,5150000,5150000,4988000,115000,5200000,5150000,5164000,-50000,-0.96,176000,1.035,-50000,277000,162000
202607,21,5150000,5150000,4874000,157000,5200000,5150000,5020000,-50000,-0.96,146000,1.03,-50000,257000,276000
202608,21,5150000,5150000,5130000,31000,5200000,5150000,5036000,-50000,-0.96,-94000,0.982,-50000,256000,20000
202609,21,5150000,5150000,5089000,54000,5200000,5150000,5159000,-50000,-0.96,70000,1.014,-50000,242000,61000
202610,21,5150000,5150000,5113000,35000,5200000,5150000,5173000,-50000,-0.96,60000,1.012,-50000,232000,37000
202611,21,5150000,5150000,5028000,51000,5200000,5150000,5052000,-50000,-0.96,24000,1.005,-50000,219000,122000
202612,21,5150000,5150000,4934000,130000,5200000,5150000,5123000,-50000,-0.96,189000,1.038,-50000,206000,216000
202501,22,2083000,2083000,2004000,49000,2122000,2073000,2075000,-39000,-1.88,71000,1.036,-39000,2004000,79000
202502,22,2083000,2083000,1934000,73000,2122000,2083000,2062000,-39000,-1.88,128000,1.066,-39000,967000,149000
202503,22,2083000,2083000,2115000,2000,2122000,2083000,2105000,-39000,-1.88,-10000,0.995,-39000,705000,-32000
202504,22,2083000,2083000,2046000,38000,2122000,2083000,2117000,-39000,-1.88,71000,1.035,-39000,512000,37000
202505,22,2083000,2083000,1972000,60000,2122000,2083000,2043000,-39000,-1.88,71000,1.036,-39000,394000,111000
202506,22,2083000,2083000,2007000,58000,2122000,2083000,2060000,-39000,-1.88,53000,1.026,-39000,335000,76000
202507,22,2083000,2083000,2095000,10000,2122000,2083000,2107000,-39000,-1.88,12000,1.006,-39000,299000,-12000
202508,22,2083000,2083000,2014000,41000,2122000,2083000,2090000,-39000,-1.88,75000,1.037,-39000,252000,69000
202509,22,2083000,2083000,2169000,0,2169000,2083000,2113000,-86000,-4.12,-56000,0.974,-86000,241000,-86000
202510,22,2083000,2083000,1922000,100000,2122000,2083000,2052000,-39000,-1.88,130000,1.068,-39000,192000,161000
202511,22,2083000,2083000,1976000,41000,2122000,2083000,2091000,-39000,-1.88,115000,1.058,-39000,180000,107000
202512,22,2083000,2083000,2120000,1000,2122000,2083000,2085000,-39000,-1.88,-35000,0.984,-39000,177000,-37000
202601,22,2083000,2083000,2068000,14000,2122000,2083000,2054000,-39000,-1.88,-13000,0.994,-39000,159000,15000
202602,22,2083000,2083000,1991000,52000,2122000,2083000,2061000,-39000,-1.88,70000,1.035,-39000,142000,92000
202603,22,2083000,2083000,2063000,22000,2122000,2083000,2067000,-39000,-1.88,4000,1.002,-39000,138000,20000
202604,22,2083000,2083000,2135000,0,2135000,2083000,2095000,-52000,-2.48,-39000,0.982,-52000,133000,-52000
202605,22,2083000,2083000,1943000,46000,2122000,2083000,2063000,-39000,-1.88,120000,1.062,-39000,114000,140000
202606,22,2083000,2083000,1917000,66000,2122000,2083000,2050000,-39000,-1.88,133000,1.069,-39000,107000,166000
202607,22,2083000,2083000,2063000,29000,2122000,2083000,2083000,-39000,-1.88,20000,1.01,-39000,109000,20000
202608,22,2083000,2083000,2056000,19000,2122000,2083000,2083000,-39000,-1.88,27000,1.013,-39000,103000,27000
202609,22,2083000,2083000,1962000,87000,2122000,2083000,2079000,-39000,-1.88,116000,1.059,-39000,93000,121000
202610,22,2083000,2083000,2078000,17000,2122000,2083000,2088000,-39000,-1.88,10000,1.005,-39000,94000,5000
202611,22,2083000,2083000,1914000,63000,2122000,2083000,2036000,-39000,-1.88,122000,1.063,-39000,83000,169000
202612,22,2083000,2083000,1912000,75000,2122000,2083000,2022000,-39000,-1.88,110000,1.058,-39000,80000,171000
202501,23,3474000,3474000,0,2013000,3699000,0,0,-225000,-6.47,0,1.0,-225000,0,3474000
202502,23,3474000,3474000,0,1864000,3699000,0,0,-225000,-6.47,0,1.0,-225000,0,3474000
202503,23,3474000,3474000,0,1874000,3699000,0,0,-225000,-6.47,0,1.0,-225000,0,3474000
202504,23,3474000,3474000,0,1613000,3699000,0,0,-225000,-6.47,0,1.0,-225000,0,3474000
202505,23,3474000,3474000,97000,960000,3699000,116000,86000,-225000,-6.47,-10000,0.893,-225000,19000,3377000
202506,23,3474000,3474000,285000,1033000,3699000,366000,269000,-225000,-6.47,-16000,0.944,-225000,47000,3189000
202507,23,3474000,3474000,472000,1231000,3699000,623000,438000,-225000,-6.47,-34000,0.928,-225000,67000,3002000
202508,23,3474000,3474000,657000,764000,3699000,881000,640000,-225000,-6.47,-17000,0.974,-225000,82000,2817000
202509,23,3474000,3474000,922000,1151000,3699000,1130000,796000,-225000,-6.47,-126000,0.863,-225000,102000,2552000
202510,23,3474000,3474000,1046000,1236000,3699000,1388000,999000,-225000,-6.47,-47000,0.955,-225000,105000,2428000
202511,23,3474000,3474000,1346000,1080000,3699000,1637000,1176000,-225000,-6.47,-169000,0.874,-225000,122000,2128000
202512,23,3474000,3474000,1370000,1029000,3699000,1895000,1325000,-225000,-6.47,-45000,0.967,-225000,114000,2104000
202601,23,3474000,3578000,1718000,556000,3699000,2153000,1479000,-120000,-3.37,-239000,0.861,-120000,132000,1860000
202602,23,3474000,3578000,1735000,886000,3699000,2385000,1670000,-120000,-3.37,-65000,0.963,-120000,124000,1844000
202603,23,3474000,3578000,1841000,668000,3699000,2643000,1774000,-120000,-3.37,-67000,0.963,-120000,123000,1737000
202604,23,3474000,3578000,1997000,920000,3699000,2892000,1955000,-120000,-3.37,-42000,0.979,-120000,125000,1581000
202605,23,3474000,3578000,2388000,629000,3699000,3150000,2207000,-120000,-3.37,-181000,0.924,-120000,140000,1190000
202606,23,3474000,3578000,2528000,589000,3699000,3399000,2360000,-120000,-3.37,-168000,0.934,-120000,140000,1050000
202607,23,3474000,3578000,2565000,409000,3699000,3474000,2351000,-120000,-3.37,-214000,0.917,-120000,135000,1014000
202608,23,3474000,3578000,2356000,442000,3699000,3474000,2300000,-120000,-3.37,-56000,0.976,-120000,118000,1222000
202609,23,3474000,3578000,2619000,470000,3699000,3474000,2295000,-120000,-3.37,-324000,0.876,-120000,125000,959000
202610,23,3474000,3578000,2515000,297000,3699000,3474000,2324000,-120000,-3.37,-191000,0.924,-120000,114000,1064000
202611,23,3474000,3578000,2464000,642000,3699000,3474000,2355000,-120000,-3.37,-109000,0.956,-120000,107000,1114000
202612,23,3474000,3578000,2648000,378000,3699000,3474000,2364000,-120000,-3.37,-284000,0.893,-120000,110000,930000
202501,24,4672000,4672000,0,2574000,4709000,0,0,-37000,-0.79,0,1.0,-37000,0,4672000
202502,24,4672000,4672000,0,2523000,4709000,0,0,-37000,-0.79,0,1.0,-37000,0,4672000
202503,24,4672000,4672000,0,1402000,4709000,0,0,-37000,-0.79,0,1.0,-37000,0,4672000
202504,24,4672000,4672000,0,1692000,4709000,0,0,-37000,-0.79,0,1.0,-37000,0,4672000
202505,24,4672000,4672000,0,1787000,4709000,0,0,-37000,-0.79,0,1.0,-37000,0,4672000
202506,24,4672000,4672000,0,1299000,4709000,0,0,-37000,-0.79,0,1.0,-37000,0,4672000
202507,24,4672000,4672000,0,1858000,4709000,0,0,-37000,-0.79,0,1.0,-37000,0,4672000
202508,24,4672000,4672000,0,1912000,4709000,0,0,-37000,-0.79,0,1.0,-37000,0,4672000
202509,24,4672000,4672000,0,1793000,4709000,0,0,-37000,-0.79,0,1.0,-37000,0,4672000
202510,24,4672000,4672000,0,2047000,4709000,0,0,-37000,-0.79,0,1.0,-37000,0,4672000
202511,24,4672000,4672000,0,1495000,4709000,0,0,-37000,-0.79,0,1.0,-37000,0,4672000
202512,24,4672000,4672000,0,1689000,4709000,0,0,-37000,-0.79,0,1.0,-37000,0,4672000
202601,24,4672000,4672000,0,1450000,4709000,0,0,-37000,-0.79,0,1.0,-37000,0,4672000
202602,24,4672000,4672000,102000,2112000,4709000,108000,107000,-37000,-0.79,5000,1.048,-37000,7000,4570000
202603,24,4672000,4672000,240000,2090000,4709000,254000,251000,-37000,-0.79,11000,1.045,-37000,16000,4432000
202604,24,4672000,4672000,382000,2085000,4709000,395000,392000,-37000,-0.79,10000,1.026,-37000,24000,4290000
202605,24,4672000,4672000,507000,1262000,4709000,541000,529000,-37000,-0.79,22000,1.044,-37000,30000,4165000
202606,24,4672000,4672000,608000,1122000,4709000,682000,649000,-37000,-0.79,41000,1.067,-37000,34000,4064000
202607,24,4672000,4672000,789000,1797000,4709000,828000,821000,-37000,-0.79,32000,1.041,-37000,42000,3883000
202608,24,4672000,4672000,927000,1412000,4709000,974000,931000,-37000,-0.79,4000,1.004,-37000,46000,3745000
202609,24,4672000,4672000,1110000,950000,4709000,1115000,1106000,-37000,-0.79,-4000,0.996,-37000,53000,3562000
202610,24,4672000,4672000,1158000,1645000,4709000,1261000,1216000,-37000,-0.79,58000,1.05,-37000,53000,3514000
202611,24,4672000,4672000,1351000,1186000,4709000,1402000,1369000,-37000,-0.79,18000,1.013,-37000,59000,3321000
202612,24,4672000,4672000,1518000,1357000,4709000,1548000,1504000,-37000,-0.79,-14000,0.991,-37000,63000,3154000
202501,25,2763000,2763000,1549000,691000,3297000,1288000,1263000,-534000,-19.32,-287000,0.815,-534000,1549000,1214000
202502,25,2763000,2763000,1624000,662000,3297000,1383000,1336000,-534000,-19.32,-289000,0.822,-534000,812000,1139000
202503,25,2763000,2763000,1657000,472000,3297000,1489000,1449000,-534000,-19.32,-208000,0.875,-534000,552000,1106000
202504,25,2763000,2763000,1899000,762000,3297000,1591000,1571000,-534000,-19.32,-328000,0.827,-534000,475000,864000
202505,25,2763000,2763000,1843000,710000,3297000,1696000,1622000,-534000,-19.32,-222000,0.88,-534000,369000,920000
202506,25,2763000,2763000,2024000,565000,3297000,1798000,1776000,-534000,-19.32,-249000,0.877,-534000,337000,739000
202507,25,2763000,2763000,2172000,460000,3297000,1903000,1882000,-534000,-19.32,-290000,0.867,-534000,310000,591000
202508,25,2763000,2763000,2181000,429000,3297000,2009000,1939000,-534000,-19.32,-241000,0.889,-534000,273000,582000
202509,25,2763000,2763000,2374000,497000,3297000,2110000,2090000,-534000,-19.32,-284000,0.881,-534000,264000,389000
202510,25,2763000,2763000,2537000,329000,3297000,2216000,2120000,-534000,-19.32,-416000,0.836,-534000,254000,226000
202511,25,2763000,2763000,2596000,256000,3297000,2318000,2284000,-534000,-19.32,-312000,0.88,-534000,236000,167000
202512,25,2763000,2763000,2866000,149000,3297000,2423000,2385000,-534000,-19.32,-481000,0.832,-534000,239000,-103000
202601,25,2763000,2846000,2661000,277000,3297000,2529000,2421000,-451000,-15.84,-240000,0.91,-451000,205000,185000
202602,25,2763000,2846000,2906000,200000,3297000,2624000,2513000,-451000,-15.84,-393000,0.865,-451000,208000,-60000
202603,25,2763000,2846000,3286000,4000,3297000,2729000,2601000,-451000,-15.84,-685000,0.792,-451000,219000,-440000
202604,25,2763000,2846000,3225000,37000,3297000,2763000,2685000,-451000,-15.84,-541000,0.832,-451000,202000,-380000
202605,25,2763000,2846000,3399000,0,3399000,2763000,2720000,-554000,-19.45,-680000,0.8,-554000,200000,-554000
202606,25,2763000,2846000,3166000,38000,3297000,2763000,2612000,-451000,-15.84,-554000,0.825,-451000,176000,-320000
202607,25,2763000,2846000,3072000,115000,3297000,2763000,2651000,-451000,-15.84,-421000,0.863,-451000,162000,-226000
202608,25,2763000,2846000,3316000,0,3316000,2763000,2680000,-470000,-16.51,-636000,0.808,-470000,166000,-470000
202609,25,2763000,2846000,3165000,38000,3297000,2763000,2632000,-451000,-15.84,-533000,0.832,-451000,151000,-319000
202610,25,2763000,2846000,3181000,38000,3297000,2763000,2644000,-451000,-15.84,-537000,0.831,-451000,145000,-335000
202611,25,2763000,2846000,2999000,152000,3297000,2763000,2627000,-451000,-15.84,-372000,0.876,-451000,130000,-153000
202612,25,2763000,2846000,3448000,0,3448000,2763000,2700000,-602000,-21.16,-748000,0.783,-602000,144000,-602000
202501,26,17675000,17675000,0,7571000,19281000,0,0,-1606000,-9.09,0,1.0,-1606000,0,17675000
202502,26,17675000,17675000,0,7551000,19281000,0,0,-1606000,-9.09,0,1.0,-1606000,0,17675000
202503,26,17675000,17675000,0,6038000,19281000,0,0,-1606000,-9.09,0,1.0,-1606000,0,17675000
202504,26,17675000,17675000,0,7500000,19281000,0,0,-1606000,-9.09,0,1.0,-1606000,0,17675000
202505,26,17675000,17675000,0,5000000,19281000,0,0,-1606000,-9.09,0,1.0,-1606000,0,17675000
202506,26,17675000,17675000,0,6659000,19281000,0,0,-1606000,-9.09,0,1.0,-1606000,0,17675000
202507,26,17675000,17675000,0,6464000,19281000,0,0,-1606000,-9.09,0,1.0,-1606000,0,17675000
202508,26,17675000,17675000,0,6770000,19281000,0,0,-1606000,-9.09,0,1.0,-1606000,0,17675000
202509,26,17675000,17675000,0,5530000,19281000,0,0,-1606000,-9.09,0,1.0,-1606000,0,17675000
202510,26,17675000,17675000,0,9011000,19281000,0,0,-1606000,-9.09,0,1.0,-1606000,0,17675000
202511,26,17675000,17675000,0,8511000,19281000,0,0,-1606000,-9.09,0,1.0,-1606000,0,17675000
202512,26,17675000,17675000,0,4871000,19281000,0,0,-1606000,-9.09,0,1.0,-1606000,0,17675000
202601,26,17675000,17675000,490000,5112000,19281000,563000,437000,-1606000,-9.09,-53000,0.892,-1606000,38000,17185000
202602,26,17675000,17675000,1592000,9346000,19281000,1875000,1465000,-1606000,-9.09,-127000,0.92,-1606000,114000,16083000
202603,26,17675000,17675000,3198000,8145000,19281000,3329000,2815000,-1606000,-9.09,-384000,0.88,-1606000,213000,14477000
202604,26,17675000,17675000,4549000,5160000,19281000,4735000,4003000,-1606000,-9.09,-546000,0.88,-1606000,284000,13126000
202605,26,17675000,17675000,5956000,6868000,19281000,6189000,5278000,-1606000,-9.09,-677000,0.886,-1606000,350000,11719000
202606,26,17675000,17675000,7395000,4932000,19281000,7595000,6763000,-1606000,-9.09,-632000,0.915,-1606000,411000,10280000
202607,26,17675000,17675000,9005000,2598000,19281000,9048000,8339000,-1606000,-9.09,-666000,0.926,-1606000,474000,8670000
202608,26,17675000,17675000,10558000,2351000,19281000,10502000,9766000,-1606000,-9.09,-792000,0.925,-1606000,528000,7117000
202609,26,17675000,17675000,12151000,2969000,19281000,11908000,11289000,-1606000,-9.09,-862000,0.929,-1606000,579000,5524000
202610,26,17675000,17675000,13943000,1612000,19281000,13362000,12991000,-1606000,-9.09,-951000,0.932,-1606000,634000,3732000
202611,26,17675000,17675000,15493000,2081000,19281000,14768000,14476000,-1606000,-9.09,-1017000,0.934,-1606000,674000,2182000
202612,26,17675000,17675000,16778000,1045000,19281000,16222000,16059000,-1606000,-9.09,-719000,0.957,-1606000,699000,897000
202501,27,1788000,1788000,1835000,0,1835000,1788000,1880000,-47000,-2.65,45000,1.025,-47000,1835000,-47000
202502,27,1788000,1788000,1835000,0,1835000,1788000,1861000,-47000,-2.65,26000,1.014,-47000,918000,-47000
202503,27,1788000,1788000,1835000,0,1835000,1788000,1847000,-47000,-2.65,12000,1.006,-47000,612000,-47000
202504,27,1788000,1788000,1814000,0,1814000,1788000,1828000,-26000,-1.43,14000,1.008,-26000,453000,-26000
202505,27,1788000,1788000,1793000,0,1793000,1788000,1848000,-5000,-0.26,55000,1.031,-5000,359000,-5000
202506,27,1788000,1788000,1830000,0,1830000,1788000,1824000,-42000,-2.34,-6000,0.997,-42000,305000,-42000
202507,27,1788000,1788000,1740000,3000,1748000,1788000,1808000,40000,2.24,68000,1.039,40000,249000,48000
202508,27,1788000,1788000,1817000,0,1817000,1788000,1847000,-29000,-1.6,31000,1.017,-29000,227000,-29000
202509,27,1788000,1788000,1835000,0,1835000,1788000,1838000,-47000,-2.65,3000,1.002,-47000,204000,-47000
202510,27,1788000,1788000,1713000,10000,1748000,1788000,1797000,40000,2.24,85000,1.049,40000,171000,75000
202511,27,1788000,1788000,1759000,0,1759000,1788000,1878000,29000,1.62,119000,1.068,29000,160000,29000
202512,27,1788000,1788000,1835000,0,1835000,1788000,1829000,-47000,-2.65,-6000,0.997,-47000,153000,-47000
202601,27,1788000,1788000,1835000,0,1835000,1788000,1858000,-47000,-2.65,23000,1.012,-47000,141000,-47000
202602,27,1788000,1788000,1708000,13000,1748000,1788000,1813000,40000,2.24,105000,1.061,40000,122000,80000
202603,27,1788000,1788000,1818000,0,1818000,1788000,1839000,-30000,-1.7,20000,1.011,-30000,121000,-30000
202604,27,1788000,1788000,1767000,0,1767000,1788000,1776000,21000,1.15,9000,1.005,21000,110000,21000
202605,27,1788000,1788000,1744000,2000,1748000,1788000,1786000,40000,2.24,42000,1.024,40000,103000,44000
202606,27,1788000,1788000,1835000,0,1835000,1788000,1850000,-47000,-2.65,15000,1.008,-47000,102000,-47000
202607,27,1788000,1788000,1808000,0,1808000,1788000,1798000,-20000,-1.09,-10000,0.995,-20000,95000,-20000
202608,27,1788000,1788000,1743000,3000,1748000,1788000,1816000,40000,2.24,73000,1.042,40000,87000,45000
202609,27,1788000,1788000,1787000,0,1787000,1788000,1833000,1000,0.04,46000,1.025,1000,85000,1000
202610,27,1788000,1788000,1835000,0,1835000,1788000,1849000,-47000,-2.65,13000,1.007,-47000,83000,-47000
202611,27,1788000,1788000,1808000,0,1808000,1788000,1818000,-20000,-1.12,10000,1.006,-20000,79000,-20000
202612,27,1788000,1788000,1835000,0,1835000,1788000,1864000,-47000,-2.65,28000,1.015,-47000,76000,-47000
202501,28,4340000,4340000,3011000,605000,4128000,3055000,3020000,212000,4.88,10000,1.003,212000,3011000,1329000
202502,28,4340000,4340000,3345000,220000,4128000,3385000,3448000,212000,4.88,103000,1.031,212000,1672000,995000
202503,28,4340000,4340000,3808000,97000,4128000,3750000,3807000,212000,4.88,-1000,1.0,212000,1269000,532000
202504,28,4340000,4340000,4042000,22000,4128000,4104000,4193000,212000,4.88,151000,1.037,212000,1011000,298000
202505,28,4340000,4340000,4159000,0,4159000,4340000,4230000,181000,4.17,71000,1.017,181000,832000,181000
202506,28,4340000,4340000,4099000,14000,4128000,4340000,4233000,212000,4.88,134000,1.033,212000,683000,241000
202507,28,4340000,4340000,4068000,31000,4128000,4340000,4253000,212000,4.88,186000,1.046,212000,581000,272000
202508,28,4340000,4340000,4148000,0,4148000,4340000,4361000,192000,4.41,212000,1.051,192000,519000,192000
202509,28,4340000,4340000,4335000,0,4335000,4340000,4378000,5000,0.12,43000,1.01,5000,482000,5000
202510,28,4340000,4340000,4181000,0,4181000,4340000,4380000,159000,3.66,199000,1.048,159000,418000,159000
202511,28,4340000,4340000,4335000,0,4335000,4340000,4435000,5000,0.12,101000,1.023,5000,394000,5000
202512,28,4340000,4340000,4335000,0,4335000,4340000,4427000,5000,0.12,92000,1.021,5000,361000,5000
202601,28,4340000,4340000,4080000,19000,4128000,4340000,4333000,212000,4.88,253000,1.062,212000,314000,260000
202602,28,4340000,4340000,4073000,26000,4128000,4340000,4288000,212000,4.88,215000,1.053,212000,291000,267000
202603,28,4340000,4340000,3961000,49000,4128000,4340000,4237000,212000,4.88,276000,1.07,212000,264000,379000
202604,28,4340000,4340000,4177000,0,4177000,4340000,4352000,163000,3.76,175000,1.042,163000,261000,163000
202605,28,4340000,4340000,4305000,0,4305000,4340000,4335000,35000,0.8,29000,1.007,35000,253000,35000
202606,28,4340000,4340000,4335000,0,4335000,4340000,4341000,5000,0.12,6000,1.001,5000,241000,5000
202607,28,4340000,4340000,4316000,0,4316000,4340000,4422000,24000,0.55,106000,1.025,24000,227000,24000
202608,28,4340000,4340000,4335000,0,4335000,4340000,4234000,5000,0.12,-101000,0.977,5000,217000,5000
202609,28,4340000,4340000,4222000,0,4222000,4340000,4379000,118000,2.73,157000,1.037,118000,201000,118000
202610,28,4340000,4340000,4297000,0,4297000,4340000,4438000,43000,0.99,141000,1.033,43000,195000,43000
202611,28,4340000,4340000,4023000,46000,4128000,4340000,4242000,212000,4.88,219000,1.054,212000,175000,317000
202612,28,4340000,4340000,4335000,0,4335000,4340000,4323000,5000,0.12,-12000,0.997,5000,181000,5000
202501,29,2961000,2961000,558000,628000,3029000,578000,585000,-68000,-2.29,27000,1.049,-68000,558000,2403000
202502,29,2961000,2961000,781000,786000,3029000,820000,835000,-68000,-2.29,53000,1.068,-68000,391000,2180000
202503,29,2961000,2961000,1131000,680000,3029000,1088000,1141000,-68000,-2.29,9000,1.008,-68000,377000,1830000
202504,29,2961000,2961000,1416000,817000,3029000,1347000,1418000,-68000,-2.29,2000,1.001,-68000,354000,1545000
202505,29,2961000,2961000,1592000,767000,3029000,1614000,1698000,-68000,-2.29,106000,1.067,-68000,318000,1369000
202506,29,2961000,2961000,1925000,358000,3029000,1873000,1924000,-68000,-2.29,-1000,1.0,-68000,321000,1036000
202507,29,2961000,2961000,2189000,242000,3029000,2141000,2178000,-68000,-2.29,-11000,0.995,-68000,313000,772000
202508,29,2961000,2961000,2384000,350000,3029000,2409000,2480000,-68000,-2.29,96000,1.04,-68000,298000,577000
202509,29,2961000,2961000,2631000,195000,3029000,2667000,2807000,-68000,-2.29,176000,1.067,-68000,292000,330000
202510,29,2961000,2961000,3033000,0,3033000,2935000,3010000,-72000,-2.42,-23000,0.992,-72000,303000,-72000
202511,29,2961000,2961000,2908000,42000,3029000,2961000,3012000,-68000,-2.29,104000,1.036,-68000,264000,53000
202512,29,2961000,2961000,3009000,7000,3029000,2961000,3008000,-68000,-2.29,-1000,1.0,-68000,251000,-48000
202601,29,2961000,2961000,2860000,64000,3029000,2961000,3046000,-68000,-2.29,186000,1.065,-68000,220000,101000
202602,29,2961000,2961000,3018000,4000,3029000,2961000,2985000,-68000,-2.29,-33000,0.989,-68000,216000,-57000
202603,29,2961000,2961000,3102000,0,3102000,2961000,3074000,-141000,-4.76,-28000,0.991,-141000,207000,-141000
202604,29,2961000,2961000,2829000,84000,3029000,2961000,3023000,-68000,-2.29,193000,1.068,-68000,177000,132000
202605,29,2961000,2961000,2851000,97000,3029000,2961000,3027000,-68000,-2.29,176000,1.062,-68000,168000,110000
202606,29,2961000,2961000,2870000,42000,3029000,2961000,3069000,-68000,-2.29,199000,1.069,-68000,159000,91000
202607,29,2961000,2961000,2912000,30000,3029000,2961000,3112000,-68000,-2.29,200000,1.069,-68000,153000,49000
202608,29,2961000,2961000,2955000,24000,3029000,2961000,3052000,-68000,-2.29,97000,1.033,-68000,148000,6000
202609,29,2961000,2961000,3148000,0,3148000,2961000,3122000,-187000,-6.33,-26000,0.992,-187000,150000,-187000
202610,29,2961000,2961000,2972000,31000,3029000,2961000,3077000,-68000,-2.29,105000,1.035,-68000,135000,-11000
202611,29,2961000,2961000,3012000,5000,3029000,2961000,2994000,-68000,-2.29,-18000,0.994,-68000,131000,-51000
202612,29,2961000,2961000,2904000,54000,3029000,2961000,3060000,-68000,-2.29,156000,1.054,-68000,121000,57000
202501,30,2978000,2978000,2140000,628000,3687000,1960000,1956000,-709000,-23.82,-184000,0.914,-709000,2140000,838000
202502,30,2978000,2978000,2633000,558000,3687000,2125000,2079000,-709000,-23.82,-554000,0.79,-709000,1317000,345000
202503,30,2978000,2978000,2820000,242000,3687000,2307000,2334000,-709000,-23.82,-486000,0.828,-709000,940000,158000
202504,30,2978000,2978000,3040000,295000,3687000,2484000,2424000,-709000,-23.82,-617000,0.797,-709000,760000,-62000
202505,30,2978000,2978000,2921000,385000,3687000,2666000,2670000,-709000,-23.82,-250000,0.914,-709000,584000,57000
202506,30,2978000,2978000,3362000,151000,3687000,2843000,2811000,-709000,-23.82,-551000,0.836,-709000,560000,-384000
202507,30,2978000,2978000,3680000,2000,3687000,2978000,2911000,-709000,-23.82,-770000,0.791,-709000,526000,-702000
202508,30,2978000,2978000,3286000,174000,3687000,2978000,2951000,-709000,-23.82,-335000,0.898,-709000,411000,-308000
202509,30,2978000,2978000,3866000,0,3866000,2978000,3021000,-888000,-29.82,-845000,0.781,-888000,430000,-888000
202510,30,2978000,2978000,3257000,218000,3687000,2978000,2916000,-709000,-23.82,-341000,0.895,-709000,326000,-279000
202511,30,2978000,2978000,3491000,76000,3687000,2978000,2936000,-709000,-23.82,-556000,0.841,-709000,317000,-513000
202512,30,2978000,2978000,3526000,43000,3687000,2978000,2977000,-709000,-23.82,-550000,0.844,-709000,294000,-548000
202601,30,2978000,3067000,3752000,0,3752000,2978000,2966000,-685000,-22.32,-786000,0.791,-685000,289000,-685000
202602,30,2978000,3067000,3667000,9000,3687000,2978000,2942000,-620000,-20.22,-724000,0.802,-620000,262000,-600000
202603,30,2978000,3067000,3601000,41000,3687000,2978000,2977000,-620000,-20.22,-624000,0.827,-620000,240000,-533000
202604,30,2978000,3067000,3599000,25000,3687000,2978000,2906000,-620000,-20.22,-693000,0.807,-620000,225000,-532000
202605,30,2978000,3067000,3794000,0,3794000,2978000,3021000,-726000,-23.68,-772000,0.796,-726000,223000,-726000
202606,30,2978000,3067000,3704000,0,3704000,2978000,2927000,-636000,-20.75,-777000,0.79,-636000,206000,-636000
202607,30,2978000,3067000,3593000,38000,3687000,2978000,2951000,-620000,-20.22,-642000,0.821,-620000,189000,-525000
202608,30,2978000,3067000,3407000,130000,3687000,2978000,3025000,-620000,-20.22,-382000,0.888,-620000,170000,-340000
202609,30,2978000,3067000,3667000,8000,3687000,2978000,2907000,-620000,-20.22,-760000,0.793,-620000,175000,-600000
202610,30,2978000,3067000,3546000,52000,3687000,2978000,2993000,-620000,-20.22,-553000,0.844,-620000,161000,-479000
202611,30,2978000,3067000,3811000,0,3811000,2978000,2994000,-744000,-24.25,-818000,0.785,-744000,166000,-744000
202612,30,2978000,3067000,3202000,153000,3687000,2978000,2930000,-620000,-20.22,-272000,0.915,-620000,133000,-135000
202501,31,4976000,4976000,45000,1794000,4877000,50000,47000,99000,1.99,2000,1.038,99000,45000,4931000
202502,31,4976000,4976000,679000,1749000,4877000,746000,712000,99000,1.99,32000,1.048,99000,340000,4297000
202503,31,4976000,4976000,1426000,1033000,4877000,1518000,1424000,99000,1.99,-3000,0.998,99000,475000,3550000
202504,31,4976000,4976000,2144000,1130000,4877000,2264000,2207000,99000,1.99,64000,1.03,99000,536000,2832000
202505,31,4976000,4976000,2962000,592000,4877000,3035000,2979000,99000,1.99,17000,1.006,99000,592000,2014000
202506,31,4976000,4976000,3482000,384000,4877000,3782000,3688000,99000,1.99,207000,1.059,99000,580000,1494000
202507,31,4976000,4976000,4081000,397000,4877000,4553000,4331000,99000,1.99,250000,1.061,99000,583000,895000
202508,31,4976000,4976000,4457000,147000,4877000,4976000,4744000,99000,1.99,287000,1.064,99000,557000,519000
202509,31,4976000,4976000,4719000,46000,4877000,4976000,4802000,99000,1.99,83000,1.018,99000,524000,257000
202510,31,4976000,4976000,4748000,60000,4877000,4976000,4922000,99000,1.99,174000,1.037,99000,475000,228000
202511,31,4976000,4976000,4642000,103000,4877000,4976000,4836000,99000,1.99,193000,1.042,99000,422000,334000
202512,31,4976000,4976000,4891000,0,4891000,4976000,4792000,85000,1.7,-99000,0.98,85000,408000,85000
202601,31,4976000,4976000,4674000,71000,4877000,4976000,4840000,99000,1.99,166000,1.036,99000,360000,302000
202602,31,4976000,4976000,4605000,69000,4877000,4976000,4719000,99000,1.99,114000,1.025,99000,329000,371000
202603,31,4976000,4976000,4762000,45000,4877000,4976000,4892000,99000,1.99,130000,1.027,99000,317000,214000
202604,31,4976000,4976000,4621000,67000,4877000,4976000,4856000,99000,1.99,235000,1.051,99000,289000,355000
202605,31,4976000,4976000,4409000,229000,4877000,4976000,4643000,99000,1.99,235000,1.053,99000,259000,567000
202606,31,4976000,4976000,4512000,173000,4877000,4976000,4703000,99000,1.99,192000,1.042,99000,251000,464000
202607,31,4976000,4976000,4465000,201000,4877000,4976000,4709000,99000,1.99,244000,1.055,99000,235000,511000
202608,31,4976000,4976000,4713000,73000,4877000,4976000,4808000,99000,1.99,95000,1.02,99000,236000,263000
202609,31,4976000,4976000,4616000,70000,4877000,4976000,4712000,99000,1.99,96000,1.021,99000,220000,360000
202610,31,4976000,4976000,4670000,94000,4877000,4976000,4667000,99000,1.99,-3000,0.999,99000,212000,306000
202611,31,4976000,4976000,4951000,0,4951000,4976000,4806000,25000,0.49,-145000,0.971,25000,215000,25000
202612,31,4976000,4976000,4792000,44000,4877000,4976000,4750000,99000,1.99,-42000,0.991,99000,200000,184000
202501,32,1856000,1856000,827000,435000,2085000,736000,750000,-229000,-12.36,-77000,0.907,-229000,827000,1029000
202502,32,1856000,1856000,1063000,492000,2085000,814000,830000,-229000,-12.36,-234000,0.78,-229000,532000,793000
202503,32,1856000,1856000,1011000,447000,2085000,900000,883000,-229000,-12.36,-128000,0.873,-229000,337000,845000
202504,32,1856000,1856000,1218000,431000,2085000,984000,987000,-229000,-12.36,-230000,0.811,-229000,304000,638000
202505,32,1856000,1856000,1191000,439000,2085000,1070000,1087000,-229000,-12.36,-104000,0.913,-229000,238000,665000
202506,32,1856000,1856000,1390000,279000,2085000,1153000,1162000,-229000,-12.36,-228000,0.836,-229000,232000,466000
202507,32,1856000,1856000,1356000,264000,2085000,1239000,1247000,-229000,-12.36,-110000,0.919,-229000,194000,500000
202508,32,1856000,1856000,1589000,236000,2085000,1325000,1301000,-229000,-12.36,-288000,0.819,-229000,199000,267000
202509,32,1856000,1856000,1540000,297000,2085000,1409000,1408000,-229000,-12.36,-132000,0.914,-229000,171000,316000
202510,32,1856000,1856000,1870000,98000,2085000,1495000,1506000,-229000,-12.36,-364000,0.805,-229000,187000,-14000
202511,32,1856000,1856000,1811000,94000,2085000,1578000,1590000,-229000,-12.36,-221000,0.878,-229000,165000,45000
202512,32,1856000,1856000,2057000,11000,2085000,1664000,1648000,-229000,-12.36,-409000,0.801,-229000,171000,-201000
202601,32,1856000,1912000,2028000,16000,2085000,1750000,1760000,-174000,-9.09,-268000,0.868,-174000,156000,-116000
202602,32,1856000,1912000,2122000,0,2122000,1828000,1821000,-210000,-10.99,-301000,0.858,-210000,152000,-210000
202603,32,1856000,1912000,2112000,0,2112000,1856000,1885000,-200000,-10.49,-227000,0.893,-200000,141000,-200000
202604,32,1856000,1912000,2190000,0,2190000,1856000,1883000,-278000,-14.54,-307000,0.86,-278000,137000,-278000
202605,32,1856000,1912000,2158000,0,2158000,1856000,1806000,-247000,-12.9,-353000,0.837,-247000,127000,-247000
202606,32,1856000,1912000,2178000,0,2178000,1856000,1803000,-266000,-13.92,-374000,0.828,-266000,121000,-266000
202607,32,1856000,1912000,2190000,0,2190000,1856000,1807000,-278000,-14.54,-383000,0.825,-278000,115000,-278000
202608,32,1856000,1912000,2078000,4000,2085000,1856000,1815000,-174000,-9.09,-263000,0.873,-174000,104000,-166000
202609,32,1856000,1912000,2027000,17000,2085000,1856000,1864000,-174000,-9.09,-163000,0.92,-174000,97000,-115000
202610,32,1856000,1912000,2119000,0,2119000,1856000,1849000,-207000,-10.83,-270000,0.873,-207000,96000,-207000
202611,32,1856000,1912000,2190000,0,2190000,1856000,1874000,-278000,-14.54,-316000,0.856,-278000,95000,-278000
202612,32,1856000,1912000,2161000,0,2161000,1856000,1871000,-249000,-13.02,-289000,0.866,-249000,90000,-249000
202501,33,2220000,2220000,411000,839000,2350000,436000,362000,-130000,-5.86,-50000,0.879,-130000,411000,1809000
202502,33,2220000,2220000,447000,1015000,2350000,509000,421000,-130000,-5.86,-26000,0.941,-130000,224000,1773000
202503,33,2220000,2220000,503000,548000,2350000,589000,481000,-130000,-5.86,-22000,0.956,-130000,168000,1717000
202504,33,2220000,2220000,545000,575000,2350000,666000,523000,-130000,-5.86,-22000,0.96,-130000,136000,1675000
202505,33,2220000,2220000,634000,695000,2350000,746000,598000,-130000,-5.86,-37000,0.942,-130000,127000,1586000
202506,33,2220000,2220000,667000,672000,2350000,823000,652000,-130000,-5.86,-15000,0.977,-130000,111000,1553000
202507,33,2220000,2220000,774000,591000,2350000,903000,706000,-130000,-5.86,-69000,0.911,-130000,111000,1446000
202508,33,2220000,2220000,863000,580000,2350000,984000,785000,-130000,-5.86,-78000,0.91,-130000,108000,1357000
202509,33,2220000,2220000,908000,748000,2350000,1061000,863000,-130000,-5.86,-45000,0.951,-130000,101000,1312000
202510,33,2220000,2220000,914000,366000,2350000,1141000,880000,-130000,-5.86,-34000,0.963,-130000,91000,1306000
202511,33,2220000,2220000,1077000,591000,2350000,1218000,929000,-130000,-5.86,-148000,0.863,-130000,98000,1143000
202512,33,2220000,2220000,1107000,589000,2350000,1298000,984000,-130000,-5.86,-123000,0.889,-130000,92000,1113000
202601,33,2220000,2287000,1134000,401000,2350000,1378000,1084000,-64000,-2.78,-50000,0.956,-64000,87000,1153000
202602,33,2220000,2287000,1167000,600000,2350000,1451000,1129000,-64000,-2.78,-37000,0.968,-64000,83000,1120000
202603,33,2220000,2287000,1297000,499000,2350000,1531000,1174000,-64000,-2.78,-122000,0.906,-64000,86000,990000
202604,33,2220000,2287000,1202000,518000,2350000,1608000,1171000,-64000,-2.78,-31000,0.974,-64000,75000,1085000
202605,33,2220000,2287000,1281000,299000,2350000,1688000,1241000,-64000,-2.78,-40000,0.969,-64000,75000,1006000
202606,33,2220000,2287000,1484000,313000,2350000,1766000,1341000,-64000,-2.78,-143000,0.903,-64000,82000,803000
202607,33,2220000,2287000,1553000,331000,2350000,1846000,1346000,-64000,-2.78,-207000,0.867,-64000,82000,734000
202608,33,2220000,2287000,1651000,198000,2350000,1926000,1431000,-64000,-2.78,-220000,0.867,-64000,83000,636000
202609,33,2220000,2287000,1572000,236000,2350000,2003000,1533000,-64000,-2.78,-39000,0.975,-64000,75000,715000
202610,33,2220000,2287000,1754000,255000,2350000,2083000,1520000,-64000,-2.78,-234000,0.867,-64000,80000,532000
202611,33,2220000,2287000,1785000,299000,2350000,2161000,1569000,-64000,-2.78,-217000,0.879,-64000,78000,501000
202612,33,2220000,2287000,1757000,214000,2350000,2220000,1671000,-64000,-2.78,-86000,0.951,-64000,73000,530000
202501,34,1817000,1817000,545000,685000,1907000,586000,487000,-90000,-4.95,-59000,0.892,-90000,545000,1272000
202502,34,1817000,1817000,610000,625000,1907000,684000,549000,-90000,-4.95,-61000,0.9,-90000,305000,1207000
202503,34,1817000,1817000,686000,571000,1907000,793000,659000,-90000,-4.95,-28000,0.96,-90000,229000,1131000
202504,34,1817000,1817000,811000,519000,1907000,898000,731000,-90000,-4.95,-80000,0.901,-90000,203000,1006000
202505,34,1817000,1817000,896000,308000,1907000,1007000,790000,-90000,-4.95,-105000,0.882,-90000,179000,921000
202506,34,1817000,1817000,948000,454000,1907000,1112000,904000,-90000,-4.95,-44000,0.954,-90000,158000,869000
202507,34,1817000,1817000,1038000,377000,1907000,1221000,973000,-90000,-4.95,-65000,0.938,-90000,148000,779000
202508,34,1817000,1817000,1140000,192000,1907000,1329000,1070000,-90000,-4.95,-70000,0.938,-90000,142000,677000
202509,34,1817000,1817000,1263000,224000,1907000,1435000,1134000,-90000,-4.95,-129000,0.898,-90000,140000,554000
202510,34,1817000,1817000,1374000,225000,1907000,1543000,1245000,-90000,-4.95,-129000,0.906,-90000,137000,443000
202511,34,1817000,1817000,1397000,259000,1907000,1649000,1346000,-90000,-4.95,-51000,0.963,-90000,127000,420000
202512,34,1817000,1817000,1502000,148000,1907000,1757000,1392000,-90000,-4.95,-111000,0.926,-90000,125000,315000
202601,34,1817000,1872000,1566000,120000,1907000,1817000,1462000,-35000,-1.89,-105000,0.933,-35000,120000,305000
202602,34,1817000,1872000,1468000,158000,1907000,1817000,1374000,-35000,-1.89,-94000,0.936,-35000,105000,404000
202603,34,1817000,1872000,1466000,242000,1907000,1817000,1390000,-35000,-1.89,-76000,0.948,-35000,98000,405000
202604,34,1817000,1872000,1457000,139000,1907000,1817000,1371000,-35000,-1.89,-86000,0.941,-35000,91000,415000
202605,34,1817000,1872000,1500000,140000,1907000,1817000,1348000,-35000,-1.89,-152000,0.899,-35000,88000,371000
202606,34,1817000,1872000,1413000,244000,1907000,1817000,1384000,-35000,-1.89,-29000,0.98,-35000,78000,459000
202607,34,1817000,1872000,1608000,87000,1907000,1817000,1395000,-35000,-1.89,-213000,0.867,-35000,85000,263000
202608,34,1817000,1872000,1496000,166000,1907000,1817000,1395000,-35000,-1.89,-101000,0.932,-35000,75000,375000
202609,34,1817000,1872000,1466000,132000,1907000,1817000,1395000,-35000,-1.89,-71000,0.952,-35000,70000,406000
202610,34,1817000,1872000,1557000,129000,1907000,1817000,1398000,-35000,-1.89,-159000,0.898,-35000,71000,315000
202611,34,1817000,1872000,1442000,242000,1907000,1817000,1357000,-35000,-1.89,-85000,0.941,-35000,63000,430000
202612,34,1817000,1872000,1427000,230000,1907000,1817000,1352000,-35000,-1.89,-75000,0.948,-35000,59000,445000
202501,35,20895000,20895000,0,8940000,22042000,0,0,-1147000,-5.49,0,1.0,-1147000,0,20895000
202502,35,20895000,20895000,0,9384000,22042000,0,0,-1147000,-5.49,0,1.0,-1147000,0,20895000
202503,35,20895000,20895000,0,10985000,22042000,0,0,-1147000,-5.49,0,1.0,-1147000,0,20895000
202504,35,20895000,20895000,0,8502000,22042000,0,0,-1147000,-5.49,0,1.0,-1147000,0,20895000
202505,35,20895000,20895000,0,6152000,22042000,0,0,-1147000,-5.49,0,1.0,-1147000,0,20895000
202506,35,20895000,20895000,0,11292000,22042000,0,0,-1147000,-5.49,0,1.0,-1147000,0,20895000
202507,35,20895000,20895000,0,6064000,22042000,0,0,-1147000,-5.49,0,1.0,-1147000,0,20895000
202508,35,20895000,20895000,0,8163000,22042000,0,0,-1147000,-5.49,0,1.0,-1147000,0,20895000
202509,35,20895000,20895000,0,11748000,22042000,0,0,-1147000,-5.49,0,1.0,-1147000,0,20895000
202510,35,20895000,20895000,0,9732000,22042000,0,0,-1147000,-5.49,0,1.0,-1147000,0,20895000
202511,35,20895000,20895000,0,11848000,22042000,0,0,-1147000,-5.49,0,1.0,-1147000,0,20895000
202512,35,20895000,20895000,0,11470000,22042000,0,0,-1147000,-5.49,0,1.0,-1147000,0,20895000
202601,35,20895000,20895000,0,11241000,22042000,0,0,-1147000,-5.49,0,1.0,-1147000,0,20895000
202602,35,20895000,20895000,74000,10586000,22042000,79000,66000,-1147000,-5.49,-8000,0.893,-1147000,5000,20821000
202603,35,20895000,20895000,853000,11580000,22042000,898000,759000,-1147000,-5.49,-94000,0.89,-1147000,57000,20042000
202604,35,20895000,20895000,1686000,6800000,22042000,1691000,1506000,-1147000,-5.49,-179000,0.894,-1147000,105000,19209000
202605,35,20895000,20895000,2440000,7332000,22042000,2510000,2210000,-1147000,-5.49,-230000,0.906,-1147000,144000,18455000
202606,35,20895000,20895000,3301000,6364000,22042000,3302000,3048000,-1147000,-5.49,-253000,0.923,-1147000,183000,17594000
202607,35,20895000,20895000,4145000,7330000,22042000,4121000,3885000,-1147000,-5.49,-261000,0.937,-1147000,218000,16750000
202608,35,20895000,20895000,4920000,6906000,22042000,4940000,4679000,-1147000,-5.49,-241000,0.951,-1147000,246000,15975000
202609,35,20895000,20895000,5938000,8816000,22042000,5732000,5536000,-1147000,-5.49,-402000,0.932,-1147000,283000,14957000
202610,35,20895000,20895000,6710000,7555000,22042000,6551000,6486000,-1147000,-5.49,-224000,0.967,-1147000,305000,14185000
202611,35,20895000,20895000,7345000,6220000,22042000,7344000,7092000,-1147000,-5.49,-253000,0.966,-1147000,319000,13550000
202612,35,20895000,20895000,8178000,5526000,22042000,8163000,7983000,-1147000,-5.49,-195000,0.976,-1147000,341000,12717000
202501,36,3208000,3208000,1018000,885000,3290000,1064000,1074000,-82000,-2.56,57000,1.056,-82000,1018000,2190000
202502,36,3208000,3208000,1244000,657000,3290000,1271000,1295000,-82000,-2.56,51000,1.041,-82000,622000,1964000
202503,36,3208000,3208000,1471000,644000,3290000,1501000,1461000,-82000,-2.56,-11000,0.993,-82000,490000,1737000
202504,36,3208000,3208000,1587000,815000,3290000,1722000,1692000,-82000,-2.56,105000,1.066,-82000,397000,1621000
202505,36,3208000,3208000,1881000,460000,3290000,1951000,1912000,-82000,-2.56,32000,1.017,-82000,376000,1327000
202506,36,3208000,3208000,2138000,317000,3290000,2173000,2138000,-82000,-2.56,0,1.0,-82000,356000,1070000
202507,36,3208000,3208000,2247000,264000,3290000,2402000,2369000,-82000,-2.56,121000,1.054,-82000,321000,961000
202508,36,3208000,3208000,2673000,180000,3290000,2631000,2642000,-82000,-2.56,-30000,0.989,-82000,334000,535000
202509,36,3208000,3208000,2932000,195000,3290000,2853000,2860000,-82000,-2.56,-72000,0.975,-82000,326000,276000
202510,36,3208000,3208000,2990000,115000,3290000,3082000,3103000,-82000,-2.56,113000,1.038,-82000,299000,218000
202511,36,3208000,3208000,3229000,33000,3290000,3208000,3272000,-82000,-2.56,44000,1.014,-82000,294000,-21000
202512,36,3208000,3208000,3193000,41000,3290000,3208000,3212000,-82000,-2.56,19000,1.006,-82000,266000,15000
202601,36,3208000,3208000,3192000,45000,3290000,3208000,3182000,-82000,-2.56,-9000,0.997,-82000,246000,16000
202602,36,3208000,3208000,3204000,44000,3290000,3208000,3219000,-82000,-2.56,15000,1.005,-82000,229000,4000
202603,36,3208000,3208000,3077000,104000,3290000,3208000,3221000,-82000,-2.56,144000,1.047,-82000,205000,131000
202604,36,3208000,3208000,2971000,128000,3290000,3208000,3100000,-82000,-2.56,129000,1.043,-82000,186000,237000
202605,36,3208000,3208000,3214000,40000,3290000,3208000,3215000,-82000,-2.56,1000,1.0,-82000,189000,-6000
202606,36,3208000,3208000,3060000,126000,3290000,3208000,3233000,-82000,-2.56,173000,1.057,-82000,170000,148000
202607,36,3208000,3208000,3011000,136000,3290000,3208000,3183000,-82000,-2.56,172000,1.057,-82000,158000,197000
202608,36,3208000,3208000,2942000,130000,3290000,3208000,3140000,-82000,-2.56,198000,1.067,-82000,147000,266000
202609,36,3208000,3208000,3262000,12000,3290000,3208000,3260000,-82000,-2.56,-2000,1.0,-82000,155000,-54000
202610,36,3208000,3208000,3153000,50000,3290000,3208000,3177000,-82000,-2.56,24000,1.007,-82000,143000,55000
202611,36,3208000,3208000,3062000,74000,3290000,3208000,3170000,-82000,-2.56,108000,1.035,-82000,133000,146000
202612,36,3208000,3208000,3080000,84000,3290000,3208000,3253000,-82000,-2.56,173000,1.056,-82000,128000,128000
202501,37,3147000,3147000,0,1193000,3134000,0,0,13000,0.4,0,1.0,13000,0,3147000
202502,37,3147000,3147000,0,1587000,3134000,0,0,13000,0.4,0,1.0,13000,0,3147000
202503,37,3147000,3147000,427000,759000,3134000,447000,428000,13000,0.4,1000,1.003,13000,142000,2720000
202504,37,3147000,3147000,895000,1086000,3134000,927000,896000,13000,0.4,1000,1.001,13000,224000,2252000
202505,37,3147000,3147000,1404000,790000,3134000,1422000,1395000,13000,0.4,-9000,0.994,13000,281000,1743000
202506,37,3147000,3147000,1704000,423000,3134000,1901000,1807000,13000,0.4,103000,1.061,13000,284000,1443000
202507,37,3147000,3147000,2345000,205000,3134000,2396000,2363000,13000,0.4,17000,1.007,13000,335000,802000
202508,37,3147000,3147000,2751000,111000,3134000,2891000,2756000,13000,0.4,5000,1.002,13000,344000,396000
202509,37,3147000,3147000,2841000,151000,3134000,3147000,2997000,13000,0.4,157000,1.055,13000,316000,306000
202510,37,3147000,3147000,2999000,64000,3134000,3147000,3058000,13000,0.4,60000,1.02,13000,300000,148000
202511,37,3147000,3147000,3113000,10000,3134000,3147000,3031000,13000,0.4,-82000,0.974,13000,283000,34000
202512,37,3147000,3147000,3173000,0,3173000,3147000,3123000,-26000,-0.84,-51000,0.984,-26000,264000,-26000
202601,37,3147000,3147000,2997000,44000,3134000,3147000,3116000,13000,0.4,119000,1.04,13000,231000,150000
202602,37,3147000,3147000,3014000,60000,3134000,3147000,3101000,13000,0.4,87000,1.029,13000,215000,133000
202603,37,3147000,3147000,2939000,90000,3134000,3147000,3082000,13000,0.4,143000,1.049,13000,196000,208000
202604,37,3147000,3147000,3075000,33000,3134000,3147000,3016000,13000,0.4,-58000,0.981,13000,192000,72000
202605,37,3147000,3147000,2847000,83000,3134000,3147000,3046000,13000,0.4,199000,1.07,13000,167000,300000
202606,37,3147000,3147000,3012000,47000,3134000,3147000,3029000,13000,0.4,17000,1.005,13000,167000,135000
202607,37,3147000,3147000,2919000,68000,3134000,3147000,3019000,13000,0.4,100000,1.034,13000,154000,228000
202608,37,3147000,3147000,2887000,122000,3134000,3147000,2975000,13000,0.4,88000,1.03,13000,144000,260000
202609,37,3147000,3147000,3215000,0,3215000,3147000,3133000,-68000,-2.15,-82000,0.974,-68000,153000,-68000
202610,37,3147000,3147000,3030000,46000,3134000,3147000,3074000,13000,0.4,44000,1.015,13000,138000,117000
202611,37,3147000,3147000,3143000,0,3143000,3147000,3092000,4000,0.14,-50000,0.984,4000,137000,4000
202612,37,3147000,3147000,3054000,42000,3134000,3147000,3110000,13000,0.4,56000,1.018,13000,127000,93000
202501,38,4196000,4196000,0,1424000,4994000,0,0,-798000,-19.01,0,1.0,-798000,0,4196000
202502,38,4196000,4196000,0,2122000,4994000,0,0,-798000,-19.01,0,1.0,-798000,0,4196000
202503,38,4196000,4196000,0,1664000,4994000,0,0,-798000,-19.01,0,1.0,-798000,0,4196000
202504,38,4196000,4196000,0,2193000,4994000,0,0,-798000,-19.01,0,1.0,-798000,0,4196000
202505,38,4196000,4196000,0,2504000,4994000,0,0,-798000,-19.01,0,1.0,-798000,0,4196000
202506,38,4196000,4196000,0,2647000,4994000,0,0,-798000,-19.01,0,1.0,-798000,0,4196000
202507,38,4196000,4196000,0,2616000,4994000,0,0,-798000,-19.01,0,1.0,-798000,0,4196000
202508,38,4196000,4196000,0,1816000,4994000,0,0,-798000,-19.01,0,1.0,-798000,0,4196000
202509,38,4196000,4196000,0,1661000,4994000,0,0,-798000,-19.01,0,1.0,-798000,0,4196000
202510,38,4196000,4196000,148000,2414000,4994000,134000,127000,-798000,-19.01,-21000,0.859,-798000,15000,4048000
202511,38,4196000,4196000,495000,1633000,4994000,420000,410000,-798000,-19.01,-85000,0.828,-798000,45000,3701000
202512,38,4196000,4196000,778000,1442000,4994000,715000,705000,-798000,-19.01,-73000,0.906,-798000,65000,3418000
202601,38,4196000,4322000,1251000,1745000,4994000,1011000,995000,-672000,-15.54,-256000,0.795,-672000,96000,3071000
202602,38,4196000,4322000,1473000,1417000,4994000,1278000,1215000,-672000,-15.54,-258000,0.825,-672000,105000,2849000
202603,38,4196000,4322000,1744000,1248000,4994000,1574000,1540000,-672000,-15.54,-203000,0.883,-672000,116000,2578000
202604,38,4196000,4322000,2064000,1039000,4994000,1860000,1777000,-672000,-15.54,-287000,0.861,-672000,129000,2258000
202605,38,4196000,4322000,2524000,643000,4994000,2155000,2072000,-672000,-15.54,-453000,0.821,-672000,148000,1797000
202606,38,4196000,4322000,2664000,713000,4994000,2441000,2395000,-672000,-15.54,-269000,0.899,-672000,148000,1658000
202607,38,4196000,4322000,3303000,817000,4994000,2737000,2639000,-672000,-15.54,-663000,0.799,-672000,174000,1019000
202608,38,4196000,4322000,3403000,585000,4994000,3033000,2933000,-672000,-15.54,-470000,0.862,-672000,170000,918000
202609,38,4196000,4322000,3907000,383000,4994000,3319000,3242000,-672000,-15.54,-665000,0.83,-672000,186000,415000
202610,38,4196000,4322000,4399000,196000,4994000,3614000,3529000,-672000,-15.54,-870000,0.802,-672000,200000,-77000
202611,38,4196000,4322000,4300000,258000,4994000,3900000,3844000,-672000,-15.54,-456000,0.894,-672000,187000,22000
202612,38,4196000,4322000,5015000,0,5015000,4196000,3984000,-693000,-16.04,-1032000,0.794,-693000,209000,-693000
202501,39,16483000,16483000,9532000,3143000,16731000,9272000,9411000,-248000,-1.5,-120000,0.987,-248000,9532000,6951000
202502,39,16483000,16483000,10113000,2624000,16731000,10474000,10595000,-248000,-1.5,482000,1.048,-248000,5056000,6370000
202503,39,16483000,16483000,12316000,1920000,16731000,11804000,12102000,-248000,-1.5,-213000,0.983,-248000,4105000,4167000
202504,39,16483000,16483000,13827000,882000,16731000,13092000,13559000,-248000,-1.5,-267000,0.981,-248000,3457000,2656000
202505,39,16483000,16483000,13426000,1717000,16731000,14423000,14330000,-248000,-1.5,905000,1.067,-248000,2685000,3057000
202506,39,16483000,16483000,15508000,600000,16731000,15710000,15659000,-248000,-1.5,151000,1.01,-248000,2585000,975000
202507,39,16483000,16483000,16658000,40000,16731000,16483000,16820000,-248000,-1.5,162000,1.01,-248000,2380000,-175000
202508,39,16483000,16483000,16589000,55000,16731000,16483000,16444000,-248000,-1.5,-146000,0.991,-248000,2074000,-106000
202509,39,16483000,16483000,17136000,0,17136000,16483000,16790000,-653000,-3.96,-345000,0.98,-653000,1904000,-653000
202510,39,16483000,16483000,16197000,237000,16731000,16483000,16683000,-248000,-1.5,486000,1.03,-248000,1620000,286000
202511,39,16483000,16483000,15572000,308000,16731000,16483000,16463000,-248000,-1.5,891000,1.057,-248000,1416000,911000
202512,39,16483000,16483000,16737000,0,16737000,16483000,16708000,-254000,-1.54,-29000,0.998,-254000,1395000,-254000
202601,39,16483000,16483000,16341000,127000,16731000,16483000,16533000,-248000,-1.5,192000,1.012,-248000,1257000,142000
202602,39,16483000,16483000,16088000,219000,16731000,16483000,16513000,-248000,-1.5,425000,1.026,-248000,1149000,395000
202603,39,16483000,16483000,16326000,167000,16731000,16483000,16337000,-248000,-1.5,11000,1.001,-248000,1088000,157000
202604,39,16483000,16483000,16202000,269000,16731000,16483000,17069000,-248000,-1.5,867000,1.053,-248000,1013000,281000
202605,39,16483000,16483000,16372000,132000,16731000,16483000,16881000,-248000,-1.5,509000,1.031,-248000,963000,111000
202606,39,16483000,16483000,15978000,275000,16731000,16483000,16368000,-248000,-1.5,390000,1.024,-248000,888000,505000
202607,39,16483000,16483000,16696000,10000,16731000,16483000,16616000,-248000,-1.5,-79000,0.995,-248000,879000,-213000
202608,39,16483000,16483000,15978000,276000,16731000,16483000,16928000,-248000,-1.5,950000,1.059,-248000,799000,505000
202609,39,16483000,16483000,16742000,0,16742000,16483000,16841000,-259000,-1.57,99000,1.006,-259000,797000,-259000
202610,39,16483000,16483000,16905000,0,16905000,16483000,16507000,-422000,-2.56,-398000,0.976,-422000,768000,-422000
202611,39,16483000,16483000,15897000,334000,16731000,16483000,16500000,-248000,-1.5,603000,1.038,-248000,691000,586000
202612,39,16483000,16483000,16201000,284000,16731000,16483000,16818000,-248000,-1.5,617000,1.038,-248000,675000,282000
202501,40,5067000,5067000,2260000,1074000,5636000,1896000,1856000,-569000,-11.23,-404000,0.821,-569000,2260000,2807000
202502,40,5067000,5067000,2512000,1440000,5636000,2061000,2005000,-569000,-11.23,-507000,0.798,-569000,1256000,2555000
202503,40,5067000,5067000,2816000,823000,5636000,2243000,2220000,-569000,-11.23,-596000,0.788,-569000,939000,2251000
202504,40,5067000,5067000,2630000,769000,5636000,2419000,2379000,-569000,-11.23,-251000,0.904,-569000,658000,2437000
202505,40,5067000,5067000,2682000,1612000,5636000,2601000,2455000,-569000,-11.23,-226000,0.916,-569000,536000,2385000
202506,40,5067000,5067000,3256000,669000,5636000,2777000,2704000,-569000,-11.23,-551000,0.831,-569000,543000,1811000
202507,40,5067000,5067000,3427000,707000,5636000,2959000,2911000,-569000,-11.23,-516000,0.849,-569000,490000,1640000
202508,40,5067000,5067000,3687000,960000,5636000,3141000,3075000,-569000,-11.23,-613000,0.834,-569000,461000,1380000
202509,40,5067000,5067000,3878000,860000,5636000,3317000,3173000,-569000,-11.23,-705000,0.818,-569000,431000,1189000
202510,40,5067000,5067000,3901000,653000,5636000,3499000,3445000,-569000,-11.23,-456000,0.883,-569000,390000,1166000
202511,40,5067000,5067000,4233000,360000,5636000,3675000,3507000,-569000,-11.23,-726000,0.829,-569000,385000,834000
202512,40,5067000,5067000,4589000,438000,5636000,3857000,3672000,-569000,-11.23,-917000,0.8,-569000,382000,478000
202601,40,5067000,5219000,4372000,479000,5636000,4040000,3835000,-417000,-7.99,-537000,0.877,-417000,336000,847000
202602,40,5067000,5219000,4892000,387000,5636000,4204000,4091000,-417000,-7.99,-801000,0.836,-417000,349000,327000
202603,40,5067000,5219000,5274000,165000,5636000,4386000,4292000,-417000,-7.99,-982000,0.814,-417000,352000,-55000
202604,40,5067000,5219000,4833000,210000,5636000,4562000,4331000,-417000,-7.99,-503000,0.896,-417000,302000,386000
202605,40,5067000,5219000,4965000,347000,5636000,4744000,4487000,-417000,-7.99,-478000,0.904,-417000,292000,255000
202606,40,5067000,5219000,5442000,70000,5636000,4920000,4708000,-417000,-7.99,-734000,0.865,-417000,302000,-223000
202607,40,5067000,5219000,5373000,123000,5636000,5067000,4843000,-417000,-7.99,-530000,0.901,-417000,283000,-154000
202608,40,5067000,5219000,5918000,0,5918000,5067000,5020000,-699000,-13.39,-897000,0.848,-699000,296000,-699000
202609,40,5067000,5219000,5918000,0,5918000,5067000,4982000,-699000,-13.39,-936000,0.842,-699000,282000,-699000
202610,40,5067000,5219000,5887000,0,5887000,5067000,4891000,-668000,-12.8,-996000,0.831,-668000,268000,-668000
202611,40,5067000,5219000,5918000,0,5918000,5067000,4917000,-699000,-13.39,-1000000,0.831,-699000,257000,-699000
202612,40,5067000,5219000,5760000,0,5760000,5067000,4781000,-541000,-10.37,-979000,0.83,-541000,240000,-541000
202501,41,5072000,5072000,869000,1378000,4896000,867000,890000,176000,3.46,22000,1.025,176000,869000,4203000
202502,41,5072000,5072000,1067000,1686000,4896000,1036000,1061000,176000,3.46,-6000,0.994,176000,534000,4005000
202503,41,5072000,5072000,1208000,1152000,4896000,1224000,1226000,176000,3.46,19000,1.016,176000,403000,3864000
202504,41,5072000,5072000,1314000,1608000,4896000,1406000,1406000,176000,3.46,92000,1.07,176000,329000,3758000
202505,41,5072000,5072000,1608000,1126000,4896000,1594000,1601000,176000,3.46,-7000,0.996,176000,322000,3464000
202506,41,5072000,5072000,1725000,902000,4896000,1776000,1800000,176000,3.46,75000,1.043,176000,288000,3347000
202507,41,5072000,5072000,1970000,973000,4896000,1963000,1962000,176000,3.46,-8000,0.996,176000,281000,3102000
202508,41,5072000,5072000,2110000,700000,4896000,2151000,2139000,176000,3.46,28000,1.013,176000,264000,2962000
202509,41,5072000,5072000,2329000,1170000,4896000,2333000,2405000,176000,3.46,76000,1.033,176000,259000,2743000
202510,41,5072000,5072000,2376000,974000,4896000,2521000,2522000,176000,3.46,146000,1.061,176000,238000,2696000
202511,41,5072000,5072000,2574000,1038000,4896000,2703000,2709000,176000,3.46,135000,1.053,176000,234000,2498000
202512,41,5072000,5072000,2884000,818000,4896000,2890000,2851000,176000,3.46,-33000,0.989,176000,240000,2188000
202601,41,5072000,5072000,2981000,985000,4896000,3078000,3146000,176000,3.46,165000,1.055,176000,229000,2091000
202602,41,5072000,5072000,3091000,521000,4896000,3248000,3296000,176000,3.46,205000,1.066,176000,221000,1981000
202603,41,5072000,5072000,3360000,499000,4896000,3436000,3484000,176000,3.46,125000,1.037,176000,224000,1712000
202604,41,5072000,5072000,3698000,391000,4896000,3618000,3631000,176000,3.46,-67000,0.982,176000,231000,1374000
202605,41,5072000,5072000,3793000,499000,4896000,3806000,3784000,176000,3.46,-9000,0.998,176000,223000,1279000
202606,41,5072000,5072000,3768000,394000,4896000,3987000,3907000,176000,3.46,139000,1.037,176000,209000,1304000
202607,41,5072000,5072000,4181000,200000,4896000,4175000,4158000,176000,3.46,-23000,0.995,176000,220000,891000
202608,41,5072000,5072000,4159000,288000,4896000,4363000,4366000,176000,3.46,206000,1.05,176000,208000,913000
202609,41,5072000,5072000,4475000,122000,4896000,4545000,4685000,176000,3.46,210000,1.047,176000,213000,597000
202610,41,5072000,5072000,4683000,83000,4896000,4733000,4677000,176000,3.46,-6000,0.999,176000,213000,389000
202611,41,5072000,5072000,4963000,0,4963000,4914000,4931000,109000,2.16,-32000,0.994,109000,216000,109000
202612,41,5072000,5072000,4972000,0,4972000,5072000,5096000,100000,1.98,124000,1.025,100000,207000,100000
202501,42,500000,500000,0,190000,514000,0,0,-14000,-2.89,0,1.0,-14000,0,500000
202502,42,500000,500000,0,162000,514000,0,0,-14000,-2.89,0,1.0,-14000,0,500000
202503,42,500000,500000,0,150000,514000,0,0,-14000,-2.89,0,1.0,-14000,0,500000
202504,42,500000,500000,0,251000,514000,0,0,-14000,-2.89,0,1.0,-14000,0,500000
202505,42,500000,500000,0,247000,514000,0,0,-14000,-2.89,0,1.0,-14000,0,500000
202506,42,500000,500000,0,182000,514000,0,0,-14000,-2.89,0,1.0,-14000,0,500000
202507,42,500000,500000,0,237000,514000,0,0,-14000,-2.89,0,1.0,-14000,0,500000
202508,42,500000,500000,0,244000,514000,0,0,-14000,-2.89,0,1.0,-14000,0,500000
202509,42,500000,500000,0,261000,514000,0,0,-14000,-2.89,0,1.0,-14000,0,500000
202510,42,500000,500000,0,195000,514000,0,0,-14000,-2.89,0,1.0,-14000,0,500000
202511,42,500000,500000,0,215000,514000,0,0,-14000,-2.89,0,1.0,-14000,0,500000
202512,42,500000,500000,0,272000,514000,0,0,-14000,-2.89,0,1.0,-14000,0,500000
202601,42,500000,500000,0,276000,514000,0,0,-14000,-2.89,0,1.0,-14000,0,500000
202602,42,500000,500000,14000,201000,514000,14000,14000,-14000,-2.89,0,1.024,-14000,1000,486000
202603,42,500000,500000,31000,213000,514000,32000,31000,-14000,-2.89,0,1.015,-14000,2000,469000
202604,42,500000,500000,48000,244000,514000,49000,47000,-14000,-2.89,0,0.996,-14000,3000,452000
202605,42,500000,500000,64000,205000,514000,66000,64000,-14000,-2.89,0,0.998,-14000,4000,436000
202606,42,500000,500000,82000,127000,514000,83000,84000,-14000,-2.89,2000,1.026,-14000,5000,418000
202607,42,500000,500000,102000,204000,514000,101000,101000,-14000,-2.89,-1000,0.986,-14000,5000,398000
202608,42,500000,500000,119000,109000,514000,118000,116000,-14000,-2.89,-2000,0.981,-14000,6000,381000
202609,42,500000,500000,135000,154000,514000,135000,136000,-14000,-2.89,1000,1.005,-14000,6000,365000
202610,42,500000,500000,150000,141000,514000,153000,153000,-14000,-2.89,3000,1.022,-14000,7000,350000
202611,42,500000,500000,162000,144000,514000,170000,171000,-14000,-2.89,9000,1.058,-14000,7000,338000
202612,42,500000,500000,181000,125000,514000,187000,185000,-14000,-2.89,4000,1.021,-14000,8000,319000
202501,43,18933000,18933000,9558000,4523000,19131000,9666000,9831000,-198000,-1.04,274000,1.029,-198000,9558000,9375000
202502,43,18933000,18933000,11070000,3903000,19131000,10684000,10900000,-198000,-1.04,-170000,0.985,-198000,5535000,7863000
202503,43,18933000,18933000,12120000,2836000,19131000,11810000,12251000,-198000,-1.04,131000,1.011,-198000,4040000,6813000
202504,43,18933000,18933000,12589000,2846000,19131000,12901000,12978000,-198000,-1.04,389000,1.031,-198000,3147000,6344000
202505,43,18933000,18933000,13838000,1546000,19131000,14027000,14275000,-198000,-1.04,437000,1.032,-198000,2768000,5095000
202506,43,18933000,18933000,14741000,1926000,19131000,15117000,15080000,-198000,-1.04,339000,1.023,-198000,2457000,4192000
202507,43,18933000,18933000,16983000,1000000,19131000,16244000,16701000,-198000,-1.04,-281000,0.983,-198000,2426000,1950000
202508,43,18933000,18933000,18019000,487000,19131000,17370000,17927000,-198000,-1.04,-92000,0.995,-198000,2252000,914000
202509,43,18933000,18933000,18017000,489000,19131000,18461000,19159000,-198000,-1.04,1142000,1.063,-198000,2002000,916000
202510,43,18933000,18933000,19282000,0,19282000,18933000,19741000,-349000,-1.84,459000,1.024,-349000,1928000,-349000
202511,43,18933000,18933000,19198000,0,19198000,18933000,19781000,-265000,-1.4,583000,1.03,-265000,1745000,-265000
202512,43,18933000,18933000,19453000,0,19453000,18933000,19036000,-520000,-2.75,-417000,0.979,-520000,1621000,-520000
202601,43,18933000,18933000,18564000,171000,19131000,18933000,19027000,-198000,-1.04,463000,1.025,-198000,1428000,369000
202602,43,18933000,18933000,18519000,324000,19131000,18933000,19525000,-198000,-1.04,1007000,1.054,-198000,1323000,414000
202603,43,18933000,18933000,19124000,2000,19131000,18933000,18927000,-198000,-1.04,-197000,0.99,-198000,1275000,-191000
202604,43,18933000,18933000,19456000,0,19456000,18933000,19275000,-523000,-2.76,-181000,0.991,-523000,1216000,-523000
202605,43,18933000,18933000,18842000,141000,19131000,18933000,19601000,-198000,-1.04,760000,1.04,-198000,1108000,91000
202606,43,18933000,18933000,19205000,0,19205000,18933000,19537000,-272000,-1.44,332000,1.017,-272000,1067000,-272000
202607,43,18933000,18933000,19413000,0,19413000,18933000,19508000,-480000,-2.54,95000,1.005,-480000,1022000,-480000
202608,43,18933000,18933000,19160000,0,19160000,18933000,19046000,-227000,-1.2,-115000,0.994,-227000,958000,-227000
202609,43,18933000,18933000,19210000,0,19210000,18933000,19277000,-277000,-1.46,67000,1.003,-277000,915000,-277000
202610,43,18933000,18933000,18593000,294000,19131000,18933000,19414000,-198000,-1.04,821000,1.044,-198000,845000,340000
202611,43,18933000,18933000,18359000,287000,19131000,18933000,19373000,-198000,-1.04,1014000,1.055,-198000,798000,574000
202612,43,18933000,18933000,19068000,30000,19131000,18933000,19018000,-198000,-1.04,-49000,0.997,-198000,794000,-135000
202501,44,12888000,12888000,4883000,4497000,13554000,6398000,4645000,-666000,-5.16,-237000,0.951,-666000,4883000,8005000
202502,44,12888000,12888000,5631000,2725000,13554000,7251000,5244000,-666000,-5.16,-386000,0.931,-666000,2815000,7257000
202503,44,12888000,12888000,6427000,3766000,13554000,8196000,5637000,-666000,-5.16,-790000,0.877,-666000,2142000,6461000
202504,44,12888000,12888000,6651000,2734000,13554000,9110000,6099000,-666000,-5.16,-553000,0.917,-666000,1663000,6237000
202505,44,12888000,12888000,7238000,3094000,13554000,10054000,6983000,-666000,-5.16,-254000,0.965,-666000,1448000,5650000
202506,44,12888000,12888000,7796000,1606000,13554000,10969000,7602000,-666000,-5.16,-195000,0.975,-666000,1299000,5092000
202507,44,12888000,12888000,9659000,1040000,13554000,11913000,8375000,-666000,-5.16,-1284000,0.867,-666000,1380000,3229000
202508,44,12888000,12888000,9547000,1547000,13554000,12858000,8748000,-666000,-5.16,-799000,0.916,-666000,1193000,3341000
202509,44,12888000,12888000,9563000,2021000,13554000,12888000,9042000,-666000,-5.16,-521000,0.946,-666000,1063000,3325000
202510,44,12888000,12888000,9739000,1353000,13554000,12888000,9011000,-666000,-5.16,-728000,0.925,-666000,974000,3149000
202511,44,12888000,12888000,9751000,1583000,13554000,12888000,8578000,-666000,-5.16,-1173000,0.88,-666000,886000,3137000
202512,44,12888000,12888000,9498000,2076000,13554000,12888000,8907000,-666000,-5.16,-591000,0.938,-666000,792000,3390000
202601,44,12888000,13275000,9054000,1715000,13554000,12888000,8786000,-279000,-2.1,-267000,0.97,-279000,696000,4221000
202602,44,12888000,13275000,9558000,1114000,13554000,12888000,8392000,-279000,-2.1,-1167000,0.878,-279000,683000,3716000
202603,44,12888000,13275000,9585000,1273000,13554000,12888000,8618000,-279000,-2.1,-967000,0.899,-279000,639000,3690000
202604,44,12888000,13275000,8527000,1653000,13554000,12888000,8242000,-279000,-2.1,-285000,0.967,-279000,533000,4748000
202605,44,12888000,13275000,9114000,1766000,13554000,12888000,8222000,-279000,-2.1,-892000,0.902,-279000,536000,4161000
202606,44,12888000,13275000,8583000,2163000,13554000,12888000,8062000,-279000,-2.1,-521000,0.939,-279000,477000,4691000
202607,44,12888000,13275000,9258000,1568000,13554000,12888000,8591000,-279000,-2.1,-667000,0.928,-279000,487000,4017000
202608,44,12888000,13275000,9337000,2017000,13554000,12888000,8440000,-279000,-2.1,-898000,0.904,-279000,467000,3938000
202609,44,12888000,13275000,9036000,1258000,13554000,12888000,8078000,-279000,-2.1,-958000,0.894,-279000,430000,4238000
202610,44,12888000,13275000,9301000,2032000,13554000,12888000,8476000,-279000,-2.1,-825000,0.911,-279000,423000,3973000
202611,44,12888000,13275000,8318000,1600000,13554000,12888000,8065000,-279000,-2.1,-254000,0.969,-279000,362000,4956000
202612,44,12888000,13275000,8217000,1940000,13554000,12888000,7991000,-279000,-2.1,-227000,0.972,-279000,342000,5057000
202501,45,8427000,8427000,101000,4355000,8703000,118000,92000,-276000,-3.28,-9000,0.914,-276000,101000,8326000
202502,45,8427000,8427000,366000,4504000,8703000,448000,347000,-276000,-3.28,-19000,0.949,-276000,183000,8061000
202503,45,8427000,8427000,635000,3335000,8703000,813000,609000,-276000,-3.28,-27000,0.958,-276000,212000,7792000
202504,45,8427000,8427000,946000,2495000,8703000,1167000,895000,-276000,-3.28,-51000,0.946,-276000,236000,7481000
202505,45,8427000,8427000,1238000,4061000,8703000,1532000,1127000,-276000,-3.28,-111000,0.91,-276000,248000,7189000
202506,45,8427000,8427000,1448000,3516000,8703000,1886000,1402000,-276000,-3.28,-46000,0.968,-276000,241000,6979000
202507,45,8427000,8427000,1785000,3625000,8703000,2251000,1672000,-276000,-3.28,-113000,0.937,-276000,255000,6642000
202508,45,8427000,8427000,2092000,2640000,8703000,2616000,1886000,-276000,-3.28,-206000,0.902,-276000,261000,6335000
202509,45,8427000,8427000,2461000,1932000,8703000,2970000,2227000,-276000,-3.28,-235000,0.905,-276000,273000,5966000
202510,45,8427000,8427000,2708000,1582000,8703000,3335000,2438000,-276000,-3.28,-270000,0.9,-276000,271000,5719000
202511,45,8427000,8427000,2866000,2586000,8703000,3689000,2752000,-276000,-3.28,-114000,0.96,-276000,261000,5561000
202512,45,8427000,8427000,3304000,1611000,8703000,4054000,2995000,-276000,-3.28,-309000,0.906,-276000,275000,5123000
202601,45,8427000,8680000,3251000,1547000,8703000,4420000,3149000,-23000,-0.27,-103000,0.968,-23000,250000,5428000
202602,45,8427000,8680000,3699000,1602000,8703000,4750000,3457000,-23000,-0.27,-242000,0.934,-23000,264000,4981000
202603,45,8427000,8680000,4013000,1969000,8703000,5115000,3552000,-23000,-0.27,-461000,0.885,-23000,268000,4667000
202604,45,8427000,8680000,4200000,1660000,8703000,5469000,3785000,-23000,-0.27,-415000,0.901,-23000,263000,4480000
202605,45,8427000,8680000,4392000,1436000,8703000,5834000,4133000,-23000,-0.27,-259000,0.941,-23000,258000,4288000
202606,45,8427000,8680000,4655000,1846000,8703000,6188000,4410000,-23000,-0.27,-245000,0.947,-23000,259000,4025000
202607,45,8427000,8680000,5264000,1885000,8703000,6553000,4631000,-23000,-0.27,-633000,0.88,-23000,277000,3416000
202608,45,8427000,8680000,5103000,1045000,8703000,6918000,4911000,-23000,-0.27,-192000,0.962,-23000,255000,3577000
202609,45,8427000,8680000,5856000,1497000,8703000,7272000,5147000,-23000,-0.27,-709000,0.879,-23000,279000,2824000
202610,45,8427000,8680000,5588000,1617000,8703000,7637000,5361000,-23000,-0.27,-227000,0.959,-23000,254000,3092000
202611,45,8427000,8680000,6061000,1072000,8703000,7991000,5404000,-23000,-0.27,-656000,0.892,-23000,264000,2619000
202612,45,8427000,8680000,6104000,1127000,8703000,8356000,5782000,-23000,-0.27,-322000,0.947,-23000,254000,2576000
202501,46,3369000,3369000,0,871000,3363000,0,0,6000,0.18,0,1.0,6000,0,3369000
202502,46,3369000,3369000,0,1220000,3363000,0,0,6000,0.18,0,1.0,6000,0,3369000
202503,46,3369000,3369000,0,986000,3363000,0,0,6000,0.18,0,1.0,6000,0,3369000
202504,46,3369000,3369000,57000,1468000,3363000,58000,59000,6000,0.18,2000,1.039,6000,14000,3312000
202505,46,3369000,3369000,202000,1344000,3363000,198000,206000,6000,0.18,5000,1.023,6000,40000,3167000
202506,46,3369000,3369000,352000,930000,3363000,333000,349000,6000,0.18,-3000,0.991,6000,59000,3017000
202507,46,3369000,3369000,474000,958000,3363000,472000,478000,6000,0.18,4000,1.009,6000,68000,2895000
202508,46,3369000,3369000,614000,1208000,3363000,612000,616000,6000,0.18,3000,1.005,6000,77000,2755000
202509,46,3369000,3369000,771000,854000,3363000,747000,754000,6000,0.18,-18000,0.977,6000,86000,2598000
202510,46,3369000,3369000,906000,1264000,3363000,886000,899000,6000,0.18,-6000,0.993,6000,91000,2463000
202511,46,3369000,3369000,977000,861000,3363000,1021000,1041000,6000,0.18,63000,1.065,6000,89000,2392000
202512,46,3369000,3369000,1172000,1089000,3363000,1160000,1189000,6000,0.18,17000,1.014,6000,98000,2197000
202601,46,3369000,3369000,1280000,1077000,3363000,1300000,1351000,6000,0.18,71000,1.055,6000,98000,2089000
202602,46,3369000,3369000,1442000,733000,3363000,1426000,1452000,6000,0.18,9000,1.006,6000,103000,1927000
202603,46,3369000,3369000,1642000,896000,3363000,1565000,1631000,6000,0.18,-11000,0.993,6000,109000,1727000
202604,46,3369000,3369000,1729000,495000,3363000,1700000,1764000,6000,0.18,34000,1.02,6000,108000,1640000
202605,46,3369000,3369000,1893000,666000,3363000,1840000,1869000,6000,0.18,-23000,0.988,6000,111000,1476000
202606,46,3369000,3369000,1985000,381000,3363000,1975000,2016000,6000,0.18,32000,1.016,6000,110000,1384000
202607,46,3369000,3369000,2241000,427000,3363000,2114000,2188000,6000,0.18,-54000,0.976,6000,118000,1128000
202608,46,3369000,3369000,2312000,413000,3363000,2253000,2312000,6000,0.18,1000,1.0,6000,116000,1057000
202609,46,3369000,3369000,2382000,466000,3363000,2388000,2502000,6000,0.18,120000,1.05,6000,113000,987000
202610,46,3369000,3369000,2518000,222000,3363000,2528000,2583000,6000,0.18,65000,1.026,6000,114000,851000
202611,46,3369000,3369000,2581000,301000,3363000,2663000,2722000,6000,0.18,141000,1.054,6000,112000,788000
202612,46,3369000,3369000,2830000,212000,3363000,2802000,2937000,6000,0.18,108000,1.038,6000,118000,539000
202501,47,1393000,1393000,0,464000,1355000,0,0,38000,2.73,0,1.0,38000,0,1393000
202502,47,1393000,1393000,0,579000,1355000,0,0,38000,2.73,0,1.0,38000,0,1393000
202503,47,1393000,1393000,0,656000,1355000,0,0,38000,2.73,0,1.0,38000,0,1393000
202504,47,1393000,1393000,0,533000,1355000,0,0,38000,2.73,0,1.0,38000,0,1393000
202505,47,1393000,1393000,0,624000,1355000,0,0,38000,2.73,0,1.0,38000,0,1393000
202506,47,1393000,1393000,0,602000,1355000,0,0,38000,2.73,0,1.0,38000,0,1393000
202507,47,1393000,1393000,22000,356000,1355000,24000,23000,38000,2.73,1000,1.065,38000,3000,1371000
202508,47,1393000,1393000,168000,423000,1355000,172000,171000,38000,2.73,3000,1.017,38000,21000,1225000
202509,47,1393000,1393000,322000,405000,1355000,315000,316000,38000,2.73,-5000,0.983,38000,36000,1071000
202510,47,1393000,1393000,423000,289000,1355000,463000,452000,38000,2.73,29000,1.07,38000,42000,970000
202511,47,1393000,1393000,568000,376000,1355000,606000,596000,38000,2.73,28000,1.049,38000,52000,825000
202512,47,1393000,1393000,759000,180000,1355000,754000,758000,38000,2.73,-1000,0.998,38000,63000,634000
202601,47,1393000,1393000,863000,159000,1355000,902000,888000,38000,2.73,25000,1.029,38000,66000,530000
202602,47,1393000,1393000,1040000,145000,1355000,1035000,1044000,38000,2.73,4000,1.004,38000,74000,353000
202603,47,1393000,1393000,1148000,84000,1355000,1183000,1176000,38000,2.73,28000,1.025,38000,77000,245000
202604,47,1393000,1393000,1295000,17000,1355000,1326000,1291000,38000,2.73,-4000,0.997,38000,81000,98000
202605,47,1393000,1393000,1323000,12000,1355000,1393000,1391000,38000,2.73,68000,1.052,38000,78000,70000
202606,47,1393000,1393000,1289000,27000,1355000,1393000,1363000,38000,2.73,74000,1.058,38000,72000,104000
202607,47,1393000,1393000,1301000,20000,1355000,1393000,1365000,38000,2.73,64000,1.049,38000,68000,92000
202608,47,1393000,1393000,1340000,7000,1355000,1393000,1375000,38000,2.73,36000,1.027,38000,67000,53000
202609,47,1393000,1393000,1356000,0,1356000,1393000,1414000,37000,2.62,58000,1.043,37000,65000,37000
202610,47,1393000,1393000,1310000,20000,1355000,1393000,1368000,38000,2.73,57000,1.044,38000,60000,83000
202611,47,1393000,1393000,1281000,33000,1355000,1393000,1359000,38000,2.73,78000,1.061,38000,56000,112000
202612,47,1393000,1393000,1357000,0,1357000,1393000,1396000,36000,2.57,39000,1.029,36000,57000,36000
202501,48,1338000,1338000,1031000,178000,1407000,1124000,976000,-69000,-5.18,-55000,0.947,-69000,1031000,307000
202502,48,1338000,1338000,1157000,99000,1407000,1220000,1053000,-69000,-5.18,-103000,0.911,-69000,578000,181000
202503,48,1338000,1338000,1288000,49000,1407000,1328000,1169000,-69000,-5.18,-119000,0.907,-69000,429000,50000
202504,48,1338000,1338000,1185000,87000,1407000,1338000,1132000,-69000,-5.18,-53000,0.955,-69000,296000,153000
202505,48,1338000,1338000,1303000,41000,1407000,1338000,1130000,-69000,-5.18,-174000,0.867,-69000,261000,35000
202506,48,1338000,1338000,1194000,94000,1407000,1338000,1135000,-69000,-5.18,-60000,0.95,-69000,199000,144000
202507,48,1338000,1338000,1243000,73000,1407000,1338000,1124000,-69000,-5.18,-119000,0.905,-69000,178000,95000
202508,48,1338000,1338000,1233000,67000,1407000,1338000,1148000,-69000,-5.18,-85000,0.931,-69000,154000,105000
202509,48,1338000,1338000,1198000,90000,1407000,1338000,1140000,-69000,-5.18,-59000,0.951,-69000,133000,140000
202510,48,1338000,1338000,1228000,78000,1407000,1338000,1152000,-69000,-5.18,-75000,0.939,-69000,123000,110000
202511,48,1338000,1338000,1192000,61000,1407000,1338000,1132000,-69000,-5.18,-60000,0.949,-69000,108000,146000
202512,48,1338000,1338000,1205000,58000,1407000,1338000,1129000,-69000,-5.18,-76000,0.937,-69000,100000,133000
202601,48,1338000,1378000,1269000,35000,1407000,1338000,1106000,-29000,-2.12,-163000,0.871,-29000,98000,109000
202602,48,1338000,1378000,1107000,121000,1407000,1338000,1066000,-29000,-2.12,-41000,0.963,-29000,79000,271000
202603,48,1338000,1378000,1272000,74000,1407000,1338000,1102000,-29000,-2.12,-170000,0.867,-29000,85000,106000
202604,48,1338000,1378000,1178000,110000,1407000,1338000,1078000,-29000,-2.12,-100000,0.915,-29000,74000,200000
202605,48,1338000,1378000,1120000,80000,1407000,1338000,1088000,-29000,-2.12,-32000,0.971,-29000,66000,259000
202606,48,1338000,1378000,1129000,88000,1407000,1338000,1095000,-29000,-2.12,-34000,0.97,-29000,63000,249000
202607,48,1338000,1378000,1102000,90000,1407000,1338000,1073000,-29000,-2.12,-29000,0.973,-29000,58000,276000
202608,48,1338000,1378000,1103000,97000,1407000,1338000,1055000,-29000,-2.12,-48000,0.956,-29000,55000,275000
202609,48,1338000,1378000,1169000,124000,1407000,1338000,1055000,-29000,-2.12,-113000,0.903,-29000,56000,209000
202610,48,1338000,1378000,1204000,108000,1407000,1338000,1080000,-29000,-2.12,-124000,0.897,-29000,55000,174000
202611,48,1338000,1378000,1186000,97000,1407000,1338000,1087000,-29000,-2.12,-99000,0.916,-29000,52000,192000
202612,48,1338000,1378000,1178000,111000,1407000,1338000,1055000,-29000,-2.12,-123000,0.896,-29000,49000,201000
202501,49,5260000,5260000,188000,2468000,5063000,187000,187000,197000,3.75,-1000,0.996,197000,188000,5072000
202502,49,5260000,5260000,424000,1560000,5063000,449000,453000,197000,3.75,30000,1.07,197000,212000,4836000
202503,49,5260000,5260000,715000,1735000,5063000,739000,735000,197000,3.75,20000,1.027,197000,238000,4545000
202504,49,5260000,5260000,943000,1946000,5063000,1020000,1007000,197000,3.75,64000,1.068,197000,236000,4317000
202505,49,5260000,5260000,1241000,1768000,5063000,1310000,1292000,197000,3.75,51000,1.041,197000,248000,4019000
202506,49,5260000,5260000,1537000,1626000,5063000,1591000,1617000,197000,3.75,80000,1.052,197000,256000,3723000
202507,49,5260000,5260000,1944000,1698000,5063000,1881000,1934000,197000,3.75,-10000,0.995,197000,278000,3316000
202508,49,5260000,5260000,2182000,1056000,5063000,2171000,2166000,197000,3.75,-16000,0.992,197000,273000,3078000
202509,49,5260000,5260000,2450000,1317000,5063000,2452000,2506000,197000,3.75,56000,1.023,197000,272000,2810000
202510,49,5260000,5260000,2771000,1223000,5063000,2742000,2792000,197000,3.75,21000,1.007,197000,277000,2489000
202511,49,5260000,5260000,2935000,726000,5063000,3023000,3003000,197000,3.75,69000,1.023,197000,267000,2325000
202512,49,5260000,5260000,3457000,642000,5063000,3313000,3389000,197000,3.75,-69000,0.98,197000,288000,1803000
202601,49,5260000,5260000,3608000,588000,5063000,3603000,3607000,197000,3.75,0,1.0,197000,278000,1652000
202602,49,5260000,5260000,3886000,317000,5063000,3865000,3850000,197000,3.75,-36000,0.991,197000,278000,1374000
202603,49,5260000,5260000,3877000,366000,5063000,4156000,4126000,197000,3.75,249000,1.064,197000,258000,1383000
202604,49,5260000,5260000,4440000,301000,5063000,4436000,4396000,197000,3.75,-43000,0.99,197000,277000,820000
202605,49,5260000,5260000,4824000,81000,5063000,4727000,4797000,197000,3.75,-27000,0.994,197000,284000,436000
202606,49,5260000,5260000,5133000,0,5133000,5007000,5156000,127000,2.41,23000,1.005,127000,285000,127000
202607,49,5260000,5260000,5042000,8000,5063000,5260000,5251000,197000,3.75,209000,1.041,197000,265000,218000
202608,49,5260000,5260000,5316000,0,5316000,5260000,5311000,-56000,-1.07,-5000,0.999,-56000,266000,-56000
202609,49,5260000,5260000,5316000,0,5316000,5260000,5416000,-56000,-1.07,99000,1.019,-56000,253000,-56000
202610,49,5260000,5260000,5268000,0,5268000,5260000,5408000,-8000,-0.15,140000,1.026,-8000,239000,-8000
202611,49,5260000,5260000,5261000,0,5261000,5260000,5395000,-1000,-0.02,134000,1.025,-1000,229000,-1000
202612,49,5260000,5260000,5073000,0,5073000,5260000,5250000,187000,3.55,177000,1.035,187000,211000,187000
202501,50,964000,964000,0,526000,972000,0,0,-8000,-0.81,0,1.0,-8000,0,964000
202502,50,964000,964000,0,385000,972000,0,0,-8000,-0.81,0,1.0,-8000,0,964000
202503,50,964000,964000,0,460000,972000,0,0,-8000,-0.81,0,1.0,-8000,0,964000
202504,50,964000,964000,0,421000,972000,0,0,-8000,-0.81,0,1.0,-8000,0,964000
202505,50,964000,964000,0,521000,972000,0,0,-8000,-0.81,0,1.0,-8000,0,964000
202506,50,964000,964000,0,360000,972000,0,0,-8000,-0.81,0,1.0,-8000,0,964000
202507,50,964000,964000,0,455000,972000,0,0,-8000,-0.81,0,1.0,-8000,0,964000
202508,50,964000,964000,0,468000,972000,0,0,-8000,-0.81,0,1.0,-8000,0,964000
202509,50,964000,964000,0,516000,972000,0,0,-8000,-0.81,0,1.0,-8000,0,964000
202510,50,964000,964000,3000,426000,972000,3000,3000,-8000,-0.81,0,0.991,-8000,0,961000
202511,50,964000,964000,104000,453000,972000,107000,109000,-8000,-0.81,4000,1.042,-8000,9000,860000
202512,50,964000,964000,215000,362000,972000,215000,214000,-8000,-0.81,-1000,0.994,-8000,18000,749000
202601,50,964000,964000,304000,287000,972000,322000,318000,-8000,-0.81,14000,1.046,-8000,23000,660000
202602,50,964000,964000,421000,242000,972000,420000,417000,-8000,-0.81,-3000,0.992,-8000,30000,543000
202603,50,964000,964000,506000,205000,972000,527000,527000,-8000,-0.81,21000,1.042,-8000,34000,458000
202604,50,964000,964000,640000,107000,972000,631000,621000,-8000,-0.81,-19000,0.97,-8000,40000,324000
202605,50,964000,964000,747000,118000,972000,739000,726000,-8000,-0.81,-21000,0.972,-8000,44000,217000
202606,50,964000,964000,806000,43000,972000,843000,855000,-8000,-0.81,49000,1.061,-8000,45000,158000
202607,50,964000,964000,980000,0,980000,950000,970000,-16000,-1.61,-10000,0.99,-16000,52000,-16000
202608,50,964000,964000,965000,4000,972000,964000,988000,-8000,-0.81,23000,1.024,-8000,48000,-1000
202609,50,964000,964000,894000,33000,972000,964000,942000,-8000,-0.81,48000,1.053,-8000,43000,70000
202610,50,964000,964000,917000,28000,972000,964000,957000,-8000,-0.81,40000,1.044,-8000,42000,47000
202611,50,964000,964000,937000,17000,972000,964000,974000,-8000,-0.81,37000,1.04,-8000,41000,27000
202612,50,964000,964000,901000,31000,972000,964000,950000,-8000,-0.81,49000,1.055,-8000,38000,63000
202501,51,4933000,4933000,0,2443000,4909000,0,0,24000,0.48,0,1.0,24000,0,4933000
202502,51,4933000,4933000,0,2529000,4909000,0,0,24000,0.48,0,1.0,24000,0,4933000
202503,51,4933000,4933000,0,2523000,4909000,0,0,24000,0.48,0,1.0,24000,0,4933000
202504,51,4933000,4933000,0,1405000,4909000,0,0,24000,0.48,0,1.0,24000,0,4933000
202505,51,4933000,4933000,0,2436000,4909000,0,0,24000,0.48,0,1.0,24000,0,4933000
202506,51,4933000,4933000,0,1952000,4909000,0,0,24000,0.48,0,1.0,24000,0,4933000
202507,51,4933000,4933000,0,2070000,4909000,0,0,24000,0.48,0,1.0,24000,0,4933000
202508,51,4933000,4933000,326000,1596000,4909000,338000,319000,24000,0.48,-6000,0.981,24000,41000,4607000
202509,51,4933000,4933000,590000,1848000,4909000,664000,631000,24000,0.48,41000,1.069,24000,66000,4343000
202510,51,4933000,4933000,975000,1454000,4909000,1002000,976000,24000,0.48,1000,1.001,24000,97000,3958000
202511,51,4933000,4933000,1238000,1497000,4909000,1329000,1319000,24000,0.48,81000,1.066,24000,113000,3695000
202512,51,4933000,4933000,1586000,1716000,4909000,1666000,1581000,24000,0.48,-5000,0.997,24000,132000,3347000
202601,51,4933000,4933000,1993000,1117000,4909000,2004000,1949000,24000,0.48,-44000,0.978,24000,153000,2940000
202602,51,4933000,4933000,2233000,1260000,4909000,2309000,2254000,24000,0.48,21000,1.009,24000,159000,2700000
202603,51,4933000,4933000,2612000,1235000,4909000,2646000,2613000,24000,0.48,1000,1.0,24000,174000,2321000
202604,51,4933000,4933000,2703000,810000,4909000,2973000,2808000,24000,0.48,106000,1.039,24000,169000,2230000
202605,51,4933000,4933000,2981000,712000,4909000,3310000,3134000,24000,0.48,152000,1.051,24000,175000,1952000
202606,51,4933000,4933000,3551000,629000,4909000,3637000,3534000,24000,0.48,-17000,0.995,24000,197000,1382000
202607,51,4933000,4933000,3679000,487000,4909000,3975000,3771000,24000,0.48,92000,1.025,24000,194000,1254000
202608,51,4933000,4933000,4209000,358000,4909000,4312000,4185000,24000,0.48,-23000,0.995,24000,210000,724000
202609,51,4933000,4933000,4578000,162000,4909000,4639000,4515000,24000,0.48,-64000,0.986,24000,218000,355000
202610,51,4933000,4933000,4856000,18000,4909000,4933000,4900000,24000,0.48,44000,1.009,24000,221000,77000
202611,51,4933000,4933000,4762000,57000,4909000,4933000,4841000,24000,0.48,79000,1.017,24000,207000,171000
202612,51,4933000,4933000,4845000,25000,4909000,4933000,4758000,24000,0.48,-88000,0.982,24000,202000,88000
202501,52,9837000,9837000,0,4668000,11720000,0,0,-1883000,-19.15,0,1.0,-1883000,0,9837000
202502,52,9837000,9837000,0,3271000,11720000,0,0,-1883000,-19.15,0,1.0,-1883000,0,9837000
202503,52,9837000,9837000,0,4146000,11720000,0,0,-1883000,-19.15,0,1.0,-1883000,0,9837000
202504,52,9837000,9837000,0,5864000,11720000,0,0,-1883000,-19.15,0,1.0,-1883000,0,9837000
202505,52,9837000,9837000,0,6119000,11720000,0,0,-1883000,-19.15,0,1.0,-1883000,0,9837000
202506,52,9837000,9837000,0,5148000,11720000,0,0,-1883000,-19.15,0,1.0,-1883000,0,9837000
202507,52,9837000,9837000,0,4680000,11720000,0,0,-1883000,-19.15,0,1.0,-1883000,0,9837000
202508,52,9837000,9837000,0,3555000,11720000,0,0,-1883000,-19.15,0,1.0,-1883000,0,9837000
202509,52,9837000,9837000,0,4505000,11720000,0,0,-1883000,-19.15,0,1.0,-1883000,0,9837000
202510,52,9837000,9837000,0,3173000,11720000,0,0,-1883000,-19.15,0,1.0,-1883000,0,9837000
202511,52,9837000,9837000,0,3800000,11720000,0,0,-1883000,-19.15,0,1.0,-1883000,0,9837000
202512,52,9837000,9837000,0,4657000,11720000,0,0,-1883000,-19.15,0,1.0,-1883000,0,9837000
202601,52,9837000,10132000,36000,5916000,11720000,33000,33000,-1588000,-15.67,-3000,0.91,-1588000,3000,10096000
202602,52,9837000,10132000,1052000,4324000,11720000,948000,948000,-1588000,-15.67,-104000,0.901,-1588000,75000,9080000
202603,52,9837000,10132000,2238000,2599000,11720000,1961000,1915000,-1588000,-15.67,-323000,0.856,-1588000,149000,7894000
202604,52,9837000,10132000,3516000,3608000,11720000,2941000,2903000,-1588000,-15.67,-614000,0.826,-1588000,220000,6616000
202605,52,9837000,10132000,4472000,2585000,11720000,3954000,3863000,-1588000,-15.67,-609000,0.864,-1588000,263000,5660000
202606,52,9837000,10132000,5763000,2888000,11720000,4935000,4937000,-1588000,-15.67,-825000,0.857,-1588000,320000,4369000
202607,52,9837000,10132000,7579000,1091000,11720000,5948000,5923000,-1588000,-15.67,-1656000,0.781,-1588000,399000,2553000
202608,52,9837000,10132000,8781000,1259000,11720000,6961000,6944000,-1588000,-15.67,-1837000,0.791,-1588000,439000,1351000
202609,52,9837000,10132000,9433000,695000,11720000,7941000,7810000,-1588000,-15.67,-1623000,0.828,-1588000,449000,699000
202610,52,9837000,10132000,11018000,369000,11720000,8955000,9085000,-1588000,-15.67,-1933000,0.825,-1588000,501000,-886000
202611,52,9837000,10132000,11084000,168000,11720000,9837000,9631000,-1588000,-15.67,-1452000,0.869,-1588000,482000,-951000
202612,52,9837000,10132000,12247000,0,12247000,9837000,9948000,-2115000,-20.87,-2299000,0.812,-2115000,510000,-2115000
202501,53,8553000,8553000,897000,3357000,9251000,1159000,872000,-698000,-8.16,-25000,0.972,-698000,897000,7656000
202502,53,8553000,8553000,1146000,2436000,9251000,1452000,1079000,-698000,-8.16,-67000,0.942,-698000,573000,7407000
202503,53,8553000,8553000,1396000,2542000,9251000,1775000,1314000,-698000,-8.16,-81000,0.942,-698000,465000,7157000
202504,53,8553000,8553000,1675000,1912000,9251000,2089000,1485000,-698000,-8.16,-189000,0.887,-698000,419000,6878000
202505,53,8553000,8553000,1820000,3287000,9251000,2412000,1748000,-698000,-8.16,-71000,0.961,-698000,364000,6733000
202506,53,8553000,8553000,2170000,2006000,9251000,2726000,2019000,-698000,-8.16,-151000,0.93,-698000,362000,6383000
202507,53,8553000,8553000,2417000,1796000,9251000,3049000,2212000,-698000,-8.16,-204000,0.915,-698000,345000,6136000
202508,53,8553000,8553000,2886000,2105000,9251000,3373000,2506000,-698000,-8.16,-379000,0.869,-698000,361000,5667000
202509,53,8553000,8553000,2864000,2495000,9251000,3686000,2695000,-698000,-8.16,-169000,0.941,-698000,318000,5689000
202510,53,8553000,8553000,3137000,2240000,9251000,4010000,2891000,-698000,-8.16,-246000,0.922,-698000,314000,5416000
202511,53,8553000,8553000,3412000,3198000,9251000,4323000,3141000,-698000,-8.16,-271000,0.921,-698000,310000,5141000
202512,53,8553000,8553000,3513000,2110000,9251000,4647000,3365000,-698000,-8.16,-149000,0.958,-698000,293000,5040000
202601,53,8553000,8810000,3982000,1548000,9251000,4971000,3529000,-441000,-5.01,-452000,0.886,-441000,306000,4828000
202602,53,8553000,8810000,4226000,1581000,9251000,5263000,3680000,-441000,-5.01,-546000,0.871,-441000,302000,4584000
202603,53,8553000,8810000,4035000,2396000,9251000,5587000,3764000,-441000,-5.01,-271000,0.933,-441000,269000,4774000
202604,53,8553000,8810000,4248000,1537000,9251000,5900000,3922000,-441000,-5.01,-326000,0.923,-441000,266000,4561000
202605,53,8553000,8810000,4836000,1928000,9251000,6224000,4184000,-441000,-5.01,-652000,0.865,-441000,284000,3974000
202606,53,8553000,8810000,4610000,2473000,9251000,6537000,4483000,-441000,-5.01,-128000,0.972,-441000,256000,4199000
202607,53,8553000,8810000,4883000,2193000,9251000,6861000,4535000,-441000,-5.01,-348000,0.929,-441000,257000,3927000
202608,53,8553000,8810000,4902000,2203000,9251000,7185000,4795000,-441000,-5.01,-107000,0.978,-441000,245000,3908000
202609,53,8553000,8810000,5237000,1685000,9251000,7498000,5010000,-441000,-5.01,-228000,0.957,-441000,249000,3572000
202610,53,8553000,8810000,5650000,1476000,9251000,7822000,5193000,-441000,-5.01,-458000,0.919,-441000,257000,3159000
202611,53,8553000,8810000,6060000,1619000,9251000,8135000,5588000,-441000,-5.01,-472000,0.922,-441000,263000,2749000
202612,53,8553000,8810000,6483000,1159000,9251000,8459000,5821000,-441000,-5.01,-662000,0.898,-441000,270000,2327000
202501,54,3326000,3326000,596000,943000,3436000,690000,531000,-110000,-3.3,-66000,0.89,-110000,596000,2730000
202502,54,3326000,3326000,656000,1394000,3436000,796000,590000,-110000,-3.3,-67000,0.898,-110000,328000,2670000
202503,54,3326000,3326000,763000,875000,3436000,914000,687000,-110000,-3.3,-76000,0.9,-110000,254000,2563000
202504,54,3326000,3326000,842000,980000,3436000,1028000,770000,-110000,-3.3,-72000,0.915,-110000,210000,2484000
202505,54,3326000,3326000,990000,631000,3436000,1145000,868000,-110000,-3.3,-122000,0.876,-110000,198000,2336000
202506,54,3326000,3326000,993000,1254000,3436000,1259000,910000,-110000,-3.3,-83000,0.916,-110000,166000,2333000
202507,54,3326000,3326000,1222000,750000,3436000,1377000,1032000,-110000,-3.3,-189000,0.845,-110000,175000,2104000
202508,54,3326000,3326000,1239000,992000,3436000,1494000,1076000,-110000,-3.3,-164000,0.868,-110000,155000,2087000
202509,54,3326000,3326000,1255000,754000,3436000,1608000,1165000,-110000,-3.3,-91000,0.928,-110000,139000,2071000
202510,54,3326000,3326000,1474000,591000,3436000,1726000,1272000,-110000,-3.3,-202000,0.863,-110000,147000,1852000
202511,54,3326000,3326000,1493000,511000,3436000,1839000,1305000,-110000,-3.3,-188000,0.874,-110000,136000,1833000
202512,54,3326000,3326000,1599000,620000,3436000,1957000,1403000,-110000,-3.3,-196000,0.877,-110000,133000,1727000
202601,54,3326000,3326000,1557000,663000,3436000,2074000,1447000,-110000,-3.3,-110000,0.929,-110000,120000,1769000
202602,54,3326000,3326000,1918000,504000,3436000,2181000,1688000,-110000,-3.3,-230000,0.88,-110000,137000,1408000
202603,54,3326000,3326000,2004000,540000,3436000,2298000,1808000,-110000,-3.3,-196000,0.902,-110000,134000,1322000
202604,54,3326000,3326000,2206000,447000,3436000,2412000,1985000,-110000,-3.3,-221000,0.9,-110000,138000,1120000
202605,54,3326000,3326000,2276000,326000,3436000,2530000,2089000,-110000,-3.3,-187000,0.918,-110000,134000,1050000
202606,54,3326000,3326000,2470000,417000,3436000,2643000,2268000,-110000,-3.3,-202000,0.918,-110000,137000,856000
202607,54,3326000,3326000,2660000,248000,3436000,2761000,2444000,-110000,-3.3,-215000,0.919,-110000,140000,666000
202608,54,3326000,3326000,2853000,275000,3436000,2878000,2615000,-110000,-3.3,-238000,0.917,-110000,143000,473000
202609,54,3326000,3326000,2880000,244000,3436000,2992000,2733000,-110000,-3.3,-147000,0.949,-110000,137000,446000
202610,54,3326000,3326000,3064000,140000,3436000,3110000,2867000,-110000,-3.3,-197000,0.936,-110000,139000,262000
202611,54,3326000,3326000,3248000,52000,3436000,3224000,3054000,-110000,-3.3,-194000,0.94,-110000,141000,78000
202612,54,3326000,3326000,3263000,94000,3436000,3326000,3115000,-110000,-3.3,-148000,0.955,-110000,136000,63000
202501,55,1297000,1297000,0,382000,1432000,0,0,-135000,-10.4,0,1.0,-135000,0,1297000
202502,55,1297000,1297000,0,401000,1432000,0,0,-135000,-10.4,0,1.0,-135000,0,1297000
202503,55,1297000,1297000,0,584000,1432000,0,0,-135000,-10.4,0,1.0,-135000,0,1297000
202504,55,1297000,1297000,0,650000,1432000,0,0,-135000,-10.4,0,1.0,-135000,0,1297000
202505,55,1297000,1297000,0,384000,1432000,0,0,-135000,-10.4,0,1.0,-135000,0,1297000
202506,55,1297000,1297000,0,520000,1432000,0,0,-135000,-10.4,0,1.0,-135000,0,1297000
202507,55,1297000,1297000,8000,717000,1432000,9000,8000,-135000,-10.4,-1000,0.917,-135000,1000,1289000
202508,55,1297000,1297000,53000,694000,1432000,56000,47000,-135000,-10.4,-7000,0.875,-135000,7000,1244000
202509,55,1297000,1297000,98000,532000,1432000,102000,83000,-135000,-10.4,-15000,0.843,-135000,11000,1199000
202510,55,1297000,1297000,133000,447000,1432000,148000,125000,-135000,-10.4,-8000,0.938,-135000,13000,1164000
202511,55,1297000,1297000,176000,345000,1432000,194000,160000,-135000,-10.4,-16000,0.91,-135000,16000,1121000
202512,55,1297000,1297000,243000,553000,1432000,241000,214000,-135000,-10.4,-29000,0.88,-135000,20000,1054000
202601,55,1297000,1297000,291000,320000,1432000,288000,263000,-135000,-10.4,-28000,0.903,-135000,22000,1006000
202602,55,1297000,1297000,342000,416000,1432000,330000,303000,-135000,-10.4,-39000,0.885,-135000,24000,955000
202603,55,1297000,1297000,380000,376000,1432000,377000,348000,-135000,-10.4,-32000,0.917,-135000,25000,917000
202604,55,1297000,1297000,442000,332000,1432000,423000,399000,-135000,-10.4,-43000,0.902,-135000,28000,855000
202605,55,1297000,1297000,494000,509000,1432000,470000,448000,-135000,-10.4,-46000,0.908,-135000,29000,803000
202606,55,1297000,1297000,553000,316000,1432000,515000,510000,-135000,-10.4,-43000,0.923,-135000,31000,744000
202607,55,1297000,1297000,602000,299000,1432000,562000,557000,-135000,-10.4,-45000,0.925,-135000,32000,695000
202608,55,1297000,1297000,641000,198000,1432000,609000,603000,-135000,-10.4,-38000,0.941,-135000,32000,656000
202609,55,1297000,1297000,680000,274000,1432000,655000,648000,-135000,-10.4,-32000,0.952,-135000,32000,617000
202610,55,1297000,1297000,720000,213000,1432000,702000,695000,-135000,-10.4,-26000,0.965,-135000,33000,577000
202611,55,1297000,1297000,756000,182000,1432000,747000,740000,-135000,-10.4,-17000,0.978,-135000,33000,541000
202612,55,1297000,1297000,805000,253000,1432000,794000,786000,-135000,-10.4,-19000,0.976,-135000,34000,492000
202501,56,500000,500000,0,142000,514000,0,0,-14000,-2.78,0,1.0,-14000,0,500000
202502,56,500000,500000,0,195000,514000,0,0,-14000,-2.78,0,1.0,-14000,0,500000
202503,56,500000,500000,45000,137000,514000,44000,45000,-14000,-2.78,0,1.006,-14000,15000,455000
202504,56,500000,500000,96000,147000,514000,100000,101000,-14000,-2.78,4000,1.045,-14000,24000,404000
202505,56,500000,500000,159000,168000,514000,157000,155000,-14000,-2.78,-4000,0.978,-14000,32000,341000
202506,56,500000,500000,210000,88000,514000,213000,212000,-14000,-2.78,2000,1.01,-14000,35000,290000
202507,56,500000,500000,264000,109000,514000,270000,274000,-14000,-2.78,10000,1.036,-14000,38000,236000
202508,56,500000,500000,318000,86000,514000,328000,334000,-14000,-2.78,16000,1.049,-14000,40000,182000
202509,56,500000,500000,367000,47000,514000,383000,390000,-14000,-2.78,23000,1.062,-14000,41000,133000
202510,56,500000,500000,420000,43000,514000,441000,436000,-14000,-2.78,16000,1.039,-14000,42000,80000
202511,56,500000,500000,505000,4000,514000,496000,497000,-14000,-2.78,-8000,0.984,-14000,46000,-5000
202512,56,500000,500000,480000,11000,514000,500000,502000,-14000,-2.78,22000,1.045,-14000,40000,20000
202601,56,500000,500000,478000,11000,514000,500000,496000,-14000,-2.78,18000,1.037,-14000,37000,22000
202602,56,500000,500000,492000,7000,514000,500000,506000,-14000,-2.78,13000,1.027,-14000,35000,8000
202603,56,500000,500000,491000,8000,514000,500000,494000,-14000,-2.78,3000,1.007,-14000,33000,9000
202604,56,500000,500000,484000,15000,514000,500000,493000,-14000,-2.78,9000,1.018,-14000,30000,16000
202605,56,500000,500000,488000,7000,514000,500000,502000,-14000,-2.78,14000,1.029,-14000,29000,12000
202606,56,500000,500000,480000,14000,514000,500000,507000,-14000,-2.78,27000,1.056,-14000,27000,20000
202607,56,500000,500000,487000,8000,514000,500000,517000,-14000,-2.78,30000,1.061,-14000,26000,13000
202608,56,500000,500000,492000,11000,514000,500000,501000,-14000,-2.78,9000,1.019,-14000,25000,8000
202609,56,500000,500000,486000,14000,514000,500000,517000,-14000,-2.78,31000,1.064,-14000,23000,14000
202610,56,500000,500000,486000,11000,514000,500000,502000,-14000,-2.78,16000,1.033,-14000,22000,14000
202611,56,500000,500000,498000,6000,514000,500000,513000,-14000,-2.78,15000,1.03,-14000,22000,2000
202612,56,500000,500000,500000,6000,514000,500000,503000,-14000,-2.78,4000,1.007,-14000,21000,0
202501,57,4530000,4530000,2385000,965000,4543000,2362000,2418000,-13000,-0.29,33000,1.014,-13000,2385000,2145000
202502,57,4530000,4530000,2634000,722000,4543000,2537000,2578000,-13000,-0.29,-56000,0.979,-13000,1317000,1896000
202503,57,4530000,4530000,2831000,508000,4543000,2730000,2793000,-13000,-0.29,-38000,0.987,-13000,944000,1699000
202504,57,4530000,4530000,2861000,882000,4543000,2918000,2959000,-13000,-0.29,97000,1.034,-13000,715000,1669000
202505,57,4530000,4530000,3105000,736000,4543000,3112000,3198000,-13000,-0.29,93000,1.03,-13000,621000,1425000
202506,57,4530000,4530000,3441000,499000,4543000,3299000,3386000,-13000,-0.29,-55000,0.984,-13000,574000,1089000
202507,57,4530000,4530000,3622000,235000,4543000,3493000,3605000,-13000,-0.29,-18000,0.995,-13000,517000,908000
202508,57,4530000,4530000,3854000,218000,4543000,3686000,3879000,-13000,-0.29,25000,1.006,-13000,482000,676000
202509,57,4530000,4530000,4185000,161000,4543000,3874000,4091000,-13000,-0.29,-94000,0.977,-13000,465000,345000
202510,57,4530000,4530000,4250000,100000,4543000,4068000,4132000,-13000,-0.29,-118000,0.972,-13000,425000,280000
202511,57,4530000,4530000,4352000,61000,4543000,4255000,4464000,-13000,-0.29,113000,1.026,-13000,396000,178000
202512,57,4530000,4530000,4723000,0,4723000,4449000,4616000,-193000,-4.25,-107000,0.977,-193000,394000,-193000
202601,57,4530000,4530000,4489000,27000,4543000,4530000,4603000,-13000,-0.29,115000,1.026,-13000,345000,41000
202602,57,4530000,4530000,4474000,19000,4543000,4530000,4691000,-13000,-0.29,217000,1.049,-13000,320000,56000
202603,57,4530000,4530000,4430000,33000,4543000,4530000,4638000,-13000,-0.29,208000,1.047,-13000,295000,100000
202604,57,4530000,4530000,4459000,45000,4543000,4530000,4595000,-13000,-0.29,136000,1.03,-13000,279000,71000
202605,57,4530000,4530000,4637000,0,4637000,4530000,4582000,-107000,-2.36,-55000,0.988,-107000,273000,-107000
202606,57,4530000,4530000,4431000,61000,4543000,4530000,4733000,-13000,-0.29,302000,1.068,-13000,246000,99000
202607,57,4530000,4530000,4574000,0,4574000,4530000,4607000,-44000,-0.97,33000,1.007,-44000,241000,-44000
202608,57,4530000,4530000,4518000,7000,4543000,4530000,4672000,-13000,-0.29,154000,1.034,-13000,226000,12000
202609,57,4530000,4530000,4770000,0,4770000,4530000,4769000,-240000,-5.31,-2000,1.0,-240000,227000,-240000
202610,57,4530000,4530000,4770000,0,4770000,4530000,4676000,-240000,-5.31,-94000,0.98,-240000,217000,-240000
202611,57,4530000,4530000,4484000,24000,4543000,4530000,4686000,-13000,-0.29,202000,1.045,-13000,195000,46000
202612,57,4530000,4530000,4503000,12000,4543000,4530000,4662000,-13000,-0.29,159000,1.035,-13000,188000,27000
202501,58,8371000,8371000,0,4446000,9986000,0,0,-1615000,-19.29,0,1.0,-1615000,0,8371000
202502,58,8371000,8371000,0,4478000,9986000,0,0,-1615000,-19.29,0,1.0,-1615000,0,8371000
202503,58,8371000,8371000,0,3691000,9986000,0,0,-1615000,-19.29,0,1.0,-1615000,0,8371000
202504,58,8371000,8371000,0,2974000,9986000,0,0,-1615000,-19.29,0,1.0,-1615000,0,8371000
202505,58,8371000,8371000,0,4219000,9986000,0,0,-1615000,-19.29,0,1.0,-1615000,0,8371000
202506,58,8371000,8371000,0,2826000,9986000,0,0,-1615000,-19.29,0,1.0,-1615000,0,8371000
202507,58,8371000,8371000,0,3771000,9986000,0,0,-1615000,-19.29,0,1.0,-1615000,0,8371000
202508,58,8371000,8371000,0,2544000,9986000,0,0,-1615000,-19.29,0,1.0,-1615000,0,8371000
202509,58,8371000,8371000,0,5007000,9986000,0,0,-1615000,-19.29,0,1.0,-1615000,0,8371000
202510,58,8371000,8371000,0,4938000,9986000,0,0,-1615000,-19.29,0,1.0,-1615000,0,8371000
202511,58,8371000,8371000,300000,4277000,9986000,246000,251000,-1615000,-19.29,-49000,0.836,-1615000,27000,8071000
202512,58,8371000,8371000,662000,2630000,9986000,564000,556000,-1615000,-19.29,-106000,0.84,-1615000,55000,7709000
202601,58,8371000,8622000,1014000,4492000,9986000,882000,876000,-1364000,-15.82,-138000,0.864,-1364000,78000,7608000
202602,58,8371000,8622000,1401000,3781000,9986000,1169000,1183000,-1364000,-15.82,-218000,0.844,-1364000,100000,7221000
202603,58,8371000,8622000,1705000,2542000,9986000,1487000,1455000,-1364000,-15.82,-249000,0.854,-1364000,114000,6917000
202604,58,8371000,8622000,2036000,2511000,9986000,1795000,1794000,-1364000,-15.82,-242000,0.881,-1364000,127000,6586000
202605,58,8371000,8622000,2600000,2674000,9986000,2113000,2067000,-1364000,-15.82,-533000,0.795,-1364000,153000,6022000
202606,58,8371000,8622000,2611000,1900000,9986000,2421000,2368000,-1364000,-15.82,-242000,0.907,-1364000,145000,6012000
202607,58,8371000,8622000,3268000,3301000,9986000,2739000,2722000,-1364000,-15.82,-546000,0.833,-1364000,172000,5354000
202608,58,8371000,8622000,3416000,2794000,9986000,3057000,2994000,-1364000,-15.82,-422000,0.876,-1364000,171000,5206000
202609,58,8371000,8622000,3777000,2254000,9986000,3365000,3315000,-1364000,-15.82,-462000,0.878,-1364000,180000,4845000
202610,58,8371000,8622000,4373000,2299000,9986000,3683000,3709000,-1364000,-15.82,-664000,0.848,-1364000,199000,4249000
202611,58,8371000,8622000,4492000,1627000,9986000,3991000,4057000,-1364000,-15.82,-435000,0.903,-1364000,195000,4130000
202612,58,8371000,8622000,5221000,1983000,9986000,4309000,4215000,-1364000,-15.82,-1007000,0.807,-1364000,218000,3401000
202501,59,1245000,1245000,0,389000,1241000,0,0,4000,0.36,0,1.0,4000,0,1245000
202502,59,1245000,1245000,0,664000,1241000,0,0,4000,0.36,0,1.0,4000,0,1245000
202503,59,1245000,1245000,0,441000,1241000,0,0,4000,0.36,0,1.0,4000,0,1245000
202504,59,1245000,1245000,0,584000,1241000,0,0,4000,0.36,0,1.0,4000,0,1245000
202505,59,1245000,1245000,0,482000,1241000,0,0,4000,0.36,0,1.0,4000,0,1245000
202506,59,1245000,1245000,0,332000,1241000,0,0,4000,0.36,0,1.0,4000,0,1245000
202507,59,1245000,1245000,0,677000,1241000,0,0,4000,0.36,0,1.0,4000,0,1245000
202508,59,1245000,1245000,0,556000,1241000,0,0,4000,0.36,0,1.0,4000,0,1245000
202509,59,1245000,1245000,0,651000,1241000,0,0,4000,0.36,0,1.0,4000,0,1245000
202510,59,1245000,1245000,39000,413000,1241000,39000,39000,4000,0.36,0,1.004,4000,4000,1206000
202511,59,1245000,1245000,98000,494000,1241000,94000,96000,4000,0.36,-2000,0.98,4000,9000,1147000
202512,59,1245000,1245000,146000,501000,1241000,151000,153000,4000,0.36,7000,1.045,4000,12000,1099000
202601,59,1245000,1245000,220000,449000,1241000,208000,215000,4000,0.36,-4000,0.98,4000,17000,1025000
202602,59,1245000,1245000,258000,484000,1241000,260000,261000,4000,0.36,3000,1.013,4000,18000,987000
202603,59,1245000,1245000,308000,416000,1241000,317000,318000,4000,0.36,10000,1.032,4000,21000,937000
202604,59,1245000,1245000,373000,278000,1241000,372000,369000,4000,0.36,-4000,0.989,4000,23000,872000
202605,59,1245000,1245000,417000,407000,1241000,429000,439000,4000,0.36,22000,1.053,4000,25000,828000
202606,59,1245000,1245000,503000,246000,1241000,484000,489000,4000,0.36,-14000,0.972,4000,28000,742000
202607,59,1245000,1245000,527000,248000,1241000,541000,558000,4000,0.36,30000,1.058,4000,28000,718000
202608,59,1245000,1245000,618000,293000,1241000,599000,622000,4000,0.36,3000,1.005,4000,31000,627000
202609,59,1245000,1245000,655000,233000,1241000,654000,657000,4000,0.36,1000,1.002,4000,31000,590000
202610,59,1245000,1245000,739000,241000,1241000,711000,738000,4000,0.36,-1000,0.999,4000,34000,506000
202611,59,1245000,1245000,791000,236000,1241000,766000,789000,4000,0.36,-2000,0.998,4000,34000,454000
202612,59,1245000,1245000,842000,187000,1241000,823000,840000,4000,0.36,-2000,0.997,4000,35000,403000
202501,60,10661000,10661000,4293000,2648000,12429000,3947000,3820000,-1768000,-16.58,-473000,0.89,-1768000,4293000,6368000
202502,60,10661000,10661000,4823000,3828000,12429000,4314000,4199000,-1768000,-16.58,-624000,0.871,-1768000,2412000,5838000
202503,60,10661000,10661000,5528000,3410000,12429000,4721000,4597000,-1768000,-16.58,-931000,0.832,-1768000,1843000,5133000
202504,60,10661000,10661000,6522000,2117000,12429000,5114000,5093000,-1768000,-16.58,-1429000,0.781,-1768000,1631000,4139000
202505,60,10661000,10661000,6163000,3352000,12429000,5521000,5255000,-1768000,-16.58,-908000,0.853,-1768000,1233000,4498000
202506,60,10661000,10661000,7257000,2091000,12429000,5914000,5832000,-1768000,-16.58,-1425000,0.804,-1768000,1210000,3404000
202507,60,10661000,10661000,6845000,2437000,12429000,6321000,6056000,-1768000,-16.58,-789000,0.885,-1768000,978000,3816000
202508,60,10661000,10661000,7496000,1353000,12429000,6727000,6707000,-1768000,-16.58,-789000,0.895,-1768000,937000,3165000
202509,60,10661000,10661000,7791000,1978000,12429000,7120000,7043000,-1768000,-16.58,-748000,0.904,-1768000,866000,2870000
202510,60,10661000,10661000,8028000,1684000,12429000,7527000,7230000,-1768000,-16.58,-798000,0.901,-1768000,803000,2633000
202511,60,10661000,10661000,9560000,1125000,12429000,7920000,7765000,-1768000,-16.58,-1795000,0.812,-1768000,869000,1101000
202512,60,10661000,10661000,9852000,992000,12429000,8327000,8135000,-1768000,-16.58,-1717000,0.826,-1768000,821000,809000
202601,60,10661000,10981000,10685000,768000,12429000,8733000,8507000,-1448000,-13.19,-2179000,0.796,-1448000,822000,296000
202602,60,10661000,10981000,9769000,1149000,12429000,9101000,8898000,-1448000,-13.19,-871000,0.911,-1448000,698000,1211000
202603,60,10661000,10981000,10447000,1071000,12429000,9507000,9230000,-1448000,-13.19,-1218000,0.883,-1448000,696000,533000
202604,60,10661000,10981000,12432000,0,12432000,9900000,9778000,-1451000,-13.22,-2655000,0.786,-1451000,777000,-1451000
202605,60,10661000,10981000,12273000,42000,12429000,10307000,9863000,-1448000,-13.19,-2410000,0.804,-1448000,722000,-1292000
202606,60,10661000,10981000,11381000,398000,12429000,10661000,10268000,-1448000,-13.19,-1113000,0.902,-1448000,632000,-401000
202607,60,10661000,10981000,12256000,64000,12429000,10661000,10581000,-1448000,-13.19,-1675000,0.863,-1448000,645000,-1276000
202608,60,10661000,10981000,11731000,175000,12429000,10661000,10497000,-1448000,-13.19,-1234000,0.895,-1448000,587000,-750000
202609,60,10661000,10981000,11446000,517000,12429000,10661000,10336000,-1448000,-13.19,-1110000,0.903,-1448000,545000,-465000
202610,60,10661000,10981000,12053000,198000,12429000,10661000,10313000,-1448000,-13.19,-1740000,0.856,-1448000,548000,-1072000
202611,60,10661000,10981000,12630000,0,12630000,10661000,10227000,-1649000,-15.02,-2403000,0.81,-1649000,549000,-1649000
202612,60,10661000,10981000,11419000,330000,12429000,10661000,10448000,-1448000,-13.19,-971000,0.915,-1448000,476000,-439000
202501,61,4346000,4346000,0,1094000,4223000,0,0,123000,2.82,0,1.0,123000,0,4346000
202502,61,4346000,4346000,0,1878000,4223000,0,0,123000,2.82,0,1.0,123000,0,4346000
202503,61,4346000,4346000,150000,2136000,4223000,154000,150000,123000,2.82,0,1.003,123000,50000,4196000
202504,61,4346000,4346000,305000,1470000,4223000,319000,307000,123000,2.82,2000,1.005,123000,76000,4041000
202505,61,4346000,4346000,462000,1493000,4223000,489000,481000,123000,2.82,19000,1.041,123000,92000,3884000
202506,61,4346000,4346000,589000,1391000,4223000,654000,629000,123000,2.82,39000,1.066,123000,98000,3757000
202507,61,4346000,4346000,788000,1567000,4223000,824000,817000,123000,2.82,29000,1.037,123000,113000,3558000
202508,61,4346000,4346000,979000,973000,4223000,994000,951000,123000,2.82,-28000,0.972,123000,122000,3367000
202509,61,4346000,4346000,1067000,1735000,4223000,1159000,1133000,123000,2.82,66000,1.062,123000,119000,3279000
202510,61,4346000,4346000,1280000,1111000,4223000,1330000,1283000,123000,2.82,4000,1.003,123000,128000,3066000
202511,61,4346000,4346000,1425000,1365000,4223000,1494000,1460000,123000,2.82,35000,1.024,123000,130000,2921000
202512,61,4346000,4346000,1595000,942000,4223000,1665000,1578000,123000,2.82,-16000,0.99,123000,133000,2751000
202601,61,4346000,4346000,1742000,1348000,4223000,1835000,1751000,123000,2.82,9000,1.005,123000,134000,2604000
202602,61,4346000,4346000,1782000,844000,4223000,1989000,1900000,123000,2.82,118000,1.066,123000,127000,2564000
202603,61,4346000,4346000,2004000,880000,4223000,2159000,2124000,123000,2.82,120000,1.06,123000,134000,2342000
202604,61,4346000,4346000,2089000,642000,4223000,2324000,2226000,123000,2.82,137000,1.066,123000,131000,2257000
202605,61,4346000,4346000,2353000,748000,4223000,2494000,2347000,123000,2.82,-6000,0.997,123000,138000,1993000
202606,61,4346000,4346000,2581000,447000,4223000,2659000,2542000,123000,2.82,-39000,0.985,123000,143000,1765000
202607,61,4346000,4346000,2832000,431000,4223000,2830000,2768000,123000,2.82,-65000,0.977,123000,149000,1514000
202608,61,4346000,4346000,2725000,788000,4223000,3000000,2878000,123000,2.82,154000,1.056,123000,136000,1621000
202609,61,4346000,4346000,2936000,373000,4223000,3165000,3085000,123000,2.82,149000,1.051,123000,140000,1410000
202610,61,4346000,4346000,3222000,385000,4223000,3335000,3281000,123000,2.82,59000,1.018,123000,146000,1124000
202611,61,4346000,4346000,3507000,382000,4223000,3500000,3413000,123000,2.82,-93000,0.973,123000,152000,839000
202612,61,4346000,4346000,3664000,262000,4223000,3670000,3564000,123000,2.82,-100000,0.973,123000,153000,682000
202501,62,18821000,18821000,7714000,2827000,18574000,7830000,7705000,247000,1.31,-9000,0.999,247000,7714000,11107000
202502,62,18821000,18821000,8524000,3822000,18574000,8521000,8789000,247000,1.31,265000,1.031,247000,4262000,10297000
202503,62,18821000,18821000,9265000,3275000,18574000,9287000,9348000,247000,1.31,83000,1.009,247000,3088000,9556000
202504,62,18821000,18821000,9920000,3796000,18574000,10028000,9919000,247000,1.31,-2000,1.0,247000,2480000,8901000
202505,62,18821000,18821000,10037000,3079000,18574000,10794000,10662000,247000,1.31,625000,1.062,247000,2007000,8784000
202506,62,18821000,18821000,11385000,3880000,18574000,11535000,11423000,247000,1.31,38000,1.003,247000,1898000,7436000
202507,62,18821000,18821000,11798000,2796000,18574000,12300000,12478000,247000,1.31,680000,1.058,247000,1685000,7023000
202508,62,18821000,18821000,13306000,1575000,18574000,13066000,13057000,247000,1.31,-248000,0.981,247000,1663000,5515000
202509,62,18821000,18821000,13843000,2141000,18574000,13807000,13727000,247000,1.31,-115000,0.992,247000,1538000,4978000
202510,62,18821000,18821000,13763000,2448000,18574000,14573000,14684000,247000,1.31,921000,1.067,247000,1376000,5058000
202511,62,18821000,18821000,15742000,791000,18574000,15314000,15715000,247000,1.31,-27000,0.998,247000,1431000,3079000
202512,62,18821000,18821000,15234000,854000,18574000,16079000,16269000,247000,1.31,1035000,1.068,247000,1270000,3587000
202601,62,18821000,18821000,17117000,445000,18574000,16845000,16677000,247000,1.31,-440000,0.974,247000,1317000,1704000
202602,62,18821000,18821000,17340000,328000,18574000,17537000,17270000,247000,1.31,-70000,0.996,247000,1239000,1481000
202603,62,18821000,18821000,18084000,143000,18574000,18302000,18003000,247000,1.31,-81000,0.996,247000,1206000,737000
202604,62,18821000,18821000,19304000,0,19304000,18821000,18802000,-483000,-2.56,-502000,0.974,-483000,1206000,-483000
202605,62,18821000,18821000,17458000,380000,18574000,18821000,18525000,247000,1.31,1066000,1.061,247000,1027000,1363000
202606,62,18821000,18821000,18913000,0,18913000,18821000,19273000,-92000,-0.49,360000,1.019,-92000,1051000,-92000
202607,62,18821000,18821000,18484000,32000,18574000,18821000,19061000,247000,1.31,578000,1.031,247000,973000,337000
202608,62,18821000,18821000,17531000,569000,18574000,18821000,18729000,247000,1.31,1198000,1.068,247000,877000,1290000
202609,62,18821000,18821000,19377000,0,19377000,18821000,18906000,-556000,-2.96,-472000,0.976,-556000,923000,-556000
202610,62,18821000,18821000,19112000,0,19112000,18821000,19332000,-291000,-1.55,219000,1.011,-291000,869000,-291000
202611,62,18821000,18821000,17688000,474000,18574000,18821000,18634000,247000,1.31,947000,1.054,247000,769000,1133000
202612,62,18821000,18821000,19011000,0,19011000,18821000,18598000,-190000,-1.01,-414000,0.978,-190000,792000,-190000
202501,63,9224000,9224000,484000,4999000,11177000,400000,397000,-1953000,-21.17,-88000,0.819,-1953000,484000,8740000
202502,63,9224000,9224000,827000,5139000,11177000,739000,747000,-1953000,-21.17,-80000,0.904,-1953000,413000,8397000
202503,63,9224000,9224000,1395000,2620000,11177000,1115000,1099000,-1953000,-21.17,-296000,0.787,-1953000,465000,7829000
202504,63,9224000,9224000,1699000,4822000,11177000,1479000,1519000,-1953000,-21.17,-180000,0.894,-1953000,425000,7525000
202505,63,9224000,9224000,2304000,3717000,11177000,1854000,1830000,-1953000,-21.17,-474000,0.794,-1953000,461000,6920000
202506,63,9224000,9224000,2451000,2415000,11177000,2218000,2194000,-1953000,-21.17,-257000,0.895,-1953000,408000,6773000
202507,63,9224000,9224000,3110000,3710000,11177000,2594000,2579000,-1953000,-21.17,-531000,0.829,-1953000,444000,6114000
202508,63,9224000,9224000,3781000,3396000,11177000,2970000,2987000,-1953000,-21.17,-795000,0.79,-1953000,473000,5443000
202509,63,9224000,9224000,4010000,2909000,11177000,3333000,3413000,-1953000,-21.17,-596000,0.851,-1953000,446000,5214000
202510,63,9224000,9224000,4608000,2147000,11177000,3709000,3735000,-1953000,-21.17,-874000,0.81,-1953000,461000,4616000
202511,63,9224000,9224000,5050000,2583000,11177000,4073000,4132000,-1953000,-21.17,-919000,0.818,-1953000,459000,4174000
202512,63,9224000,9224000,5637000,2623000,11177000,4448000,4407000,-1953000,-21.17,-1229000,0.782,-1953000,470000,3587000
202601,63,9224000,9501000,5976000,2747000,11177000,4824000,4776000,-1676000,-17.64,-1200000,0.799,-1676000,460000,3525000
202602,63,9224000,9501000,6502000,1269000,11177000,5164000,5095000,-1676000,-17.64,-1407000,0.784,-1676000,464000,2999000
202603,63,9224000,9501000,6380000,1619000,11177000,5539000,5651000,-1676000,-17.64,-729000,0.886,-1676000,425000,3121000
202604,63,9224000,9501000,7285000,1630000,11177000,5903000,5946000,-1676000,-17.64,-1339000,0.816,-1676000,455000,2216000
202605,63,9224000,9501000,7302000,1393000,11177000,6279000,6308000,-1676000,-17.64,-994000,0.864,-1676000,430000,2198000
202606,63,9224000,9501000,7955000,836000,11177000,6642000,6641000,-1676000,-17.64,-1314000,0.835,-1676000,442000,1546000
202607,63,9224000,9501000,8741000,712000,11177000,7018000,6920000,-1676000,-17.64,-1821000,0.792,-1676000,460000,760000
202608,63,9224000,9501000,8822000,729000,11177000,7394000,7574000,-1676000,-17.64,-1248000,0.859,-1676000,441000,679000
202609,63,9224000,9501000,9844000,405000,11177000,7757000,7877000,-1676000,-17.64,-1967000,0.8,-1676000,469000,-343000
202610,63,9224000,9501000,10284000,281000,11177000,8133000,8112000,-1676000,-17.64,-2172000,0.789,-1676000,467000,-783000
202611,63,9224000,9501000,9871000,678000,11177000,8497000,8408000,-1676000,-17.64,-1463000,0.852,-1676000,429000,-370000
202612,63,9224000,9501000,10909000,70000,11177000,8872000,8795000,-1676000,-17.64,-2114000,0.806,-1676000,455000,-1408000
202501,64,5377000,5377000,1424000,1692000,6117000,1496000,1298000,-740000,-13.77,-126000,0.912,-740000,1424000,3953000
202502,64,5377000,5377000,1727000,1358000,6117000,1711000,1488000,-740000,-13.77,-239000,0.861,-740000,863000,3650000
202503,64,5377000,5377000,1711000,1945000,6117000,1948000,1670000,-740000,-13.77,-41000,0.976,-740000,570000,3666000
202504,64,5377000,5377000,1937000,1381000,6117000,2178000,1849000,-740000,-13.77,-88000,0.954,-740000,484000,3440000
202505,64,5377000,5377000,2156000,1081000,6117000,2416000,2063000,-740000,-13.77,-93000,0.957,-740000,431000,3221000
202506,64,5377000,5377000,2456000,946000,6117000,2646000,2234000,-740000,-13.77,-222000,0.91,-740000,409000,2921000
202507,64,5377000,5377000,2813000,934000,6117000,2884000,2464000,-740000,-13.77,-349000,0.876,-740000,402000,2564000
202508,64,5377000,5377000,2670000,1136000,6117000,3122000,2602000,-740000,-13.77,-67000,0.975,-740000,334000,2707000
202509,64,5377000,5377000,3203000,764000,6117000,3352000,2796000,-740000,-13.77,-407000,0.873,-740000,356000,2174000
202510,64,5377000,5377000,3023000,923000,6117000,3590000,2950000,-740000,-13.77,-73000,0.976,-740000,302000,2354000
202511,64,5377000,5377000,3387000,802000,6117000,3820000,3218000,-740000,-13.77,-169000,0.95,-740000,308000,1990000
202512,64,5377000,5377000,3847000,816000,6117000,4058000,3320000,-740000,-13.77,-527000,0.863,-740000,321000,1530000
202601,64,5377000,5538000,3859000,576000,6117000,4295000,3533000,-579000,-10.45,-326000,0.915,-579000,297000,1679000
202602,64,5377000,5538000,4192000,962000,6117000,4510000,3762000,-579000,-10.45,-430000,0.897,-579000,299000,1346000
202603,64,5377000,5538000,4374000,929000,6117000,4748000,3805000,-579000,-10.45,-569000,0.87,-579000,292000,1164000
202604,64,5377000,5538000,4611000,747000,6117000,4978000,4050000,-579000,-10.45,-560000,0.878,-579000,288000,928000
202605,64,5377000,5538000,4502000,739000,6117000,5216000,4091000,-579000,-10.45,-411000,0.909,-579000,265000,1036000
202606,64,5377000,5538000,4942000,625000,6117000,5377000,4318000,-579000,-10.45,-624000,0.874,-579000,275000,597000
202607,64,5377000,5538000,4660000,618000,6117000,5377000,4427000,-579000,-10.45,-234000,0.95,-579000,245000,878000
202608,64,5377000,5538000,4469000,889000,6117000,5377000,4248000,-579000,-10.45,-221000,0.951,-579000,223000,1069000
202609,64,5377000,5538000,4819000,414000,6117000,5377000,4394000,-579000,-10.45,-425000,0.912,-579000,229000,720000
202610,64,5377000,5538000,4623000,740000,6117000,5377000,4231000,-579000,-10.45,-392000,0.915,-579000,210000,915000
202611,64,5377000,5538000,4879000,488000,6117000,5377000,4366000,-579000,-10.45,-514000,0.895,-579000,212000,659000
202612,64,5377000,5538000,4632000,698000,6117000,5377000,4258000,-579000,-10.45,-375000,0.919,-579000,193000,906000
202501,65,10907000,10907000,2769000,3634000,11002000,2957000,2884000,-95000,-0.87,115000,1.041,-95000,2769000,8138000
202502,65,10907000,10907000,3383000,2725000,11002000,3385000,3311000,-95000,-0.87,-73000,0.979,-95000,1692000,7524000
202503,65,10907000,10907000,3556000,3263000,11002000,3860000,3743000,-95000,-0.87,187000,1.053,-95000,1185000,7351000
202504,65,10907000,10907000,4161000,1768000,11002000,4320000,4248000,-95000,-0.87,86000,1.021,-95000,1040000,6746000
202505,65,10907000,10907000,4487000,2318000,11002000,4795000,4640000,-95000,-0.87,153000,1.034,-95000,897000,6420000
202506,65,10907000,10907000,4858000,3120000,11002000,5254000,5146000,-95000,-0.87,288000,1.059,-95000,810000,6049000
202507,65,10907000,10907000,5447000,2551000,11002000,5729000,5697000,-95000,-0.87,250000,1.046,-95000,778000,5460000
202508,65,10907000,10907000,5891000,2257000,11002000,6204000,6114000,-95000,-0.87,223000,1.038,-95000,736000,5016000
202509,65,10907000,10907000,6830000,1298000,11002000,6664000,6667000,-95000,-0.87,-163000,0.976,-95000,759000,4077000
202510,65,10907000,10907000,6716000,1624000,11002000,7139000,7174000,-95000,-0.87,457000,1.068,-95000,672000,4191000
202511,65,10907000,10907000,6953000,1675000,11002000,7598000,7439000,-95000,-0.87,486000,1.07,-95000,632000,3954000
202512,65,10907000,10907000,7427000,1888000,11002000,8073000,7768000,-95000,-0.87,340000,1.046,-95000,619000,3480000
202601,65,10907000,10907000,8828000,1052000,11002000,8548000,8619000,-95000,-0.87,-208000,0.976,-95000,679000,2079000
202602,65,10907000,10907000,8325000,873000,11002000,8977000,8691000,-95000,-0.87,366000,1.044,-95000,595000,2582000
202603,65,10907000,10907000,8826000,1014000,11002000,9452000,9346000,-95000,-0.87,520000,1.059,-95000,588000,2081000
202604,65,10907000,10907000,9573000,684000,11002000,9911000,9966000,-95000,-0.87,393000,1.041,-95000,598000,1334000
202605,65,10907000,10907000,10145000,380000,11002000,10386000,10270000,-95000,-0.87,125000,1.012,-95000,597000,762000
202606,65,10907000,10907000,10472000,190000,11002000,10846000,10639000,-95000,-0.87,167000,1.016,-95000,582000,435000
202607,65,10907000,10907000,10779000,81000,11002000,10907000,10929000,-95000,-0.87,151000,1.014,-95000,567000,128000
202608,65,10907000,10907000,10178000,219000,11002000,10907000,10560000,-95000,-0.87,382000,1.038,-95000,509000,729000
202609,65,10907000,10907000,10197000,425000,11002000,10907000,10547000,-95000,-0.87,350000,1.034,-95000,486000,710000
202610,65,10907000,10907000,10289000,386000,11002000,10907000,10955000,-95000,-0.87,666000,1.065,-95000,468000,618000
202611,65,10907000,10907000,10233000,380000,11002000,10907000,10871000,-95000,-0.87,638000,1.062,-95000,445000,674000
202612,65,10907000,10907000,10397000,276000,11002000,10907000,10667000,-95000,-0.87,270000,1.026,-95000,433000,510000
202501,66,4620000,4620000,0,2438000,4517000,0,0,103000,2.23,0,1.0,103000,0,4620000
202502,66,4620000,4620000,0,2369000,4517000,0,0,103000,2.23,0,1.0,103000,0,4620000
202503,66,4620000,4620000,0,2127000,4517000,0,0,103000,2.23,0,1.0,103000,0,4620000
202504,66,4620000,4620000,0,2331000,4517000,0,0,103000,2.23,0,1.0,103000,0,4620000
202505,66,4620000,4620000,0,2121000,4517000,0,0,103000,2.23,0,1.0,103000,0,4620000
202506,66,4620000,4620000,0,1953000,4517000,0,0,103000,2.23,0,1.0,103000,0,4620000
202507,66,4620000,4620000,0,2086000,4517000,0,0,103000,2.23,0,1.0,103000,0,4620000
202508,66,4620000,4620000,0,2308000,4517000,0,0,103000,2.23,0,1.0,103000,0,4620000
202509,66,4620000,4620000,0,1795000,4517000,0,0,103000,2.23,0,1.0,103000,0,4620000
202510,66,4620000,4620000,0,1491000,4517000,0,0,103000,2.23,0,1.0,103000,0,4620000
202511,66,4620000,4620000,0,2147000,4517000,0,0,103000,2.23,0,1.0,103000,0,4620000
202512,66,4620000,4620000,0,1378000,4517000,0,0,103000,2.23,0,1.0,103000,0,4620000
202601,66,4620000,4620000,0,2269000,4517000,0,0,103000,2.23,0,1.0,103000,0,4620000
202602,66,4620000,4620000,315000,2215000,4517000,320000,318000,103000,2.23,2000,1.008,103000,23000,4305000
202603,66,4620000,4620000,820000,1897000,4517000,815000,803000,103000,2.23,-17000,0.979,103000,55000,3800000
202604,66,4620000,4620000,1334000,942000,4517000,1295000,1316000,103000,2.23,-18000,0.987,103000,83000,3286000
202605,66,4620000,4620000,1786000,1419000,4517000,1790000,1750000,103000,2.23,-36000,0.98,103000,105000,2834000
202606,66,4620000,4620000,2162000,1044000,4517000,2270000,2238000,103000,2.23,76000,1.035,103000,120000,2458000
202607,66,4620000,4620000,2785000,556000,4517000,2766000,2791000,103000,2.23,6000,1.002,103000,147000,1835000
202608,66,4620000,4620000,3318000,484000,4517000,3261000,3275000,103000,2.23,-43000,0.987,103000,166000,1302000
202609,66,4620000,4620000,3619000,342000,4517000,3741000,3805000,103000,2.23,186000,1.051,103000,172000,1001000
202610,66,4620000,4620000,4385000,46000,4517000,4236000,4309000,103000,2.23,-76000,0.983,103000,199000,235000
202611,66,4620000,4620000,4369000,72000,4517000,4620000,4518000,103000,2.23,149000,1.034,103000,190000,251000
202612,66,4620000,4620000,4401000,54000,4517000,4620000,4626000,103000,2.23,225000,1.051,103000,183000,219000
202501,67,957000,957000,504000,123000,965000,511000,500000,-8000,-0.86,-4000,0.992,-8000,504000,453000
202502,67,957000,957000,507000,173000,965000,563000,542000,-8000,-0.86,35000,1.069,-8000,254000,450000
202503,67,957000,957000,612000,117000,965000,621000,606000,-8000,-0.86,-7000,0.989,-8000,204000,345000
202504,67,957000,957000,657000,119000,965000,676000,659000,-8000,-0.86,2000,1.003,-8000,164000,300000
202505,67,957000,957000,686000,121000,965000,734000,706000,-8000,-0.86,21000,1.031,-8000,137000,271000
202506,67,957000,957000,729000,60000,965000,790000,764000,-8000,-0.86,35000,1.048,-8000,121000,228000
202507,67,957000,957000,781000,78000,965000,847000,825000,-8000,-0.86,44000,1.056,-8000,112000,176000
202508,67,957000,957000,915000,16000,965000,905000,890000,-8000,-0.86,-24000,0.973,-8000,114000,42000
202509,67,957000,957000,960000,2000,965000,957000,958000,-8000,-0.86,-3000,0.997,-8000,107000,-3000
202510,67,957000,957000,882000,32000,965000,957000,917000,-8000,-0.86,36000,1.04,-8000,88000,75000
202511,67,957000,957000,875000,41000,965000,957000,918000,-8000,-0.86,43000,1.049,-8000,80000,82000
202512,67,957000,957000,903000,22000,965000,957000,920000,-8000,-0.86,17000,1.019,-8000,75000,54000
202601,67,957000,957000,879000,28000,965000,957000,930000,-8000,-0.86,51000,1.058,-8000,68000,78000
202602,67,957000,957000,946000,9000,965000,957000,937000,-8000,-0.86,-9000,0.991,-8000,68000,11000
202603,67,957000,957000,956000,3000,965000,957000,950000,-8000,-0.86,-6000,0.993,-8000,64000,1000
202604,67,957000,957000,891000,20000,965000,957000,935000,-8000,-0.86,45000,1.05,-8000,56000,66000
202605,67,957000,957000,913000,22000,965000,957000,913000,-8000,-0.86,0,1.0,-8000,54000,44000
202606,67,957000,957000,895000,24000,965000,957000,943000,-8000,-0.86,48000,1.053,-8000,50000,62000
202607,67,957000,957000,912000,25000,965000,957000,931000,-8000,-0.86,20000,1.021,-8000,48000,45000
202608,67,957000,957000,905000,25000,965000,957000,937000,-8000,-0.86,32000,1.036,-8000,45000,52000
202609,67,957000,957000,883000,36000,965000,957000,925000,-8000,-0.86,42000,1.048,-8000,42000,74000
202610,67,957000,957000,874000,23000,965000,957000,925000,-8000,-0.86,51000,1.058,-8000,40000,83000
202611,67,957000,957000,975000,0,975000,957000,963000,-18000,-1.87,-12000,0.988,-18000,42000,-18000
202612,67,957000,957000,916000,16000,965000,957000,953000,-8000,-0.86,37000,1.041,-8000,38000,41000
202501,68,1683000,1683000,1167000,300000,1860000,1290000,1094000,-177000,-10.53,-73000,0.938,-177000,1167000,516000
202502,68,1683000,1683000,1305000,148000,1860000,1419000,1194000,-177000,-10.53,-111000,0.915,-177000,653000,378000
202503,68,1683000,1683000,1551000,87000,1860000,1563000,1328000,-177000,-10.53,-223000,0.856,-177000,517000,132000
202504,68,1683000,1683000,1570000,80000,1860000,1683000,1401000,-177000,-10.53,-169000,0.892,-177000,393000,113000
202505,68,1683000,1683000,1587000,77000,1860000,1683000,1405000,-177000,-10.53,-182000,0.886,-177000,317000,96000
202506,68,1683000,1683000,1482000,145000,1860000,1683000,1354000,-177000,-10.53,-129000,0.913,-177000,247000,201000
202507,68,1683000,1683000,1557000,147000,1860000,1683000,1361000,-177000,-10.53,-197000,0.874,-177000,222000,126000
202508,68,1683000,1683000,1552000,153000,1860000,1683000,1403000,-177000,-10.53,-149000,0.904,-177000,194000,131000
202509,68,1683000,1683000,1536000,134000,1860000,1683000,1372000,-177000,-10.53,-164000,0.893,-177000,171000,147000
202510,68,1683000,1683000,1528000,178000,1860000,1683000,1361000,-177000,-10.53,-167000,0.891,-177000,153000,155000
202511,68,1683000,1683000,1529000,106000,1860000,1683000,1370000,-177000,-10.53,-159000,0.896,-177000,139000,154000
202512,68,1683000,1683000,1607000,78000,1860000,1683000,1353000,-177000,-10.53,-254000,0.842,-177000,134000,76000
202601,68,1683000,1683000,1480000,124000,1860000,1683000,1345000,-177000,-10.53,-135000,0.909,-177000,114000,203000
202602,68,1683000,1683000,1632000,104000,1860000,1683000,1436000,-177000,-10.53,-196000,0.88,-177000,117000,51000
202603,68,1683000,1683000,1685000,76000,1860000,1683000,1505000,-177000,-10.53,-180000,0.893,-177000,112000,-2000
202604,68,1683000,1683000,1653000,60000,1860000,1683000,1493000,-177000,-10.53,-161000,0.903,-177000,103000,30000
202605,68,1683000,1683000,1675000,56000,1860000,1683000,1528000,-177000,-10.53,-147000,0.912,-177000,99000,8000
202606,68,1683000,1683000,1779000,42000,1860000,1683000,1601000,-177000,-10.53,-178000,0.9,-177000,99000,-96000
202607,68,1683000,1683000,1706000,61000,1860000,1683000,1593000,-177000,-10.53,-113000,0.934,-177000,90000,-23000
202608,68,1683000,1683000,1765000,34000,1860000,1683000,1617000,-177000,-10.53,-148000,0.916,-177000,88000,-82000
202609,68,1683000,1683000,1774000,27000,1860000,1683000,1657000,-177000,-10.53,-117000,0.934,-177000,84000,-91000
202610,68,1683000,1683000,1764000,42000,1860000,1683000,1666000,-177000,-10.53,-98000,0.944,-177000,80000,-81000
202611,68,1683000,1683000,1756000,57000,1860000,1683000,1666000,-177000,-10.53,-90000,0.949,-177000,76000,-73000
202612,68,1683000,1683000,1736000,64000,1860000,1683000,1666000,-177000,-10.53,-70000,0.96,-177000,72000,-53000
202501,69,10420000,10420000,2412000,3128000,11166000,2551000,2159000,-746000,-7.16,-253000,0.895,-746000,2412000,8008000
202502,69,10420000,10420000,2594000,4188000,11166000,2905000,2351000,-746000,-7.16,-243000,0.906,-746000,1297000,7826000
202503,69,10420000,10420000,3052000,3751000,11166000,3297000,2644000,-746000,-7.16,-407000,0.867,-746000,1017000,7368000
202504,69,10420000,10420000,3239000,4295000,11166000,3675000,2943000,-746000,-7.16,-295000,0.909,-746000,810000,7181000
202505,69,10420000,10420000,3912000,1928000,11166000,4067000,3326000,-746000,-7.16,-585000,0.85,-746000,782000,6508000
202506,69,10420000,10420000,4340000,3194000,11166000,4446000,3652000,-746000,-7.16,-688000,0.841,-746000,723000,6080000
202507,69,10420000,10420000,4076000,3509000,11166000,4837000,3817000,-746000,-7.16,-259000,0.937,-746000,582000,6344000
202508,69,10420000,10420000,4629000,1944000,11166000,5229000,4294000,-746000,-7.16,-335000,0.928,-746000,579000,5791000
202509,69,10420000,10420000,5016000,2869000,11166000,5608000,4461000,-746000,-7.16,-556000,0.889,-746000,557000,5404000
202510,69,10420000,10420000,5313000,2405000,11166000,5999000,4706000,-746000,-7.16,-607000,0.886,-746000,531000,5107000
202511,69,10420000,10420000,5802000,2200000,11166000,6378000,5171000,-746000,-7.16,-632000,0.891,-746000,527000,4618000
202512,69,10420000,10420000,6207000,1246000,11166000,6770000,5383000,-746000,-7.16,-824000,0.867,-746000,517000,4213000
202601,69,10420000,10420000,6493000,2132000,11166000,7161000,5587000,-746000,-7.16,-906000,0.86,-746000,499000,3927000
202602,69,10420000,10420000,7325000,1774000,11166000,7515000,6446000,-746000,-7.16,-879000,0.88,-746000,523000,3095000
202603,69,10420000,10420000,7740000,1094000,11166000,7907000,6936000,-746000,-7.16,-804000,0.896,-746000,516000,2680000
202604,69,10420000,10420000,8290000,1471000,11166000,8285000,7404000,-746000,-7.16,-885000,0.893,-746000,518000,2130000
202605,69,10420000,10420000,8557000,878000,11166000,8677000,7829000,-746000,-7.16,-728000,0.915,-746000,503000,1863000
202606,69,10420000,10420000,9186000,878000,11166000,9056000,8462000,-746000,-7.16,-724000,0.921,-746000,510000,1234000
202607,69,10420000,10420000,9388000,880000,11166000,9447000,8749000,-746000,-7.16,-639000,0.932,-746000,494000,1032000
202608,69,10420000,10420000,10205000,463000,11166000,9839000,9500000,-746000,-7.16,-705000,0.931,-746000,510000,215000
202609,69,10420000,10420000,10653000,147000,11166000,10218000,10116000,-746000,-7.16,-537000,0.95,-746000,507000,-233000
202610,69,10420000,10420000,11026000,44000,11166000,10420000,10316000,-746000,-7.16,-710000,0.936,-746000,501000,-606000
202611,69,10420000,10420000,10724000,182000,11166000,10420000,10316000,-746000,-7.16,-408000,0.962,-746000,466000,-304000
202612,69,10420000,10420000,10619000,290000,11166000,10420000,10316000,-746000,-7.16,-303000,0.971,-746000,442000,-199000
202501,70,6746000,6746000,0,2727000,7178000,0,0,-432000,-6.4,0,1.0,-432000,0,6746000
202502,70,6746000,6746000,0,2497000,7178000,0,0,-432000,-6.4,0,1.0,-432000,0,6746000
202503,70,6746000,6746000,86000,2510000,7178000,104000,80000,-432000,-6.4,-6000,0.926,-432000,29000,6660000
202504,70,6746000,6746000,274000,3435000,7178000,328000,244000,-432000,-6.4,-30000,0.892,-432000,69000,6472000
202505,70,6746000,6746000,482000,1978000,7178000,558000,428000,-432000,-6.4,-55000,0.887,-432000,96000,6264000
202506,70,6746000,6746000,629000,3592000,7178000,782000,583000,-432000,-6.4,-46000,0.927,-432000,105000,6117000
202507,70,6746000,6746000,860000,2593000,7178000,1013000,764000,-432000,-6.4,-96000,0.889,-432000,123000,5886000
202508,70,6746000,6746000,1044000,2218000,7178000,1243000,891000,-432000,-6.4,-153000,0.853,-432000,131000,5702000
202509,70,6746000,6746000,1268000,2125000,7178000,1467000,1072000,-432000,-6.4,-196000,0.845,-432000,141000,5478000
202510,70,6746000,6746000,1388000,2978000,7178000,1698000,1221000,-432000,-6.4,-167000,0.88,-432000,139000,5358000
202511,70,6746000,6746000,1609000,2710000,7178000,1921000,1410000,-432000,-6.4,-200000,0.876,-432000,146000,5137000
202512,70,6746000,6746000,1649000,2889000,7178000,2152000,1526000,-432000,-6.4,-123000,0.926,-432000,137000,5097000
202601,70,6746000,6746000,1891000,2837000,7178000,2383000,1687000,-432000,-6.4,-204000,0.892,-432000,145000,4855000
202602,70,6746000,6746000,2344000,1975000,7178000,2591000,2077000,-432000,-6.4,-267000,0.886,-432000,167000,4402000
202603,70,6746000,6746000,2550000,1960000,7178000,2822000,2288000,-432000,-6.4,-262000,0.897,-432000,170000,4196000
202604,70,6746000,6746000,2725000,1379000,7178000,3045000,2460000,-432000,-6.4,-265000,0.903,-432000,170000,4021000
202605,70,6746000,6746000,3062000,1060000,7178000,3276000,2773000,-432000,-6.4,-289000,0.906,-432000,180000,3684000
202606,70,6746000,6746000,3313000,1211000,7178000,3500000,3010000,-432000,-6.4,-303000,0.909,-432000,184000,3433000
202607,70,6746000,6746000,3492000,1070000,7178000,3730000,3211000,-432000,-6.4,-280000,0.92,-432000,184000,3254000
202608,70,6746000,6746000,3710000,1416000,7178000,3961000,3498000,-432000,-6.4,-212000,0.943,-432000,186000,3036000
202609,70,6746000,6746000,4086000,1477000,7178000,4185000,3784000,-432000,-6.4,-303000,0.926,-432000,195000,2660000
202610,70,6746000,6746000,4256000,1449000,7178000,4415000,4029000,-432000,-6.4,-227000,0.947,-432000,193000,2490000
202611,70,6746000,6746000,4520000,755000,7178000,4639000,4369000,-432000,-6.4,-150000,0.967,-432000,197000,2226000
202612,70,6746000,6746000,4771000,1065000,7178000,4870000,4610000,-432000,-6.4,-162000,0.966,-432000,199000,1975000
202501,71,6942000,6942000,1114000,1536000,6861000,1104000,1151000,81000,1.16,37000,1.033,81000,1114000,5828000
202502,71,6942000,6942000,1401000,2032000,6861000,1436000,1472000,81000,1.16,70000,1.05,81000,701000,5541000
202503,71,6942000,6942000,1753000,2683000,6861000,1804000,1829000,81000,1.16,76000,1.043,81000,584000,5189000
202504,71,6942000,6942000,2164000,2562000,6861000,2160000,2212000,81000,1.16,48000,1.022,81000,541000,4778000
202505,71,6942000,6942000,2476000,1118000,6861000,2528000,2642000,81000,1.16,166000,1.067,81000,495000,4466000
202506,71,6942000,6942000,3085000,1417000,6861000,2884000,2997000,81000,1.16,-87000,0.972,81000,514000,3857000
202507,71,6942000,6942000,3370000,1441000,6861000,3251000,3355000,81000,1.16,-15000,0.996,81000,481000,3572000
202508,71,6942000,6942000,3557000,1653000,6861000,3619000,3798000,81000,1.16,241000,1.068,81000,445000,3385000
202509,71,6942000,6942000,3900000,1050000,6861000,3975000,3999000,81000,1.16,100000,1.026,81000,433000,3042000
202510,71,6942000,6942000,4333000,1390000,6861000,4343000,4381000,81000,1.16,48000,1.011,81000,433000,2609000
202511,71,6942000,6942000,4561000,767000,6861000,4699000,4818000,81000,1.16,257000,1.056,81000,415000,2381000
202512,71,6942000,6942000,5273000,660000,6861000,5067000,5261000,81000,1.16,-12000,0.998,81000,439000,1669000
202601,71,6942000,6942000,5348000,813000,6861000,5435000,5520000,81000,1.16,172000,1.032,81000,411000,1594000
202602,71,6942000,6942000,5749000,387000,6861000,5767000,5779000,81000,1.16,30000,1.005,81000,411000,1193000
202603,71,6942000,6942000,6160000,205000,6861000,6135000,6094000,81000,1.16,-66000,0.989,81000,411000,782000
202604,71,6942000,6942000,6208000,299000,6861000,6491000,6489000,81000,1.16,282000,1.045,81000,388000,734000
202605,71,6942000,6942000,6903000,0,6903000,6859000,6908000,39000,0.56,5000,1.001,39000,406000,39000
202606,71,6942000,6942000,6956000,0,6956000,6942000,7013000,-14000,-0.2,57000,1.008,-14000,386000,-14000
202607,71,6942000,6942000,7204000,0,7204000,6942000,7234000,-262000,-3.78,29000,1.004,-262000,379000,-262000
202608,71,6942000,6942000,6953000,0,6953000,6942000,7038000,-11000,-0.16,85000,1.012,-11000,348000,-11000
202609,71,6942000,6942000,7060000,0,7060000,6942000,7098000,-118000,-1.7,38000,1.005,-118000,336000,-118000
202610,71,6942000,6942000,7104000,0,7104000,6942000,7062000,-162000,-2.34,-42000,0.994,-162000,323000,-162000
202611,71,6942000,6942000,6719000,63000,6861000,6942000,6954000,81000,1.16,236000,1.035,81000,292000,223000
202612,71,6942000,6942000,6682000,64000,6861000,6942000,6944000,81000,1.16,263000,1.039,81000,278000,260000
202501,72,9284000,9284000,322000,2400000,8733000,318000,325000,551000,5.93,3000,1.01,551000,322000,8962000
202502,72,9284000,9284000,1102000,2401000,8733000,1128000,1168000,551000,5.93,66000,1.06,551000,551000,8182000
202503,72,9284000,9284000,2016000,3608000,8733000,2025000,2096000,551000,5.93,79000,1.039,551000,672000,7268000
202504,72,9284000,9284000,2770000,2187000,8733000,2892000,2942000,551000,5.93,172000,1.062,551000,692000,6514000
202505,72,9284000,9284000,3993000,1426000,8733000,3789000,4015000,551000,5.93,21000,1.005,551000,799000,5291000
202506,72,9284000,9284000,4764000,1876000,8733000,4656000,4874000,551000,5.93,111000,1.023,551000,794000,4520000
202507,72,9284000,9284000,5364000,1090000,8733000,5553000,5668000,551000,5.93,304000,1.057,551000,766000,3920000
202508,72,9284000,9284000,6871000,544000,8733000,6450000,6814000,551000,5.93,-57000,0.992,551000,859000,2413000
202509,72,9284000,9284000,7811000,276000,8733000,7317000,7694000,551000,5.93,-117000,0.985,551000,868000,1473000
202510,72,9284000,9284000,8367000,136000,8733000,8214000,8614000,551000,5.93,247000,1.03,551000,837000,917000
202511,72,9284000,9284000,9072000,0,9072000,9082000,9312000,212000,2.28,241000,1.027,212000,825000,212000
202512,72,9284000,9284000,8832000,0,8832000,9284000,9423000,452000,4.86,591000,1.067,452000,736000,452000
202601,72,9284000,9284000,9170000,0,9170000,9284000,9763000,114000,1.23,593000,1.065,114000,705000,114000
202602,72,9284000,9284000,9160000,0,9160000,9284000,9723000,124000,1.33,562000,1.061,124000,654000,124000
202603,72,9284000,9284000,9170000,0,9170000,9284000,9390000,114000,1.23,219000,1.024,114000,611000,114000
202604,72,9284000,9284000,9170000,0,9170000,9284000,9784000,114000,1.23,614000,1.067,114000,573000,114000
202605,72,9284000,9284000,9170000,0,9170000,9284000,9446000,114000,1.23,276000,1.03,114000,539000,114000
202606,72,9284000,9284000,9170000,0,9170000,9284000,9498000,114000,1.23,328000,1.036,114000,509000,114000
202607,72,9284000,9284000,9170000,0,9170000,9284000,9817000,114000,1.23,647000,1.071,114000,483000,114000
202608,72,9284000,9284000,9032000,0,9032000,9284000,9390000,252000,2.72,359000,1.04,252000,452000,252000
202609,72,9284000,9284000,9052000,0,9052000,9284000,9476000,232000,2.5,425000,1.047,232000,431000,232000
202610,72,9284000,9284000,9170000,0,9170000,9284000,9629000,114000,1.23,459000,1.05,114000,417000,114000
202611,72,9284000,9284000,9170000,0,9170000,9284000,9661000,114000,1.23,491000,1.054,114000,399000,114000
202612,72,9284000,9284000,9170000,0,9170000,9284000,9648000,114000,1.23,478000,1.052,114000,382000,114000
202501,73,2093000,2093000,0,697000,2358000,0,0,-265000,-12.66,0,1.0,-265000,0,2093000
202502,73,2093000,2093000,0,1165000,2358000,0,0,-265000,-12.66,0,1.0,-265000,0,2093000
202503,73,2093000,2093000,0,933000,2358000,0,0,-265000,-12.66,0,1.0,-265000,0,2093000
202504,73,2093000,2093000,0,682000,2358000,0,0,-265000,-12.66,0,1.0,-265000,0,2093000
202505,73,2093000,2093000,0,1080000,2358000,0,0,-265000,-12.66,0,1.0,-265000,0,2093000
202506,73,2093000,2093000,0,911000,2358000,0,0,-265000,-12.66,0,1.0,-265000,0,2093000
202507,73,2093000,2093000,97000,900000,2358000,117000,85000,-265000,-12.66,-12000,0.879,-265000,14000,1996000
202508,73,2093000,2093000,258000,685000,2358000,329000,246000,-265000,-12.66,-12000,0.954,-265000,32000,1835000
202509,73,2093000,2093000,408000,593000,2358000,535000,386000,-265000,-12.66,-22000,0.947,-265000,45000,1685000
202510,73,2093000,2093000,609000,515000,2358000,748000,563000,-265000,-12.66,-47000,0.923,-265000,61000,1484000
202511,73,2093000,2093000,798000,503000,2358000,954000,695000,-265000,-12.66,-104000,0.87,-265000,73000,1295000
202512,73,2093000,2093000,900000,595000,2358000,1167000,856000,-265000,-12.66,-44000,0.951,-265000,75000,1193000
202601,73,2093000,2156000,1084000,597000,2358000,1379000,981000,-202000,-9.38,-103000,0.905,-202000,83000,1072000
202602,73,2093000,2156000,1199000,316000,2358000,1571000,1151000,-202000,-9.38,-47000,0.96,-202000,86000,957000
202603,73,2093000,2156000,1353000,310000,2358000,1784000,1249000,-202000,-9.38,-104000,0.923,-202000,90000,803000
202604,73,2093000,2156000,1482000,479000,2358000,1990000,1355000,-202000,-9.38,-127000,0.914,-202000,93000,674000
202605,73,2093000,2156000,1683000,238000,2358000,2093000,1475000,-202000,-9.38,-208000,0.876,-202000,99000,473000
202606,73,2093000,2156000,1659000,365000,2358000,2093000,1473000,-202000,-9.38,-186000,0.888,-202000,92000,497000
202607,73,2093000,2156000,1559000,286000,2358000,2093000,1456000,-202000,-9.38,-103000,0.934,-202000,82000,597000
202608,73,2093000,2156000,1645000,381000,2358000,2093000,1485000,-202000,-9.38,-160000,0.903,-202000,82000,511000
202609,73,2093000,2156000,1639000,189000,2358000,2093000,1414000,-202000,-9.38,-225000,0.863,-202000,78000,517000
202610,73,2093000,2156000,1505000,240000,2358000,2093000,1426000,-202000,-9.38,-79000,0.947,-202000,68000,651000
202611,73,2093000,2156000,1576000,238000,2358000,2093000,1428000,-202000,-9.38,-149000,0.906,-202000,69000,579000
202612,73,2093000,2156000,1646000,325000,2358000,2093000,1454000,-202000,-9.38,-192000,0.883,-202000,69000,510000
202501,74,6079000,6079000,1013000,1854000,6995000,854000,838000,-916000,-15.07,-175000,0.827,-916000,1013000,5066000
202502,74,6079000,6079000,1371000,1966000,6995000,1247000,1191000,-916000,-15.07,-180000,0.869,-916000,685000,4708000
202503,74,6079000,6079000,2027000,1349000,6995000,1681000,1614000,-916000,-15.07,-413000,0.796,-916000,676000,4052000
202504,74,6079000,6079000,2553000,1780000,6995000,2101000,2006000,-916000,-15.07,-547000,0.786,-916000,638000,3526000
202505,74,6079000,6079000,2764000,2280000,6995000,2535000,2451000,-916000,-15.07,-313000,0.887,-916000,553000,3315000
202506,74,6079000,6079000,3283000,1869000,6995000,2955000,2818000,-916000,-15.07,-465000,0.858,-916000,547000,2796000
202507,74,6079000,6079000,3691000,1153000,6995000,3390000,3301000,-916000,-15.07,-389000,0.895,-916000,527000,2388000
202508,74,6079000,6079000,4123000,1240000,6995000,3824000,3700000,-916000,-15.07,-423000,0.897,-916000,515000,1956000
202509,74,6079000,6079000,4561000,1218000,6995000,4244000,4083000,-916000,-15.07,-478000,0.895,-916000,507000,1518000
202510,74,6079000,6079000,5296000,914000,6995000,4678000,4491000,-916000,-15.07,-805000,0.848,-916000,530000,783000
202511,74,6079000,6079000,6261000,273000,6995000,5099000,4889000,-916000,-15.07,-1372000,0.781,-916000,569000,-182000
202512,74,6079000,6079000,6386000,161000,6995000,5533000,5314000,-916000,-15.07,-1072000,0.832,-916000,532000,-307000
202601,74,6079000,6261000,6995000,0,6995000,5967000,5801000,-734000,-11.72,-1194000,0.829,-734000,538000,-734000
202602,74,6079000,6261000,6787000,85000,6995000,6079000,5896000,-734000,-11.72,-891000,0.869,-734000,485000,-526000
202603,74,6079000,6261000,7072000,0,7072000,6079000,5797000,-811000,-12.95,-1276000,0.82,-811000,471000,-811000
202604,74,6079000,6261000,7120000,0,7120000,6079000,5785000,-858000,-13.71,-1335000,0.813,-858000,445000,-858000
202605,74,6079000,6261000,6697000,88000,6995000,6079000,5887000,-734000,-11.72,-810000,0.879,-734000,394000,-436000
202606,74,6079000,6261000,6448000,170000,6995000,6079000,5930000,-734000,-11.72,-518000,0.92,-734000,358000,-186000
202607,74,6079000,6261000,6490000,190000,6995000,6079000,5812000,-734000,-11.72,-677000,0.896,-734000,342000,-228000
202608,74,6079000,6261000,6936000,29000,6995000,6079000,5894000,-734000,-11.72,-1042000,0.85,-734000,347000,-675000
202609,74,6079000,6261000,6501000,232000,6995000,6079000,5873000,-734000,-11.72,-629000,0.903,-734000,310000,-240000
202610,74,6079000,6261000,6850000,45000,6995000,6079000,5902000,-734000,-11.72,-948000,0.862,-734000,311000,-588000
202611,74,6079000,6261000,7345000,0,7345000,6079000,5970000,-1084000,-17.31,-1375000,0.813,-1084000,319000,-1084000
202612,74,6079000,6261000,6567000,218000,6995000,6079000,6001000,-734000,-11.72,-566000,0.914,-734000,274000,-306000
202501,75,7299000,7299000,0,2890000,7462000,0,0,-163000,-2.23,0,1.0,-163000,0,7299000
202502,75,7299000,7299000,0,2502000,7462000,0,0,-163000,-2.23,0,1.0,-163000,0,7299000
202503,75,7299000,7299000,0,2839000,7462000,0,0,-163000,-2.23,0,1.0,-163000,0,7299000
202504,75,7299000,7299000,0,2736000,7462000,0,0,-163000,-2.23,0,1.0,-163000,0,7299000
202505,75,7299000,7299000,0,3173000,7462000,0,0,-163000,-2.23,0,1.0,-163000,0,7299000
202506,75,7299000,7299000,0,2423000,7462000,0,0,-163000,-2.23,0,1.0,-163000,0,7299000
202507,75,7299000,7299000,0,3730000,7462000,0,0,-163000,-2.23,0,1.0,-163000,0,7299000
202508,75,7299000,7299000,117000,2817000,7462000,120000,115000,-163000,-2.23,-2000,0.982,-163000,15000,7182000
202509,75,7299000,7299000,472000,3099000,7462000,479000,466000,-163000,-2.23,-6000,0.987,-163000,52000,6827000
202510,75,7299000,7299000,824000,2792000,7462000,850000,817000,-163000,-2.23,-8000,0.991,-163000,82000,6475000
202511,75,7299000,7299000,1159000,2824000,7462000,1209000,1193000,-163000,-2.23,34000,1.029,-163000,105000,6140000
202512,75,7299000,7299000,1504000,1687000,7462000,1579000,1555000,-163000,-2.23,51000,1.034,-163000,125000,5795000
202601,75,7299000,7299000,1864000,2680000,7462000,1950000,1938000,-163000,-2.23,74000,1.04,-163000,143000,5435000
202602,75,7299000,7299000,2144000,1693000,7462000,2285000,2191000,-163000,-2.23,47000,1.022,-163000,153000,5155000
202603,75,7299000,7299000,2610000,2235000,7462000,2656000,2577000,-163000,-2.23,-32000,0.988,-163000,174000,4689000
202604,75,7299000,7299000,2929000,1421000,7462000,3015000,2870000,-163000,-2.23,-59000,0.98,-163000,183000,4370000
202605,75,7299000,7299000,3326000,1778000,7462000,3386000,3333000,-163000,-2.23,7000,1.002,-163000,196000,3973000
202606,75,7299000,7299000,3584000,2119000,7462000,3745000,3714000,-163000,-2.23,130000,1.036,-163000,199000,3715000
202607,75,7299000,7299000,4028000,1716000,7462000,4116000,4071000,-163000,-2.23,42000,1.011,-163000,212000,3271000
202608,75,7299000,7299000,4451000,1091000,7462000,4487000,4346000,-163000,-2.23,-105000,0.976,-163000,223000,2848000
202609,75,7299000,7299000,4831000,993000,7462000,4846000,4721000,-163000,-2.23,-110000,0.977,-163000,230000,2468000
202610,75,7299000,7299000,4988000,1205000,7462000,5217000,5146000,-163000,-2.23,158000,1.032,-163000,227000,2311000
202611,75,7299000,7299000,5418000,699000,7462000,5576000,5556000,-163000,-2.23,138000,1.026,-163000,236000,1881000
202612,75,7299000,7299000,5647000,882000,7462000,5947000,5845000,-163000,-2.23,198000,1.035,-163000,235000,1652000
202501,76,3367000,3367000,0,1032000,3386000,0,0,-19000,-0.57,0,1.0,-19000,0,3367000
202502,76,3367000,3367000,0,1513000,3386000,0,0,-19000,-0.57,0,1.0,-19000,0,3367000
202503,76,3367000,3367000,0,1469000,3386000,0,0,-19000,-0.57,0,1.0,-19000,0,3367000
202504,76,3367000,3367000,0,867000,3386000,0,0,-19000,-0.57,0,1.0,-19000,0,3367000
202505,76,3367000,3367000,0,1036000,3386000,0,0,-19000,-0.57,0,1.0,-19000,0,3367000
202506,76,3367000,3367000,0,927000,3386000,0,0,-19000,-0.57,0,1.0,-19000,0,3367000
202507,76,3367000,3367000,0,985000,3386000,0,0,-19000,-0.57,0,1.0,-19000,0,3367000
202508,76,3367000,3367000,0,1594000,3386000,0,0,-19000,-0.57,0,1.0,-19000,0,3367000
202509,76,3367000,3367000,13000,1337000,3386000,14000,14000,-19000,-0.57,1000,1.059,-19000,1000,3354000
202510,76,3367000,3367000,120000,1367000,3386000,119000,120000,-19000,-0.57,0,1.004,-19000,12000,3247000
202511,76,3367000,3367000,230000,1502000,3386000,221000,232000,-19000,-0.57,2000,1.01,-19000,21000,3137000
202512,76,3367000,3367000,338000,935000,3386000,326000,333000,-19000,-0.57,-4000,0.987,-19000,28000,3029000
202601,76,3367000,3367000,465000,1068000,3386000,431000,455000,-19000,-0.57,-9000,0.98,-19000,36000,2902000
202602,76,3367000,3367000,555000,1525000,3386000,526000,543000,-19000,-0.57,-12000,0.979,-19000,40000,2812000
202603,76,3367000,3367000,627000,1167000,3386000,631000,655000,-19000,-0.57,28000,1.044,-19000,42000,2740000
202604,76,3367000,3367000,760000,1051000,3386000,733000,760000,-19000,-0.57,-1000,0.999,-19000,48000,2607000
202605,76,3367000,3367000,831000,935000,3386000,838000,861000,-19000,-0.57,30000,1.037,-19000,49000,2536000
202606,76,3367000,3367000,959000,1040000,3386000,940000,957000,-19000,-0.57,-1000,0.998,-19000,53000,2408000
202607,76,3367000,3367000,1094000,581000,3386000,1045000,1066000,-19000,-0.57,-28000,0.974,-19000,58000,2273000
202608,76,3367000,3367000,1182000,994000,3386000,1151000,1206000,-19000,-0.57,24000,1.02,-19000,59000,2185000
202609,76,3367000,3367000,1241000,820000,3386000,1252000,1311000,-19000,-0.57,70000,1.056,-19000,59000,2126000
202610,76,3367000,3367000,1391000,607000,3386000,1358000,1436000,-19000,-0.57,45000,1.033,-19000,63000,1976000
202611,76,3367000,3367000,1556000,804000,3386000,1459000,1535000,-19000,-0.57,-22000,0.986,-19000,68000,1811000
202612,76,3367000,3367000,1490000,1021000,3386000,1565000,1579000,-19000,-0.57,89000,1.06,-19000,62000,1877000
202501,77,2888000,2888000,90000,1016000,2788000,87000,89000,100000,3.47,-2000,0.981,100000,90000,2798000
202502,77,2888000,2888000,218000,1087000,2788000,230000,225000,100000,3.47,7000,1.03,100000,109000,2670000
202503,77,2888000,2888000,392000,989000,2788000,389000,389000,100000,3.47,-3000,0.992,100000,131000,2496000
202504,77,2888000,2888000,536000,1182000,2788000,543000,533000,100000,3.47,-3000,0.994,100000,134000,2352000
202505,77,2888000,2888000,691000,929000,2788000,702000,704000,100000,3.47,13000,1.019,100000,138000,2197000
202506,77,2888000,2888000,827000,695000,2788000,855000,873000,100000,3.47,46000,1.056,100000,138000,2061000
202507,77,2888000,2888000,963000,481000,2788000,1014000,1010000,100000,3.47,47000,1.049,100000,138000,1925000
202508,77,2888000,2888000,1217000,598000,2788000,1173000,1192000,100000,3.47,-25000,0.979,100000,152000,1671000
202509,77,2888000,2888000,1281000,691000,2788000,1326000,1309000,100000,3.47,29000,1.022,100000,142000,1607000
202510,77,2888000,2888000,1484000,632000,2788000,1485000,1490000,100000,3.47,6000,1.004,100000,148000,1404000
202511,77,2888000,2888000,1563000,363000,2788000,1639000,1658000,100000,3.47,96000,1.061,100000,142000,1325000
202512,77,2888000,2888000,1677000,464000,2788000,1797000,1761000,100000,3.47,85000,1.051,100000,140000,1211000
202601,77,2888000,2888000,1865000,394000,2788000,1956000,1989000,100000,3.47,124000,1.067,100000,143000,1023000
202602,77,2888000,2888000,2028000,241000,2788000,2099000,2054000,100000,3.47,25000,1.012,100000,145000,860000
202603,77,2888000,2888000,2341000,198000,2788000,2258000,2284000,100000,3.47,-57000,0.976,100000,156000,547000
202604,77,2888000,2888000,2320000,204000,2788000,2412000,2359000,100000,3.47,39000,1.017,100000,145000,568000
202605,77,2888000,2888000,2502000,152000,2788000,2571000,2609000,100000,3.47,107000,1.043,100000,147000,386000
202606,77,2888000,2888000,2790000,0,2790000,2724000,2773000,98000,3.38,-17000,0.994,98000,155000,98000
202607,77,2888000,2888000,2793000,0,2793000,2883000,2836000,95000,3.3,43000,1.015,95000,147000,95000
202608,77,2888000,2888000,2927000,0,2927000,2888000,2859000,-39000,-1.35,-68000,0.977,-39000,146000,-39000
202609,77,2888000,2888000,2700000,32000,2788000,2888000,2865000,100000,3.47,166000,1.061,100000,129000,188000
202610,77,2888000,2888000,2927000,0,2927000,2888000,2939000,-39000,-1.35,12000,1.004,-39000,133000,-39000
202611,77,2888000,2888000,2892000,0,2892000,2888000,2954000,-4000,-0.13,62000,1.022,-4000,126000,-4000
202612,77,2888000,2888000,2840000,0,2840000,2888000,2839000,48000,1.66,-1000,1.0,48000,118000,48000
202501,78,11238000,11238000,3802000,2913000,12784000,4700000,3576000,-1546000,-13.76,-226000,0.941,-1546000,3802000,7436000
202502,78,11238000,11238000,4288000,4568000,12784000,5242000,4103000,-1546000,-13.76,-185000,0.957,-1546000,2144000,6950000
202503,78,11238000,11238000,5011000,2314000,12784000,5841000,4571000,-1546000,-13.76,-440000,0.912,-1546000,1670000,6227000
202504,78,11238000,11238000,5786000,3203000,12784000,6422000,4988000,-1546000,-13.76,-797000,0.862,-1546000,1446000,5452000
202505,78,11238000,11238000,6027000,3296000,12784000,7021000,5267000,-1546000,-13.76,-760000,0.874,-1546000,1205000,5211000
202506,78,11238000,11238000,6399000,2897000,12784000,7602000,5868000,-1546000,-13.76,-531000,0.917,-1546000,1067000,4839000
202507,78,11238000,11238000,7052000,2865000,12784000,8201000,6122000,-1546000,-13.76,-930000,0.868,-1546000,1007000,4186000
202508,78,11238000,11238000,7826000,2110000,12784000,8801000,6780000,-1546000,-13.76,-1046000,0.866,-1546000,978000,3412000
202509,78,11238000,11238000,7300000,1838000,12784000,9381000,7136000,-1546000,-13.76,-164000,0.978,-1546000,811000,3938000
202510,78,11238000,11238000,8070000,1781000,12784000,9981000,7605000,-1546000,-13.76,-464000,0.942,-1546000,807000,3168000
202511,78,11238000,11238000,8892000,1248000,12784000,10561000,7884000,-1546000,-13.76,-1008000,0.887,-1546000,808000,2346000
202512,78,11238000,11238000,9539000,1704000,12784000,11161000,8426000,-1546000,-13.76,-1113000,0.883,-1546000,795000,1699000
202601,78,11238000,11575000,9862000,813000,12784000,11238000,8484000,-1209000,-10.44,-1378000,0.86,-1209000,759000,1713000
202602,78,11238000,11575000,9065000,1609000,12784000,11238000,8252000,-1209000,-10.44,-813000,0.91,-1209000,647000,2511000
202603,78,11238000,11575000,8731000,1442000,12784000,11238000,8302000,-1209000,-10.44,-428000,0.951,-1209000,582000,2844000
202604,78,11238000,11575000,8469000,2139000,12784000,11238000,8153000,-1209000,-10.44,-316000,0.963,-1209000,529000,3106000
202605,78,11238000,11575000,9736000,1410000,12784000,11238000,8484000,-1209000,-10.44,-1252000,0.871,-1209000,573000,1839000
202606,78,11238000,11575000,9560000,1586000,12784000,11238000,8238000,-1209000,-10.44,-1322000,0.862,-1209000,531000,2015000
202607,78,11238000,11575000,8877000,1308000,12784000,11238000,8285000,-1209000,-10.44,-593000,0.933,-1209000,467000,2698000
202608,78,11238000,11575000,8994000,1590000,12784000,11238000,7912000,-1209000,-10.44,-1081000,0.88,-1209000,450000,2581000
202609,78,11238000,11575000,8694000,1348000,12784000,11238000,7879000,-1209000,-10.44,-815000,0.906,-1209000,414000,2881000
202610,78,11238000,11575000,9062000,1415000,12784000,11238000,7984000,-1209000,-10.44,-1078000,0.881,-1209000,412000,2513000
202611,78,11238000,11575000,8643000,1851000,12784000,11238000,8116000,-1209000,-10.44,-528000,0.939,-1209000,376000,2932000
202612,78,11238000,11575000,8822000,2034000,12784000,11238000,7846000,-1209000,-10.44,-976000,0.889,-1209000,368000,2753000
202501,79,3184000,3184000,0,1159000,3146000,0,0,38000,1.19,0,1.0,38000,0,3184000
202502,79,3184000,3184000,0,1534000,3146000,0,0,38000,1.19,0,1.0,38000,0,3184000
202503,79,3184000,3184000,69000,1118000,3146000,72000,74000,38000,1.19,5000,1.067,38000,23000,3115000
202504,79,3184000,3184000,214000,775000,3146000,206000,210000,38000,1.19,-5000,0.978,38000,54000,2970000
202505,79,3184000,3184000,347000,740000,3146000,344000,359000,38000,1.19,13000,1.037,38000,69000,2837000
202506,79,3184000,3184000,477000,742000,3146000,478000,501000,38000,1.19,23000,1.049,38000,80000,2707000
202507,79,3184000,3184000,581000,849000,3146000,617000,621000,38000,1.19,40000,1.069,38000,83000,2603000
202508,79,3184000,3184000,798000,1040000,3146000,756000,791000,38000,1.19,-7000,0.991,38000,100000,2386000
202509,79,3184000,3184000,928000,960000,3146000,890000,910000,38000,1.19,-18000,0.981,38000,103000,2256000
202510,79,3184000,3184000,1054000,719000,3146000,1029000,1029000,38000,1.19,-25000,0.976,38000,105000,2130000
202511,79,3184000,3184000,1152000,718000,3146000,1163000,1190000,38000,1.19,38000,1.033,38000,105000,2032000
202512,79,3184000,3184000,1270000,820000,3146000,1301000,1302000,38000,1.19,32000,1.025,38000,106000,1914000
202601,79,3184000,3184000,1502000,536000,3146000,1440000,1485000,38000,1.19,-17000,0.989,38000,116000,1682000
202602,79,3184000,3184000,1491000,731000,3146000,1565000,1587000,38000,1.19,97000,1.065,38000,106000,1693000
202603,79,3184000,3184000,1686000,616000,3146000,1704000,1765000,38000,1.19,79000,1.047,38000,112000,1498000
202604,79,3184000,3184000,1927000,346000,3146000,1838000,1875000,38000,1.19,-53000,0.973,38000,120000,1257000
202605,79,3184000,3184000,1902000,496000,3146000,1977000,1984000,38000,1.19,82000,1.043,38000,112000,1282000
202606,79,3184000,3184000,2144000,477000,3146000,2111000,2126000,38000,1.19,-18000,0.992,38000,119000,1040000
202607,79,3184000,3184000,2156000,354000,3146000,2249000,2273000,38000,1.19,117000,1.054,38000,113000,1028000
202608,79,3184000,3184000,2428000,305000,3146000,2388000,2435000,38000,1.19,7000,1.003,38000,121000,756000
202609,79,3184000,3184000,2456000,307000,3146000,2522000,2526000,38000,1.19,71000,1.029,38000,117000,728000
202610,79,3184000,3184000,2613000,268000,3146000,2661000,2681000,38000,1.19,68000,1.026,38000,119000,571000
202611,79,3184000,3184000,2822000,121000,3146000,2795000,2921000,38000,1.19,99000,1.035,38000,123000,362000
202612,79,3184000,3184000,2985000,59000,3146000,2934000,3040000,38000,1.19,55000,1.018,38000,124000,199000
202501,80,6601000,6601000,0,2587000,6572000,0,0,29000,0.44,0,1.0,29000,0,6601000
202502,80,6601000,6601000,0,3198000,6572000,0,0,29000,0.44,0,1.0,29000,0,6601000
202503,80,6601000,6601000,0,1698000,6572000,0,0,29000,0.44,0,1.0,29000,0,6601000
202504,80,6601000,6601000,0,2937000,6572000,0,0,29000,0.44,0,1.0,29000,0,6601000
202505,80,6601000,6601000,0,2961000,6572000,0,0,29000,0.44,0,1.0,29000,0,6601000
202506,80,6601000,6601000,0,2935000,6572000,0,0,29000,0.44,0,1.0,29000,0,6601000
202507,80,6601000,6601000,0,3072000,6572000,0,0,29000,0.44,0,1.0,29000,0,6601000
202508,80,6601000,6601000,0,2640000,6572000,0,0,29000,0.44,0,1.0,29000,0,6601000
202509,80,6601000,6601000,0,3039000,6572000,0,0,29000,0.44,0,1.0,29000,0,6601000
202510,80,6601000,6601000,0,2890000,6572000,0,0,29000,0.44,0,1.0,29000,0,6601000
202511,80,6601000,6601000,0,2798000,6572000,0,0,29000,0.44,0,1.0,29000,0,6601000
202512,80,6601000,6601000,0,2481000,6572000,0,0,29000,0.44,0,1.0,29000,0,6601000
202601,80,6601000,6601000,188000,3349000,6572000,189000,189000,29000,0.44,1000,1.004,29000,14000,6413000
202602,80,6601000,6601000,383000,2964000,6572000,401000,404000,29000,0.44,21000,1.054,29000,27000,6218000
202603,80,6601000,6601000,594000,2657000,6572000,636000,635000,29000,0.44,41000,1.07,29000,40000,6007000
202604,80,6601000,6601000,847000,1864000,6572000,863000,857000,29000,0.44,10000,1.012,29000,53000,5754000
202605,80,6601000,6601000,1041000,2677000,6572000,1098000,1087000,29000,0.44,46000,1.044,29000,61000,5560000
202606,80,6601000,6601000,1296000,1916000,6572000,1325000,1349000,29000,0.44,53000,1.041,29000,72000,5305000
202607,80,6601000,6601000,1593000,1378000,6572000,1559000,1582000,29000,0.44,-11000,0.993,29000,84000,5008000
202608,80,6601000,6601000,1784000,2234000,6572000,1794000,1817000,29000,0.44,33000,1.018,29000,89000,4817000
202609,80,6601000,6601000,2037000,1286000,6572000,2021000,2051000,29000,0.44,14000,1.007,29000,97000,4564000
202610,80,6601000,6601000,2188000,1289000,6572000,2256000,2274000,29000,0.44,85000,1.039,29000,99000,4413000
202611,80,6601000,6601000,2382000,2056000,6572000,2483000,2511000,29000,0.44,129000,1.054,29000,104000,4219000
202612,80,6601000,6601000,2764000,2018000,6572000,2718000,2797000,29000,0.44,33000,1.012,29000,115000,3837000
202501,81,1305000,1305000,410000,400000,1250000,448000,436000,55000,4.24,26000,1.062,55000,410000,895000
202502,81,1305000,1305000,468000,230000,1250000,490000,477000,55000,4.24,9000,1.019,55000,234000,837000
202503,81,1305000,1305000,506000,202000,1250000,536000,512000,55000,4.24,7000,1.013,55000,169000,799000
202504,81,1305000,1305000,539000,297000,1250000,580000,576000,55000,4.24,37000,1.069,55000,135000,766000
202505,81,1305000,1305000,628000,220000,1250000,626000,611000,55000,4.24,-17000,0.973,55000,126000,677000
202506,81,1305000,1305000,619000,284000,1250000,671000,639000,55000,4.24,20000,1.032,55000,103000,686000
202507,81,1305000,1305000,711000,254000,1250000,717000,716000,55000,4.24,6000,1.008,55000,102000,594000
202508,81,1305000,1305000,751000,214000,1250000,763000,762000,55000,4.24,11000,1.014,55000,94000,554000
202509,81,1305000,1305000,820000,154000,1250000,808000,803000,55000,4.24,-17000,0.979,55000,91000,485000
202510,81,1305000,1305000,796000,172000,1250000,854000,841000,55000,4.24,45000,1.057,55000,80000,509000
202511,81,1305000,1305000,894000,103000,1250000,899000,899000,55000,4.24,5000,1.006,55000,81000,411000
202512,81,1305000,1305000,955000,137000,1250000,945000,941000,55000,4.24,-14000,0.986,55000,80000,350000
202601,81,1305000,1305000,968000,131000,1250000,991000,963000,55000,4.24,-4000,0.995,55000,74000,337000
202602,81,1305000,1305000,929000,104000,1250000,1033000,984000,55000,4.24,55000,1.06,55000,66000,376000
202603,81,1305000,1305000,1056000,85000,1250000,1079000,1073000,55000,4.24,18000,1.017,55000,70000,249000
202604,81,1305000,1305000,1076000,79000,1250000,1123000,1102000,55000,4.24,26000,1.024,55000,67000,229000
202605,81,1305000,1305000,1154000,47000,1250000,1170000,1129000,55000,4.24,-25000,0.978,55000,68000,151000
202606,81,1305000,1305000,1195000,23000,1250000,1214000,1175000,55000,4.24,-20000,0.983,55000,66000,110000
202607,81,1305000,1305000,1171000,26000,1250000,1260000,1239000,55000,4.24,68000,1.058,55000,62000,134000
202608,81,1305000,1305000,1264000,0,1264000,1305000,1281000,41000,3.13,17000,1.014,41000,63000,41000
202609,81,1305000,1305000,1252000,0,1252000,1305000,1275000,53000,4.09,24000,1.019,53000,60000,53000
202610,81,1305000,1305000,1312000,0,1312000,1305000,1301000,-7000,-0.55,-11000,0.992,-7000,60000,-7000
202611,81,1305000,1305000,1231000,10000,1250000,1305000,1285000,55000,4.24,55000,1.044,55000,54000,74000
202612,81,1305000,1305000,1221000,15000,1250000,1305000,1254000,55000,4.24,33000,1.027,55000,51000,84000
202501,82,2008000,2008000,0,663000,2139000,0,0,-131000,-6.5,0,1.0,-131000,0,2008000
202502,82,2008000,2008000,0,578000,2139000,0,0,-131000,-6.5,0,1.0,-131000,0,2008000
202503,82,2008000,2008000,0,1174000,2139000,0,0,-131000,-6.5,0,1.0,-131000,0,2008000
202504,82,2008000,2008000,0,751000,2139000,0,0,-131000,-6.5,0,1.0,-131000,0,2008000
202505,82,2008000,2008000,44000,715000,2139000,55000,39000,-131000,-6.5,-5000,0.894,-131000,9000,1964000
202506,82,2008000,2008000,109000,709000,2139000,141000,104000,-131000,-6.5,-4000,0.96,-131000,18000,1899000
202507,82,2008000,2008000,181000,830000,2139000,230000,166000,-131000,-6.5,-15000,0.92,-131000,26000,1827000
202508,82,2008000,2008000,238000,791000,2139000,320000,228000,-131000,-6.5,-10000,0.959,-131000,30000,1770000
202509,82,2008000,2008000,335000,759000,2139000,406000,295000,-131000,-6.5,-40000,0.881,-131000,37000,1673000
202510,82,2008000,2008000,417000,883000,2139000,496000,360000,-131000,-6.5,-57000,0.863,-131000,42000,1591000
202511,82,2008000,2008000,462000,676000,2139000,582000,408000,-131000,-6.5,-54000,0.883,-131000,42000,1546000
202512,82,2008000,2008000,531000,432000,2139000,671000,463000,-131000,-6.5,-68000,0.872,-131000,44000,1477000
202601,82,2008000,2068000,550000,672000,2139000,761000,534000,-70000,-3.4,-16000,0.971,-70000,42000,1518000
202602,82,2008000,2068000,666000,631000,2139000,841000,594000,-70000,-3.4,-73000,0.891,-70000,48000,1402000
202603,82,2008000,2068000,707000,437000,2139000,931000,614000,-70000,-3.4,-93000,0.868,-70000,47000,1361000
202604,82,2008000,2068000,778000,622000,2139000,1017000,709000,-70000,-3.4,-68000,0.912,-70000,49000,1291000
202605,82,2008000,2068000,746000,500000,2139000,1106000,728000,-70000,-3.4,-18000,0.976,-70000,44000,1322000
202606,82,2008000,2068000,846000,454000,2139000,1193000,783000,-70000,-3.4,-63000,0.925,-70000,47000,1222000
202607,82,2008000,2068000,950000,361000,2139000,1282000,876000,-70000,-3.4,-74000,0.922,-70000,50000,1118000
202608,82,2008000,2068000,1023000,451000,2139000,1371000,929000,-70000,-3.4,-94000,0.908,-70000,51000,1045000
202609,82,2008000,2068000,1130000,537000,2139000,1458000,984000,-70000,-3.4,-145000,0.871,-70000,54000,938000
202610,82,2008000,2068000,1124000,550000,2139000,1547000,1017000,-70000,-3.4,-107000,0.905,-70000,51000,944000
202611,82,2008000,2068000,1150000,302000,2139000,1633000,1090000,-70000,-3.4,-61000,0.947,-70000,50000,918000
202612,82,2008000,2068000,1336000,417000,2139000,1723000,1166000,-70000,-3.4,-170000,0.873,-70000,56000,732000
202501,83,1087000,1087000,157000,392000,1069000,161000,165000,18000,1.68,7000,1.047,18000,157000,930000
202502,83,1087000,1087000,243000,360000,1069000,231000,238000,18000,1.68,-5000,0.98,18000,121000,844000
202503,83,1087000,1087000,310000,200000,1069000,309000,317000,18000,1.68,7000,1.024,18000,103000,777000
202504,83,1087000,1087000,374000,357000,1069000,385000,384000,18000,1.68,10000,1.027,18000,94000,713000
202505,83,1087000,1087000,460000,162000,1069000,463000,477000,18000,1.68,17000,1.037,18000,92000,627000
202506,83,1087000,1087000,556000,133000,1069000,538000,555000,18000,1.68,-1000,0.998,18000,93000,531000
202507,83,1087000,1087000,641000,186000,1069000,616000,622000,18000,1.68,-19000,0.971,18000,92000,446000
202508,83,1087000,1087000,722000,139000,1069000,694000,707000,18000,1.68,-15000,0.979,18000,90000,365000
202509,83,1087000,1087000,734000,137000,1069000,770000,776000,18000,1.68,42000,1.057,18000,82000,353000
202510,83,1087000,1087000,839000,93000,1069000,848000,867000,18000,1.68,27000,1.033,18000,84000,248000
202511,83,1087000,1087000,933000,67000,1069000,923000,939000,18000,1.68,5000,1.006,18000,85000,154000
202512,83,1087000,1087000,1015000,23000,1069000,1001000,1039000,18000,1.68,24000,1.023,18000,85000,72000
202601,83,1087000,1087000,1027000,14000,1069000,1079000,1090000,18000,1.68,63000,1.061,18000,79000,60000
202602,83,1087000,1087000,1044000,10000,1069000,1087000,1109000,18000,1.68,65000,1.062,18000,75000,43000
202603,83,1087000,1087000,1053000,4000,1069000,1087000,1079000,18000,1.68,26000,1.025,18000,70000,34000
202604,83,1087000,1087000,1057000,4000,1069000,1087000,1078000,18000,1.68,21000,1.02,18000,66000,30000
202605,83,1087000,1087000,1062000,2000,1069000,1087000,1076000,18000,1.68,15000,1.014,18000,62000,25000
202606,83,1087000,1087000,1038000,12000,1069000,1087000,1080000,18000,1.68,42000,1.041,18000,58000,49000
202607,83,1087000,1087000,1042000,12000,1069000,1087000,1100000,18000,1.68,59000,1.056,18000,55000,45000
202608,83,1087000,1087000,1015000,27000,1069000,1087000,1075000,18000,1.68,60000,1.059,18000,51000,72000
202609,83,1087000,1087000,1022000,20000,1069000,1087000,1083000,18000,1.68,61000,1.06,18000,49000,65000
202610,83,1087000,1087000,1062000,2000,1069000,1087000,1126000,18000,1.68,64000,1.06,18000,48000,25000
202611,83,1087000,1087000,1095000,0,1095000,1087000,1126000,-8000,-0.73,31000,1.029,-8000,48000,-8000
202612,83,1087000,1087000,1117000,0,1117000,1087000,1124000,-30000,-2.74,7000,1.007,-30000,47000,-30000
202501,84,12298000,12298000,0,3530000,12378000,0,0,-80000,-0.65,0,1.0,-80000,0,12298000
202502,84,12298000,12298000,0,5889000,12378000,0,0,-80000,-0.65,0,1.0,-80000,0,12298000
202503,84,12298000,12298000,0,3246000,12378000,0,0,-80000,-0.65,0,1.0,-80000,0,12298000
202504,84,12298000,12298000,0,6446000,12378000,0,0,-80000,-0.65,0,1.0,-80000,0,12298000
202505,84,12298000,12298000,0,6580000,12378000,0,0,-80000,-0.65,0,1.0,-80000,0,12298000
202506,84,12298000,12298000,0,6169000,12378000,0,0,-80000,-0.65,0,1.0,-80000,0,12298000
202507,84,12298000,12298000,0,5805000,12378000,0,0,-80000,-0.65,0,1.0,-80000,0,12298000
202508,84,12298000,12298000,0,6288000,12378000,0,0,-80000,-0.65,0,1.0,-80000,0,12298000
202509,84,12298000,12298000,71000,6359000,12378000,72000,71000,-80000,-0.65,0,1.003,-80000,8000,12227000
202510,84,12298000,12298000,588000,6175000,12378000,626000,626000,-80000,-0.65,38000,1.065,-80000,59000,11710000
202511,84,12298000,12298000,1148000,2837000,12378000,1162000,1195000,-80000,-0.65,47000,1.041,-80000,104000,11150000
202512,84,12298000,12298000,1739000,3086000,12378000,1716000,1730000,-80000,-0.65,-9000,0.995,-80000,145000,10559000
202601,84,12298000,12298000,2282000,3132000,12378000,2270000,2314000,-80000,-0.65,32000,1.014,-80000,176000,10016000
202602,84,12298000,12298000,2846000,2875000,12378000,2771000,2819000,-80000,-0.65,-27000,0.991,-80000,203000,9452000
202603,84,12298000,12298000,3238000,4420000,12378000,3325000,3275000,-80000,-0.65,37000,1.012,-80000,216000,9060000
202604,84,12298000,12298000,3797000,3787000,12378000,3861000,3869000,-80000,-0.65,72000,1.019,-80000,237000,8501000
202605,84,12298000,12298000,4605000,3824000,12378000,4415000,4510000,-80000,-0.65,-94000,0.98,-80000,271000,7693000
202606,84,12298000,12298000,4915000,1947000,12378000,4951000,5078000,-80000,-0.65,163000,1.033,-80000,273000,7383000
202607,84,12298000,12298000,5358000,2441000,12378000,5506000,5632000,-80000,-0.65,274000,1.051,-80000,282000,6940000
202608,84,12298000,12298000,6140000,2910000,12378000,6060000,6076000,-80000,-0.65,-63000,0.99,-80000,307000,6158000
202609,84,12298000,12298000,6139000,2116000,12378000,6596000,6547000,-80000,-0.65,408000,1.066,-80000,292000,6159000
202610,84,12298000,12298000,6891000,2050000,12378000,7150000,7122000,-80000,-0.65,231000,1.033,-80000,313000,5407000
202611,84,12298000,12298000,7501000,1971000,12378000,7686000,7593000,-80000,-0.65,92000,1.012,-80000,326000,4797000
202612,84,12298000,12298000,7798000,1546000,12378000,8240000,8104000,-80000,-0.65,306000,1.039,-80000,325000,4500000
202501,85,7608000,7608000,261000,2531000,7484000,274000,261000,124000,1.63,0,1.0,124000,261000,7347000
202502,85,7608000,7608000,488000,3406000,7484000,513000,492000,124000,1.63,4000,1.008,124000,244000,7120000
202503,85,7608000,7608000,742000,2390000,7484000,778000,741000,124000,1.63,-2000,0.998,124000,247000,6866000
202504,85,7608000,7608000,1061000,2661000,7484000,1034000,1035000,124000,1.63,-26000,0.975,124000,265000,6547000
202505,85,7608000,7608000,1292000,3151000,7484000,1299000,1278000,124000,1.63,-14000,0.989,124000,258000,6316000
202506,85,7608000,7608000,1457000,1756000,7484000,1556000,1500000,124000,1.63,42000,1.029,124000,243000,6151000
202507,85,7608000,7608000,1773000,2469000,7484000,1821000,1817000,124000,1.63,44000,1.025,124000,253000,5835000
202508,85,7608000,7608000,1993000,2740000,7484000,2086000,2079000,124000,1.63,86000,1.043,124000,249000,5615000
202509,85,7608000,7608000,2323000,1674000,7484000,2342000,2273000,124000,1.63,-50000,0.978,124000,258000,5285000
202510,85,7608000,7608000,2487000,1929000,7484000,2607000,2487000,124000,1.63,0,1.0,124000,249000,5121000
202511,85,7608000,7608000,2687000,2009000,7484000,2864000,2760000,124000,1.63,72000,1.027,124000,244000,4921000
202512,85,7608000,7608000,3106000,1637000,7484000,3129000,3057000,124000,1.63,-49000,0.984,124000,259000,4502000
202601,85,7608000,7608000,3352000,1137000,7484000,3394000,3257000,124000,1.63,-94000,0.972,124000,258000,4256000
202602,85,7608000,7608000,3667000,1779000,7484000,3633000,3561000,124000,1.63,-106000,0.971,124000,262000,3941000
202603,85,7608000,7608000,3772000,1132000,7484000,3898000,3816000,124000,1.63,44000,1.012,124000,251000,3836000
202604,85,7608000,7608000,3782000,1124000,7484000,4154000,4009000,124000,1.63,227000,1.06,124000,236000,3826000
202605,85,7608000,7608000,4276000,839000,7484000,4419000,4406000,124000,1.63,131000,1.031,124000,252000,3332000
202606,85,7608000,7608000,4399000,1078000,7484000,4676000,4628000,124000,1.63,229000,1.052,124000,244000,3209000
202607,85,7608000,7608000,4627000,1239000,7484000,4941000,4821000,124000,1.63,194000,1.042,124000,244000,2981000
202608,85,7608000,7608000,5127000,953000,7484000,5206000,5058000,124000,1.63,-70000,0.986,124000,256000,2481000
202609,85,7608000,7608000,4960000,922000,7484000,5462000,5235000,124000,1.63,276000,1.056,124000,236000,2648000
202610,85,7608000,7608000,5613000,685000,7484000,5727000,5487000,124000,1.63,-126000,0.978,124000,255000,1995000
202611,85,7608000,7608000,5759000,776000,7484000,5984000,5906000,124000,1.63,148000,1.026,124000,250000,1849000
202612,85,7608000,7608000,5849000,648000,7484000,6249000,6237000,124000,1.63,388000,1.066,124000,244000,1759000
202501,86,5005000,5005000,1667000,1428000,4739000,1582000,1658000,266000,5.32,-9000,0.994,266000,1667000,3338000
202502,86,5005000,5005000,1674000,1184000,4739000,1724000,1749000,266000,5.32,75000,1.045,266000,837000,3331000
202503,86,5005000,5005000,1962000,1476000,4739000,1881000,1921000,266000,5.32,-41000,0.979,266000,654000,3043000
202504,86,5005000,5005000,2053000,1073000,4739000,2033000,2106000,266000,5.32,53000,1.026,266000,513000,2952000
202505,86,5005000,5005000,2306000,1323000,4739000,2191000,2261000,266000,5.32,-45000,0.981,266000,461000,2699000
202506,86,5005000,5005000,2503000,1153000,4739000,2343000,2446000,266000,5.32,-57000,0.977,266000,417000,2502000
202507,86,5005000,5005000,2400000,854000,4739000,2500000,2532000,266000,5.32,131000,1.055,266000,343000,2605000
202508,86,5005000,5005000,2550000,919000,4739000,2657000,2695000,266000,5.32,146000,1.057,266000,319000,2455000
202509,86,5005000,5005000,2794000,867000,4739000,2809000,2903000,266000,5.32,109000,1.039,266000,310000,2211000
202510,86,5005000,5005000,3045000,782000,4739000,2966000,3047000,266000,5.32,3000,1.001,266000,304000,1960000
202511,86,5005000,5005000,3014000,732000,4739000,3119000,3162000,266000,5.32,148000,1.049,266000,274000,1991000
202512,86,5005000,5005000,3285000,531000,4739000,3276000,3391000,266000,5.32,105000,1.032,266000,274000,1720000
202601,86,5005000,5005000,3522000,333000,4739000,3433000,3468000,266000,5.32,-54000,0.985,266000,271000,1483000
202602,86,5005000,5005000,3621000,421000,4739000,3575000,3581000,266000,5.32,-40000,0.989,266000,259000,1384000
202603,86,5005000,5005000,3810000,443000,4739000,3732000,3825000,266000,5.32,15000,1.004,266000,254000,1195000
202604,86,5005000,5005000,3905000,399000,4739000,3884000,3854000,266000,5.32,-51000,0.987,266000,244000,1100000
202605,86,5005000,5005000,3830000,280000,4739000,4042000,4022000,266000,5.32,191000,1.05,266000,225000,1175000
202606,86,5005000,5005000,4107000,321000,4739000,4194000,4261000,266000,5.32,154000,1.037,266000,228000,898000
202607,86,5005000,5005000,4396000,131000,4739000,4351000,4433000,266000,5.32,37000,1.008,266000,231000,609000
202608,86,5005000,5005000,4421000,119000,4739000,4508000,4573000,266000,5.32,152000,1.034,266000,221000,584000
202609,86,5005000,5005000,4644000,32000,4739000,4660000,4738000,266000,5.32,95000,1.02,266000,221000,361000
202610,86,5005000,5005000,4976000,0,4976000,4817000,4973000,29000,0.58,-3000,0.999,29000,226000,29000
202611,86,5005000,5005000,4976000,0,4976000,4970000,5060000,29000,0.58,84000,1.017,29000,216000,29000
202612,86,5005000,5005000,4976000,0,4976000,5005000,5228000,29000,0.58,252000,1.051,29000,207000,29000
202501,87,2504000,2504000,0,821000,2405000,0,0,99000,3.94,0,1.0,99000,0,2504000
202502,87,2504000,2504000,68000,686000,2405000,70000,70000,99000,3.94,3000,1.042,99000,34000,2436000
202503,87,2504000,2504000,162000,702000,2405000,166000,167000,99000,3.94,5000,1.03,99000,54000,2342000
202504,87,2504000,2504000,262000,686000,2405000,257000,262000,99000,3.94,0,1.002,99000,65000,2242000
202505,87,2504000,2504000,362000,1041000,2405000,352000,352000,99000,3.94,-10000,0.973,99000,72000,2142000
202506,87,2504000,2504000,435000,1068000,2405000,444000,449000,99000,3.94,14000,1.032,99000,72000,2069000
202507,87,2504000,2504000,556000,627000,2405000,539000,551000,99000,3.94,-5000,0.991,99000,79000,1948000
202508,87,2504000,2504000,616000,747000,2405000,634000,644000,99000,3.94,28000,1.046,99000,77000,1888000
202509,87,2504000,2504000,708000,665000,2405000,726000,751000,99000,3.94,44000,1.062,99000,79000,1796000
202510,87,2504000,2504000,785000,770000,2405000,821000,832000,99000,3.94,48000,1.061,99000,78000,1719000
202511,87,2504000,2504000,948000,798000,2405000,913000,954000,99000,3.94,5000,1.006,99000,86000,1556000
202512,87,2504000,2504000,1067000,443000,2405000,1008000,1037000,99000,3.94,-30000,0.972,99000,89000,1437000
202601,87,2504000,2504000,1139000,531000,2405000,1103000,1143000,99000,3.94,4000,1.003,99000,88000,1365000
202602,87,2504000,2504000,1169000,478000,2405000,1189000,1184000,99000,3.94,15000,1.013,99000,83000,1335000
202603,87,2504000,2504000,1364000,443000,2405000,1284000,1325000,99000,3.94,-39000,0.971,99000,91000,1140000
202604,87,2504000,2504000,1372000,286000,2405000,1376000,1380000,99000,3.94,8000,1.006,99000,86000,1132000
202605,87,2504000,2504000,1418000,408000,2405000,1471000,1448000,99000,3.94,30000,1.021,99000,83000,1086000
202606,87,2504000,2504000,1598000,225000,2405000,1563000,1592000,99000,3.94,-6000,0.996,99000,89000,906000
202607,87,2504000,2504000,1637000,326000,2405000,1658000,1692000,99000,3.94,55000,1.033,99000,86000,867000
202608,87,2504000,2504000,1844000,221000,2405000,1753000,1808000,99000,3.94,-35000,0.981,99000,92000,660000
202609,87,2504000,2504000,1908000,248000,2405000,1845000,1855000,99000,3.94,-53000,0.972,99000,91000,596000
202610,87,2504000,2504000,1877000,199000,2405000,1940000,1928000,99000,3.94,51000,1.027,99000,85000,627000
202611,87,2504000,2504000,2079000,117000,2405000,2032000,2083000,99000,3.94,4000,1.002,99000,90000,425000
202612,87,2504000,2504000,2157000,113000,2405000,2127000,2140000,99000,3.94,-17000,0.992,99000,90000,347000
202501,88,2274000,2274000,0,1131000,2198000,0,0,76000,3.34,0,1.0,76000,0,2274000
202502,88,2274000,2274000,0,550000,2198000,0,0,76000,3.34,0,1.0,76000,0,2274000
202503,88,2274000,2274000,0,1043000,2198000,0,0,76000,3.34,0,1.0,76000,0,2274000
202504,88,2274000,2274000,0,1153000,2198000,0,0,76000,3.34,0,1.0,76000,0,2274000
202505,88,2274000,2274000,18000,1175000,2198000,18000,19000,76000,3.34,1000,1.045,76000,4000,2256000
202506,88,2274000,2274000,306000,679000,2198000,292000,309000,76000,3.34,4000,1.012,76000,51000,1968000
202507,88,2274000,2274000,582000,831000,2198000,575000,601000,76000,3.34,19000,1.033,76000,83000,1692000
202508,88,2274000,2274000,858000,434000,2198000,858000,871000,76000,3.34,13000,1.015,76000,107000,1416000
202509,88,2274000,2274000,1168000,266000,2198000,1132000,1195000,76000,3.34,27000,1.024,76000,130000,1106000
202510,88,2274000,2274000,1501000,179000,2198000,1416000,1498000,76000,3.34,-3000,0.998,76000,150000,773000
202511,88,2274000,2274000,1762000,218000,2198000,1690000,1715000,76000,3.34,-47000,0.973,76000,160000,512000
202512,88,2274000,2274000,2047000,69000,2198000,1973000,2032000,76000,3.34,-14000,0.993,76000,171000,227000
202601,88,2274000,2274000,2308000,0,2308000,2256000,2313000,-34000,-1.49,5000,1.002,-34000,178000,-34000
202602,88,2274000,2274000,2308000,0,2308000,2274000,2388000,-34000,-1.49,80000,1.035,-34000,165000,-34000
202603,88,2274000,2274000,2250000,0,2250000,2274000,2329000,24000,1.05,79000,1.035,24000,150000,24000
202604,88,2274000,2274000,2308000,0,2308000,2274000,2366000,-34000,-1.49,58000,1.025,-34000,144000,-34000
202605,88,2274000,2274000,2194000,1000,2198000,2274000,2320000,76000,3.34,126000,1.057,76000,129000,80000
202606,88,2274000,2274000,2295000,0,2295000,2274000,2303000,-21000,-0.91,9000,1.004,-21000,127000,-21000
202607,88,2274000,2274000,2308000,0,2308000,2274000,2349000,-34000,-1.49,41000,1.018,-34000,121000,-34000
202608,88,2274000,2274000,2285000,0,2285000,2274000,2332000,-11000,-0.5,47000,1.02,-11000,114000,-11000
202609,88,2274000,2274000,2253000,0,2253000,2274000,2362000,21000,0.91,108000,1.048,21000,107000,21000
202610,88,2274000,2274000,2308000,0,2308000,2274000,2335000,-34000,-1.49,28000,1.012,-34000,105000,-34000
202611,88,2274000,2274000,2211000,0,2211000,2274000,2335000,63000,2.79,125000,1.056,63000,96000,63000
202612,88,2274000,2274000,2308000,0,2308000,2274000,2307000,-34000,-1.49,-1000,0.999,-34000,96000,-34000
202501,89,1577000,1577000,0,690000,1500000,0,0,77000,4.86,0,1.0,77000,0,1577000
202502,89,1577000,1577000,0,806000,1500000,0,0,77000,4.86,0,1.0,77000,0,1577000
202503,89,1577000,1577000,0,531000,1500000,0,0,77000,4.86,0,1.0,77000,0,1577000
202504,89,1577000,1577000,0,597000,1500000,0,0,77000,4.86,0,1.0,77000,0,1577000
202505,89,1577000,1577000,0,453000,1500000,0,0,77000,4.86,0,1.0,77000,0,1577000
202506,89,1577000,1577000,0,785000,1500000,0,0,77000,4.86,0,1.0,77000,0,1577000
202507,89,1577000,1577000,0,573000,1500000,0,0,77000,4.86,0,1.0,77000,0,1577000
202508,89,1577000,1577000,0,678000,1500000,0,0,77000,4.86,0,1.0,77000,0,1577000
202509,89,1577000,1577000,0,510000,1500000,0,0,77000,4.86,0,1.0,77000,0,1577000
202510,89,1577000,1577000,0,431000,1500000,0,0,77000,4.86,0,1.0,77000,0,1577000
202511,89,1577000,1577000,0,535000,1500000,0,0,77000,4.86,0,1.0,77000,0,1577000
202512,89,1577000,1577000,0,807000,1500000,0,0,77000,4.86,0,1.0,77000,0,1577000
202601,89,1577000,1577000,58000,759000,1500000,58000,60000,77000,4.86,2000,1.04,77000,4000,1519000
202602,89,1577000,1577000,257000,650000,1500000,259000,270000,77000,4.86,13000,1.049,77000,18000,1320000
202603,89,1577000,1577000,502000,350000,1500000,482000,502000,77000,4.86,0,1.001,77000,33000,1075000
202604,89,1577000,1577000,677000,305000,1500000,698000,701000,77000,4.86,24000,1.036,77000,42000,900000
202605,89,1577000,1577000,935000,186000,1500000,922000,936000,77000,4.86,0,1.0,77000,55000,642000
202606,89,1577000,1577000,1128000,118000,1500000,1138000,1132000,77000,4.86,4000,1.003,77000,63000,449000
202607,89,1577000,1577000,1331000,89000,1500000,1361000,1383000,77000,4.86,52000,1.039,77000,70000,246000
202608,89,1577000,1577000,1575000,0,1575000,1577000,1642000,2000,0.11,67000,1.043,2000,79000,2000
202609,89,1577000,1577000,1504000,0,1504000,1577000,1594000,73000,4.61,90000,1.06,73000,72000,73000
202610,89,1577000,1577000,1575000,0,1575000,1577000,1610000,2000,0.11,35000,1.022,2000,72000,2000
202611,89,1577000,1577000,1521000,0,1521000,1577000,1611000,56000,3.58,91000,1.06,56000,66000,56000
202612,89,1577000,1577000,1575000,0,1575000,1577000,1642000,2000,0.11,67000,1.043,2000,66000,2000
202501,90,4972000,4972000,503000,1451000,4710000,506000,511000,262000,5.27,9000,1.017,262000,503000,4469000
202502,90,4972000,4972000,642000,1332000,4710000,672000,685000,262000,5.27,43000,1.066,262000,321000,4330000
202503,90,4972000,4972000,849000,1755000,4710000,856000,876000,262000,5.27,27000,1.031,262000,283000,4123000
202504,90,4972000,4972000,1048000,1748000,4710000,1035000,1042000,262000,5.27,-7000,0.994,262000,262000,3924000
202505,90,4972000,4972000,1235000,920000,4710000,1219000,1224000,262000,5.27,-11000,0.991,262000,247000,3737000
202506,90,4972000,4972000,1369000,1450000,4710000,1398000,1401000,262000,5.27,32000,1.023,262000,228000,3603000
202507,90,4972000,4972000,1587000,1000000,4710000,1582000,1618000,262000,5.27,31000,1.02,262000,227000,3385000
202508,90,4972000,4972000,1778000,860000,4710000,1766000,1819000,262000,5.27,41000,1.023,262000,222000,3194000
202509,90,4972000,4972000,2006000,1415000,4710000,1945000,1992000,262000,5.27,-14000,0.993,262000,223000,2966000
202510,90,4972000,4972000,2179000,679000,4710000,2129000,2200000,262000,5.27,21000,1.01,262000,218000,2793000
202511,90,4972000,4972000,2193000,1122000,4710000,2308000,2314000,262000,5.27,121000,1.055,262000,199000,2779000
202512,90,4972000,4972000,2352000,1234000,4710000,2492000,2495000,262000,5.27,143000,1.061,262000,196000,2620000
202601,90,4972000,4972000,2604000,762000,4710000,2676000,2750000,262000,5.27,146000,1.056,262000,200000,2368000
202602,90,4972000,4972000,2756000,562000,4710000,2843000,2856000,262000,5.27,100000,1.036,262000,197000,2216000
202603,90,4972000,4972000,2975000,938000,4710000,3027000,3059000,262000,5.27,84000,1.028,262000,198000,1997000
202604,90,4972000,4972000,3225000,484000,4710000,3206000,3312000,262000,5.27,88000,1.027,262000,202000,1747000
202605,90,4972000,4972000,3365000,371000,4710000,3390000,3382000,262000,5.27,17000,1.005,262000,198000,1607000
202606,90,4972000,4972000,3553000,414000,4710000,3568000,3669000,262000,5.27,116000,1.033,262000,197000,1419000
202607,90,4972000,4972000,3854000,291000,4710000,3753000,3747000,262000,5.27,-107000,0.972,262000,203000,1118000
202608,90,4972000,4972000,3995000,391000,4710000,3937000,4087000,262000,5.27,91000,1.023,262000,200000,977000
202609,90,4972000,4972000,4299000,142000,4710000,4116000,4288000,262000,5.27,-10000,0.998,262000,205000,673000
202610,90,4972000,4972000,4219000,196000,4710000,4300000,4482000,262000,5.27,263000,1.062,262000,192000,753000
202611,90,4972000,4972000,4606000,44000,4710000,4478000,4535000,262000,5.27,-71000,0.985,262000,200000,366000
202612,90,4972000,4972000,4669000,15000,4710000,4663000,4757000,262000,5.27,88000,1.019,262000,195000,303000
202501,91,6112000,6112000,1674000,2142000,7387000,1563000,1500000,-1275000,-20.86,-175000,0.896,-1275000,1674000,4438000
202502,91,6112000,6112000,2049000,2150000,7387000,1796000,1725000,-1275000,-20.86,-323000,0.842,-1275000,1024000,4063000
202503,91,6112000,6112000,2398000,1614000,7387000,2054000,1991000,-1275000,-20.86,-407000,0.83,-1275000,799000,3714000
202504,91,6112000,6112000,2459000,2095000,7387000,2303000,2193000,-1275000,-20.86,-266000,0.892,-1275000,615000,3653000
202505,91,6112000,6112000,2676000,1657000,7387000,2561000,2433000,-1275000,-20.86,-243000,0.909,-1275000,535000,3436000
202506,91,6112000,6112000,3413000,1732000,7387000,2811000,2717000,-1275000,-20.86,-696000,0.796,-1275000,569000,2699000
202507,91,6112000,6112000,3275000,1955000,7387000,3068000,2992000,-1275000,-20.86,-283000,0.913,-1275000,468000,2837000
202508,91,6112000,6112000,4211000,1341000,7387000,3326000,3316000,-1275000,-20.86,-895000,0.788,-1275000,526000,1901000
202509,91,6112000,6112000,4340000,1355000,7387000,3576000,3556000,-1275000,-20.86,-784000,0.819,-1275000,482000,1772000
202510,91,6112000,6112000,4253000,1208000,7387000,3834000,3731000,-1275000,-20.86,-523000,0.877,-1275000,425000,1859000
202511,91,6112000,6112000,4813000,888000,7387000,4083000,3905000,-1275000,-20.86,-908000,0.811,-1275000,438000,1299000
202512,91,6112000,6112000,4996000,1018000,7387000,4341000,4246000,-1275000,-20.86,-750000,0.85,-1275000,416000,1116000
202601,91,6112000,6295000,5233000,604000,7387000,4599000,4375000,-1092000,-17.34,-857000,0.836,-1092000,403000,1063000
202602,91,6112000,6295000,4996000,1201000,7387000,4831000,4569000,-1092000,-17.34,-427000,0.915,-1092000,357000,1300000
202603,91,6112000,6295000,6019000,673000,7387000,5089000,5001000,-1092000,-17.34,-1018000,0.831,-1092000,401000,276000
202604,91,6112000,6295000,6070000,410000,7387000,5339000,5149000,-1092000,-17.34,-921000,0.848,-1092000,379000,225000
202605,91,6112000,6295000,5900000,644000,7387000,5596000,5356000,-1092000,-17.34,-545000,0.908,-1092000,347000,395000
202606,91,6112000,6295000,6843000,150000,7387000,5846000,5609000,-1092000,-17.34,-1235000,0.82,-1092000,380000,-548000
202607,91,6112000,6295000,7518000,0,7518000,6104000,6012000,-1222000,-19.42,-1505000,0.8,-1222000,396000,-1222000
202608,91,6112000,6295000,7439000,0,7439000,6112000,5820000,-1144000,-18.17,-1619000,0.782,-1144000,372000,-1144000
202609,91,6112000,6295000,7570000,0,7570000,6112000,5944000,-1275000,-20.25,-1626000,0.785,-1275000,360000,-1275000
202610,91,6112000,6295000,7141000,94000,7387000,6112000,5931000,-1092000,-17.34,-1210000,0.831,-1092000,325000,-846000
202611,91,6112000,6295000,6624000,215000,7387000,6112000,5931000,-1092000,-17.34,-693000,0.895,-1092000,288000,-328000
202612,91,6112000,6295000,6999000,113000,7387000,6112000,5978000,-1092000,-17.34,-1021000,0.854,-1092000,292000,-703000
202501,92,39674000,39674000,0,11182000,42438000,0,0,-2764000,-6.97,0,1.0,-2764000,0,39674000
202502,92,39674000,39674000,712000,21638000,42438000,853000,659000,-2764000,-6.97,-54000,0.925,-2764000,356000,38962000
202503,92,39674000,39674000,3064000,14634000,42438000,3498000,2595000,-2764000,-6.97,-469000,0.847,-2764000,1021000,36610000
202504,92,39674000,39674000,5019000,11054000,42438000,6058000,4609000,-2764000,-6.97,-410000,0.918,-2764000,1255000,34655000
202505,92,39674000,39674000,7162000,17429000,42438000,8703000,6502000,-2764000,-6.97,-660000,0.908,-2764000,1432000,32512000
202506,92,39674000,39674000,8778000,14996000,42438000,11262000,8223000,-2764000,-6.97,-556000,0.937,-2764000,1463000,30896000
202507,92,39674000,39674000,12416000,9822000,42438000,13907000,10453000,-2764000,-6.97,-1963000,0.842,-2764000,1774000,27258000
202508,92,39674000,39674000,14127000,8248000,42438000,16552000,11997000,-2764000,-6.97,-2131000,0.849,-2764000,1766000,25547000
202509,92,39674000,39674000,17310000,7608000,42438000,19112000,14591000,-2764000,-6.97,-2719000,0.843,-2764000,1923000,22364000
202510,92,39674000,39674000,18368000,11624000,42438000,21757000,15893000,-2764000,-6.97,-2475000,0.865,-2764000,1837000,21306000
202511,92,39674000,39674000,21016000,7761000,42438000,24316000,17775000,-2764000,-6.97,-3241000,0.846,-2764000,1911000,18658000
202512,92,39674000,39674000,21504000,10916000,42438000,26961000,19373000,-2764000,-6.97,-2131000,0.901,-2764000,1792000,18170000
202601,92,39674000,39674000,23770000,5162000,42438000,29606000,21035000,-2764000,-6.97,-2735000,0.885,-2764000,1828000,15904000
202602,92,39674000,39674000,26641000,7741000,42438000,31995000,23287000,-2764000,-6.97,-3355000,0.874,-2764000,1903000,13033000
202603,92,39674000,39674000,26736000,4740000,42438000,34640000,24830000,-2764000,-6.97,-1906000,0.929,-2764000,1782000,12938000
202604,92,39674000,39674000,33240000,3221000,42438000,37200000,29560000,-2764000,-6.97,-3680000,0.889,-2764000,2077000,6434000
202605,92,39674000,39674000,35735000,2960000,42438000,39674000,31447000,-2764000,-6.97,-4288000,0.88,-2764000,2102000,3939000
202606,92,39674000,39674000,36133000,2063000,42438000,39674000,32703000,-2764000,-6.97,-3430000,0.905,-2764000,2007000,3541000
202607,92,39674000,39674000,37025000,2957000,42438000,39674000,32939000,-2764000,-6.97,-4085000,0.89,-2764000,1949000,2649000
202608,92,39674000,39674000,37406000,2066000,42438000,39674000,34148000,-2764000,-6.97,-3258000,0.913,-2764000,1870000,2268000
202609,92,39674000,39674000,38184000,1480000,42438000,39674000,34601000,-2764000,-6.97,-3583000,0.906,-2764000,1818000,1490000
202610,92,39674000,39674000,38685000,1077000,42438000,39674000,35380000,-2764000,-6.97,-3305000,0.915,-2764000,1758000,989000
202611,92,39674000,39674000,38567000,1564000,42438000,39674000,36394000,-2764000,-6.97,-2173000,0.944,-2764000,1677000,1107000
202612,92,39674000,39674000,39282000,1155000,42438000,39674000,36769000,-2764000,-6.97,-2512000,0.936,-2764000,1637000,392000
202501,93,6739000,6739000,0,2147000,7793000,0,0,-1054000,-15.64,0,1.0,-1054000,0,6739000
202502,93,6739000,6739000,0,3123000,7793000,0,0,-1054000,-15.64,0,1.0,-1054000,0,6739000
202503,93,6739000,6739000,0,2971000,7793000,0,0,-1054000,-15.64,0,1.0,-1054000,0,6739000
202504,93,6739000,6739000,0,2251000,7793000,0,0,-1054000,-15.64,0,1.0,-1054000,0,6739000
202505,93,6739000,6739000,0,3806000,7793000,0,0,-1054000,-15.64,0,1.0,-1054000,0,6739000
202506,93,6739000,6739000,0,2174000,7793000,0,0,-1054000,-15.64,0,1.0,-1054000,0,6739000
202507,93,6739000,6739000,0,3552000,7793000,0,0,-1054000,-15.64,0,1.0,-1054000,0,6739000
202508,93,6739000,6739000,0,3247000,7793000,0,0,-1054000,-15.64,0,1.0,-1054000,0,6739000
202509,93,6739000,6739000,0,2379000,7793000,0,0,-1054000,-15.64,0,1.0,-1054000,0,6739000
202510,93,6739000,6739000,0,2557000,7793000,0,0,-1054000,-15.64,0,1.0,-1054000,0,6739000
202511,93,6739000,6739000,343000,2672000,7793000,283000,277000,-1054000,-15.64,-66000,0.807,-1054000,31000,6396000
202512,93,6739000,6739000,1108000,2691000,7793000,911000,885000,-1054000,-15.64,-222000,0.799,-1054000,92000,5631000
202601,93,6739000,6941000,1780000,3218000,7793000,1538000,1490000,-852000,-12.27,-291000,0.837,-852000,137000,5161000
202602,93,6739000,6941000,2315000,1731000,7793000,2105000,1985000,-852000,-12.27,-330000,0.857,-852000,165000,4627000
202603,93,6739000,6941000,3089000,2323000,7793000,2732000,2640000,-852000,-12.27,-449000,0.855,-852000,206000,3853000
202604,93,6739000,6941000,3797000,2058000,7793000,3339000,3253000,-852000,-12.27,-543000,0.857,-852000,237000,3145000
202605,93,6739000,6941000,4754000,880000,7793000,3966000,3744000,-852000,-12.27,-1010000,0.788,-852000,280000,2188000
202606,93,6739000,6941000,5627000,947000,7793000,4574000,4395000,-852000,-12.27,-1232000,0.781,-852000,313000,1314000
202607,93,6739000,6941000,6219000,832000,7793000,5201000,4865000,-852000,-12.27,-1354000,0.782,-852000,327000,722000
202608,93,6739000,6941000,6957000,303000,7793000,5828000,5573000,-852000,-12.27,-1384000,0.801,-852000,348000,-16000
202609,93,6739000,6941000,7589000,105000,7793000,6435000,6133000,-852000,-12.27,-1456000,0.808,-852000,361000,-647000
202610,93,6739000,6941000,7815000,0,7815000,6739000,6471000,-874000,-12.59,-1344000,0.828,-874000,355000,-874000
202611,93,6739000,6941000,7713000,26000,7793000,6739000,6465000,-852000,-12.27,-1248000,0.838,-852000,335000,-772000
202612,93,6739000,6941000,7673000,42000,7793000,6739000,6502000,-852000,-12.27,-1171000,0.847,-852000,320000,-732000
202501,94,3520000,3520000,0,1340000,3401000,0,0,119000,3.37,0,1.0,119000,0,3520000
202502,94,3520000,3520000,0,1809000,3401000,0,0,119000,3.37,0,1.0,119000,0,3520000
202503,94,3520000,3520000,0,1350000,3401000,0,0,119000,3.37,0,1.0,119000,0,3520000
202504,94,3520000,3520000,0,1067000,3401000,0,0,119000,3.37,0,1.0,119000,0,3520000
202505,94,3520000,3520000,0,1144000,3401000,0,0,119000,3.37,0,1.0,119000,0,3520000
202506,94,3520000,3520000,0,1043000,3401000,0,0,119000,3.37,0,1.0,119000,0,3520000
202507,94,3520000,3520000,0,1679000,3401000,0,0,119000,3.37,0,1.0,119000,0,3520000
202508,94,3520000,3520000,0,1123000,3401000,0,0,119000,3.37,0,1.0,119000,0,3520000
202509,94,3520000,3520000,156000,1240000,3401000,171000,164000,119000,3.37,8000,1.052,119000,17000,3364000
202510,94,3520000,3520000,355000,779000,3401000,384000,379000,119000,3.37,24000,1.068,119000,35000,3165000
202511,94,3520000,3520000,568000,1511000,3401000,589000,569000,119000,3.37,1000,1.002,119000,52000,2952000
202512,94,3520000,3520000,751000,1193000,3401000,801000,781000,119000,3.37,30000,1.04,119000,63000,2769000
202601,94,3520000,3520000,1010000,1238000,3401000,1014000,993000,119000,3.37,-18000,0.983,119000,78000,2510000
202602,94,3520000,3520000,1206000,782000,3401000,1205000,1173000,119000,3.37,-33000,0.973,119000,86000,2314000
202603,94,3520000,3520000,1320000,838000,3401000,1418000,1358000,119000,3.37,38000,1.029,119000,88000,2200000
202604,94,3520000,3520000,1507000,768000,3401000,1623000,1530000,119000,3.37,23000,1.015,119000,94000,2013000
202605,94,3520000,3520000,1719000,617000,3401000,1835000,1796000,119000,3.37,78000,1.045,119000,101000,1801000
202606,94,3520000,3520000,2002000,658000,3401000,2041000,2012000,119000,3.37,10000,1.005,119000,111000,1518000
202607,94,3520000,3520000,2182000,418000,3401000,2253000,2171000,119000,3.37,-11000,0.995,119000,115000,1338000
202608,94,3520000,3520000,2301000,521000,3401000,2465000,2406000,119000,3.37,104000,1.045,119000,115000,1219000
202609,94,3520000,3520000,2423000,281000,3401000,2671000,2538000,119000,3.37,114000,1.047,119000,115000,1097000
202610,94,3520000,3520000,2810000,227000,3401000,2883000,2864000,119000,3.37,54000,1.019,119000,128000,710000
202611,94,3520000,3520000,2803000,279000,3401000,3089000,2979000,119000,3.37,176000,1.063,119000,122000,717000
202612,94,3520000,3520000,3147000,80000,3401000,3301000,3160000,119000,3.37,13000,1.004,119000,131000,373000
202501,95,21101000,21101000,90000,8174000,20700000,91000,91000,401000,1.9,1000,1.016,401000,90000,21011000
202502,95,21101000,21101000,699000,9785000,20700000,726000,731000,401000,1.9,32000,1.046,401000,349000,20402000
202503,95,21101000,21101000,1420000,5822000,20700000,1429000,1467000,401000,1.9,48000,1.034,401000,473000,19681000
202504,95,21101000,21101000,2082000,7007000,20700000,2110000,2206000,401000,1.9,124000,1.059,401000,521000,19019000
202505,95,21101000,21101000,2748000,9833000,20700000,2813000,2859000,401000,1.9,111000,1.041,401000,550000,18353000
202506,95,21101000,21101000,3475000,5201000,20700000,3494000,3603000,401000,1.9,128000,1.037,401000,579000,17626000
202507,95,21101000,21101000,4358000,4118000,20700000,4198000,4267000,401000,1.9,-92000,0.979,401000,623000,16743000
202508,95,21101000,21101000,4956000,8300000,20700000,4901000,4951000,401000,1.9,-5000,0.999,401000,619000,16145000
202509,95,21101000,21101000,5413000,8147000,20700000,5582000,5623000,401000,1.9,209000,1.039,401000,601000,15688000
202510,95,21101000,21101000,6595000,4152000,20700000,6285000,6517000,401000,1.9,-78000,0.988,401000,660000,14506000
202511,95,21101000,21101000,7034000,6864000,20700000,6966000,7234000,401000,1.9,200000,1.028,401000,639000,14067000
202512,95,21101000,21101000,7868000,3670000,20700000,7669000,7842000,401000,1.9,-25000,0.997,401000,656000,13233000
202601,95,21101000,21101000,8202000,6656000,20700000,8372000,8462000,401000,1.9,260000,1.032,401000,631000,12899000
202602,95,21101000,21101000,9276000,3777000,20700000,9008000,9329000,401000,1.9,53000,1.006,401000,663000,11825000
202603,95,21101000,21101000,10035000,5862000,20700000,9711000,10191000,401000,1.9,156000,1.016,401000,669000,11066000
202604,95,21101000,21101000,10576000,3229000,20700000,10392000,10442000,401000,1.9,-134000,0.987,401000,661000,10525000
202605,95,21101000,21101000,11018000,3716000,20700000,11095000,11498000,401000,1.9,480000,1.044,401000,648000,10083000
202606,95,21101000,21101000,12404000,4407000,20700000,11776000,12110000,401000,1.9,-294000,0.976,401000,689000,8697000
202607,95,21101000,21101000,12374000,3788000,20700000,12479000,12837000,401000,1.9,462000,1.037,401000,651000,8727000
202608,95,21101000,21101000,13853000,2364000,20700000,13182000,13789000,401000,1.9,-64000,0.995,401000,693000,7248000
202609,95,21101000,21101000,13958000,3140000,20700000,13863000,14047000,401000,1.9,89000,1.006,401000,665000,7143000
202610,95,21101000,21101000,14530000,3176000,20700000,14566000,14957000,401000,1.9,427000,1.029,401000,660000,6571000
202611,95,21101000,21101000,15129000,2860000,20700000,15247000,15991000,401000,1.9,862000,1.057,401000,658000,5972000
202612,95,21101000,21101000,15272000,1962000,20700000,15951000,15980000,401000,1.9,709000,1.046,401000,636000,5829000
202501,96,4692000,4692000,1681000,1882000,5438000,1345000,1339000,-746000,-15.9,-342000,0.797,-746000,1681000,3011000
202502,96,4692000,4692000,1994000,1686000,5438000,1584000,1594000,-746000,-15.9,-400000,0.799,-746000,997000,2698000
202503,96,4692000,4692000,2062000,1268000,5438000,1848000,1890000,-746000,-15.9,-172000,0.916,-746000,687000,2630000
202504,96,4692000,4692000,2312000,874000,5438000,2103000,2121000,-746000,-15.9,-191000,0.917,-746000,578000,2380000
202505,96,4692000,4692000,2674000,1238000,5438000,2367000,2345000,-746000,-15.9,-329000,0.877,-746000,535000,2018000
202506,96,4692000,4692000,3302000,1003000,5438000,2623000,2637000,-746000,-15.9,-665000,0.799,-746000,550000,1390000
202507,96,4692000,4692000,3116000,1178000,5438000,2887000,2862000,-746000,-15.9,-254000,0.918,-746000,445000,1576000
202508,96,4692000,4692000,3695000,467000,5438000,3151000,3102000,-746000,-15.9,-593000,0.84,-746000,462000,997000
202509,96,4692000,4692000,4276000,442000,5438000,3406000,3404000,-746000,-15.9,-872000,0.796,-746000,475000,416000
202510,96,4692000,4692000,4017000,477000,5438000,3670000,3643000,-746000,-15.9,-375000,0.907,-746000,402000,675000
202511,96,4692000,4692000,4591000,252000,5438000,3926000,3885000,-746000,-15.9,-706000,0.846,-746000,417000,101000
202512,96,4692000,4692000,4729000,224000,5438000,4190000,4218000,-746000,-15.9,-511000,0.892,-746000,394000,-37000
202601,96,4692000,4833000,5532000,0,5532000,4454000,4401000,-699000,-14.47,-1131000,0.795,-699000,426000,-699000
202602,96,4692000,4833000,5311000,54000,5438000,4692000,4592000,-605000,-12.53,-719000,0.865,-605000,379000,-478000
202603,96,4692000,4833000,5048000,98000,5438000,4692000,4598000,-605000,-12.53,-450000,0.911,-605000,337000,-215000
202604,96,4692000,4833000,5710000,0,5710000,4692000,4659000,-877000,-18.15,-1051000,0.816,-877000,357000,-877000
202605,96,4692000,4833000,5626000,0,5626000,4692000,4622000,-793000,-16.41,-1004000,0.822,-793000,331000,-793000
202606,96,4692000,4833000,5710000,0,5710000,4692000,4751000,-877000,-18.15,-959000,0.832,-877000,317000,-877000
202607,96,4692000,4833000,5478000,0,5478000,4692000,4725000,-646000,-13.36,-754000,0.862,-646000,288000,-646000
202608,96,4692000,4833000,5531000,0,5531000,4692000,4742000,-698000,-14.45,-789000,0.857,-698000,277000,-698000
202609,96,4692000,4833000,5317000,64000,5438000,4692000,4641000,-605000,-12.53,-676000,0.873,-605000,253000,-484000
202610,96,4692000,4833000,5512000,0,5512000,4692000,4746000,-679000,-14.06,-767000,0.861,-679000,251000,-679000
202611,96,4692000,4833000,5260000,72000,5438000,4692000,4651000,-605000,-12.53,-610000,0.884,-605000,229000,-428000
202612,96,4692000,4833000,5511000,0,5511000,4692000,4718000,-678000,-14.03,-793000,0.856,-678000,230000,-678000
202501,97,3717000,3717000,0,1143000,4324000,0,0,-607000,-16.32,0,1.0,-607000,0,3717000
202502,97,3717000,3717000,0,2145000,4324000,0,0,-607000,-16.32,0,1.0,-607000,0,3717000
202503,97,3717000,3717000,0,2212000,4324000,0,0,-607000,-16.32,0,1.0,-607000,0,3717000
202504,97,3717000,3717000,0,1667000,4324000,0,0,-607000,-16.32,0,1.0,-607000,0,3717000
202505,97,3717000,3717000,0,2184000,4324000,0,0,-607000,-16.32,0,1.0,-607000,0,3717000
202506,97,3717000,3717000,0,1368000,4324000,0,0,-607000,-16.32,0,1.0,-607000,0,3717000
202507,97,3717000,3717000,0,2326000,4324000,0,0,-607000,-16.32,0,1.0,-607000,0,3717000
202508,97,3717000,3717000,0,2032000,4324000,0,0,-607000,-16.32,0,1.0,-607000,0,3717000
202509,97,3717000,3717000,0,1759000,4324000,0,0,-607000,-16.32,0,1.0,-607000,0,3717000
202510,97,3717000,3717000,0,1666000,4324000,0,0,-607000,-16.32,0,1.0,-607000,0,3717000
202511,97,3717000,3717000,0,1757000,4324000,0,0,-607000,-16.32,0,1.0,-607000,0,3717000
202512,97,3717000,3717000,0,1617000,4324000,0,0,-607000,-16.32,0,1.0,-607000,0,3717000
202601,97,3717000,3829000,0,1114000,4324000,0,0,-495000,-12.93,0,1.0,-495000,0,3829000
202602,97,3717000,3829000,136000,1746000,4324000,126000,123000,-495000,-12.93,-13000,0.905,-495000,10000,3693000
202603,97,3717000,3829000,473000,972000,4324000,405000,389000,-495000,-12.93,-84000,0.823,-495000,32000,3355000
202604,97,3717000,3829000,710000,1337000,4324000,675000,653000,-495000,-12.93,-57000,0.92,-495000,44000,3119000
202605,97,3717000,3829000,1026000,1760000,4324000,954000,928000,-495000,-12.93,-97000,0.905,-495000,60000,2803000
202606,97,3717000,3829000,1328000,801000,4324000,1224000,1181000,-495000,-12.93,-147000,0.889,-495000,74000,2501000
202607,97,3717000,3829000,1637000,1381000,4324000,1503000,1461000,-495000,-12.93,-176000,0.892,-495000,86000,2192000
202608,97,3717000,3829000,1955000,649000,4324000,1782000,1706000,-495000,-12.93,-249000,0.872,-495000,98000,1873000
202609,97,3717000,3829000,2400000,625000,4324000,2052000,1940000,-495000,-12.93,-459000,0.809,-495000,114000,1429000
202610,97,3717000,3829000,2640000,587000,4324000,2331000,2295000,-495000,-12.93,-345000,0.869,-495000,120000,1189000
202611,97,3717000,3829000,2848000,494000,4324000,2601000,2545000,-495000,-12.93,-303000,0.893,-495000,124000,980000
202612,97,3717000,3829000,3495000,241000,4324000,2880000,2750000,-495000,-12.93,-744000,0.787,-495000,146000,334000
202501,98,5111000,5111000,1707000,1267000,4881000,1740000,1776000,230000,4.49,69000,1.04,230000,1707000,3404000
202502,98,5111000,5111000,1929000,1085000,4881000,1955000,2032000,230000,4.49,104000,1.054,230000,964000,3182000
202503,98,5111000,5111000,2214000,692000,4881000,2194000,2286000,230000,4.49,72000,1.032,230000,738000,2897000
202504,98,5111000,5111000,2557000,1249000,4881000,2425000,2536000,230000,4.49,-22000,0.992,230000,639000,2554000
202505,98,5111000,5111000,2622000,876000,4881000,2663000,2682000,230000,4.49,60000,1.023,230000,524000,2489000
202506,98,5111000,5111000,2850000,575000,4881000,2894000,2978000,230000,4.49,128000,1.045,230000,475000,2261000
202507,98,5111000,5111000,3283000,716000,4881000,3133000,3212000,230000,4.49,-71000,0.978,230000,469000,1828000
202508,98,5111000,5111000,3349000,728000,4881000,3371000,3413000,230000,4.49,64000,1.019,230000,419000,1762000
202509,98,5111000,5111000,3514000,396000,4881000,3602000,3739000,230000,4.49,225000,1.064,230000,390000,1597000
202510,98,5111000,5111000,3693000,439000,4881000,3841000,3894000,230000,4.49,201000,1.054,230000,369000,1418000
202511,98,5111000,5111000,4257000,235000,4881000,4072000,4231000,230000,4.49,-26000,0.994,230000,387000,854000
202512,98,5111000,5111000,4515000,150000,4881000,4310000,4531000,230000,4.49,17000,1.004,230000,376000,596000
202601,98,5111000,5111000,4633000,84000,4881000,4549000,4638000,230000,4.49,5000,1.001,230000,356000,478000
202602,98,5111000,5111000,5125000,0,5125000,4765000,4981000,-14000,-0.28,-144000,0.972,-14000,366000,-14000
202603,98,5111000,5111000,4988000,0,4988000,5003000,5149000,123000,2.41,161000,1.032,123000,333000,123000
202604,98,5111000,5111000,5087000,0,5087000,5111000,5229000,24000,0.46,142000,1.028,24000,318000,24000
202605,98,5111000,5111000,4989000,0,4989000,5111000,5258000,122000,2.39,269000,1.054,122000,293000,122000
202606,98,5111000,5111000,5089000,0,5089000,5111000,5262000,22000,0.42,173000,1.034,22000,283000,22000
202607,98,5111000,5111000,5085000,0,5085000,5111000,5236000,26000,0.51,151000,1.03,26000,268000,26000
202608,98,5111000,5111000,5125000,0,5125000,5111000,5346000,-14000,-0.28,220000,1.043,-14000,256000,-14000
202609,98,5111000,5111000,5125000,0,5125000,5111000,5219000,-14000,-0.28,94000,1.018,-14000,244000,-14000
202610,98,5111000,5111000,5021000,0,5021000,5111000,5348000,90000,1.77,328000,1.065,90000,228000,90000
202611,98,5111000,5111000,5042000,0,5042000,5111000,5366000,69000,1.35,324000,1.064,69000,219000,69000
202612,98,5111000,5111000,5125000,0,5125000,5111000,5116000,-14000,-0.28,-9000,0.998,-14000,214000,-14000
202501,99,5838000,5838000,4331000,587000,6586000,5597000,3962000,-748000,-12.8,-369000,0.915,-748000,4331000,1507000
202502,99,5838000,5838000,4768000,698000,6586000,5838000,4149000,-748000,-12.8,-619000,0.87,-748000,2384000,1070000
202503,99,5838000,5838000,4188000,1191000,6586000,5838000,4083000,-748000,-12.8,-105000,0.975,-748000,1396000,1650000
202504,99,5838000,5838000,4772000,906000,6586000,5838000,4161000,-748000,-12.8,-611000,0.872,-748000,1193000,1066000
202505,99,5838000,5838000,4310000,1152000,6586000,5838000,3915000,-748000,-12.8,-395000,0.908,-748000,862000,1528000
202506,99,5838000,5838000,4541000,760000,6586000,5838000,4175000,-748000,-12.8,-366000,0.919,-748000,757000,1297000
202507,99,5838000,5838000,4519000,1069000,6586000,5838000,4031000,-748000,-12.8,-488000,0.892,-748000,646000,1319000
202508,99,5838000,5838000,4760000,528000,6586000,5838000,4176000,-748000,-12.8,-584000,0.877,-748000,595000,1078000
202509,99,5838000,5838000,4678000,694000,6586000,5838000,4181000,-748000,-12.8,-497000,0.894,-748000,520000,1160000
202510,99,5838000,5838000,4500000,970000,6586000,5838000,3920000,-748000,-12.8,-580000,0.871,-748000,450000,1338000
202511,99,5838000,5838000,4230000,1283000,6586000,5838000,4061000,-748000,-12.8,-169000,0.96,-748000,385000,1608000
202512,99,5838000,5838000,4143000,875000,6586000,5838000,3994000,-748000,-12.8,-149000,0.964,-748000,345000,1695000
202601,99,5838000,6013000,4025000,986000,6586000,5838000,3902000,-572000,-9.52,-123000,0.969,-572000,310000,1988000
202602,99,5838000,6013000,4110000,1019000,6586000,5838000,3821000,-572000,-9.52,-289000,0.93,-572000,294000,1903000
202603,99,5838000,6013000,4240000,923000,6586000,5838000,3789000,-572000,-9.52,-451000,0.894,-572000,283000,1774000
202604,99,5838000,6013000,4108000,1362000,6586000,5838000,3881000,-572000,-9.52,-227000,0.945,-572000,257000,1905000
202605,99,5838000,6013000,4314000,1246000,6586000,5838000,3711000,-572000,-9.52,-603000,0.86,-572000,254000,1699000
202606,99,5838000,6013000,3962000,706000,6586000,5838000,3704000,-572000,-9.52,-258000,0.935,-572000,220000,2051000
202607,99,5838000,6013000,4523000,1095000,6586000,5838000,3893000,-572000,-9.52,-631000,0.861,-572000,238000,1490000
202608,99,5838000,6013000,4102000,1104000,6586000,5838000,3809000,-572000,-9.52,-294000,0.928,-572000,205000,1911000
202609,99,5838000,6013000,4131000,1033000,6586000,5838000,3751000,-572000,-9.52,-380000,0.908,-572000,197000,1882000
202610,99,5838000,6013000,3932000,1093000,6586000,5838000,3766000,-572000,-9.52,-166000,0.958,-572000,179000,2082000
202611,99,5838000,6013000,3964000,1245000,6586000,5838000,3787000,-572000,-9.52,-176000,0.956,-572000,172000,2050000
202612,99,5838000,6013000,3789000,1124000,6586000,5838000,3620000,-572000,-9.52,-170000,0.955,-572000,158000,2224000
202501,100,2703000,2703000,0,1048000,2941000,0,0,-238000,-8.8,0,1.0,-238000,0,2703000
202502,100,2703000,2703000,0,974000,2941000,0,0,-238000,-8.8,0,1.0,-238000,0,2703000
202503,100,2703000,2703000,0,947000,2941000,0,0,-238000,-8.8,0,1.0,-238000,0,2703000
202504,100,2703000,2703000,67000,806000,2941000,74000,62000,-238000,-8.8,-5000,0.93,-238000,17000,2636000
202505,100,2703000,2703000,168000,1154000,2941000,188000,156000,-238000,-8.8,-12000,0.928,-238000,34000,2535000
202506,100,2703000,2703000,255000,999000,2941000,299000,249000,-238000,-8.8,-6000,0.976,-238000,43000,2448000
202507,100,2703000,2703000,381000,1051000,2941000,413000,333000,-238000,-8.8,-48000,0.873,-238000,54000,2322000
202508,100,2703000,2703000,502000,1040000,2941000,527000,436000,-238000,-8.8,-66000,0.868,-238000,63000,2201000
202509,100,2703000,2703000,540000,1031000,2941000,638000,525000,-238000,-8.8,-15000,0.972,-238000,60000,2163000
202510,100,2703000,2703000,700000,632000,2941000,752000,604000,-238000,-8.8,-96000,0.863,-238000,70000,2003000
202511,100,2703000,2703000,789000,1171000,2941000,863000,711000,-238000,-8.8,-78000,0.901,-238000,72000,1914000
202512,100,2703000,2703000,786000,763000,2941000,977000,770000,-238000,-8.8,-16000,0.98,-238000,65000,1917000
202601,100,2703000,2784000,985000,1024000,2941000,1092000,886000,-157000,-5.63,-99000,0.899,-157000,76000,1799000
202602,100,2703000,2784000,1024000,701000,2941000,1195000,936000,-157000,-5.63,-89000,0.914,-157000,73000,1760000
202603,100,2703000,2784000,1090000,954000,2941000,1309000,1040000,-157000,-5.63,-50000,0.954,-157000,73000,1694000
202604,100,2703000,2784000,1242000,467000,2941000,1420000,1131000,-157000,-5.63,-111000,0.91,-157000,78000,1542000
202605,100,2703000,2784000,1326000,615000,2941000,1534000,1227000,-157000,-5.63,-99000,0.925,-157000,78000,1458000
202606,100,2703000,2784000,1316000,695000,2941000,1645000,1265000,-157000,-5.63,-51000,0.961,-157000,73000,1468000
202607,100,2703000,2784000,1518000,505000,2941000,1759000,1378000,-157000,-5.63,-140000,0.908,-157000,80000,1266000
202608,100,2703000,2784000,1523000,633000,2941000,1873000,1479000,-157000,-5.63,-45000,0.971,-157000,76000,1261000
202609,100,2703000,2784000,1592000,471000,2941000,1984000,1494000,-157000,-5.63,-97000,0.939,-157000,76000,1193000
202610,100,2703000,2784000,1664000,344000,2941000,2098000,1622000,-157000,-5.63,-42000,0.975,-157000,76000,1120000
202611,100,2703000,2784000,1890000,526000,2941000,2209000,1686000,-157000,-5.63,-204000,0.892,-157000,82000,894000
202612,100,2703000,2784000,1929000,383000,2941000,2323000,1746000,-157000,-5.63,-183000,0.905,-157000,80000,855000
202501,101,3206000,3206000,0,1183000,3642000,0,0,-436000,-13.61,0,1.0,-436000,0,3206000
202502,101,3206000,3206000,0,1028000,3642000,0,0,-436000,-13.61,0,1.0,-436000,0,3206000
202503,101,3206000,3206000,0,1520000,3642000,0,0,-436000,-13.61,0,1.0,-436000,0,3206000
202504,101,3206000,3206000,0,1086000,3642000,0,0,-436000,-13.61,0,1.0,-436000,0,3206000
202505,101,3206000,3206000,0,1472000,3642000,0,0,-436000,-13.61,0,1.0,-436000,0,3206000
202506,101,3206000,3206000,0,1054000,3642000,0,0,-436000,-13.61,0,1.0,-436000,0,3206000
202507,101,3206000,3206000,0,1650000,3642000,0,0,-436000,-13.61,0,1.0,-436000,0,3206000
202508,101,3206000,3206000,0,1914000,3642000,0,0,-436000,-13.61,0,1.0,-436000,0,3206000
202509,101,3206000,3206000,134000,921000,3642000,118000,116000,-436000,-13.61,-17000,0.869,-436000,15000,3072000
202510,101,3206000,3206000,312000,1575000,3642000,283000,277000,-436000,-13.61,-35000,0.889,-436000,31000,2894000
202511,101,3206000,3206000,528000,1025000,3642000,443000,442000,-436000,-13.61,-85000,0.838,-436000,48000,2678000
202512,101,3206000,3206000,668000,1255000,3642000,609000,604000,-436000,-13.61,-63000,0.905,-436000,56000,2538000
202601,101,3206000,3302000,915000,1199000,3642000,775000,774000,-340000,-10.31,-141000,0.846,-340000,70000,2387000
202602,101,3206000,3302000,1117000,1255000,3642000,924000,907000,-340000,-10.31,-210000,0.812,-340000,80000,2185000
202603,101,3206000,3302000,1349000,673000,3642000,1090000,1065000,-340000,-10.31,-284000,0.79,-340000,90000,1953000
202604,101,3206000,3302000,1486000,1013000,3642000,1250000,1203000,-340000,-10.31,-283000,0.81,-340000,93000,1816000
202605,101,3206000,3302000,1557000,622000,3642000,1416000,1394000,-340000,-10.31,-163000,0.895,-340000,92000,1745000
202606,101,3206000,3302000,1848000,710000,3642000,1576000,1543000,-340000,-10.31,-305000,0.835,-340000,103000,1454000
202607,101,3206000,3302000,2125000,554000,3642000,1742000,1702000,-340000,-10.31,-423000,0.801,-340000,112000,1177000
202608,101,3206000,3302000,2292000,546000,3642000,1908000,1831000,-340000,-10.31,-461000,0.799,-340000,115000,1010000
202609,101,3206000,3302000,2508000,591000,3642000,2068000,1997000,-340000,-10.31,-511000,0.796,-340000,119000,794000
202610,101,3206000,3302000,2625000,521000,3642000,2234000,2216000,-340000,-10.31,-409000,0.844,-340000,119000,677000
202611,101,3206000,3302000,2674000,252000,3642000,2394000,2380000,-340000,-10.31,-293000,0.89,-340000,116000,628000
202612,101,3206000,3302000,2774000,282000,3642000,2559000,2542000,-340000,-10.31,-233000,0.916,-340000,116000,528000
202501,102,1755000,1755000,0,547000,1928000,0,0,-173000,-9.84,0,1.0,-173000,0,1755000
202502,102,1755000,1755000,0,642000,1928000,0,0,-173000,-9.84,0,1.0,-173000,0,1755000
202503,102,1755000,1755000,27000,944000,1928000,23000,23000,-173000,-9.84,-4000,0.838,-173000,9000,1728000
202504,102,1755000,1755000,292000,631000,1928000,249000,252000,-173000,-9.84,-40000,0.865,-173000,73000,1463000
202505,102,1755000,1755000,530000,389000,1928000,482000,483000,-173000,-9.84,-47000,0.911,-173000,106000,1225000
202506,102,1755000,1755000,818000,607000,1928000,708000,712000,-173000,-9.84,-106000,0.871,-173000,136000,937000
202507,102,1755000,1755000,1197000,266000,1928000,942000,943000,-173000,-9.84,-254000,0.788,-173000,171000,558000
202508,102,1755000,1755000,1301000,208000,1928000,1175000,1167000,-173000,-9.84,-133000,0.897,-173000,163000,454000
202509,102,1755000,1755000,1557000,98000,1928000,1401000,1414000,-173000,-9.84,-143000,0.908,-173000,173000,198000
202510,102,1755000,1755000,1961000,0,1961000,1634000,1609000,-206000,-11.75,-352000,0.82,-206000,196000,-206000
202511,102,1755000,1755000,1992000,0,1992000,1755000,1761000,-237000,-13.5,-231000,0.884,-237000,181000,-237000
202512,102,1755000,1755000,2024000,0,2024000,1755000,1784000,-269000,-15.33,-241000,0.881,-269000,169000,-269000
202601,102,1755000,1808000,2024000,0,2024000,1755000,1762000,-216000,-11.97,-262000,0.87,-216000,156000,-216000
202602,102,1755000,1808000,2024000,0,2024000,1755000,1784000,-216000,-11.97,-240000,0.882,-216000,145000,-216000
202603,102,1755000,1808000,2024000,0,2024000,1755000,1718000,-216000,-11.97,-307000,0.849,-216000,135000,-216000
202604,102,1755000,1808000,1922000,3000,1928000,1755000,1750000,-120000,-6.64,-173000,0.91,-120000,120000,-115000
202605,102,1755000,1808000,2024000,0,2024000,1755000,1725000,-216000,-11.97,-299000,0.852,-216000,119000,-216000
202606,102,1755000,1808000,2024000,0,2024000,1755000,1742000,-216000,-11.97,-282000,0.86,-216000,112000,-216000
202607,102,1755000,1808000,2024000,0,2024000,1755000,1736000,-216000,-11.97,-289000,0.857,-216000,107000,-216000
202608,102,1755000,1808000,2024000,0,2024000,1755000,1755000,-216000,-11.97,-269000,0.867,-216000,101000,-216000
202609,102,1755000,1808000,1914000,5000,1928000,1755000,1749000,-120000,-6.64,-165000,0.914,-120000,91000,-106000
202610,102,1755000,1808000,1968000,0,1968000,1755000,1718000,-160000,-8.88,-250000,0.873,-160000,89000,-160000
202611,102,1755000,1808000,2024000,0,2024000,1755000,1729000,-216000,-11.97,-296000,0.854,-216000,88000,-216000
202612,102,1755000,1808000,2024000,0,2024000,1755000,1754000,-216000,-11.97,-270000,0.867,-216000,84000,-216000
202501,103,1662000,1662000,0,613000,1628000,0,0,34000,2.02,0,1.0,34000,0,1662000
202502,103,1662000,1662000,0,598000,1628000,0,0,34000,2.02,0,1.0,34000,0,1662000
202503,103,1662000,1662000,0,466000,1628000,0,0,34000,2.02,0,1.0,34000,0,1662000
202504,103,1662000,1662000,0,509000,1628000,0,0,34000,2.02,0,1.0,34000,0,1662000
202505,103,1662000,1662000,0,878000,1628000,0,0,34000,2.02,0,1.0,34000,0,1662000
202506,103,1662000,1662000,0,836000,1628000,0,0,34000,2.02,0,1.0,34000,0,1662000
202507,103,1662000,1662000,0,445000,1628000,0,0,34000,2.02,0,1.0,34000,0,1662000
202508,103,1662000,1662000,0,635000,1628000,0,0,34000,2.02,0,1.0,34000,0,1662000
202509,103,1662000,1662000,161000,741000,1628000,167000,167000,34000,2.02,6000,1.034,34000,18000,1501000
202510,103,1662000,1662000,391000,323000,1628000,392000,397000,34000,2.02,6000,1.016,34000,39000,1271000
202511,103,1662000,1662000,607000,331000,1628000,610000,632000,34000,2.02,25000,1.041,34000,55000,1055000
202512,103,1662000,1662000,834000,344000,1628000,835000,846000,34000,2.02,12000,1.014,34000,70000,828000
202601,103,1662000,1662000,1023000,173000,1628000,1060000,1080000,34000,2.02,57000,1.056,34000,79000,639000
202602,103,1662000,1662000,1315000,126000,1628000,1263000,1311000,34000,2.02,-4000,0.997,34000,94000,347000
202603,103,1662000,1662000,1451000,82000,1628000,1488000,1481000,34000,2.02,30000,1.021,34000,97000,211000
202604,103,1662000,1662000,1677000,0,1677000,1662000,1642000,-15000,-0.9,-35000,0.979,-15000,105000,-15000
202605,103,1662000,1662000,1641000,0,1641000,1662000,1712000,21000,1.28,72000,1.044,21000,97000,21000
202606,103,1662000,1662000,1606000,11000,1628000,1662000,1648000,34000,2.02,41000,1.026,34000,89000,56000
202607,103,1662000,1662000,1710000,0,1710000,1662000,1675000,-48000,-2.88,-35000,0.98,-48000,90000,-48000
202608,103,1662000,1662000,1599000,11000,1628000,1662000,1650000,34000,2.02,51000,1.032,34000,80000,63000
202609,103,1662000,1662000,1656000,0,1656000,1662000,1679000,6000,0.38,23000,1.014,6000,79000,6000
202610,103,1662000,1662000,1615000,3000,1628000,1662000,1695000,34000,2.02,80000,1.05,34000,73000,47000
202611,103,1662000,1662000,1693000,0,1693000,1662000,1676000,-31000,-1.87,-17000,0.99,-31000,74000,-31000
202612,103,1662000,1662000,1710000,0,1710000,1662000,1723000,-48000,-2.88,13000,1.007,-48000,71000,-48000
202501,104,1576000,1576000,919000,254000,1543000,971000,969000,33000,2.11,50000,1.055,33000,919000,657000
202502,104,1576000,1576000,1150000,138000,1543000,1134000,1124000,33000,2.11,-26000,0.978,33000,575000,426000
202503,104,1576000,1576000,1268000,74000,1543000,1314000,1330000,33000,2.11,62000,1.049,33000,423000,308000
202504,104,1576000,1576000,1467000,34000,1543000,1489000,1478000,33000,2.11,11000,1.007,33000,367000,109000
202505,104,1576000,1576000,1549000,0,1549000,1576000,1575000,27000,1.72,26000,1.017,27000,310000,27000
202506,104,1576000,1576000,1548000,0,1548000,1576000,1576000,28000,1.77,28000,1.018,28000,258000,28000
202507,104,1576000,1576000,1516000,10000,1543000,1576000,1530000,33000,2.11,15000,1.01,33000,217000,60000
202508,104,1576000,1576000,1454000,23000,1543000,1576000,1539000,33000,2.11,85000,1.058,33000,182000,122000
202509,104,1576000,1576000,1487000,24000,1543000,1576000,1568000,33000,2.11,81000,1.055,33000,165000,89000
202510,104,1576000,1576000,1485000,22000,1543000,1576000,1587000,33000,2.11,102000,1.069,33000,149000,91000
202511,104,1576000,1576000,1542000,0,1543000,1576000,1602000,33000,2.11,60000,1.039,33000,140000,34000
202512,104,1576000,1576000,1474000,18000,1543000,1576000,1566000,33000,2.11,92000,1.062,33000,123000,102000
202601,104,1576000,1576000,1472000,31000,1543000,1576000,1541000,33000,2.11,69000,1.047,33000,113000,104000
202602,104,1576000,1576000,1594000,0,1594000,1576000,1560000,-18000,-1.12,-33000,0.979,-18000,114000,-18000
202603,104,1576000,1576000,1556000,0,1556000,1576000,1526000,20000,1.24,-30000,0.981,20000,104000,20000
202604,104,1576000,1576000,1475000,24000,1543000,1576000,1572000,33000,2.11,97000,1.066,33000,92000,101000
202605,104,1576000,1576000,1551000,0,1551000,1576000,1539000,25000,1.57,-12000,0.992,25000,91000,25000
202606,104,1576000,1576000,1568000,0,1568000,1576000,1562000,8000,0.48,-7000,0.996,8000,87000,8000
202607,104,1576000,1576000,1512000,11000,1543000,1576000,1573000,33000,2.11,61000,1.04,33000,80000,64000
202608,104,1576000,1576000,1618000,0,1618000,1576000,1589000,-42000,-2.66,-29000,0.982,-42000,81000,-42000
202609,104,1576000,1576000,1604000,0,1604000,1576000,1556000,-28000,-1.77,-48000,0.97,-28000,76000,-28000
202610,104,1576000,1576000,1548000,0,1548000,1576000,1537000,28000,1.77,-11000,0.993,28000,70000,28000
202611,104,1576000,1576000,1509000,18000,1543000,1576000,1558000,33000,2.11,49000,1.033,33000,66000,67000
202612,104,1576000,1576000,1592000,0,1592000,1576000,1548000,-16000,-1.0,-44000,0.972,-16000,66000,-16000
202501,105,1594000,1594000,0,803000,1513000,0,0,81000,5.06,0,1.0,81000,0,1594000
202502,105,1594000,1594000,0,804000,1513000,0,0,81000,5.06,0,1.0,81000,0,1594000
202503,105,1594000,1594000,37000,632000,1513000,39000,38000,81000,5.06,1000,1.024,81000,12000,1557000
202504,105,1594000,1594000,88000,440000,1513000,97000,94000,81000,5.06,6000,1.069,81000,22000,1506000
202505,105,1594000,1594000,156000,630000,1513000,157000,154000,81000,5.06,-2000,0.985,81000,31000,1438000
202506,105,1594000,1594000,196000,467000,1513000,216000,208000,81000,5.06,12000,1.063,81000,33000,1398000
202507,105,1594000,1594000,261000,452000,1513000,276000,265000,81000,5.06,3000,1.013,81000,37000,1333000
202508,105,1594000,1594000,339000,421000,1513000,336000,330000,81000,5.06,-9000,0.973,81000,42000,1255000
202509,105,1594000,1594000,355000,584000,1513000,395000,375000,81000,5.06,20000,1.056,81000,39000,1239000
202510,105,1594000,1594000,428000,515000,1513000,455000,439000,81000,5.06,12000,1.027,81000,43000,1166000
202511,105,1594000,1594000,511000,500000,1513000,513000,502000,81000,5.06,-9000,0.983,81000,46000,1083000
202512,105,1594000,1594000,570000,381000,1513000,573000,554000,81000,5.06,-16000,0.972,81000,48000,1024000
202601,105,1594000,1594000,578000,501000,1513000,634000,606000,81000,5.06,28000,1.048,81000,44000,1016000
202602,105,1594000,1594000,621000,225000,1513000,688000,660000,81000,5.06,39000,1.062,81000,44000,973000
202603,105,1594000,1594000,674000,363000,1513000,748000,716000,81000,5.06,43000,1.064,81000,45000,920000
202604,105,1594000,1594000,792000,320000,1513000,807000,777000,81000,5.06,-15000,0.981,81000,49000,802000
202605,105,1594000,1594000,846000,174000,1513000,867000,841000,81000,5.06,-5000,0.994,81000,50000,748000
202606,105,1594000,1594000,908000,323000,1513000,925000,886000,81000,5.06,-21000,0.976,81000,50000,686000
202607,105,1594000,1594000,872000,299000,1513000,986000,929000,81000,5.06,57000,1.065,81000,46000,722000
202608,105,1594000,1594000,970000,248000,1513000,1046000,1026000,81000,5.06,56000,1.058,81000,49000,624000
202609,105,1594000,1594000,1050000,121000,1513000,1104000,1057000,81000,5.06,7000,1.007,81000,50000,544000
202610,105,1594000,1594000,1185000,145000,1513000,1164000,1152000,81000,5.06,-34000,0.972,81000,54000,409000
202611,105,1594000,1594000,1169000,107000,1513000,1223000,1216000,81000,5.06,47000,1.04,81000,51000,425000
202612,105,1594000,1594000,1273000,106000,1513000,1283000,1266000,81000,5.06,-7000,0.994,81000,53000,321000
202501,106,5158000,5158000,1859000,1204000,5117000,1869000,1886000,41000,0.79,27000,1.014,41000,1859000,3299000
202502,106,5158000,5158000,2384000,1018000,5117000,2263000,2331000,41000,0.79,-52000,0.978,41000,1192000,2774000
202503,106,5158000,5158000,2784000,1092000,5117000,2698000,2802000,41000,0.79,18000,1.006,41000,928000,2374000
202504,106,5158000,5158000,2935000,1055000,5117000,3120000,3117000,41000,0.79,181000,1.062,41000,734000,2223000
202505,106,5158000,5158000,3655000,459000,5117000,3556000,3660000,41000,0.79,5000,1.001,41000,731000,1503000
202506,106,5158000,5158000,4107000,381000,5117000,3977000,4087000,41000,0.79,-20000,0.995,41000,685000,1051000
202507,106,5158000,5158000,4240000,296000,5117000,4413000,4452000,41000,0.79,212000,1.05,41000,606000,918000
202508,106,5158000,5158000,4822000,86000,5117000,4849000,4929000,41000,0.79,108000,1.022,41000,603000,336000
202509,106,5158000,5158000,5067000,18000,5117000,5158000,5267000,41000,0.79,200000,1.04,41000,563000,91000
202510,106,5158000,5158000,5270000,0,5270000,5158000,5365000,-112000,-2.17,95000,1.018,-112000,527000,-112000
202511,106,5158000,5158000,4988000,50000,5117000,5158000,5213000,41000,0.79,225000,1.045,41000,453000,170000
202512,106,5158000,5158000,5181000,0,5181000,5158000,5317000,-23000,-0.44,136000,1.026,-23000,432000,-23000
202601,106,5158000,5158000,5132000,0,5132000,5158000,5223000,26000,0.51,91000,1.018,26000,395000,26000
202602,106,5158000,5158000,5065000,20000,5117000,5158000,5191000,41000,0.79,126000,1.025,41000,362000,93000
202603,106,5158000,5158000,5373000,0,5373000,5158000,5337000,-215000,-4.17,-36000,0.993,-215000,358000,-215000
202604,106,5158000,5158000,4884000,85000,5117000,5158000,5161000,41000,0.79,277000,1.057,41000,305000,274000
202605,106,5158000,5158000,5202000,0,5202000,5158000,5120000,-44000,-0.85,-82000,0.984,-44000,306000,-44000
202606,106,5158000,5158000,5148000,0,5148000,5158000,5199000,10000,0.18,51000,1.01,10000,286000,10000
202607,106,5158000,5158000,4917000,73000,5117000,5158000,5167000,41000,0.79,250000,1.051,41000,259000,241000
202608,106,5158000,5158000,4993000,36000,5117000,5158000,5245000,41000,0.79,252000,1.05,41000,250000,165000
202609,106,5158000,5158000,5280000,0,5280000,5158000,5252000,-122000,-2.36,-28000,0.995,-122000,251000,-122000
202610,106,5158000,5158000,4974000,50000,5117000,5158000,5309000,41000,0.79,335000,1.067,41000,226000,184000
202611,106,5158000,5158000,5355000,0,5355000,5158000,5315000,-197000,-3.81,-40000,0.993,-197000,233000,-197000
202612,106,5158000,5158000,4916000,56000,5117000,5158000,5215000,41000,0.79,299000,1.061,41000,205000,242000
202501,107,3378000,3378000,0,1663000,3699000,0,0,-321000,-9.51,0,1.0,-321000,0,3378000
202502,107,3378000,3378000,0,1835000,3699000,0,0,-321000,-9.51,0,1.0,-321000,0,3378000
202503,107,3378000,3378000,0,1195000,3699000,0,0,-321000,-9.51,0,1.0,-321000,0,3378000
202504,107,3378000,3378000,122000,1023000,3699000,124000,103000,-321000,-9.51,-19000,0.846,-321000,30000,3256000
202505,107,3378000,3378000,530000,1394000,3699000,604000,490000,-321000,-9.51,-40000,0.924,-321000,106000,2848000
202506,107,3378000,3378000,1001000,968000,3699000,1069000,871000,-321000,-9.51,-130000,0.87,-321000,167000,2377000
202507,107,3378000,3378000,1390000,1068000,3699000,1550000,1267000,-321000,-9.51,-123000,0.911,-321000,199000,1988000
202508,107,3378000,3378000,1868000,547000,3699000,2030000,1621000,-321000,-9.51,-247000,0.868,-321000,233000,1510000
202509,107,3378000,3378000,2391000,686000,3699000,2495000,2076000,-321000,-9.51,-314000,0.868,-321000,266000,987000
202510,107,3378000,3378000,2595000,382000,3699000,2975000,2384000,-321000,-9.51,-211000,0.919,-321000,259000,783000
202511,107,3378000,3378000,3209000,191000,3699000,3378000,2738000,-321000,-9.51,-471000,0.853,-321000,292000,169000
202512,107,3378000,3378000,2988000,268000,3699000,3378000,2754000,-321000,-9.51,-234000,0.922,-321000,249000,390000
202601,107,3378000,3378000,2976000,372000,3699000,3378000,2739000,-321000,-9.51,-236000,0.921,-321000,229000,402000
202602,107,3378000,3378000,3012000,223000,3699000,3378000,2642000,-321000,-9.51,-370000,0.877,-321000,215000,366000
202603,107,3378000,3378000,3284000,146000,3699000,3378000,2890000,-321000,-9.51,-394000,0.88,-321000,219000,94000
202604,107,3378000,3378000,3348000,155000,3699000,3378000,2967000,-321000,-9.51,-381000,0.886,-321000,209000,30000
202605,107,3378000,3378000,3442000,121000,3699000,3378000,3046000,-321000,-9.51,-396000,0.885,-321000,202000,-64000
202606,107,3378000,3378000,3485000,103000,3699000,3378000,3102000,-321000,-9.51,-382000,0.89,-321000,194000,-107000
202607,107,3378000,3378000,3491000,107000,3699000,3378000,3211000,-321000,-9.51,-280000,0.92,-321000,184000,-113000
202608,107,3378000,3378000,3539000,68000,3699000,3378000,3245000,-321000,-9.51,-294000,0.917,-321000,177000,-161000
202609,107,3378000,3378000,3589000,40000,3699000,3378000,3314000,-321000,-9.51,-274000,0.924,-321000,171000,-211000
202610,107,3378000,3378000,3580000,33000,3699000,3378000,3344000,-321000,-9.51,-236000,0.934,-321000,163000,-202000
202611,107,3378000,3378000,3558000,56000,3699000,3378000,3344000,-321000,-9.51,-214000,0.94,-321000,155000,-180000
202612,107,3378000,3378000,3521000,82000,3699000,3378000,3344000,-321000,-9.51,-176000,0.95,-321000,147000,-143000
202501,108,9854000,9854000,0,4251000,9452000,0,0,402000,4.08,0,1.0,402000,0,9854000
202502,108,9854000,9854000,0,3533000,9452000,0,0,402000,4.08,0,1.0,402000,0,9854000
202503,108,9854000,9854000,0,2735000,9452000,0,0,402000,4.08,0,1.0,402000,0,9854000
202504,108,9854000,9854000,0,3002000,9452000,0,0,402000,4.08,0,1.0,402000,0,9854000
202505,108,9854000,9854000,0,2373000,9452000,0,0,402000,4.08,0,1.0,402000,0,9854000
202506,108,9854000,9854000,0,3752000,9452000,0,0,402000,4.08,0,1.0,402000,0,9854000
202507,108,9854000,9854000,258000,4997000,9452000,272000,272000,402000,4.08,13000,1.052,402000,37000,9596000
202508,108,9854000,9854000,710000,2342000,9452000,716000,694000,402000,4.08,-16000,0.978,402000,89000,9144000
202509,108,9854000,9854000,1086000,2531000,9452000,1146000,1156000,402000,4.08,70000,1.065,402000,121000,8768000
202510,108,9854000,9854000,1552000,2866000,9452000,1590000,1532000,402000,4.08,-20000,0.987,402000,155000,8302000
202511,108,9854000,9854000,1905000,3449000,9452000,2019000,2010000,402000,4.08,105000,1.055,402000,173000,7949000
202512,108,9854000,9854000,2369000,3688000,9452000,2464000,2448000,402000,4.08,79000,1.033,402000,197000,7485000
202601,108,9854000,9854000,2953000,2105000,9452000,2908000,2867000,402000,4.08,-86000,0.971,402000,227000,6901000
202602,108,9854000,9854000,3313000,2270000,9452000,3309000,3303000,402000,4.08,-10000,0.997,402000,237000,6541000
202603,108,9854000,9854000,3545000,1697000,9452000,3753000,3737000,402000,4.08,192000,1.054,402000,236000,6309000
202604,108,9854000,9854000,3953000,1419000,9452000,4182000,4001000,402000,4.08,48000,1.012,402000,247000,5901000
202605,108,9854000,9854000,4442000,1792000,9452000,4626000,4457000,402000,4.08,14000,1.003,402000,261000,5412000
202606,108,9854000,9854000,4861000,1303000,9452000,5056000,4988000,402000,4.08,127000,1.026,402000,270000,4993000
202607,108,9854000,9854000,5479000,1620000,9452000,5500000,5438000,402000,4.08,-41000,0.992,402000,288000,4375000
202608,108,9854000,9854000,5766000,1087000,9452000,5944000,5768000,402000,4.08,2000,1.0,402000,288000,4088000
202609,108,9854000,9854000,6415000,1644000,9452000,6374000,6388000,402000,4.08,-28000,0.996,402000,305000,3439000
202610,108,9854000,9854000,6489000,1411000,9452000,6818000,6656000,402000,4.08,167000,1.026,402000,295000,3365000
202611,108,9854000,9854000,7422000,974000,9452000,7247000,7239000,402000,4.08,-183000,0.975,402000,323000,2432000
202612,108,9854000,9854000,7868000,816000,9452000,7691000,7643000,402000,4.08,-225000,0.971,402000,328000,1986000
202501,109,6366000,6366000,0,2201000,7000000,0,0,-634000,-9.96,0,1.0,-634000,0,6366000
202502,109,6366000,6366000,27000,2198000,7000000,28000,23000,-634000,-9.96,-4000,0.869,-634000,13000,6339000
202503,109,6366000,6366000,264000,2892000,7000000,315000,254000,-634000,-9.96,-10000,0.962,-634000,88000,6102000
202504,109,6366000,6366000,492000,3552000,7000000,593000,480000,-634000,-9.96,-12000,0.975,-634000,123000,5874000
202505,109,6366000,6366000,827000,1795000,7000000,880000,711000,-634000,-9.96,-115000,0.861,-634000,165000,5539000
202506,109,6366000,6366000,1059000,2535000,7000000,1158000,928000,-634000,-9.96,-131000,0.876,-634000,176000,5307000
202507,109,6366000,6366000,1294000,2142000,7000000,1446000,1136000,-634000,-9.96,-158000,0.878,-634000,185000,5072000
202508,109,6366000,6366000,1394000,2094000,7000000,1733000,1360000,-634000,-9.96,-34000,0.976,-634000,174000,4972000
202509,109,6366000,6366000,1664000,1373000,7000000,2011000,1579000,-634000,-9.96,-85000,0.949,-634000,185000,4702000
202510,109,6366000,6366000,2008000,2666000,7000000,2298000,1849000,-634000,-9.96,-159000,0.921,-634000,201000,4358000
202511,109,6366000,6366000,2220000,2555000,7000000,2576000,2083000,-634000,-9.96,-137000,0.938,-634000,202000,4146000
202512,109,6366000,6366000,2356000,1342000,7000000,2863000,2221000,-634000,-9.96,-135000,0.943,-634000,196000,4010000
202601,109,6366000,6557000,2522000,1406000,7000000,3151000,2445000,-443000,-6.76,-77000,0.97,-443000,194000,4035000
202602,109,6366000,6557000,2961000,1113000,7000000,3410000,2733000,-443000,-6.76,-228000,0.923,-443000,212000,3596000
202603,109,6366000,6557000,3225000,1834000,7000000,3697000,2884000,-443000,-6.76,-340000,0.894,-443000,215000,3332000
202604,109,6366000,6557000,3440000,1713000,7000000,3975000,3048000,-443000,-6.76,-392000,0.886,-443000,215000,3117000
202605,109,6366000,6557000,3620000,1278000,7000000,4263000,3213000,-443000,-6.76,-407000,0.888,-443000,213000,2937000
202606,109,6366000,6557000,3517000,1576000,7000000,4541000,3439000,-443000,-6.76,-78000,0.978,-443000,195000,3040000
202607,109,6366000,6557000,3846000,1613000,7000000,4828000,3611000,-443000,-6.76,-235000,0.939,-443000,202000,2711000
202608,109,6366000,6557000,4190000,1252000,7000000,5115000,3893000,-443000,-6.76,-297000,0.929,-443000,210000,2367000
202609,109,6366000,6557000,4463000,1151000,7000000,5393000,4207000,-443000,-6.76,-257000,0.942,-443000,213000,2094000
202610,109,6366000,6557000,4853000,858000,7000000,5680000,4449000,-443000,-6.76,-404000,0.917,-443000,221000,1704000
202611,109,6366000,6557000,4551000,1325000,7000000,5958000,4423000,-443000,-6.76,-128000,0.972,-443000,198000,2006000
202612,109,6366000,6557000,5515000,467000,7000000,6246000,4747000,-443000,-6.76,-768000,0.861,-443000,230000,1042000
202501,110,19944000,19944000,0,6241000,21631000,0,0,-1687000,-8.46,0,1.0,-1687000,0,19944000
202502,110,19944000,19944000,0,11534000,21631000,0,0,-1687000,-8.46,0,1.0,-1687000,0,19944000
202503,110,19944000,19944000,0,5480000,21631000,0,0,-1687000,-8.46,0,1.0,-1687000,0,19944000
202504,110,19944000,19944000,0,6643000,21631000,0,0,-1687000,-8.46,0,1.0,-1687000,0,19944000
202505,110,19944000,19944000,0,10739000,21631000,0,0,-1687000,-8.46,0,1.0,-1687000,0,19944000
202506,110,19944000,19944000,0,10530000,21631000,0,0,-1687000,-8.46,0,1.0,-1687000,0,19944000
202507,110,19944000,19944000,0,8377000,21631000,0,0,-1687000,-8.46,0,1.0,-1687000,0,19944000
202508,110,19944000,19944000,0,11567000,21631000,0,0,-1687000,-8.46,0,1.0,-1687000,0,19944000
202509,110,19944000,19944000,0,5526000,21631000,0,0,-1687000,-8.46,0,1.0,-1687000,0,19944000
202510,110,19944000,19944000,0,10791000,21631000,0,0,-1687000,-8.46,0,1.0,-1687000,0,19944000
202511,110,19944000,19944000,0,7886000,21631000,0,0,-1687000,-8.46,0,1.0,-1687000,0,19944000
202512,110,19944000,19944000,0,9533000,21631000,0,0,-1687000,-8.46,0,1.0,-1687000,0,19944000
202601,110,19944000,19944000,0,6217000,21631000,0,0,-1687000,-8.46,0,1.0,-1687000,0,19944000
202602,110,19944000,19944000,729000,6849000,21631000,710000,646000,-1687000,-8.46,-84000,0.885,-1687000,52000,19215000
202603,110,19944000,19944000,1684000,6719000,21631000,1627000,1489000,-1687000,-8.46,-195000,0.884,-1687000,112000,18260000
202604,110,19944000,19944000,2597000,7558000,21631000,2515000,2331000,-1687000,-8.46,-266000,0.898,-1687000,162000,17347000
202605,110,19944000,19944000,3560000,4885000,21631000,3432000,3268000,-1687000,-8.46,-292000,0.918,-1687000,209000,16384000
202606,110,19944000,19944000,4550000,9340000,21631000,4320000,4183000,-1687000,-8.46,-368000,0.919,-1687000,253000,15394000
202607,110,19944000,19944000,5678000,4529000,21631000,5238000,5185000,-1687000,-8.46,-493000,0.913,-1687000,299000,14266000
202608,110,19944000,19944000,6579000,6896000,21631000,6155000,6093000,-1687000,-8.46,-485000,0.926,-1687000,329000,13365000
202609,110,19944000,19944000,7532000,7542000,21631000,7043000,6972000,-1687000,-8.46,-560000,0.926,-1687000,359000,12412000
202610,110,19944000,19944000,8233000,5099000,21631000,7960000,7880000,-1687000,-8.46,-352000,0.957,-1687000,374000,11711000
202611,110,19944000,19944000,9281000,6170000,21631000,8848000,8759000,-1687000,-8.46,-522000,0.944,-1687000,404000,10663000
202612,110,19944000,19944000,10034000,2937000,21631000,9765000,9667000,-1687000,-8.46,-367000,0.963,-1687000,418000,9910000
202501,111,7086000,7086000,3288000,1727000,7227000,3215000,3194000,-141000,-2.0,-94000,0.971,-141000,3288000,3798000
202502,111,7086000,7086000,3751000,1779000,7227000,3771000,3762000,-141000,-2.0,10000,1.003,-141000,1876000,3335000
202503,111,7086000,7086000,4226000,1365000,7227000,4387000,4296000,-141000,-2.0,69000,1.016,-141000,1409000,2860000
202504,111,7086000,7086000,4676000,809000,7227000,4982000,4942000,-141000,-2.0,267000,1.057,-141000,1169000,2410000
202505,111,7086000,7086000,5383000,479000,7227000,5597000,5667000,-141000,-2.0,284000,1.053,-141000,1077000,1703000
202506,111,7086000,7086000,6103000,311000,7227000,6193000,6211000,-141000,-2.0,107000,1.018,-141000,1017000,983000
202507,111,7086000,7086000,6297000,245000,7227000,6808000,6677000,-141000,-2.0,380000,1.06,-141000,900000,789000
202508,111,7086000,7086000,7028000,64000,7227000,7086000,7193000,-141000,-2.0,165000,1.023,-141000,879000,58000
202509,111,7086000,7086000,6871000,147000,7227000,7086000,6956000,-141000,-2.0,84000,1.012,-141000,763000,215000
202510,111,7086000,7086000,7039000,76000,7227000,7086000,7200000,-141000,-2.0,161000,1.023,-141000,704000,47000
202511,111,7086000,7086000,6961000,91000,7227000,7086000,6936000,-141000,-2.0,-25000,0.996,-141000,633000,125000
202512,111,7086000,7086000,6662000,178000,7227000,7086000,7023000,-141000,-2.0,361000,1.054,-141000,555000,424000
202601,111,7086000,7086000,7257000,0,7257000,7086000,7060000,-171000,-2.41,-197000,0.973,-171000,558000,-171000
202602,111,7086000,7086000,7132000,28000,7227000,7086000,7076000,-141000,-2.0,-56000,0.992,-141000,509000,-46000
202603,111,7086000,7086000,6872000,164000,7227000,7086000,6890000,-141000,-2.0,18000,1.003,-141000,458000,214000
202604,111,7086000,7086000,6609000,188000,7227000,7086000,7028000,-141000,-2.0,419000,1.063,-141000,413000,477000
202605,111,7086000,7086000,7157000,35000,7227000,7086000,7070000,-141000,-2.0,-87000,0.988,-141000,421000,-71000
202606,111,7086000,7086000,6998000,124000,7227000,7086000,6892000,-141000,-2.0,-107000,0.985,-141000,389000,88000
202607,111,7086000,7086000,6782000,151000,7227000,7086000,6989000,-141000,-2.0,208000,1.031,-141000,357000,304000
202608,111,7086000,7086000,7147000,39000,7227000,7086000,6940000,-141000,-2.0,-207000,0.971,-141000,357000,-61000
202609,111,7086000,7086000,6934000,114000,7227000,7086000,6917000,-141000,-2.0,-17000,0.998,-141000,330000,152000
202610,111,7086000,7086000,6877000,139000,7227000,7086000,7048000,-141000,-2.0,171000,1.025,-141000,313000,209000
202611,111,7086000,7086000,6631000,153000,7227000,7086000,6933000,-141000,-2.0,303000,1.046,-141000,288000,455000
202612,111,7086000,7086000,7048000,86000,7227000,7086000,6888000,-141000,-2.0,-160000,0.977,-141000,294000,38000
202501,112,1264000,1264000,0,539000,1193000,0,0,71000,5.62,0,1.0,71000,0,1264000
202502,112,1264000,1264000,0,446000,1193000,0,0,71000,5.62,0,1.0,71000,0,1264000
202503,112,1264000,1264000,0,404000,1193000,0,0,71000,5.62,0,1.0,71000,0,1264000
202504,112,1264000,1264000,0,506000,1193000,0,0,71000,5.62,0,1.0,71000,0,1264000
202505,112,1264000,1264000,0,361000,1193000,0,0,71000,5.62,0,1.0,71000,0,1264000
202506,112,1264000,1264000,0,632000,1193000,0,0,71000,5.62,0,1.0,71000,0,1264000
202507,112,1264000,1264000,90000,394000,1193000,88000,88000,71000,5.62,-2000,0.977,71000,13000,1174000
202508,112,1264000,1264000,197000,416000,1193000,213000,209000,71000,5.62,13000,1.065,71000,25000,1067000
202509,112,1264000,1264000,331000,410000,1193000,333000,343000,71000,5.62,12000,1.036,71000,37000,933000
202510,112,1264000,1264000,432000,418000,1193000,457000,462000,71000,5.62,30000,1.069,71000,43000,832000
202511,112,1264000,1264000,561000,217000,1193000,578000,575000,71000,5.62,15000,1.026,71000,51000,703000
202512,112,1264000,1264000,719000,183000,1193000,702000,701000,71000,5.62,-18000,0.975,71000,60000,545000
202601,112,1264000,1264000,822000,188000,1193000,827000,840000,71000,5.62,18000,1.022,71000,63000,442000
202602,112,1264000,1264000,918000,94000,1193000,939000,937000,71000,5.62,19000,1.021,71000,66000,346000
202603,112,1264000,1264000,1093000,32000,1193000,1063000,1062000,71000,5.62,-30000,0.972,71000,73000,171000
202604,112,1264000,1264000,1157000,10000,1193000,1184000,1168000,71000,5.62,11000,1.009,71000,72000,107000
202605,112,1264000,1264000,1253000,0,1253000,1264000,1288000,11000,0.9,36000,1.028,11000,74000,11000
202606,112,1264000,1264000,1209000,0,1209000,1264000,1280000,55000,4.37,71000,1.059,55000,67000,55000
202607,112,1264000,1264000,1253000,0,1253000,1264000,1243000,11000,0.9,-9000,0.993,11000,66000,11000
202608,112,1264000,1264000,1216000,0,1216000,1264000,1288000,48000,3.83,72000,1.06,48000,61000,48000
202609,112,1264000,1264000,1253000,0,1253000,1264000,1261000,11000,0.9,9000,1.007,11000,60000,11000
202610,112,1264000,1264000,1216000,0,1216000,1264000,1257000,48000,3.77,41000,1.033,48000,55000,48000
202611,112,1264000,1264000,1253000,0,1253000,1264000,1253000,11000,0.9,1000,1.001,11000,54000,11000
202612,112,1264000,1264000,1253000,0,1253000,1264000,1291000,11000,0.9,38000,1.031,11000,52000,11000
202501,113,4801000,4801000,3340000,599000,4578000,3563000,3552000,223000,4.64,212000,1.064,223000,3340000,1461000
202502,113,4801000,4801000,3757000,286000,4578000,4038000,4015000,223000,4.64,258000,1.069,223000,1878000,1044000
202503,113,4801000,4801000,4344000,90000,4578000,4563000,4501000,223000,4.64,157000,1.036,223000,1448000,457000
202504,113,4801000,4801000,4549000,10000,4578000,4801000,4720000,223000,4.64,172000,1.038,223000,1137000,252000
202505,113,4801000,4801000,4522000,28000,4578000,4801000,4784000,223000,4.64,262000,1.058,223000,904000,279000
202506,113,4801000,4801000,4710000,0,4710000,4801000,4653000,91000,1.9,-57000,0.988,91000,785000,91000
202507,113,4801000,4801000,4506000,23000,4578000,4801000,4744000,223000,4.64,238000,1.053,223000,644000,295000
202508,113,4801000,4801000,4606000,0,4606000,4801000,4768000,195000,4.07,162000,1.035,195000,576000,195000
202509,113,4801000,4801000,4580000,0,4580000,4801000,4682000,221000,4.6,102000,1.022,221000,509000,221000
202510,113,4801000,4801000,4792000,0,4792000,4801000,4828000,9000,0.19,36000,1.008,9000,479000,9000
202511,113,4801000,4801000,4680000,0,4680000,4801000,4691000,121000,2.52,11000,1.002,121000,425000,121000
202512,113,4801000,4801000,4309000,69000,4578000,4801000,4599000,223000,4.64,290000,1.067,223000,359000,492000
202601,113,4801000,4801000,4642000,0,4642000,4801000,4616000,159000,3.32,-25000,0.995,159000,357000,159000
202602,113,4801000,4801000,4745000,0,4745000,4801000,4668000,56000,1.17,-77000,0.984,56000,339000,56000
202603,113,4801000,4801000,4520000,30000,4578000,4801000,4753000,223000,4.64,233000,1.052,223000,301000,281000
202604,113,4801000,4801000,4340000,87000,4578000,4801000,4621000,223000,4.64,280000,1.065,223000,271000,461000
202605,113,4801000,4801000,4675000,0,4675000,4801000,4694000,126000,2.63,20000,1.004,126000,275000,126000
202606,113,4801000,4801000,4738000,0,4738000,4801000,4765000,63000,1.32,27000,1.006,63000,263000,63000
202607,113,4801000,4801000,4453000,42000,4578000,4801000,4704000,223000,4.64,252000,1.057,223000,234000,348000
202608,113,4801000,4801000,4394000,59000,4578000,4801000,4669000,223000,4.64,275000,1.063,223000,220000,407000
202609,113,4801000,4801000,4509000,20000,4578000,4801000,4630000,223000,4.64,121000,1.027,223000,215000,292000
202610,113,4801000,4801000,4564000,5000,4578000,4801000,4681000,223000,4.64,117000,1.026,223000,207000,237000
202611,113,4801000,4801000,4807000,0,4807000,4801000,4735000,-6000,-0.13,-72000,0.985,-6000,209000,-6000
202612,113,4801000,4801000,4566000,5000,4578000,4801000,4662000,223000,4.64,96000,1.021,223000,190000,235000
202501,114,20168000,20168000,0,12016000,22310000,0,0,-2142000,-10.62,0,1.0,-2142000,0,20168000
202502,114,20168000,20168000,0,10552000,22310000,0,0,-2142000,-10.62,0,1.0,-2142000,0,20168000
202503,114,20168000,20168000,0,7849000,22310000,0,0,-2142000,-10.62,0,1.0,-2142000,0,20168000
202504,114,20168000,20168000,0,9134000,22310000,0,0,-2142000,-10.62,0,1.0,-2142000,0,20168000
202505,114,20168000,20168000,0,8736000,22310000,0,0,-2142000,-10.62,0,1.0,-2142000,0,20168000
202506,114,20168000,20168000,0,6156000,22310000,0,0,-2142000,-10.62,0,1.0,-2142000,0,20168000
202507,114,20168000,20168000,0,11269000,22310000,0,0,-2142000,-10.62,0,1.0,-2142000,0,20168000
202508,114,20168000,20168000,0,11413000,22310000,0,0,-2142000,-10.62,0,1.0,-2142000,0,20168000
202509,114,20168000,20168000,0,6775000,22310000,0,0,-2142000,-10.62,0,1.0,-2142000,0,20168000
202510,114,20168000,20168000,0,6363000,22310000,0,0,-2142000,-10.62,0,1.0,-2142000,0,20168000
202511,114,20168000,20168000,0,6202000,22310000,0,0,-2142000,-10.62,0,1.0,-2142000,0,20168000
202512,114,20168000,20168000,0,10451000,22310000,0,0,-2142000,-10.62,0,1.0,-2142000,0,20168000
202601,114,20168000,20773000,3628000,7546000,22310000,3135000,3037000,-1537000,-7.4,-590000,0.837,-1537000,279000,17145000
202602,114,20168000,20773000,6870000,5357000,22310000,6061000,5917000,-1537000,-7.4,-954000,0.861,-1537000,491000,13903000
202603,114,20168000,20773000,11509000,4243000,22310000,9300000,9045000,-1537000,-7.4,-2464000,0.786,-1537000,767000,9264000
202604,114,20168000,20773000,14216000,2658000,22310000,12435000,11972000,-1537000,-7.4,-2244000,0.842,-1537000,889000,6557000
202605,114,20168000,20773000,17599000,2541000,22310000,15675000,14799000,-1537000,-7.4,-2800000,0.841,-1537000,1035000,3175000
202606,114,20168000,20773000,20043000,1039000,22310000,18810000,18104000,-1537000,-7.4,-1939000,0.903,-1537000,1113000,730000
202607,114,20168000,20773000,23425000,0,23425000,20168000,19056000,-2652000,-12.77,-4370000,0.813,-2652000,1233000,-2652000
202608,114,20168000,20773000,23425000,0,23425000,20168000,19808000,-2652000,-12.77,-3617000,0.846,-2652000,1171000,-2652000
202609,114,20168000,20773000,23425000,0,23425000,20168000,19646000,-2652000,-12.77,-3780000,0.839,-2652000,1115000,-2652000
202610,114,20168000,20773000,22960000,0,22960000,20168000,19098000,-2187000,-10.53,-3862000,0.832,-2187000,1044000,-2187000
202611,114,20168000,20773000,22875000,0,22875000,20168000,19701000,-2102000,-10.12,-3174000,0.861,-2102000,995000,-2102000
202612,114,20168000,20773000,21013000,621000,22310000,20168000,19022000,-1537000,-7.4,-1991000,0.905,-1537000,876000,-240000
202501,115,3492000,3492000,1037000,1085000,3716000,1348000,952000,-224000,-6.41,-86000,0.917,-224000,1037000,2455000
202502,115,3492000,3492000,1182000,875000,3716000,1490000,1045000,-224000,-6.41,-137000,0.884,-224000,591000,2310000
202503,115,3492000,3492000,1214000,869000,3716000,1647000,1137000,-224000,-6.41,-77000,0.937,-224000,405000,2278000
202504,115,3492000,3492000,1331000,689000,3716000,1799000,1233000,-224000,-6.41,-98000,0.927,-224000,333000,2161000
202505,115,3492000,3492000,1484000,1106000,3716000,1956000,1346000,-224000,-6.41,-138000,0.907,-224000,297000,2008000
202506,115,3492000,3492000,1555000,779000,3716000,2108000,1496000,-224000,-6.41,-60000,0.962,-224000,259000,1937000
202507,115,3492000,3492000,1602000,1102000,3716000,2265000,1552000,-224000,-6.41,-50000,0.969,-224000,229000,1890000
202508,115,3492000,3492000,1786000,507000,3716000,2423000,1643000,-224000,-6.41,-143000,0.92,-224000,223000,1706000
202509,115,3492000,3492000,1984000,925000,3716000,2575000,1795000,-224000,-6.41,-189000,0.905,-224000,220000,1508000
202510,115,3492000,3492000,1935000,502000,3716000,2732000,1886000,-224000,-6.41,-49000,0.974,-224000,194000,1557000
202511,115,3492000,3492000,2300000,564000,3716000,2884000,2048000,-224000,-6.41,-252000,0.89,-224000,209000,1192000
202512,115,3492000,3492000,2072000,840000,3716000,3041000,2003000,-224000,-6.41,-70000,0.966,-224000,173000,1420000
202601,115,3492000,3597000,2527000,646000,3716000,3198000,2226000,-119000,-3.31,-301000,0.881,-119000,194000,1069000
202602,115,3492000,3597000,2265000,554000,3716000,3340000,2174000,-119000,-3.31,-92000,0.96,-119000,162000,1331000
202603,115,3492000,3597000,2540000,352000,3716000,3492000,2289000,-119000,-3.31,-251000,0.901,-119000,169000,1057000
202604,115,3492000,3597000,2513000,428000,3716000,3492000,2246000,-119000,-3.31,-266000,0.894,-119000,157000,1084000
202605,115,3492000,3597000,2479000,664000,3716000,3492000,2348000,-119000,-3.31,-131000,0.947,-119000,146000,1118000
202606,115,3492000,3597000,2477000,347000,3716000,3492000,2252000,-119000,-3.31,-226000,0.909,-119000,138000,1119000
202607,115,3492000,3597000,2581000,286000,3716000,3492000,2279000,-119000,-3.31,-302000,0.883,-119000,136000,1016000
202608,115,3492000,3597000,2428000,664000,3716000,3492000,2357000,-119000,-3.31,-70000,0.971,-119000,121000,1169000
202609,115,3492000,3597000,2723000,376000,3716000,3492000,2343000,-119000,-3.31,-380000,0.861,-119000,130000,874000
202610,115,3492000,3597000,2535000,348000,3716000,3492000,2273000,-119000,-3.31,-261000,0.897,-119000,115000,1062000
202611,115,3492000,3597000,2567000,394000,3716000,3492000,2224000,-119000,-3.31,-343000,0.866,-119000,112000,1030000
202612,115,3492000,3597000,2523000,524000,3716000,3492000,2286000,-119000,-3.31,-236000,0.906,-119000,105000,1074000
202501,116,9800000,9800000,8905000,248000,9442000,9800000,9336000,358000,3.65,431000,1.048,358000,8905000,895000
202502,116,9800000,9800000,9698000,0,9698000,9800000,9544000,102000,1.04,-154000,0.984,102000,4849000,102000
202503,116,9800000,9800000,9163000,100000,9442000,9800000,9529000,358000,3.65,366000,1.04,358000,3054000,637000
202504,116,9800000,9800000,9269000,65000,9442000,9800000,9438000,358000,3.65,169000,1.018,358000,2317000,531000
202505,116,9800000,9800000,8787000,351000,9442000,9800000,9242000,358000,3.65,456000,1.052,358000,1757000,1013000
202506,116,9800000,9800000,9057000,193000,9442000,9800000,9569000,358000,3.65,512000,1.057,358000,1509000,743000
202507,116,9800000,9800000,9369000,22000,9442000,9800000,9309000,358000,3.65,-60000,0.994,358000,1338000,431000
202508,116,9800000,9800000,9756000,0,9756000,9800000,9626000,44000,0.45,-130000,0.987,44000,1220000,44000
202509,116,9800000,9800000,9696000,0,9696000,9800000,9776000,104000,1.07,81000,1.008,104000,1077000,104000
202510,116,9800000,9800000,9488000,0,9488000,9800000,9509000,312000,3.18,21000,1.002,312000,949000,312000
202511,116,9800000,9800000,8848000,304000,9442000,9800000,9339000,358000,3.65,491000,1.056,358000,804000,952000
202512,116,9800000,9800000,8985000,232000,9442000,9800000,9383000,358000,3.65,399000,1.044,358000,749000,815000
202601,116,9800000,9800000,9731000,0,9731000,9800000,9616000,69000,0.71,-115000,0.988,69000,749000,69000
202602,116,9800000,9800000,8997000,200000,9442000,9800000,9543000,358000,3.65,546000,1.061,358000,643000,803000
202603,116,9800000,9800000,9782000,0,9782000,9800000,9610000,18000,0.18,-173000,0.982,18000,652000,18000
202604,116,9800000,9800000,9002000,160000,9442000,9800000,9607000,358000,3.65,606000,1.067,358000,563000,798000
202605,116,9800000,9800000,8708000,398000,9442000,9800000,9292000,358000,3.65,585000,1.067,358000,512000,1092000
202606,116,9800000,9800000,9103000,114000,9442000,9800000,9482000,358000,3.65,380000,1.042,358000,506000,697000
202607,116,9800000,9800000,9513000,0,9513000,9800000,9440000,287000,2.93,-72000,0.992,287000,501000,287000
202608,116,9800000,9800000,9858000,0,9858000,9800000,9667000,-58000,-0.6,-191000,0.981,-58000,493000,-58000
202609,116,9800000,9800000,8967000,122000,9442000,9800000,9272000,358000,3.65,306000,1.034,358000,427000,833000
202610,116,9800000,9800000,9341000,32000,9442000,9800000,9258000,358000,3.65,-83000,0.991,358000,425000,459000
202611,116,9800000,9800000,9056000,128000,9442000,9800000,9616000,358000,3.65,560000,1.062,358000,394000,744000
202612,116,9800000,9800000,9138000,125000,9442000,9800000,9569000,358000,3.65,432000,1.047,358000,381000,662000
202501,117,5627000,5627000,0,2755000,5381000,0,0,246000,4.38,0,1.0,246000,0,5627000
202502,117,5627000,5627000,101000,2718000,5381000,100000,99000,246000,4.38,-3000,0.974,246000,51000,5526000
202503,117,5627000,5627000,430000,1777000,5381000,447000,437000,246000,4.38,7000,1.016,246000,143000,5197000
202504,117,5627000,5627000,761000,1595000,5381000,782000,767000,246000,4.38,5000,1.007,246000,190000,4866000
202505,117,5627000,5627000,1056000,2197000,5381000,1128000,1099000,246000,4.38,43000,1.04,246000,211000,4571000
202506,117,5627000,5627000,1457000,1651000,5381000,1463000,1488000,246000,4.38,31000,1.021,246000,243000,4170000
202507,117,5627000,5627000,1832000,1464000,5381000,1809000,1833000,246000,4.38,1000,1.0,246000,262000,3795000
202508,117,5627000,5627000,1988000,1525000,5381000,2155000,2103000,246000,4.38,116000,1.058,246000,248000,3639000
202509,117,5627000,5627000,2354000,1524000,5381000,2490000,2516000,246000,4.38,162000,1.069,246000,262000,3273000
202510,117,5627000,5627000,2899000,1208000,5381000,2836000,2898000,246000,4.38,-1000,0.999,246000,290000,2728000
202511,117,5627000,5627000,3188000,705000,5381000,3171000,3186000,246000,4.38,-2000,0.999,246000,290000,2439000
202512,117,5627000,5627000,3487000,637000,5381000,3517000,3594000,246000,4.38,108000,1.031,246000,291000,2140000
202601,117,5627000,5627000,3877000,519000,5381000,3863000,3789000,246000,4.38,-89000,0.977,246000,298000,1750000
202602,117,5627000,5627000,4198000,296000,5381000,4176000,4159000,246000,4.38,-39000,0.991,246000,300000,1429000
202603,117,5627000,5627000,4345000,461000,5381000,4522000,4573000,246000,4.38,228000,1.052,246000,290000,1282000
202604,117,5627000,5627000,4472000,276000,5381000,4857000,4781000,246000,4.38,309000,1.069,246000,280000,1155000
202605,117,5627000,5627000,4946000,160000,5381000,5203000,5210000,246000,4.38,264000,1.053,246000,291000,681000
202606,117,5627000,5627000,5416000,0,5416000,5538000,5601000,211000,3.75,185000,1.034,211000,301000,211000
202607,117,5627000,5627000,5642000,0,5642000,5627000,5760000,-15000,-0.27,118000,1.021,-15000,297000,-15000
202608,117,5627000,5627000,5464000,0,5464000,5627000,5746000,163000,2.89,281000,1.051,163000,273000,163000
202609,117,5627000,5627000,5416000,0,5416000,5627000,5527000,211000,3.76,111000,1.021,211000,258000,211000
202610,117,5627000,5627000,5316000,27000,5381000,5627000,5538000,246000,4.38,222000,1.042,246000,242000,311000
202611,117,5627000,5627000,5650000,0,5650000,5627000,5754000,-23000,-0.4,104000,1.018,-23000,246000,-23000
202612,117,5627000,5627000,5416000,0,5416000,5627000,5551000,211000,3.74,134000,1.025,211000,226000,211000
202501,118,3335000,3335000,0,1647000,3641000,0,0,-306000,-9.18,0,1.0,-306000,0,3335000
202502,118,3335000,3335000,0,1920000,3641000,0,0,-306000,-9.18,0,1.0,-306000,0,3335000
202503,118,3335000,3335000,0,1068000,3641000,0,0,-306000,-9.18,0,1.0,-306000,0,3335000
202504,118,3335000,3335000,0,1951000,3641000,0,0,-306000,-9.18,0,1.0,-306000,0,3335000
202505,118,3335000,3335000,0,1839000,3641000,0,0,-306000,-9.18,0,1.0,-306000,0,3335000
202506,118,3335000,3335000,0,923000,3641000,0,0,-306000,-9.18,0,1.0,-306000,0,3335000
202507,118,3335000,3335000,0,1868000,3641000,0,0,-306000,-9.18,0,1.0,-306000,0,3335000
202508,118,3335000,3335000,0,1643000,3641000,0,0,-306000,-9.18,0,1.0,-306000,0,3335000
202509,118,3335000,3335000,0,1990000,3641000,0,0,-306000,-9.18,0,1.0,-306000,0,3335000
202510,118,3335000,3335000,0,1194000,3641000,0,0,-306000,-9.18,0,1.0,-306000,0,3335000
202511,118,3335000,3335000,0,1833000,3641000,0,0,-306000,-9.18,0,1.0,-306000,0,3335000
202512,118,3335000,3335000,0,1020000,3641000,0,0,-306000,-9.18,0,1.0,-306000,0,3335000
202601,118,3335000,3435000,135000,1282000,3641000,166000,131000,-206000,-6.0,-4000,0.968,-206000,10000,3300000
202602,118,3335000,3435000,259000,1083000,3641000,322000,248000,-206000,-6.0,-12000,0.955,-206000,19000,3176000
202603,118,3335000,3435000,428000,1410000,3641000,494000,379000,-206000,-6.0,-49000,0.887,-206000,29000,3007000
202604,118,3335000,3435000,539000,1538000,3641000,660000,513000,-206000,-6.0,-25000,0.953,-206000,34000,2897000
202605,118,3335000,3435000,691000,1473000,3641000,832000,639000,-206000,-6.0,-52000,0.925,-206000,41000,2744000
202606,118,3335000,3435000,887000,808000,3641000,999000,796000,-206000,-6.0,-91000,0.898,-206000,49000,2548000
202607,118,3335000,3435000,955000,1163000,3641000,1171000,909000,-206000,-6.0,-46000,0.952,-206000,50000,2480000
202608,118,3335000,3435000,1169000,823000,3641000,1343000,1029000,-206000,-6.0,-139000,0.881,-206000,58000,2266000
202609,118,3335000,3435000,1295000,1140000,3641000,1509000,1146000,-206000,-6.0,-149000,0.885,-206000,62000,2140000
202610,118,3335000,3435000,1369000,650000,3641000,1681000,1292000,-206000,-6.0,-77000,0.944,-206000,62000,2066000
202611,118,3335000,3435000,1627000,531000,3641000,1848000,1443000,-206000,-6.0,-184000,0.887,-206000,71000,1808000
202612,118,3335000,3435000,1829000,914000,3641000,2020000,1590000,-206000,-6.0,-239000,0.869,-206000,76000,1606000
202501,119,4983000,4983000,0,2275000,4704000,0,0,279000,5.6,0,1.0,279000,0,4983000
202502,119,4983000,4983000,0,2040000,4704000,0,0,279000,5.6,0,1.0,279000,0,4983000
202503,119,4983000,4983000,0,2410000,4704000,0,0,279000,5.6,0,1.0,279000,0,4983000
202504,119,4983000,4983000,0,1439000,4704000,0,0,279000,5.6,0,1.0,279000,0,4983000
202505,119,4983000,4983000,0,1995000,4704000,0,0,279000,5.6,0,1.0,279000,0,4983000
202506,119,4983000,4983000,263000,2110000,4704000,258000,261000,279000,5.6,-2000,0.994,279000,44000,4720000
202507,119,4983000,4983000,589000,2181000,4704000,565000,575000,279000,5.6,-14000,0.976,279000,84000,4394000
202508,119,4983000,4983000,840000,1111000,4704000,872000,877000,279000,5.6,38000,1.045,279000,105000,4143000
202509,119,4983000,4983000,1123000,1301000,4704000,1169000,1183000,279000,5.6,60000,1.054,279000,125000,3860000
202510,119,4983000,4983000,1557000,1550000,4704000,1476000,1545000,279000,5.6,-12000,0.992,279000,156000,3426000
202511,119,4983000,4983000,1738000,1304000,4704000,1773000,1835000,279000,5.6,97000,1.056,279000,158000,3245000
202512,119,4983000,4983000,1999000,879000,4704000,2080000,2101000,279000,5.6,102000,1.051,279000,167000,2984000
202601,119,4983000,4983000,2446000,710000,4704000,2387000,2477000,279000,5.6,31000,1.013,279000,188000,2537000
202602,119,4983000,4983000,2665000,633000,4704000,2665000,2775000,279000,5.6,110000,1.041,279000,190000,2318000
202603,119,4983000,4983000,2885000,963000,4704000,2972000,2968000,279000,5.6,83000,1.029,279000,192000,2098000
202604,119,4983000,4983000,3286000,375000,4704000,3269000,3373000,279000,5.6,87000,1.026,279000,205000,1697000
202605,119,4983000,4983000,3680000,263000,4704000,3576000,3705000,279000,5.6,25000,1.007,279000,216000,1303000
202606,119,4983000,4983000,3906000,348000,4704000,3873000,4021000,279000,5.6,115000,1.029,279000,217000,1077000
202607,119,4983000,4983000,4160000,267000,4704000,4181000,4195000,279000,5.6,35000,1.008,279000,219000,823000
202608,119,4983000,4983000,4494000,112000,4704000,4488000,4559000,279000,5.6,65000,1.014,279000,225000,489000
202609,119,4983000,4983000,4731000,0,4731000,4785000,4961000,252000,5.07,230000,1.049,252000,225000,252000
202610,119,4983000,4983000,4939000,0,4939000,4983000,4988000,44000,0.88,49000,1.01,44000,225000,44000
202611,119,4983000,4983000,4939000,0,4939000,4983000,5069000,44000,0.88,130000,1.026,44000,215000,44000
202612,119,4983000,4983000,4939000,0,4939000,4983000,5053000,44000,0.88,114000,1.023,44000,206000,44000
202501,120,1406000,1406000,0,445000,1394000,0,0,12000,0.89,0,1.0,12000,0,1406000
202502,120,1406000,1406000,0,494000,1394000,0,0,12000,0.89,0,1.0,12000,0,1406000
202503,120,1406000,1406000,0,541000,1394000,0,0,12000,0.89,0,1.0,12000,0,1406000
202504,120,1406000,1406000,0,728000,1394000,0,0,12000,0.89,0,1.0,12000,0,1406000
202505,120,1406000,1406000,0,487000,1394000,0,0,12000,0.89,0,1.0,12000,0,1406000
202506,120,1406000,1406000,0,467000,1394000,0,0,12000,0.89,0,1.0,12000,0,1406000
202507,120,1406000,1406000,0,650000,1394000,0,0,12000,0.89,0,1.0,12000,0,1406000
202508,120,1406000,1406000,0,679000,1394000,0,0,12000,0.89,0,1.0,12000,0,1406000
202509,120,1406000,1406000,0,765000,1394000,0,0,12000,0.89,0,1.0,12000,0,1406000
202510,120,1406000,1406000,0,487000,1394000,0,0,12000,0.89,0,1.0,12000,0,1406000
202511,120,1406000,1406000,0,659000,1394000,0,0,12000,0.89,0,1.0,12000,0,1406000
202512,120,1406000,1406000,0,649000,1394000,0,0,12000,0.89,0,1.0,12000,0,1406000
202601,120,1406000,1406000,0,690000,1394000,0,0,12000,0.89,0,1.0,12000,0,1406000
202602,120,1406000,1406000,16000,569000,1394000,18000,17000,12000,0.89,1000,1.065,12000,1000,1390000
202603,120,1406000,1406000,63000,423000,1394000,65000,65000,12000,0.89,2000,1.026,12000,4000,1343000
202604,120,1406000,1406000,101000,573000,1394000,111000,106000,12000,0.89,6000,1.058,12000,6000,1305000
202605,120,1406000,1406000,147000,438000,1394000,158000,154000,12000,0.89,7000,1.051,12000,9000,1259000
202606,120,1406000,1406000,192000,595000,1394000,203000,196000,12000,0.89,4000,1.018,12000,11000,1214000
202607,120,1406000,1406000,243000,298000,1394000,250000,240000,12000,0.89,-3000,0.99,12000,13000,1163000
202608,120,1406000,1406000,278000,290000,1394000,297000,292000,12000,0.89,14000,1.052,12000,14000,1128000
202609,120,1406000,1406000,328000,345000,1394000,342000,339000,12000,0.89,11000,1.035,12000,16000,1078000
202610,120,1406000,1406000,379000,469000,1394000,389000,376000,12000,0.89,-3000,0.993,12000,17000,1027000
202611,120,1406000,1406000,421000,323000,1394000,435000,430000,12000,0.89,9000,1.02,12000,18000,985000
202612,120,1406000,1406000,453000,310000,1394000,482000,468000,12000,0.89,15000,1.034,12000,19000,953000
202501,121,500000,500000,182000,193000,545000,207000,171000,-45000,-9.04,-11000,0.939,-45000,182000,318000
202502,121,500000,500000,198000,100000,545000,225000,182000,-45000,-9.04,-17000,0.916,-45000,99000,302000
202503,121,500000,500000,225000,105000,545000,244000,190000,-45000,-9.04,-35000,0.846,-45000,75000,275000
202504,121,500000,500000,231000,148000,545000,263000,206000,-45000,-9.04,-25000,0.894,-45000,58000,269000
202505,121,500000,500000,241000,135000,545000,283000,220000,-45000,-9.04,-22000,0.91,-45000,48000,259000
202506,121,500000,500000,265000,120000,545000,302000,231000,-45000,-9.04,-34000,0.872,-45000,44000,235000
202507,121,500000,500000,279000,79000,545000,322000,248000,-45000,-9.04,-31000,0.889,-45000,40000,221000
202508,121,500000,500000,296000,107000,545000,341000,269000,-45000,-9.04,-27000,0.909,-45000,37000,204000
202509,121,500000,500000,321000,89000,545000,360000,278000,-45000,-9.04,-43000,0.867,-45000,36000,179000
202510,121,500000,500000,313000,75000,545000,380000,291000,-45000,-9.04,-22000,0.93,-45000,31000,187000
202511,121,500000,500000,350000,77000,545000,399000,302000,-45000,-9.04,-48000,0.862,-45000,32000,150000
202512,121,500000,500000,371000,76000,545000,419000,317000,-45000,-9.04,-54000,0.855,-45000,31000,129000
202601,121,500000,500000,382000,60000,545000,438000,335000,-45000,-9.04,-47000,0.877,-45000,29000,118000
202602,121,500000,500000,382000,50000,545000,456000,337000,-45000,-9.04,-44000,0.884,-45000,27000,118000
202603,121,500000,500000,444000,43000,545000,476000,392000,-45000,-9.04,-52000,0.883,-45000,30000,56000
202604,121,500000,500000,457000,33000,545000,495000,411000,-45000,-9.04,-45000,0.901,-45000,29000,43000
202605,121,500000,500000,483000,30000,545000,500000,434000,-45000,-9.04,-49000,0.899,-45000,28000,17000
202606,121,500000,500000,487000,20000,545000,500000,445000,-45000,-9.04,-42000,0.914,-45000,27000,13000
202607,121,500000,500000,493000,26000,545000,500000,444000,-45000,-9.04,-49000,0.9,-45000,26000,7000
202608,121,500000,500000,496000,22000,545000,500000,455000,-45000,-9.04,-41000,0.918,-45000,25000,4000
202609,121,500000,500000,509000,11000,545000,500000,467000,-45000,-9.04,-42000,0.917,-45000,24000,-9000
202610,121,500000,500000,509000,15000,545000,500000,476000,-45000,-9.04,-33000,0.935,-45000,23000,-9000
202611,121,500000,500000,526000,6000,545000,500000,494000,-45000,-9.04,-32000,0.94,-45000,23000,-26000
202612,121,500000,500000,524000,9000,545000,500000,495000,-45000,-9.04,-29000,0.944,-45000,22000,-24000
202501,122,2982000,2982000,0,1507000,2823000,0,0,159000,5.35,0,1.0,159000,0,2982000
202502,122,2982000,2982000,0,1499000,2823000,0,0,159000,5.35,0,1.0,159000,0,2982000
202503,122,2982000,2982000,0,1485000,2823000,0,0,159000,5.35,0,1.0,159000,0,2982000
202504,122,2982000,2982000,0,1427000,2823000,0,0,159000,5.35,0,1.0,159000,0,2982000
202505,122,2982000,2982000,0,991000,2823000,0,0,159000,5.35,0,1.0,159000,0,2982000
202506,122,2982000,2982000,0,1024000,2823000,0,0,159000,5.35,0,1.0,159000,0,2982000
202507,122,2982000,2982000,0,1111000,2823000,0,0,159000,5.35,0,1.0,159000,0,2982000
202508,122,2982000,2982000,0,896000,2823000,0,0,159000,5.35,0,1.0,159000,0,2982000
202509,122,2982000,2982000,0,1079000,2823000,0,0,159000,5.35,0,1.0,159000,0,2982000
202510,122,2982000,2982000,0,1351000,2823000,0,0,159000,5.35,0,1.0,159000,0,2982000
202511,122,2982000,2982000,63000,1445000,2823000,64000,63000,159000,5.35,0,0.997,159000,6000,2919000
202512,122,2982000,2982000,175000,911000,2823000,175000,179000,159000,5.35,4000,1.023,159000,15000,2807000
202601,122,2982000,2982000,287000,1252000,2823000,286000,281000,159000,5.35,-6000,0.978,159000,22000,2695000
202602,122,2982000,2982000,388000,1180000,2823000,386000,393000,159000,5.35,6000,1.015,159000,28000,2594000
202603,122,2982000,2982000,472000,1229000,2823000,497000,491000,159000,5.35,19000,1.04,159000,31000,2510000
202604,122,2982000,2982000,610000,1093000,2823000,604000,610000,159000,5.35,-1000,0.999,159000,38000,2372000
202605,122,2982000,2982000,707000,872000,2823000,715000,704000,159000,5.35,-2000,0.997,159000,42000,2275000
202606,122,2982000,2982000,817000,744000,2823000,822000,826000,159000,5.35,9000,1.011,159000,45000,2165000
202607,122,2982000,2982000,935000,848000,2823000,933000,951000,159000,5.35,16000,1.017,159000,49000,2047000
202608,122,2982000,2982000,1002000,781000,2823000,1044000,1052000,159000,5.35,50000,1.05,159000,50000,1980000
202609,122,2982000,2982000,1142000,723000,2823000,1151000,1156000,159000,5.35,14000,1.012,159000,54000,1840000
202610,122,2982000,2982000,1216000,666000,2823000,1262000,1273000,159000,5.35,57000,1.047,159000,55000,1766000
202611,122,2982000,2982000,1384000,651000,2823000,1369000,1392000,159000,5.35,9000,1.006,159000,60000,1598000
202612,122,2982000,2982000,1460000,577000,2823000,1480000,1490000,159000,5.35,30000,1.02,159000,61000,1522000
202501,123,3678000,3678000,0,1931000,3652000,0,0,26000,0.72,0,1.0,26000,0,3678000
202502,123,3678000,3678000,0,1287000,3652000,0,0,26000,0.72,0,1.0,26000,0,3678000
202503,123,3678000,3678000,0,1732000,3652000,0,0,26000,0.72,0,1.0,26000,0,3678000
202504,123,3678000,3678000,0,1703000,3652000,0,0,26000,0.72,0,1.0,26000,0,3678000
202505,123,3678000,3678000,0,1804000,3652000,0,0,26000,0.72,0,1.0,26000,0,3678000
202506,123,3678000,3678000,0,1422000,3652000,0,0,26000,0.72,0,1.0,26000,0,3678000
202507,123,3678000,3678000,0,1502000,3652000,0,0,26000,0.72,0,1.0,26000,0,3678000
202508,123,3678000,3678000,0,1692000,3652000,0,0,26000,0.72,0,1.0,26000,0,3678000
202509,123,3678000,3678000,9000,1084000,3652000,10000,10000,26000,0.72,0,1.041,26000,1000,3669000
202510,123,3678000,3678000,149000,1262000,3652000,158000,158000,26000,0.72,9000,1.058,26000,15000,3529000
202511,123,3678000,3678000,304000,1156000,3652000,301000,302000,26000,0.72,-2000,0.993,26000,28000,3374000
202512,123,3678000,3678000,439000,1404000,3652000,450000,462000,26000,0.72,23000,1.052,26000,37000,3239000
202601,123,3678000,3678000,578000,989000,3652000,598000,599000,26000,0.72,21000,1.036,26000,44000,3100000
202602,123,3678000,3678000,711000,1027000,3652000,732000,757000,26000,0.72,47000,1.066,26000,51000,2967000
202603,123,3678000,3678000,879000,1028000,3652000,880000,893000,26000,0.72,15000,1.017,26000,59000,2799000
202604,123,3678000,3678000,1015000,1211000,3652000,1024000,1038000,26000,0.72,23000,1.023,26000,63000,2663000
202605,123,3678000,3678000,1239000,863000,3652000,1172000,1207000,26000,0.72,-32000,0.974,26000,73000,2439000
202606,123,3678000,3678000,1360000,1067000,3652000,1315000,1329000,26000,0.72,-30000,0.978,26000,76000,2318000
202607,123,3678000,3678000,1403000,749000,3652000,1464000,1462000,26000,0.72,60000,1.043,26000,74000,2275000
202608,123,3678000,3678000,1617000,923000,3652000,1612000,1610000,26000,0.72,-7000,0.996,26000,81000,2061000
202609,123,3678000,3678000,1838000,635000,3652000,1755000,1790000,26000,0.72,-48000,0.974,26000,88000,1840000
202610,123,3678000,3678000,1844000,785000,3652000,1904000,1958000,26000,0.72,114000,1.062,26000,84000,1834000
202611,123,3678000,3678000,2135000,785000,3652000,2047000,2091000,26000,0.72,-44000,0.98,26000,93000,1543000
202612,123,3678000,3678000,2283000,497000,3652000,2195000,2241000,26000,0.72,-42000,0.982,26000,95000,1395000
202501,124,2888000,2888000,1673000,496000,2792000,1665000,1688000,96000,3.31,15000,1.009,96000,1673000,1215000
202502,124,2888000,2888000,1814000,447000,2792000,1785000,1840000,96000,3.31,25000,1.014,96000,907000,1074000
202503,124,2888000,2888000,2009000,257000,2792000,1918000,1953000,96000,3.31,-56000,0.972,96000,670000,879000
202504,124,2888000,2888000,1993000,373000,2792000,2047000,2077000,96000,3.31,84000,1.042,96000,498000,895000
202505,124,2888000,2888000,2120000,303000,2792000,2180000,2147000,96000,3.31,27000,1.013,96000,424000,768000
202506,124,2888000,2888000,2231000,188000,2792000,2309000,2273000,96000,3.31,42000,1.019,96000,372000,657000
202507,124,2888000,2888000,2542000,106000,2792000,2442000,2489000,96000,3.31,-54000,0.979,96000,363000,346000
202508,124,2888000,2888000,2459000,103000,2792000,2575000,2575000,96000,3.31,116000,1.047,96000,307000,429000
202509,124,2888000,2888000,2727000,24000,2792000,2703000,2804000,96000,3.31,76000,1.028,96000,303000,161000
202510,124,2888000,2888000,2905000,0,2905000,2837000,2835000,-17000,-0.58,-70000,0.976,-17000,290000,-17000
202511,124,2888000,2888000,2866000,0,2866000,2888000,2926000,22000,0.76,60000,1.021,22000,261000,22000
202512,124,2888000,2888000,2815000,0,2815000,2888000,2937000,73000,2.52,122000,1.043,73000,235000,73000
202601,124,2888000,2888000,2931000,0,2931000,2888000,2871000,-43000,-1.48,-60000,0.979,-43000,225000,-43000
202602,124,2888000,2888000,2867000,0,2867000,2888000,2868000,21000,0.72,1000,1.0,21000,205000,21000
202603,124,2888000,2888000,2653000,47000,2792000,2888000,2832000,96000,3.31,179000,1.067,96000,177000,235000
202604,124,2888000,2888000,2655000,59000,2792000,2888000,2826000,96000,3.31,171000,1.064,96000,166000,233000
202605,124,2888000,2888000,2912000,0,2912000,2888000,2958000,-24000,-0.84,46000,1.016,-24000,171000,-24000
202606,124,2888000,2888000,2793000,0,2793000,2888000,2864000,95000,3.27,71000,1.025,95000,155000,95000
202607,124,2888000,2888000,2851000,0,2851000,2888000,2902000,37000,1.29,51000,1.018,37000,150000,37000
202608,124,2888000,2888000,2911000,0,2911000,2888000,2917000,-23000,-0.8,6000,1.002,-23000,146000,-23000
202609,124,2888000,2888000,2772000,10000,2792000,2888000,2862000,96000,3.31,90000,1.033,96000,132000,116000
202610,124,2888000,2888000,2837000,0,2837000,2888000,2925000,51000,1.77,88000,1.031,51000,129000,51000
202611,124,2888000,2888000,2780000,4000,2792000,2888000,2888000,96000,3.31,108000,1.039,96000,121000,108000
202612,124,2888000,2888000,2932000,0,2932000,2888000,2922000,-44000,-1.52,-10000,0.997,-44000,122000,-44000
202501,125,5864000,5864000,2925000,1782000,6474000,2510000,2417000,-610000,-10.4,-508000,0.826,-610000,2925000,2939000
202502,125,5864000,5864000,3421000,1186000,6474000,3035000,2859000,-610000,-10.4,-562000,0.836,-610000,1711000,2443000
202503,125,5864000,5864000,4342000,646000,6474000,3616000,3392000,-610000,-10.4,-950000,0.781,-610000,1447000,1522000
202504,125,5864000,5864000,4686000,959000,6474000,4178000,4036000,-610000,-10.4,-650000,0.861,-610000,1171000,1178000
202505,125,5864000,5864000,5578000,439000,6474000,4759000,4660000,-610000,-10.4,-919000,0.835,-610000,1116000,286000
202506,125,5864000,5864000,6172000,113000,6474000,5321000,5053000,-610000,-10.4,-1120000,0.819,-610000,1029000,-308000
202507,125,5864000,5864000,6798000,0,6798000,5864000,5636000,-934000,-15.92,-1162000,0.829,-934000,971000,-934000
202508,125,5864000,5864000,6353000,49000,6474000,5864000,5726000,-610000,-10.4,-627000,0.901,-610000,794000,-489000
202509,125,5864000,5864000,6717000,0,6717000,5864000,5692000,-853000,-14.55,-1025000,0.847,-853000,746000,-853000
202510,125,5864000,5864000,6798000,0,6798000,5864000,5610000,-934000,-15.92,-1188000,0.825,-934000,680000,-934000
202511,125,5864000,5864000,6798000,0,6798000,5864000,5741000,-934000,-15.92,-1056000,0.845,-934000,618000,-934000
202512,125,5864000,5864000,6798000,0,6798000,5864000,5541000,-934000,-15.92,-1256000,0.815,-934000,566000,-934000
202601,125,5864000,6040000,6645000,0,6645000,5864000,5689000,-605000,-10.01,-956000,0.856,-605000,511000,-605000
202602,125,5864000,6040000,6798000,0,6798000,5864000,5717000,-758000,-12.55,-1081000,0.841,-758000,486000,-758000
202603,125,5864000,6040000,6798000,0,6798000,5864000,5577000,-758000,-12.55,-1221000,0.82,-758000,453000,-758000
202604,125,5864000,6040000,6447000,14000,6474000,5864000,5508000,-434000,-7.19,-939000,0.854,-434000,403000,-407000
202605,125,5864000,6040000,6721000,0,6721000,5864000,5705000,-682000,-11.28,-1017000,0.849,-682000,395000,-682000
202606,125,5864000,6040000,6528000,0,6528000,5864000,5540000,-488000,-8.08,-988000,0.849,-488000,363000,-488000
202607,125,5864000,6040000,6250000,75000,6474000,5864000,5610000,-434000,-7.19,-640000,0.898,-434000,329000,-210000
202608,125,5864000,6040000,6798000,0,6798000,5864000,5712000,-758000,-12.55,-1086000,0.84,-758000,340000,-758000
202609,125,5864000,6040000,6506000,0,6506000,5864000,5679000,-467000,-7.72,-828000,0.873,-467000,310000,-467000
202610,125,5864000,6040000,6721000,0,6721000,5864000,5679000,-681000,-11.28,-1042000,0.845,-681000,306000,-681000
202611,125,5864000,6040000,6512000,0,6512000,5864000,5617000,-472000,-7.81,-895000,0.863,-472000,283000,-472000
202612,125,5864000,6040000,6038000,154000,6474000,5864000,5487000,-434000,-7.19,-551000,0.909,-434000,252000,2000
202501,126,2143000,2143000,0,768000,2063000,0,0,80000,3.72,0,1.0,80000,0,2143000
202502,126,2143000,2143000,0,957000,2063000,0,0,80000,3.72,0,1.0,80000,0,2143000
202503,126,2143000,2143000,0,1078000,2063000,0,0,80000,3.72,0,1.0,80000,0,2143000
202504,126,2143000,2143000,54000,754000,2063000,55000,53000,80000,3.72,-1000,0.984,80000,14000,2089000
202505,126,2143000,2143000,121000,927000,2063000,128000,130000,80000,3.72,8000,1.068,80000,24000,2022000
202506,126,2143000,2143000,195000,885000,2063000,200000,196000,80000,3.72,0,1.001,80000,33000,1948000
202507,126,2143000,2143000,254000,914000,2063000,273000,264000,80000,3.72,11000,1.042,80000,36000,1889000
202508,126,2143000,2143000,353000,877000,2063000,347000,346000,80000,3.72,-7000,0.98,80000,44000,1790000
202509,126,2143000,2143000,410000,434000,2063000,418000,409000,80000,3.72,-1000,0.998,80000,46000,1733000
202510,126,2143000,2143000,481000,517000,2063000,492000,483000,80000,3.72,2000,1.005,80000,48000,1662000
202511,126,2143000,2143000,562000,703000,2063000,563000,548000,80000,3.72,-14000,0.975,80000,51000,1581000
202512,126,2143000,2143000,629000,750000,2063000,637000,624000,80000,3.72,-5000,0.992,80000,52000,1514000
202601,126,2143000,2143000,670000,375000,2063000,710000,701000,80000,3.72,31000,1.046,80000,52000,1473000
202602,126,2143000,2143000,711000,434000,2063000,777000,746000,80000,3.72,34000,1.048,80000,51000,1432000
202603,126,2143000,2143000,833000,392000,2063000,851000,842000,80000,3.72,9000,1.011,80000,56000,1310000
202604,126,2143000,2143000,870000,637000,2063000,922000,889000,80000,3.72,19000,1.022,80000,54000,1273000
202605,126,2143000,2143000,927000,341000,2063000,995000,984000,80000,3.72,57000,1.061,80000,55000,1216000
202606,126,2143000,2143000,1001000,384000,2063000,1067000,1070000,80000,3.72,69000,1.069,80000,56000,1142000
202607,126,2143000,2143000,1096000,247000,2063000,1140000,1101000,80000,3.72,5000,1.004,80000,58000,1047000
202608,126,2143000,2143000,1149000,239000,2063000,1214000,1212000,80000,3.72,63000,1.055,80000,57000,994000
202609,126,2143000,2143000,1284000,222000,2063000,1285000,1300000,80000,3.72,16000,1.013,80000,61000,859000
202610,126,2143000,2143000,1299000,320000,2063000,1359000,1335000,80000,3.72,36000,1.028,80000,59000,844000
202611,126,2143000,2143000,1411000,215000,2063000,1430000,1429000,80000,3.72,18000,1.013,80000,61000,732000
202612,126,2143000,2143000,1470000,306000,2063000,1504000,1490000,80000,3.72,20000,1.014,80000,61000,673000
202501,127,1615000,1615000,1594000,0,1594000,1615000,1652000,21000,1.29,58000,1.036,21000,1594000,21000
202502,127,1615000,1615000,1594000,0,1594000,1615000,1653000,21000,1.29,59000,1.037,21000,797000,21000
202503,127,1615000,1615000,1594000,0,1594000,1615000,1594000,21000,1.29,0,1.0,21000,531000,21000
202504,127,1615000,1615000,1594000,0,1594000,1615000,1593000,21000,1.29,-1000,0.999,21000,399000,21000
202505,127,1615000,1615000,1556000,0,1556000,1615000,1645000,59000,3.68,90000,1.058,59000,311000,59000
202506,127,1615000,1615000,1594000,0,1594000,1615000,1578000,21000,1.29,-17000,0.99,21000,266000,21000
202507,127,1615000,1615000,1592000,0,1592000,1615000,1627000,23000,1.43,35000,1.022,23000,227000,23000
202508,127,1615000,1615000,1565000,0,1565000,1615000,1586000,50000,3.08,21000,1.014,50000,196000,50000
202509,127,1615000,1615000,1590000,0,1590000,1615000,1625000,25000,1.53,35000,1.022,25000,177000,25000
202510,127,1615000,1615000,1594000,0,1594000,1615000,1597000,21000,1.29,3000,1.002,21000,159000,21000
202511,127,1615000,1615000,1594000,0,1594000,1615000,1583000,21000,1.29,-11000,0.993,21000,145000,21000
202512,127,1615000,1615000,1594000,0,1594000,1615000,1637000,21000,1.29,43000,1.027,21000,133000,21000
202601,127,1615000,1615000,1561000,0,1561000,1615000,1656000,54000,3.37,95000,1.061,54000,120000,54000
202602,127,1615000,1615000,1527000,0,1527000,1615000,1605000,88000,5.42,78000,1.051,88000,109000,88000
202603,127,1615000,1615000,1590000,0,1590000,1615000,1607000,25000,1.52,16000,1.01,25000,106000,25000
202604,127,1615000,1615000,1539000,0,1539000,1615000,1612000,76000,4.7,73000,1.047,76000,96000,76000
202605,127,1615000,1615000,1517000,1000,1518000,1615000,1618000,97000,5.99,101000,1.067,97000,89000,98000
202606,127,1615000,1615000,1541000,0,1541000,1615000,1608000,74000,4.61,67000,1.044,74000,86000,74000
202607,127,1615000,1615000,1559000,0,1559000,1615000,1588000,56000,3.49,29000,1.019,56000,82000,56000
202608,127,1615000,1615000,1594000,0,1594000,1615000,1656000,21000,1.29,62000,1.039,21000,80000,21000
202609,127,1615000,1615000,1594000,0,1594000,1615000,1609000,21000,1.29,15000,1.009,21000,76000,21000
202610,127,1615000,1615000,1594000,0,1594000,1615000,1603000,21000,1.29,9000,1.006,21000,72000,21000
202611,127,1615000,1615000,1594000,0,1594000,1615000,1602000,21000,1.29,8000,1.005,21000,69000,21000
202612,127,1615000,1615000,1515000,2000,1518000,1615000,1580000,97000,5.99,65000,1.043,97000,63000,100000
202501,128,3644000,3644000,2027000,506000,3996000,2501000,1979000,-352000,-9.66,-49000,0.976,-352000,2027000,1617000
202502,128,3644000,3644000,2355000,738000,3996000,2744000,2074000,-352000,-9.66,-281000,0.881,-352000,1177000,1289000
202503,128,3644000,3644000,2666000,655000,3996000,3012000,2357000,-352000,-9.66,-308000,0.884,-352000,889000,978000
202504,128,3644000,3644000,2913000,404000,3996000,3272000,2507000,-352000,-9.66,-407000,0.86,-352000,728000,731000
202505,128,3644000,3644000,3060000,315000,3996000,3540000,2675000,-352000,-9.66,-385000,0.874,-352000,612000,584000
202506,128,3644000,3644000,2914000,296000,3996000,3644000,2760000,-352000,-9.66,-154000,0.947,-352000,486000,730000
202507,128,3644000,3644000,2888000,583000,3996000,3644000,2746000,-352000,-9.66,-141000,0.951,-352000,413000,756000
202508,128,3644000,3644000,3128000,423000,3996000,3644000,2781000,-352000,-9.66,-347000,0.889,-352000,391000,516000
202509,128,3644000,3644000,2884000,285000,3996000,3644000,2815000,-352000,-9.66,-69000,0.976,-352000,320000,760000
202510,128,3644000,3644000,2946000,509000,3996000,3644000,2754000,-352000,-9.66,-192000,0.935,-352000,295000,698000
202511,128,3644000,3644000,2780000,635000,3996000,3644000,2691000,-352000,-9.66,-89000,0.968,-352000,253000,864000
202512,128,3644000,3644000,3001000,291000,3996000,3644000,2661000,-352000,-9.66,-340000,0.887,-352000,250000,643000
202601,128,3644000,3753000,2855000,627000,3996000,3644000,2718000,-243000,-6.46,-136000,0.952,-243000,220000,899000
202602,128,3644000,3753000,2762000,387000,3996000,3644000,2660000,-243000,-6.46,-102000,0.963,-243000,197000,992000
202603,128,3644000,3753000,2840000,583000,3996000,3644000,2687000,-243000,-6.46,-153000,0.946,-243000,189000,913000
202604,128,3644000,3753000,2695000,511000,3996000,3644000,2587000,-243000,-6.46,-107000,0.96,-243000,168000,1059000
202605,128,3644000,3753000,3046000,385000,3996000,3644000,2706000,-243000,-6.46,-339000,0.889,-243000,179000,708000
202606,128,3644000,3753000,2708000,508000,3996000,3644000,2652000,-243000,-6.46,-56000,0.979,-243000,150000,1045000
202607,128,3644000,3753000,2798000,518000,3996000,3644000,2657000,-243000,-6.46,-141000,0.95,-243000,147000,956000
202608,128,3644000,3753000,2784000,554000,3996000,3644000,2682000,-243000,-6.46,-102000,0.963,-243000,139000,970000
202609,128,3644000,3753000,2966000,467000,3996000,3644000,2696000,-243000,-6.46,-270000,0.909,-243000,141000,787000
202610,128,3644000,3753000,2604000,581000,3996000,3644000,2502000,-243000,-6.46,-102000,0.961,-243000,118000,1149000
202611,128,3644000,3753000,2785000,410000,3996000,3644000,2524000,-243000,-6.46,-261000,0.906,-243000,121000,968000
202612,128,3644000,3753000,2980000,318000,3996000,3644000,2577000,-243000,-6.46,-403000,0.865,-243000,124000,774000
202501,129,5188000,5188000,0,2422000,5698000,0,0,-510000,-9.83,0,1.0,-510000,0,5188000
202502,129,5188000,5188000,0,2399000,5698000,0,0,-510000,-9.83,0,1.0,-510000,0,5188000
202503,129,5188000,5188000,0,3029000,5698000,0,0,-510000,-9.83,0,1.0,-510000,0,5188000
202504,129,5188000,5188000,385000,2406000,5698000,436000,353000,-510000,-9.83,-33000,0.915,-510000,96000,4803000
202505,129,5188000,5188000,985000,1239000,5698000,1112000,871000,-510000,-9.83,-114000,0.885,-510000,197000,4203000
202506,129,5188000,5188000,1504000,1214000,5698000,1766000,1401000,-510000,-9.83,-103000,0.931,-510000,251000,3684000
202507,129,5188000,5188000,2087000,1124000,5698000,2441000,1896000,-510000,-9.83,-191000,0.908,-510000,298000,3101000
202508,129,5188000,5188000,2721000,907000,5698000,3117000,2411000,-510000,-9.83,-310000,0.886,-510000,340000,2467000
202509,129,5188000,5188000,3336000,1007000,5698000,3771000,3008000,-510000,-9.83,-328000,0.902,-510000,371000,1852000
202510,129,5188000,5188000,3958000,478000,5698000,4447000,3380000,-510000,-9.83,-578000,0.854,-510000,396000,1230000
202511,129,5188000,5188000,4260000,527000,5698000,5101000,3886000,-510000,-9.83,-374000,0.912,-510000,387000,928000
202512,129,5188000,5188000,4289000,417000,5698000,5188000,3870000,-510000,-9.83,-419000,0.902,-510000,357000,899000
202601,129,5188000,5188000,4122000,763000,5698000,5188000,3839000,-510000,-9.83,-283000,0.931,-510000,317000,1066000
202602,129,5188000,5188000,4241000,442000,5698000,5188000,3951000,-510000,-9.83,-290000,0.932,-510000,303000,947000
202603,129,5188000,5188000,4893000,327000,5698000,5188000,4348000,-510000,-9.83,-545000,0.889,-510000,326000,295000
202604,129,5188000,5188000,4908000,333000,5698000,5188000,4401000,-510000,-9.83,-507000,0.897,-510000,307000,280000
202605,129,5188000,5188000,5043000,201000,5698000,5188000,4546000,-510000,-9.83,-497000,0.902,-510000,297000,145000
202606,129,5188000,5188000,5157000,164000,5698000,5188000,4612000,-510000,-9.83,-545000,0.894,-510000,286000,31000
202607,129,5188000,5188000,5030000,229000,5698000,5188000,4623000,-510000,-9.83,-408000,0.919,-510000,265000,158000
202608,129,5188000,5188000,5239000,141000,5698000,5188000,4833000,-510000,-9.83,-406000,0.923,-510000,262000,-51000
202609,129,5188000,5188000,5139000,277000,5698000,5188000,4842000,-510000,-9.83,-297000,0.942,-510000,245000,49000
202610,129,5188000,5188000,5263000,163000,5698000,5188000,4927000,-510000,-9.83,-336000,0.936,-510000,239000,-75000
202611,129,5188000,5188000,5411000,136000,5698000,5188000,5030000,-510000,-9.83,-381000,0.93,-510000,235000,-223000
202612,129,5188000,5188000,5342000,186000,5698000,5188000,5136000,-510000,-9.83,-206000,0.962,-510000,223000,-154000
202501,130,2770000,2770000,287000,748000,2938000,346000,262000,-168000,-6.07,-25000,0.914,-168000,287000,2483000
202502,130,2770000,2770000,380000,1172000,2938000,471000,348000,-168000,-6.07,-32000,0.917,-168000,190000,2390000
202503,130,2770000,2770000,489000,977000,2938000,608000,454000,-168000,-6.07,-35000,0.929,-168000,163000,2281000
202504,130,2770000,2770000,659000,1124000,2938000,741000,570000,-168000,-6.07,-89000,0.865,-168000,165000,2111000
202505,130,2770000,2770000,709000,915000,2938000,879000,662000,-168000,-6.07,-48000,0.933,-168000,142000,2061000
202506,130,2770000,2770000,815000,826000,2938000,1012000,734000,-168000,-6.07,-82000,0.9,-168000,136000,1955000
202507,130,2770000,2770000,970000,864000,2938000,1150000,858000,-168000,-6.07,-112000,0.884,-168000,139000,1800000
202508,130,2770000,2770000,1035000,651000,2938000,1287000,954000,-168000,-6.07,-81000,0.922,-168000,129000,1735000
202509,130,2770000,2770000,1086000,482000,2938000,1421000,1039000,-168000,-6.07,-47000,0.957,-168000,121000,1684000
202510,130,2770000,2770000,1185000,829000,2938000,1558000,1155000,-168000,-6.07,-30000,0.975,-168000,118000,1585000
202511,130,2770000,2770000,1339000,462000,2938000,1691000,1216000,-168000,-6.07,-123000,0.908,-168000,122000,1431000
202512,130,2770000,2770000,1459000,461000,2938000,1829000,1325000,-168000,-6.07,-134000,0.908,-168000,122000,1311000
202601,130,2770000,2853000,1520000,675000,2938000,1967000,1439000,-85000,-2.98,-81000,0.947,-85000,117000,1333000
202602,130,2770000,2853000,1631000,337000,2938000,2091000,1474000,-85000,-2.98,-157000,0.904,-85000,116000,1222000
202603,130,2770000,2853000,1604000,659000,2938000,2228000,1546000,-85000,-2.98,-58000,0.964,-85000,107000,1249000
202604,130,2770000,2853000,1716000,586000,2938000,2362000,1667000,-85000,-2.98,-49000,0.971,-85000,107000,1137000
202605,130,2770000,2853000,1960000,472000,2938000,2499000,1750000,-85000,-2.98,-210000,0.893,-85000,115000,893000
202606,130,2770000,2853000,2007000,319000,2938000,2632000,1811000,-85000,-2.98,-196000,0.902,-85000,111000,846000
202607,130,2770000,2853000,2141000,274000,2938000,2770000,1879000,-85000,-2.98,-262000,0.878,-85000,113000,712000
202608,130,2770000,2853000,2004000,369000,2938000,2770000,1960000,-85000,-2.98,-44000,0.978,-85000,100000,849000
202609,130,2770000,2853000,2065000,478000,2938000,2770000,1979000,-85000,-2.98,-86000,0.959,-85000,98000,788000
202610,130,2770000,2853000,2091000,440000,2938000,2770000,1883000,-85000,-2.98,-208000,0.901,-85000,95000,762000
202611,130,2770000,2853000,2168000,352000,2938000,2770000,1965000,-85000,-2.98,-203000,0.906,-85000,94000,685000
202612,130,2770000,2853000,2181000,216000,2938000,2770000,1877000,-85000,-2.98,-304000,0.86,-85000,91000,672000
202501,131,1004000,1004000,0,319000,969000,0,0,35000,3.51,0,1.0,35000,0,1004000
202502,131,1004000,1004000,0,333000,969000,0,0,35000,3.51,0,1.0,35000,0,1004000
202503,131,1004000,1004000,0,345000,969000,0,0,35000,3.51,0,1.0,35000,0,1004000
202504,131,1004000,1004000,0,362000,969000,0,0,35000,3.51,0,1.0,35000,0,1004000
202505,131,1004000,1004000,0,400000,969000,0,0,35000,3.51,0,1.0,35000,0,1004000
202506,131,1004000,1004000,0,431000,969000,0,0,35000,3.51,0,1.0,35000,0,1004000
202507,131,1004000,1004000,0,473000,969000,0,0,35000,3.51,0,1.0,35000,0,1004000
202508,131,1004000,1004000,53000,403000,969000,55000,55000,35000,3.51,2000,1.032,35000,7000,951000
202509,131,1004000,1004000,118000,418000,969000,126000,122000,35000,3.51,4000,1.035,35000,13000,886000
202510,131,1004000,1004000,201000,216000,969000,200000,195000,35000,3.51,-6000,0.972,35000,20000,803000
202511,131,1004000,1004000,257000,189000,969000,271000,271000,35000,3.51,14000,1.053,35000,23000,747000
202512,131,1004000,1004000,344000,322000,969000,345000,338000,35000,3.51,-6000,0.982,35000,29000,660000
202601,131,1004000,1004000,417000,181000,969000,419000,409000,35000,3.51,-8000,0.98,35000,32000,587000
202602,131,1004000,1004000,464000,178000,969000,485000,467000,35000,3.51,3000,1.006,35000,33000,540000
202603,131,1004000,1004000,553000,202000,969000,559000,552000,35000,3.51,-1000,0.997,35000,37000,451000
202604,131,1004000,1004000,596000,145000,969000,630000,617000,35000,3.51,21000,1.036,35000,37000,408000
202605,131,1004000,1004000,658000,141000,969000,704000,694000,35000,3.51,35000,1.054,35000,39000,346000
202606,131,1004000,1004000,753000,68000,969000,776000,745000,35000,3.51,-8000,0.989,35000,42000,251000
202607,131,1004000,1004000,794000,78000,969000,849000,827000,35000,3.51,34000,1.042,35000,42000,210000
202608,131,1004000,1004000,908000,20000,969000,923000,898000,35000,3.51,-11000,0.988,35000,45000,96000
202609,131,1004000,1004000,917000,20000,969000,994000,979000,35000,3.51,62000,1.068,35000,44000,87000
202610,131,1004000,1004000,970000,0,970000,1004000,967000,34000,3.4,-3000,0.997,34000,44000,34000
202611,131,1004000,1004000,961000,4000,969000,1004000,988000,35000,3.51,26000,1.027,35000,42000,43000
202612,131,1004000,1004000,961000,3000,969000,1004000,985000,35000,3.51,24000,1.025,35000,40000,43000
202501,132,3265000,3265000,702000,912000,3409000,857000,637000,-144000,-4.41,-65000,0.907,-144000,702000,2563000
202502,132,3265000,3265000,971000,1160000,3409000,1186000,900000,-144000,-4.41,-71000,0.927,-144000,485000,2294000
202503,132,3265000,3265000,1182000,575000,3409000,1550000,1146000,-144000,-4.41,-36000,0.969,-144000,394000,2083000
202504,132,3265000,3265000,1579000,575000,3409000,1903000,1368000,-144000,-4.41,-211000,0.866,-144000,395000,1686000
202505,132,3265000,3265000,1732000,476000,3409000,2267000,1648000,-144000,-4.41,-85000,0.951,-144000,346000,1533000
202506,132,3265000,3265000,2045000,708000,3409000,2619000,1852000,-144000,-4.41,-192000,0.906,-144000,341000,1220000
202507,132,3265000,3265000,2430000,526000,3409000,2983000,2130000,-144000,-4.41,-300000,0.876,-144000,347000,835000
202508,132,3265000,3265000,2727000,220000,3409000,3265000,2426000,-144000,-4.41,-301000,0.89,-144000,341000,538000
202509,132,3265000,3265000,2633000,289000,3409000,3265000,2354000,-144000,-4.41,-280000,0.894,-144000,293000,632000
202510,132,3265000,3265000,2373000,543000,3409000,3265000,2296000,-144000,-4.41,-77000,0.968,-144000,237000,892000
202511,132,3265000,3265000,2359000,364000,3409000,3265000,2280000,-144000,-4.41,-79000,0.966,-144000,214000,906000
202512,132,3265000,3265000,2526000,483000,3409000,3265000,2251000,-144000,-4.41,-275000,0.891,-144000,211000,739000
202601,132,3265000,3363000,2359000,479000,3409000,3265000,2275000,-46000,-1.37,-84000,0.965,-46000,181000,1004000
202602,132,3265000,3363000,2369000,374000,3409000,3265000,2275000,-46000,-1.37,-94000,0.96,-46000,169000,994000
202603,132,3265000,3363000,2510000,476000,3409000,3265000,2251000,-46000,-1.37,-259000,0.897,-46000,167000,853000
202604,132,3265000,3363000,2522000,485000,3409000,3265000,2188000,-46000,-1.37,-334000,0.868,-46000,158000,840000
202605,132,3265000,3363000,2403000,384000,3409000,3265000,2303000,-46000,-1.37,-100000,0.958,-46000,141000,960000
202606,132,3265000,3363000,2533000,270000,3409000,3265000,2199000,-46000,-1.37,-334000,0.868,-46000,141000,830000
202607,132,3265000,3363000,2545000,351000,3409000,3265000,2193000,-46000,-1.37,-352000,0.862,-46000,134000,818000
202608,132,3265000,3363000,2445000,260000,3409000,3265000,2206000,-46000,-1.37,-239000,0.902,-46000,122000,917000
202609,132,3265000,3363000,2522000,258000,3409000,3265000,2196000,-46000,-1.37,-326000,0.871,-46000,120000,841000
202610,132,3265000,3363000,2261000,364000,3409000,3265000,2177000,-46000,-1.37,-85000,0.963,-46000,103000,1102000
202611,132,3265000,3363000,2340000,467000,3409000,3265000,2271000,-46000,-1.37,-70000,0.97,-46000,102000,1023000
202612,132,3265000,3363000,2334000,289000,3409000,3265000,2119000,-46000,-1.37,-215000,0.908,-46000,97000,1029000
202501,133,2285000,2285000,1373000,416000,2286000,1451000,1381000,-1000,-0.03,8000,1.006,-1000,1373000,912000
202502,133,2285000,2285000,1536000,381000,2286000,1568000,1550000,-1000,-0.03,14000,1.009,-1000,768000,749000
202503,133,2285000,2285000,1686000,276000,2286000,1697000,1681000,-1000,-0.03,-4000,0.997,-1000,562000,599000
202504,133,2285000,2285000,1704000,282000,2286000,1822000,1766000,-1000,-0.03,62000,1.036,-1000,426000,581000
202505,133,2285000,2285000,1874000,135000,2286000,1951000,1916000,-1000,-0.03,42000,1.023,-1000,375000,411000
202506,133,2285000,2285000,1908000,169000,2286000,2077000,1991000,-1000,-0.03,83000,1.044,-1000,318000,377000
202507,133,2285000,2285000,2111000,76000,2286000,2206000,2087000,-1000,-0.03,-25000,0.988,-1000,302000,174000
202508,133,2285000,2285000,2106000,53000,2286000,2285000,2250000,-1000,-0.03,144000,1.068,-1000,263000,179000
202509,133,2285000,2285000,2167000,39000,2286000,2285000,2211000,-1000,-0.03,44000,1.02,-1000,241000,118000
202510,133,2285000,2285000,2225000,23000,2286000,2285000,2168000,-1000,-0.03,-57000,0.974,-1000,222000,60000
202511,133,2285000,2285000,2162000,35000,2286000,2285000,2224000,-1000,-0.03,62000,1.029,-1000,197000,123000
202512,133,2285000,2285000,2182000,38000,2286000,2285000,2159000,-1000,-0.03,-23000,0.989,-1000,182000,103000
202601,133,2285000,2285000,2110000,54000,2286000,2285000,2176000,-1000,-0.03,66000,1.031,-1000,162000,175000
202602,133,2285000,2285000,2140000,44000,2286000,2285000,2170000,-1000,-0.03,30000,1.014,-1000,153000,145000
202603,133,2285000,2285000,2308000,0,2308000,2285000,2244000,-23000,-1.0,-63000,0.973,-23000,154000,-23000
202604,133,2285000,2285000,2045000,73000,2286000,2285000,2179000,-1000,-0.03,134000,1.066,-1000,128000,240000
202605,133,2285000,2285000,2258000,10000,2286000,2285000,2226000,-1000,-0.03,-31000,0.986,-1000,133000,27000
202606,133,2285000,2285000,2176000,55000,2286000,2285000,2143000,-1000,-0.03,-32000,0.985,-1000,121000,109000
202607,133,2285000,2285000,2134000,70000,2286000,2285000,2217000,-1000,-0.03,83000,1.039,-1000,112000,151000
202608,133,2285000,2285000,2279000,3000,2286000,2285000,2251000,-1000,-0.03,-28000,0.988,-1000,114000,6000
202609,133,2285000,2285000,2153000,35000,2286000,2285000,2231000,-1000,-0.03,78000,1.036,-1000,103000,132000
202610,133,2285000,2285000,2226000,22000,2286000,2285000,2246000,-1000,-0.03,20000,1.009,-1000,101000,59000
202611,133,2285000,2285000,2149000,48000,2286000,2285000,2182000,-1000,-0.03,33000,1.015,-1000,93000,136000
202612,133,2285000,2285000,2257000,8000,2286000,2285000,2254000,-1000,-0.03,-3000,0.999,-1000,94000,28000
202501,134,736000,736000,0,340000,755000,0,0,-19000,-2.54,0,1.0,-19000,0,736000
202502,134,736000,736000,0,350000,755000,0,0,-19000,-2.54,0,1.0,-19000,0,736000
202503,134,736000,736000,0,319000,755000,0,0,-19000,-2.54,0,1.0,-19000,0,736000
202504,134,736000,736000,0,279000,755000,0,0,-19000,-2.54,0,1.0,-19000,0,736000
202505,134,736000,736000,0,284000,755000,0,0,-19000,-2.54,0,1.0,-19000,0,736000
202506,134,736000,736000,0,268000,755000,0,0,-19000,-2.54,0,1.0,-19000,0,736000
202507,134,736000,736000,16000,275000,755000,15000,16000,-19000,-2.54,0,0.992,-19000,2000,720000
202508,134,736000,736000,76000,311000,755000,75000,76000,-19000,-2.54,0,1.001,-19000,9000,660000
202509,134,736000,736000,131000,173000,755000,133000,130000,-19000,-2.54,-2000,0.987,-19000,15000,605000
202510,134,736000,736000,188000,226000,755000,192000,187000,-19000,-2.54,0,0.998,-19000,19000,548000
202511,134,736000,736000,251000,179000,755000,250000,251000,-19000,-2.54,0,0.999,-19000,23000,485000
202512,134,736000,736000,316000,116000,755000,309000,309000,-19000,-2.54,-8000,0.976,-19000,26000,420000
202601,134,736000,736000,357000,210000,755000,369000,368000,-19000,-2.54,11000,1.03,-19000,27000,379000
202602,134,736000,736000,400000,174000,755000,423000,416000,-19000,-2.54,16000,1.039,-19000,29000,336000
202603,134,736000,736000,454000,151000,755000,482000,486000,-19000,-2.54,31000,1.069,-19000,30000,282000
202604,134,736000,736000,532000,71000,755000,540000,530000,-19000,-2.54,-2000,0.997,-19000,33000,204000
202605,134,736000,736000,581000,67000,755000,600000,578000,-19000,-2.54,-2000,0.996,-19000,34000,155000
202606,134,736000,736000,649000,56000,755000,657000,652000,-19000,-2.54,3000,1.005,-19000,36000,87000
202607,134,736000,736000,712000,13000,755000,717000,695000,-19000,-2.54,-17000,0.976,-19000,37000,24000
202608,134,736000,736000,724000,14000,755000,736000,737000,-19000,-2.54,14000,1.019,-19000,36000,12000
202609,134,736000,736000,707000,24000,755000,736000,713000,-19000,-2.54,5000,1.008,-19000,34000,29000
202610,134,736000,736000,729000,7000,755000,736000,721000,-19000,-2.54,-8000,0.989,-19000,33000,7000
202611,134,736000,736000,681000,39000,755000,736000,728000,-19000,-2.54,48000,1.07,-19000,30000,55000
202612,134,736000,736000,748000,2000,755000,736000,729000,-19000,-2.54,-19000,0.974,-19000,31000,-12000
202501,135,3433000,3433000,1241000,1011000,3883000,1020000,1016000,-450000,-13.11,-225000,0.818,-450000,1241000,2192000
202502,135,3433000,3433000,1391000,802000,3883000,1186000,1177000,-450000,-13.11,-214000,0.846,-450000,695000,2042000
202503,135,3433000,3433000,1611000,778000,3883000,1368000,1379000,-450000,-13.11,-232000,0.856,-450000,537000,1822000
202504,135,3433000,3433000,1936000,1025000,3883000,1545000,1572000,-450000,-13.11,-363000,0.812,-450000,484000,1497000
202505,135,3433000,3433000,2093000,835000,3883000,1728000,1722000,-450000,-13.11,-371000,0.823,-450000,419000,1340000
202506,135,3433000,3433000,2162000,462000,3883000,1905000,1923000,-450000,-13.11,-239000,0.89,-450000,360000,1271000
202507,135,3433000,3433000,2500000,360000,3883000,2088000,2050000,-450000,-13.11,-450000,0.82,-450000,357000,933000
202508,135,3433000,3433000,2750000,307000,3883000,2271000,2293000,-450000,-13.11,-457000,0.834,-450000,344000,683000
202509,135,3433000,3433000,3037000,375000,3883000,2448000,2464000,-450000,-13.11,-573000,0.811,-450000,337000,396000
202510,135,3433000,3433000,2874000,469000,3883000,2631000,2631000,-450000,-13.11,-243000,0.915,-450000,287000,559000
202511,135,3433000,3433000,3122000,323000,3883000,2808000,2781000,-450000,-13.11,-341000,0.891,-450000,284000,311000
202512,135,3433000,3433000,3794000,42000,3883000,2991000,3033000,-450000,-13.11,-761000,0.799,-450000,316000,-361000
202601,135,3433000,3536000,3809000,23000,3883000,3173000,3204000,-347000,-9.82,-606000,0.841,-347000,293000,-273000
202602,135,3433000,3536000,4016000,0,4016000,3339000,3284000,-480000,-13.57,-732000,0.818,-480000,287000,-480000
202603,135,3433000,3536000,3759000,65000,3883000,3433000,3438000,-347000,-9.82,-320000,0.915,-347000,251000,-223000
202604,135,3433000,3536000,3854000,10000,3883000,3433000,3409000,-347000,-9.82,-445000,0.885,-347000,241000,-318000
202605,135,3433000,3536000,3863000,11000,3883000,3433000,3358000,-347000,-9.82,-505000,0.869,-347000,227000,-327000
202606,135,3433000,3536000,3679000,82000,3883000,3433000,3377000,-347000,-9.82,-302000,0.918,-347000,204000,-143000
202607,135,3433000,3536000,4077000,0,4077000,3433000,3402000,-541000,-15.31,-675000,0.834,-541000,215000,-541000
202608,135,3433000,3536000,3822000,33000,3883000,3433000,3454000,-347000,-9.82,-368000,0.904,-347000,191000,-286000
202609,135,3433000,3536000,4077000,0,4077000,3433000,3365000,-541000,-15.31,-713000,0.825,-541000,194000,-541000
202610,135,3433000,3536000,3919000,0,3919000,3433000,3455000,-383000,-10.84,-464000,0.882,-383000,178000,-383000
202611,135,3433000,3536000,3764000,63000,3883000,3433000,3392000,-347000,-9.82,-371000,0.901,-347000,164000,-228000
202612,135,3433000,3536000,4077000,0,4077000,3433000,3490000,-541000,-15.31,-587000,0.856,-541000,170000,-541000
202501,136,17618000,17618000,10479000,3566000,19412000,9989000,9619000,-1794000,-10.18,-860000,0.918,-1794000,10479000,7139000
202502,136,17618000,17618000,12087000,3116000,19412000,10847000,10297000,-1794000,-10.18,-1789000,0.852,-1794000,6043000,5531000
202503,136,17618000,17618000,14362000,2318000,19412000,11796000,11229000,-1794000,-10.18,-3133000,0.782,-1794000,4787000,3256000
202504,136,17618000,17618000,14828000,1292000,19412000,12716000,11911000,-1794000,-10.18,-2916000,0.803,-1794000,3707000,2790000
202505,136,17618000,17618000,14250000,1565000,19412000,13665000,12763000,-1794000,-10.18,-1487000,0.896,-1794000,2850000,3368000
202506,136,17618000,17618000,15274000,1264000,19412000,14585000,13414000,-1794000,-10.18,-1860000,0.878,-1794000,2546000,2344000
202507,136,17618000,17618000,17764000,605000,19412000,15534000,14431000,-1794000,-10.18,-3334000,0.812,-1794000,2538000,-146000
202508,136,17618000,17618000,17338000,917000,19412000,16484000,15485000,-1794000,-10.18,-1853000,0.893,-1794000,2167000,280000
202509,136,17618000,17618000,19715000,0,19715000,17404000,16049000,-2097000,-11.9,-3666000,0.814,-2097000,2191000,-2097000
202510,136,17618000,17618000,20382000,0,20382000,17618000,16297000,-2764000,-15.69,-4086000,0.8,-2764000,2038000,-2764000
202511,136,17618000,17618000,20382000,0,20382000,17618000,16855000,-2764000,-15.69,-3528000,0.827,-2764000,1853000,-2764000
202512,136,17618000,17618000,18907000,224000,19412000,17618000,16493000,-1794000,-10.18,-2414000,0.872,-1794000,1576000,-1289000
202601,136,17618000,18147000,18568000,315000,19412000,17618000,16914000,-1265000,-6.97,-1653000,0.911,-1265000,1428000,-421000
202602,136,17618000,18147000,20382000,0,20382000,17618000,16788000,-2236000,-12.32,-3595000,0.824,-2236000,1456000,-2236000
202603,136,17618000,18147000,18203000,537000,19412000,17618000,16055000,-1265000,-6.97,-2148000,0.882,-1265000,1214000,-57000
202604,136,17618000,18147000,19530000,0,19530000,17618000,16181000,-1384000,-7.63,-3349000,0.829,-1384000,1221000,-1384000
202605,136,17618000,18147000,18793000,167000,19412000,17618000,16648000,-1265000,-6.97,-2145000,0.886,-1265000,1105000,-647000
202606,136,17618000,18147000,20382000,0,20382000,17618000,16596000,-2236000,-12.32,-3787000,0.814,-2236000,1132000,-2236000
202607,136,17618000,18147000,18377000,457000,19412000,17618000,16352000,-1265000,-6.97,-2025000,0.89,-1265000,967000,-231000
202608,136,17618000,18147000,19802000,0,19802000,17618000,16280000,-1656000,-9.12,-3523000,0.822,-1656000,990000,-1656000
202609,136,17618000,18147000,20382000,0,20382000,17618000,16619000,-2236000,-12.32,-3764000,0.815,-2236000,971000,-2236000
202610,136,17618000,18147000,20382000,0,20382000,17618000,16154000,-2236000,-12.32,-4228000,0.793,-2236000,926000,-2236000
202611,136,17618000,18147000,18652000,279000,19412000,17618000,16940000,-1265000,-6.97,-1712000,0.908,-1265000,811000,-506000
202612,136,17618000,18147000,18361000,353000,19412000,17618000,16318000,-1265000,-6.97,-2044000,0.889,-1265000,765000,-215000
202501,137,4839000,4839000,1572000,1343000,5256000,1677000,1417000,-417000,-8.62,-156000,0.901,-417000,1572000,3267000
202502,137,4839000,4839000,1789000,1576000,5256000,2166000,1752000,-417000,-8.62,-37000,0.979,-417000,895000,3050000
202503,137,4839000,4839000,2376000,1561000,5256000,2708000,2166000,-417000,-8.62,-210000,0.912,-417000,792000,2463000
202504,137,4839000,4839000,2902000,1187000,5256000,3232000,2565000,-417000,-8.62,-337000,0.884,-417000,725000,1937000
202505,137,4839000,4839000,3290000,933000,5256000,3773000,3006000,-417000,-8.62,-284000,0.914,-417000,658000,1549000
202506,137,4839000,4839000,3944000,436000,5256000,4297000,3434000,-417000,-8.62,-510000,0.871,-417000,657000,895000
202507,137,4839000,4839000,4077000,510000,5256000,4839000,3872000,-417000,-8.62,-205000,0.95,-417000,582000,762000
202508,137,4839000,4839000,4234000,433000,5256000,4839000,3957000,-417000,-8.62,-278000,0.934,-417000,529000,605000
202509,137,4839000,4839000,4200000,328000,5256000,4839000,3900000,-417000,-8.62,-299000,0.929,-417000,467000,639000
202510,137,4839000,4839000,4280000,382000,5256000,4839000,3959000,-417000,-8.62,-321000,0.925,-417000,428000,559000
202511,137,4839000,4839000,4459000,408000,5256000,4839000,3890000,-417000,-8.62,-569000,0.872,-417000,405000,380000
202512,137,4839000,4839000,4189000,349000,5256000,4839000,3820000,-417000,-8.62,-369000,0.912,-417000,349000,650000
202601,137,4839000,4984000,3982000,637000,5256000,4839000,3799000,-272000,-5.46,-183000,0.954,-272000,306000,1002000
202602,137,4839000,4984000,3949000,396000,5256000,4839000,3808000,-272000,-5.46,-141000,0.964,-272000,282000,1035000
202603,137,4839000,4984000,4009000,337000,5256000,4839000,3636000,-272000,-5.46,-372000,0.907,-272000,267000,976000
202604,137,4839000,4984000,4186000,357000,5256000,4839000,3674000,-272000,-5.46,-512000,0.878,-272000,262000,798000
202605,137,4839000,4984000,4246000,519000,5256000,4839000,3802000,-272000,-5.46,-444000,0.895,-272000,250000,738000
202606,137,4839000,4984000,4292000,287000,5256000,4839000,3739000,-272000,-5.46,-553000,0.871,-272000,238000,692000
202607,137,4839000,4984000,4181000,401000,5256000,4839000,3787000,-272000,-5.46,-394000,0.906,-272000,220000,803000
202608,137,4839000,4984000,3805000,376000,5256000,4839000,3671000,-272000,-5.46,-134000,0.965,-272000,190000,1179000
202609,137,4839000,4984000,4346000,491000,5256000,4839000,3773000,-272000,-5.46,-573000,0.868,-272000,207000,638000
202610,137,4839000,4984000,3828000,572000,5256000,4839000,3592000,-272000,-5.46,-236000,0.938,-272000,174000,1156000
202611,137,4839000,4984000,4079000,591000,5256000,4839000,3727000,-272000,-5.46,-352000,0.914,-272000,177000,905000
202612,137,4839000,4984000,3804000,565000,5256000,4839000,3589000,-272000,-5.46,-215000,0.943,-272000,159000,1180000
202501,138,500000,500000,0,300000,546000,0,0,-46000,-9.23,0,1.0,-46000,0,500000
202502,138,500000,500000,0,222000,546000,0,0,-46000,-9.23,0,1.0,-46000,0,500000
202503,138,500000,500000,0,224000,546000,0,0,-46000,-9.23,0,1.0,-46000,0,500000
202504,138,500000,500000,0,157000,546000,0,0,-46000,-9.23,0,1.0,-46000,0,500000
202505,138,500000,500000,0,156000,546000,0,0,-46000,-9.23,0,1.0,-46000,0,500000
202506,138,500000,500000,32000,190000,546000,36000,28000,-46000,-9.23,-4000,0.88,-46000,5000,468000
202507,138,500000,500000,71000,214000,546000,83000,63000,-46000,-9.23,-9000,0.879,-46000,10000,429000
202508,138,500000,500000,110000,132000,546000,129000,100000,-46000,-9.23,-10000,0.911,-46000,14000,390000
202509,138,500000,500000,157000,149000,546000,174000,136000,-46000,-9.23,-21000,0.864,-46000,17000,343000
202510,138,500000,500000,200000,154000,546000,221000,170000,-46000,-9.23,-30000,0.85,-46000,20000,300000
202511,138,500000,500000,222000,87000,546000,266000,205000,-46000,-9.23,-17000,0.922,-46000,20000,278000
202512,138,500000,500000,262000,107000,546000,312000,231000,-46000,-9.23,-31000,0.882,-46000,22000,238000
202601,138,500000,500000,300000,103000,546000,359000,266000,-46000,-9.23,-34000,0.887,-46000,23000,200000
202602,138,500000,500000,376000,71000,546000,401000,331000,-46000,-9.23,-44000,0.882,-46000,27000,124000
202603,138,500000,500000,430000,31000,546000,447000,379000,-46000,-9.23,-52000,0.88,-46000,29000,70000
202604,138,500000,500000,477000,27000,546000,492000,422000,-46000,-9.23,-56000,0.884,-46000,30000,23000
202605,138,500000,500000,485000,17000,546000,500000,442000,-46000,-9.23,-43000,0.912,-46000,29000,15000
202606,138,500000,500000,488000,31000,546000,500000,440000,-46000,-9.23,-48000,0.902,-46000,27000,12000
202607,138,500000,500000,495000,16000,546000,500000,460000,-46000,-9.23,-35000,0.929,-46000,26000,5000
202608,138,500000,500000,493000,18000,546000,500000,458000,-46000,-9.23,-35000,0.929,-46000,25000,7000
202609,138,500000,500000,511000,10000,546000,500000,476000,-46000,-9.23,-35000,0.932,-46000,24000,-11000
202610,138,500000,500000,518000,14000,546000,500000,490000,-46000,-9.23,-28000,0.945,-46000,24000,-18000
202611,138,500000,500000,524000,7000,546000,500000,492000,-46000,-9.23,-31000,0.94,-46000,23000,-24000
202612,138,500000,500000,498000,14000,546000,500000,484000,-46000,-9.23,-13000,0.974,-46000,21000,2000
202501,139,2107000,2107000,0,749000,2140000,0,0,-33000,-1.56,0,1.0,-33000,0,2107000
202502,139,2107000,2107000,0,756000,2140000,0,0,-33000,-1.56,0,1.0,-33000,0,2107000
202503,139,2107000,2107000,0,1136000,2140000,0,0,-33000,-1.56,0,1.0,-33000,0,2107000
202504,139,2107000,2107000,0,1051000,2140000,0,0,-33000,-1.56,0,1.0,-33000,0,2107000
202505,139,2107000,2107000,0,1102000,2140000,0,0,-33000,-1.56,0,1.0,-33000,0,2107000
202506,139,2107000,2107000,31000,771000,2140000,32000,33000,-33000,-1.56,1000,1.038,-33000,5000,2076000
202507,139,2107000,2107000,172000,859000,2140000,174000,177000,-33000,-1.56,5000,1.027,-33000,25000,1935000
202508,139,2107000,2107000,313000,537000,2140000,317000,316000,-33000,-1.56,3000,1.009,-33000,39000,1794000
202509,139,2107000,2107000,429000,792000,2140000,454000,450000,-33000,-1.56,21000,1.049,-33000,48000,1678000
202510,139,2107000,2107000,585000,599000,2140000,597000,605000,-33000,-1.56,20000,1.035,-33000,58000,1522000
202511,139,2107000,2107000,692000,548000,2140000,734000,737000,-33000,-1.56,46000,1.066,-33000,63000,1415000
202512,139,2107000,2107000,906000,450000,2140000,877000,887000,-33000,-1.56,-19000,0.979,-33000,76000,1201000
202601,139,2107000,2107000,957000,480000,2140000,1019000,1023000,-33000,-1.56,65000,1.068,-33000,74000,1150000
202602,139,2107000,2107000,1192000,313000,2140000,1148000,1177000,-33000,-1.56,-15000,0.987,-33000,85000,915000
202603,139,2107000,2107000,1287000,285000,2140000,1290000,1317000,-33000,-1.56,30000,1.023,-33000,86000,820000
202604,139,2107000,2107000,1329000,307000,2140000,1428000,1395000,-33000,-1.56,66000,1.049,-33000,83000,778000
202605,139,2107000,2107000,1493000,182000,2140000,1570000,1577000,-33000,-1.56,84000,1.056,-33000,88000,614000
202606,139,2107000,2107000,1626000,151000,2140000,1708000,1694000,-33000,-1.56,68000,1.042,-33000,90000,481000
202607,139,2107000,2107000,1841000,90000,2140000,1850000,1865000,-33000,-1.56,24000,1.013,-33000,97000,266000
202608,139,2107000,2107000,1911000,91000,2140000,1992000,2013000,-33000,-1.56,102000,1.053,-33000,96000,196000
202609,139,2107000,2107000,2005000,53000,2140000,2107000,2092000,-33000,-1.56,87000,1.044,-33000,95000,102000
202610,139,2107000,2107000,2021000,30000,2140000,2107000,2162000,-33000,-1.56,141000,1.07,-33000,92000,86000
202611,139,2107000,2107000,2168000,0,2168000,2107000,2110000,-61000,-2.89,-58000,0.973,-61000,94000,-61000
202612,139,2107000,2107000,2149000,0,2149000,2107000,2130000,-42000,-2.0,-19000,0.991,-42000,90000,-42000
202501,140,4501000,4501000,0,1136000,4376000,0,0,125000,2.78,0,1.0,125000,0,4501000
202502,140,4501000,4501000,0,1263000,4376000,0,0,125000,2.78,0,1.0,125000,0,4501000
202503,140,4501000,4501000,0,1235000,4376000,0,0,125000,2.78,0,1.0,125000,0,4501000
202504,140,4501000,4501000,0,1557000,4376000,0,0,125000,2.78,0,1.0,125000,0,4501000
202505,140,4501000,4501000,0,1523000,4376000,0,0,125000,2.78,0,1.0,125000,0,4501000
202506,140,4501000,4501000,0,1294000,4376000,0,0,125000,2.78,0,1.0,125000,0,4501000
202507,140,4501000,4501000,0,2072000,4376000,0,0,125000,2.78,0,1.0,125000,0,4501000
202508,140,4501000,4501000,0,1407000,4376000,0,0,125000,2.78,0,1.0,125000,0,4501000
202509,140,4501000,4501000,0,2276000,4376000,0,0,125000,2.78,0,1.0,125000,0,4501000
202510,140,4501000,4501000,178000,1915000,4376000,191000,183000,125000,2.78,5000,1.029,125000,18000,4323000
202511,140,4501000,4501000,544000,1200000,4376000,574000,569000,125000,2.78,25000,1.047,125000,49000,3957000
202512,140,4501000,4501000,968000,1490000,4376000,969000,964000,125000,2.78,-3000,0.997,125000,81000,3533000
202601,140,4501000,4501000,1256000,1537000,4376000,1364000,1316000,125000,2.78,60000,1.048,125000,97000,3245000
202602,140,4501000,4501000,1619000,1173000,4376000,1721000,1648000,125000,2.78,30000,1.018,125000,116000,2882000
202603,140,4501000,4501000,1991000,1022000,4376000,2117000,2110000,125000,2.78,118000,1.059,125000,133000,2510000
202604,140,4501000,4501000,2455000,500000,4376000,2499000,2429000,125000,2.78,-26000,0.989,125000,153000,2046000
202605,140,4501000,4501000,2719000,475000,4376000,2894000,2813000,125000,2.78,94000,1.035,125000,160000,1782000
202606,140,4501000,4501000,3243000,609000,4376000,3277000,3155000,125000,2.78,-88000,0.973,125000,180000,1258000
202607,140,4501000,4501000,3437000,454000,4376000,3672000,3638000,125000,2.78,201000,1.058,125000,181000,1064000
202608,140,4501000,4501000,3878000,126000,4376000,4067000,3999000,125000,2.78,122000,1.031,125000,194000,623000
202609,140,4501000,4501000,4130000,63000,4376000,4450000,4281000,125000,2.78,150000,1.036,125000,197000,371000
202610,140,4501000,4501000,4371000,2000,4376000,4501000,4309000,125000,2.78,-62000,0.986,125000,199000,130000
202611,140,4501000,4501000,4252000,46000,4376000,4501000,4491000,125000,2.78,238000,1.056,125000,185000,249000
202612,140,4501000,4501000,4160000,95000,4376000,4501000,4418000,125000,2.78,258000,1.062,125000,173000,341000
202501,141,9191000,9191000,0,2988000,10391000,0,0,-1200000,-13.06,0,1.0,-1200000,0,9191000
202502,141,9191000,9191000,0,2893000,10391000,0,0,-1200000,-13.06,0,1.0,-1200000,0,9191000
202503,141,9191000,9191000,0,3008000,10391000,0,0,-1200000,-13.06,0,1.0,-1200000,0,9191000
202504,141,9191000,9191000,0,2897000,10391000,0,0,-1200000,-13.06,0,1.0,-1200000,0,9191000
202505,141,9191000,9191000,0,4112000,10391000,0,0,-1200000,-13.06,0,1.0,-1200000,0,9191000
202506,141,9191000,9191000,0,4856000,10391000,0,0,-1200000,-13.06,0,1.0,-1200000,0,9191000
202507,141,9191000,9191000,0,2776000,10391000,0,0,-1200000,-13.06,0,1.0,-1200000,0,9191000
202508,141,9191000,9191000,0,2958000,10391000,0,0,-1200000,-13.06,0,1.0,-1200000,0,9191000
202509,141,9191000,9191000,0,5083000,10391000,0,0,-1200000,-13.06,0,1.0,-1200000,0,9191000
202510,141,9191000,9191000,0,4430000,10391000,0,0,-1200000,-13.06,0,1.0,-1200000,0,9191000
202511,141,9191000,9191000,220000,2965000,10391000,200000,197000,-1200000,-13.06,-23000,0.896,-1200000,20000,8971000
202512,141,9191000,9191000,1672000,3551000,10391000,1439000,1406000,-1200000,-13.06,-266000,0.841,-1200000,139000,7519000
202601,141,9191000,9467000,3390000,2066000,10391000,2677000,2656000,-925000,-9.77,-734000,0.783,-925000,261000,6077000
202602,141,9191000,9467000,4283000,2958000,10391000,3796000,3792000,-925000,-9.77,-491000,0.885,-925000,306000,5184000
202603,141,9191000,9467000,5406000,1786000,10391000,5035000,4871000,-925000,-9.77,-535000,0.901,-925000,360000,4060000
202604,141,9191000,9467000,7861000,733000,10391000,6234000,6232000,-925000,-9.77,-1629000,0.793,-925000,491000,1606000
202605,141,9191000,9467000,8406000,819000,10391000,7473000,7252000,-925000,-9.77,-1154000,0.863,-925000,494000,1061000
202606,141,9191000,9467000,10011000,133000,10391000,8672000,8476000,-925000,-9.77,-1534000,0.847,-925000,556000,-544000
202607,141,9191000,9467000,10868000,0,10868000,9191000,9311000,-1401000,-14.8,-1557000,0.857,-1401000,572000,-1401000
202608,141,9191000,9467000,10123000,85000,10391000,9191000,9032000,-925000,-9.77,-1091000,0.892,-925000,506000,-656000
202609,141,9191000,9467000,10911000,0,10911000,9191000,9349000,-1444000,-15.25,-1562000,0.857,-1444000,520000,-1444000
202610,141,9191000,9467000,10721000,0,10721000,9191000,9125000,-1254000,-13.25,-1596000,0.851,-1254000,487000,-1254000
202611,141,9191000,9467000,10054000,164000,10391000,9191000,8983000,-925000,-9.77,-1070000,0.894,-925000,437000,-587000
202612,141,9191000,9467000,10911000,0,10911000,9191000,9132000,-1444000,-15.25,-1779000,0.837,-1444000,455000,-1444000
202501,142,1567000,1567000,0,648000,1673000,0,0,-106000,-6.77,0,1.0,-106000,0,1567000
202502,142,1567000,1567000,0,608000,1673000,0,0,-106000,-6.77,0,1.0,-106000,0,1567000
202503,142,1567000,1567000,0,535000,1673000,0,0,-106000,-6.77,0,1.0,-106000,0,1567000
202504,142,1567000,1567000,0,847000,1673000,0,0,-106000,-6.77,0,1.0,-106000,0,1567000
202505,142,1567000,1567000,11000,843000,1673000,14000,10000,-106000,-6.77,-1000,0.948,-106000,2000,1556000
202506,142,1567000,1567000,95000,829000,1673000,121000,84000,-106000,-6.77,-10000,0.893,-106000,16000,1472000
202507,142,1567000,1567000,187000,543000,1673000,231000,167000,-106000,-6.77,-20000,0.892,-106000,27000,1380000
202508,142,1567000,1567000,279000,592000,1673000,341000,242000,-106000,-6.77,-37000,0.868,-106000,35000,1288000
202509,142,1567000,1567000,353000,445000,1673000,448000,307000,-106000,-6.77,-46000,0.871,-106000,39000,1214000
202510,142,1567000,1567000,429000,368000,1673000,558000,401000,-106000,-6.77,-29000,0.934,-106000,43000,1138000
202511,142,1567000,1567000,493000,504000,1673000,664000,459000,-106000,-6.77,-34000,0.931,-106000,45000,1074000
202512,142,1567000,1567000,586000,443000,1673000,775000,546000,-106000,-6.77,-40000,0.932,-106000,49000,981000
202601,142,1567000,1614000,648000,460000,1673000,885000,600000,-59000,-3.66,-48000,0.926,-59000,50000,966000
202602,142,1567000,1614000,757000,231000,1673000,984000,655000,-59000,-3.66,-103000,0.864,-59000,54000,857000
202603,142,1567000,1614000,831000,359000,1673000,1094000,721000,-59000,-3.66,-110000,0.867,-59000,55000,783000
202604,142,1567000,1614000,934000,274000,1673000,1201000,819000,-59000,-3.66,-115000,0.877,-59000,58000,680000
202605,142,1567000,1614000,939000,312000,1673000,1311000,882000,-59000,-3.66,-57000,0.939,-59000,55000,675000
202606,142,1567000,1614000,983000,252000,1673000,1418000,958000,-59000,-3.66,-25000,0.975,-59000,55000,631000
202607,142,1567000,1614000,1123000,283000,1673000,1528000,1005000,-59000,-3.66,-118000,0.895,-59000,59000,491000
202608,142,1567000,1614000,1062000,289000,1673000,1567000,1033000,-59000,-3.66,-29000,0.973,-59000,53000,552000
202609,142,1567000,1614000,1099000,160000,1673000,1567000,1020000,-59000,-3.66,-79000,0.928,-59000,52000,515000
202610,142,1567000,1614000,1138000,236000,1673000,1567000,1014000,-59000,-3.66,-124000,0.891,-59000,52000,476000
202611,142,1567000,1614000,1161000,169000,1673000,1567000,1002000,-59000,-3.66,-159000,0.863,-59000,50000,453000
202612,142,1567000,1614000,1113000,183000,1673000,1567000,1025000,-59000,-3.66,-88000,0.921,-59000,46000,501000
202501,143,4918000,4918000,0,1415000,5523000,0,0,-605000,-12.31,0,1.0,-605000,0,4918000
202502,143,4918000,4918000,90000,2651000,5523000,96000,84000,-605000,-12.31,-6000,0.936,-605000,45000,4828000
202503,143,4918000,4918000,434000,2324000,5523000,427000,383000,-605000,-12.31,-51000,0.882,-605000,145000,4484000
202504,143,4918000,4918000,714000,2259000,5523000,747000,647000,-605000,-12.31,-67000,0.906,-605000,179000,4204000
202505,143,4918000,4918000,1090000,1372000,5523000,1077000,954000,-605000,-12.31,-137000,0.875,-605000,218000,3828000
202506,143,4918000,4918000,1333000,1664000,5523000,1398000,1197000,-605000,-12.31,-136000,0.898,-605000,222000,3585000
202507,143,4918000,4918000,1637000,1747000,5523000,1728000,1497000,-605000,-12.31,-140000,0.914,-605000,234000,3281000
202508,143,4918000,4918000,1851000,940000,5523000,2059000,1764000,-605000,-12.31,-87000,0.953,-605000,231000,3067000
202509,143,4918000,4918000,2129000,1112000,5523000,2379000,2031000,-605000,-12.31,-99000,0.954,-605000,237000,2789000
202510,143,4918000,4918000,2519000,1288000,5523000,2710000,2372000,-605000,-12.31,-147000,0.942,-605000,252000,2399000
202511,143,4918000,4918000,2920000,1223000,5523000,3030000,2522000,-605000,-12.31,-398000,0.864,-605000,265000,1998000
202512,143,4918000,4918000,3033000,1265000,5523000,3360000,2884000,-605000,-12.31,-149000,0.951,-605000,253000,1885000
202601,143,4918000,5066000,3532000,506000,5523000,3691000,3119000,-458000,-9.04,-413000,0.883,-458000,272000,1534000
202602,143,4918000,5066000,3549000,792000,5523000,3990000,3442000,-458000,-9.04,-107000,0.97,-458000,254000,1516000
202603,143,4918000,5066000,3900000,750000,5523000,4321000,3539000,-458000,-9.04,-362000,0.907,-458000,260000,1165000
202604,143,4918000,5066000,4249000,639000,5523000,4641000,3871000,-458000,-9.04,-378000,0.911,-458000,266000,817000
202605,143,4918000,5066000,4719000,317000,5523000,4918000,4137000,-458000,-9.04,-582000,0.877,-458000,278000,346000
202606,143,4918000,5066000,4377000,327000,5523000,4918000,4084000,-458000,-9.04,-293000,0.933,-458000,243000,689000
202607,143,4918000,5066000,4359000,572000,5523000,4918000,4127000,-458000,-9.04,-232000,0.947,-458000,229000,707000
202608,143,4918000,5066000,4408000,576000,5523000,4918000,4107000,-458000,-9.04,-302000,0.932,-458000,220000,657000
202609,143,4918000,5066000,4518000,285000,5523000,4918000,4092000,-458000,-9.04,-426000,0.906,-458000,215000,547000
202610,143,4918000,5066000,4234000,484000,5523000,4918000,4107000,-458000,-9.04,-128000,0.97,-458000,192000,831000
202611,143,4918000,5066000,4650000,440000,5523000,4918000,4047000,-458000,-9.04,-603000,0.87,-458000,202000,415000
202612,143,4918000,5066000,4647000,357000,5523000,4918000,4100000,-458000,-9.04,-547000,0.882,-458000,194000,419000
202501,144,6891000,6891000,0,2810000,6624000,0,0,267000,3.88,0,1.0,267000,0,6891000
202502,144,6891000,6891000,0,1932000,6624000,0,0,267000,3.88,0,1.0,267000,0,6891000
202503,144,6891000,6891000,0,1940000,6624000,0,0,267000,3.88,0,1.0,267000,0,6891000
202504,144,6891000,6891000,0,2780000,6624000,0,0,267000,3.88,0,1.0,267000,0,6891000
202505,144,6891000,6891000,0,1987000,6624000,0,0,267000,3.88,0,1.0,267000,0,6891000
202506,144,6891000,6891000,0,3064000,6624000,0,0,267000,3.88,0,1.0,267000,0,6891000
202507,144,6891000,6891000,0,2152000,6624000,0,0,267000,3.88,0,1.0,267000,0,6891000
202508,144,6891000,6891000,143000,2487000,6624000,156000,153000,267000,3.88,10000,1.069,267000,18000,6748000
202509,144,6891000,6891000,406000,2377000,6624000,417000,420000,267000,3.88,14000,1.035,267000,45000,6485000
202510,144,6891000,6891000,669000,1667000,6624000,686000,678000,267000,3.88,9000,1.014,267000,67000,6222000
202511,144,6891000,6891000,974000,2667000,6624000,946000,949000,267000,3.88,-26000,0.974,267000,89000,5917000
202512,144,6891000,6891000,1155000,2027000,6624000,1215000,1194000,267000,3.88,39000,1.034,267000,96000,5736000
202601,144,6891000,6891000,1396000,2605000,6624000,1484000,1478000,267000,3.88,82000,1.059,267000,107000,5495000
202602,144,6891000,6891000,1729000,2550000,6624000,1727000,1745000,267000,3.88,16000,1.009,267000,124000,5162000
202603,144,6891000,6891000,1854000,1993000,6624000,1996000,1957000,267000,3.88,103000,1.056,267000,124000,5037000
202604,144,6891000,6891000,2192000,2171000,6624000,2256000,2229000,267000,3.88,37000,1.017,267000,137000,4699000
202605,144,6891000,6891000,2463000,2018000,6624000,2526000,2531000,267000,3.88,68000,1.028,267000,145000,4428000
202606,144,6891000,6891000,2775000,1449000,6624000,2786000,2819000,267000,3.88,44000,1.016,267000,154000,4116000
202607,144,6891000,6891000,2974000,1190000,6624000,3055000,2988000,267000,3.88,13000,1.004,267000,157000,3917000
202608,144,6891000,6891000,3216000,1513000,6624000,3324000,3328000,267000,3.88,112000,1.035,267000,161000,3675000
202609,144,6891000,6891000,3598000,1652000,6624000,3584000,3543000,267000,3.88,-54000,0.985,267000,171000,3293000
202610,144,6891000,6891000,3739000,1451000,6624000,3853000,3862000,267000,3.88,124000,1.033,267000,170000,3152000
202611,144,6891000,6891000,3901000,776000,6624000,4114000,4038000,267000,3.88,137000,1.035,267000,170000,2990000
202612,144,6891000,6891000,4413000,1030000,6624000,4383000,4384000,267000,3.88,-29000,0.993,267000,184000,2478000
202501,145,3624000,3624000,0,1011000,3583000,0,0,41000,1.14,0,1.0,41000,0,3624000
202502,145,3624000,3624000,0,1907000,3583000,0,0,41000,1.14,0,1.0,41000,0,3624000
202503,145,3624000,3624000,0,1450000,3583000,0,0,41000,1.14,0,1.0,41000,0,3624000
202504,145,3624000,3624000,0,1398000,3583000,0,0,41000,1.14,0,1.0,41000,0,3624000
202505,145,3624000,3624000,0,1737000,3583000,0,0,41000,1.14,0,1.0,41000,0,3624000
202506,145,3624000,3624000,0,1720000,3583000,0,0,41000,1.14,0,1.0,41000,0,3624000
202507,145,3624000,3624000,0,1734000,3583000,0,0,41000,1.14,0,1.0,41000,0,3624000
202508,145,3624000,3624000,126000,1276000,3583000,125000,126000,41000,1.14,0,1.0,41000,16000,3498000
202509,145,3624000,3624000,248000,1019000,3583000,263000,265000,41000,1.14,17000,1.068,41000,28000,3376000
202510,145,3624000,3624000,418000,1379000,3583000,406000,413000,41000,1.14,-5000,0.989,41000,42000,3206000
202511,145,3624000,3624000,516000,871000,3583000,545000,550000,41000,1.14,34000,1.066,41000,47000,3108000
202512,145,3624000,3624000,680000,1046000,3583000,688000,688000,41000,1.14,7000,1.01,41000,57000,2944000
202601,145,3624000,3624000,818000,1409000,3583000,831000,836000,41000,1.14,18000,1.022,41000,63000,2806000
202602,145,3624000,3624000,902000,1324000,3583000,960000,950000,41000,1.14,48000,1.053,41000,64000,2722000
202603,145,3624000,3624000,1057000,912000,3583000,1103000,1103000,41000,1.14,46000,1.044,41000,70000,2567000
202604,145,3624000,3624000,1264000,629000,3583000,1242000,1259000,41000,1.14,-6000,0.996,41000,79000,2360000
202605,145,3624000,3624000,1410000,1038000,3583000,1385000,1381000,41000,1.14,-29000,0.98,41000,83000,2214000
202606,145,3624000,3624000,1440000,606000,3583000,1523000,1480000,41000,1.14,40000,1.028,41000,80000,2184000
202607,145,3624000,3624000,1601000,747000,3583000,1667000,1672000,41000,1.14,71000,1.045,41000,84000,2023000
202608,145,3624000,3624000,1770000,962000,3583000,1810000,1788000,41000,1.14,18000,1.01,41000,89000,1854000
202609,145,3624000,3624000,1844000,659000,3583000,1948000,1921000,41000,1.14,77000,1.042,41000,88000,1780000
202610,145,3624000,3624000,2060000,426000,3583000,2091000,2105000,41000,1.14,45000,1.022,41000,94000,1564000
202611,145,3624000,3624000,2209000,691000,3583000,2230000,2191000,41000,1.14,-18000,0.992,41000,96000,1415000
202612,145,3624000,3624000,2433000,587000,3583000,2373000,2412000,41000,1.14,-22000,0.991,41000,101000,1191000
202501,146,2075000,2075000,675000,757000,2256000,722000,632000,-181000,-8.73,-43000,0.937,-181000,675000,1400000
202502,146,2075000,2075000,829000,487000,2256000,804000,707000,-181000,-8.73,-122000,0.853,-181000,415000,1246000
202503,146,2075000,2075000,829000,634000,2256000,894000,762000,-181000,-8.73,-67000,0.919,-181000,276000,1246000
202504,146,2075000,2075000,958000,432000,2256000,982000,833000,-181000,-8.73,-126000,0.869,-181000,240000,1117000
202505,146,2075000,2075000,1069000,611000,2256000,1073000,922000,-181000,-8.73,-148000,0.862,-181000,214000,1006000
202506,146,2075000,2075000,1046000,537000,2256000,1160000,972000,-181000,-8.73,-74000,0.929,-181000,174000,1029000
202507,146,2075000,2075000,1145000,565000,2256000,1251000,1055000,-181000,-8.73,-90000,0.921,-181000,164000,930000
202508,146,2075000,2075000,1373000,383000,2256000,1341000,1162000,-181000,-8.73,-212000,0.846,-181000,172000,702000
202509,146,2075000,2075000,1383000,479000,2256000,1429000,1206000,-181000,-8.73,-178000,0.872,-181000,154000,692000
202510,146,2075000,2075000,1460000,227000,2256000,1520000,1308000,-181000,-8.73,-151000,0.896,-181000,146000,615000
202511,146,2075000,2075000,1444000,310000,2256000,1607000,1347000,-181000,-8.73,-97000,0.933,-181000,131000,631000
202512,146,2075000,2075000,1500000,255000,2256000,1698000,1396000,-181000,-8.73,-104000,0.93,-181000,125000,575000
202601,146,2075000,2075000,1687000,293000,2256000,1789000,1514000,-181000,-8.73,-173000,0.897,-181000,130000,388000
202602,146,2075000,2075000,1938000,145000,2256000,1870000,1706000,-181000,-8.73,-233000,0.88,-181000,138000,137000
202603,146,2075000,2075000,2005000,130000,2256000,1961000,1784000,-181000,-8.73,-221000,0.89,-181000,134000,70000
202604,146,2075000,2075000,2177000,39000,2256000,2049000,1931000,-181000,-8.73,-246000,0.887,-181000,136000,-102000
202605,146,2075000,2075000,2134000,46000,2256000,2075000,1947000,-181000,-8.73,-187000,0.912,-181000,126000,-59000
202606,146,2075000,2075000,2228000,9000,2256000,2075000,2039000,-181000,-8.73,-188000,0.916,-181000,124000,-153000
202607,146,2075000,2075000,2248000,3000,2256000,2075000,2054000,-181000,-8.73,-194000,0.914,-181000,118000,-173000
202608,146,2075000,2075000,2200000,19000,2256000,2075000,2054000,-181000,-8.73,-146000,0.934,-181000,110000,-125000
202609,146,2075000,2075000,2178000,34000,2256000,2075000,2054000,-181000,-8.73,-124000,0.943,-181000,104000,-103000
202610,146,2075000,2075000,2207000,19000,2256000,2075000,2054000,-181000,-8.73,-153000,0.931,-181000,100000,-132000
202611,146,2075000,2075000,2135000,66000,2256000,2075000,2054000,-181000,-8.73,-80000,0.962,-181000,93000,-60000
202612,146,2075000,2075000,2126000,48000,2256000,2075000,2054000,-181000,-8.73,-72000,0.966,-181000,89000,-51000
202501,147,7900000,7900000,3023000,2700000,8003000,3228000,3136000,-103000,-1.31,113000,1.037,-103000,3023000,4877000
202502,147,7900000,7900000,3427000,2411000,8003000,3537000,3420000,-103000,-1.31,-7000,0.998,-103000,1714000,4473000
202503,147,7900000,7900000,3605000,2054000,8003000,3878000,3805000,-103000,-1.31,200000,1.055,-103000,1202000,4295000
202504,147,7900000,7900000,3926000,2124000,8003000,4209000,4104000,-103000,-1.31,178000,1.045,-103000,982000,3974000
202505,147,7900000,7900000,4123000,1579000,8003000,4550000,4398000,-103000,-1.31,275000,1.067,-103000,825000,3777000
202506,147,7900000,7900000,4628000,1465000,8003000,4881000,4742000,-103000,-1.31,114000,1.025,-103000,771000,3272000
202507,147,7900000,7900000,5220000,1116000,8003000,5223000,5089000,-103000,-1.31,-131000,0.975,-103000,746000,2680000
202508,147,7900000,7900000,5529000,1252000,8003000,5564000,5472000,-103000,-1.31,-57000,0.99,-103000,691000,2371000
202509,147,7900000,7900000,5530000,815000,8003000,5895000,5857000,-103000,-1.31,327000,1.059,-103000,614000,2370000
202510,147,7900000,7900000,5935000,778000,8003000,6236000,6063000,-103000,-1.31,128000,1.022,-103000,594000,1965000
202511,147,7900000,7900000,6070000,873000,8003000,6567000,6355000,-103000,-1.31,284000,1.047,-103000,552000,1830000
202512,147,7900000,7900000,6170000,882000,8003000,6908000,6597000,-103000,-1.31,427000,1.069,-103000,514000,1730000
202601,147,7900000,7900000,7204000,358000,8003000,7250000,7136000,-103000,-1.31,-67000,0.991,-103000,554000,696000
202602,147,7900000,7900000,6853000,374000,8003000,7558000,7238000,-103000,-1.31,385000,1.056,-103000,490000,1047000
202603,147,7900000,7900000,7977000,8000,8003000,7900000,7808000,-103000,-1.31,-169000,0.979,-103000,532000,-77000
202604,147,7900000,7900000,7255000,210000,8003000,7900000,7465000,-103000,-1.31,210000,1.029,-103000,453000,645000
202605,147,7900000,7900000,7285000,255000,8003000,7900000,7734000,-103000,-1.31,449000,1.062,-103000,429000,615000
202606,147,7900000,7900000,7648000,114000,8003000,7900000,7621000,-103000,-1.31,-27000,0.997,-103000,425000,252000
202607,147,7900000,7900000,7803000,68000,8003000,7900000,7632000,-103000,-1.31,-170000,0.978,-103000,411000,97000
202608,147,7900000,7900000,7632000,149000,8003000,7900000,7834000,-103000,-1.31,202000,1.026,-103000,382000,268000
202609,147,7900000,7900000,7559000,140000,8003000,7900000,7877000,-103000,-1.31,319000,1.042,-103000,360000,341000
202610,147,7900000,7900000,7372000,187000,8003000,7900000,7637000,-103000,-1.31,265000,1.036,-103000,335000,528000
202611,147,7900000,7900000,7668000,155000,8003000,7900000,7847000,-103000,-1.31,179000,1.023,-103000,333000,232000
202612,147,7900000,7900000,7955000,16000,8003000,7900000,7853000,-103000,-1.31,-102000,0.987,-103000,331000,-55000
202501,148,1596000,1596000,0,694000,1667000,0,0,-71000,-4.44,0,1.0,-71000,0,1596000
202502,148,1596000,1596000,0,548000,1667000,0,0,-71000,-4.44,0,1.0,-71000,0,1596000
202503,148,1596000,1596000,0,608000,1667000,0,0,-71000,-4.44,0,1.0,-71000,0,1596000
202504,148,1596000,1596000,0,825000,1667000,0,0,-71000,-4.44,0,1.0,-71000,0,1596000
202505,148,1596000,1596000,0,629000,1667000,0,0,-71000,-4.44,0,1.0,-71000,0,1596000
202506,148,1596000,1596000,0,487000,1667000,0,0,-71000,-4.44,0,1.0,-71000,0,1596000
202507,148,1596000,1596000,0,748000,1667000,0,0,-71000,-4.44,0,1.0,-71000,0,1596000
202508,148,1596000,1596000,48000,774000,1667000,58000,44000,-71000,-4.44,-4000,0.909,-71000,6000,1548000
202509,148,1596000,1596000,145000,645000,1667000,184000,137000,-71000,-4.44,-8000,0.946,-71000,16000,1451000
202510,148,1596000,1596000,233000,514000,1667000,313000,225000,-71000,-4.44,-8000,0.967,-71000,23000,1363000
202511,148,1596000,1596000,327000,565000,1667000,439000,311000,-71000,-4.44,-16000,0.952,-71000,30000,1269000
202512,148,1596000,1596000,429000,482000,1667000,568000,417000,-71000,-4.44,-12000,0.972,-71000,36000,1167000
202601,148,1596000,1644000,580000,447000,1667000,698000,501000,-23000,-1.4,-78000,0.865,-23000,45000,1064000
202602,148,1596000,1644000,620000,331000,1667000,815000,576000,-23000,-1.4,-43000,0.93,-23000,44000,1024000
202603,148,1596000,1644000,786000,265000,1667000,944000,678000,-23000,-1.4,-108000,0.863,-23000,52000,858000
202604,148,1596000,1644000,840000,321000,1667000,1070000,733000,-23000,-1.4,-107000,0.873,-23000,53000,804000
202605,148,1596000,1644000,969000,177000,1667000,1199000,848000,-23000,-1.4,-120000,0.876,-23000,57000,675000
202606,148,1596000,1644000,978000,189000,1667000,1324000,948000,-23000,-1.4,-31000,0.969,-23000,54000,666000
202607,148,1596000,1644000,1111000,244000,1667000,1454000,1019000,-23000,-1.4,-92000,0.917,-23000,58000,533000
202608,148,1596000,1644000,1170000,150000,1667000,1583000,1134000,-23000,-1.4,-35000,0.97,-23000,58000,474000
202609,148,1596000,1644000,1241000,165000,1667000,1596000,1085000,-23000,-1.4,-155000,0.875,-23000,59000,403000
202610,148,1596000,1644000,1167000,135000,1667000,1596000,1140000,-23000,-1.4,-26000,0.977,-23000,53000,477000
202611,148,1596000,1644000,1193000,167000,1667000,1596000,1137000,-23000,-1.4,-56000,0.953,-23000,52000,451000
202612,148,1596000,1644000,1258000,125000,1667000,1596000,1108000,-23000,-1.4,-151000,0.88,-23000,52000,385000
202501,149,5784000,5784000,0,2612000,5695000,0,0,89000,1.54,0,1.0,89000,0,5784000
202502,149,5784000,5784000,0,2850000,5695000,0,0,89000,1.54,0,1.0,89000,0,5784000
202503,149,5784000,5784000,0,2042000,5695000,0,0,89000,1.54,0,1.0,89000,0,5784000
202504,149,5784000,5784000,0,2863000,5695000,0,0,89000,1.54,0,1.0,89000,0,5784000
202505,149,5784000,5784000,0,3082000,5695000,0,0,89000,1.54,0,1.0,89000,0,5784000
202506,149,5784000,5784000,0,2181000,5695000,0,0,89000,1.54,0,1.0,89000,0,5784000
202507,149,5784000,5784000,0,2962000,5695000,0,0,89000,1.54,0,1.0,89000,0,5784000
202508,149,5784000,5784000,0,2626000,5695000,0,0,89000,1.54,0,1.0,89000,0,5784000
202509,149,5784000,5784000,0,1873000,5695000,0,0,89000,1.54,0,1.0,89000,0,5784000
202510,149,5784000,5784000,0,2580000,5695000,0,0,89000,1.54,0,1.0,89000,0,5784000
202511,149,5784000,5784000,0,3032000,5695000,0,0,89000,1.54,0,1.0,89000,0,5784000
202512,149,5784000,5784000,41000,2174000,5695000,44000,43000,89000,1.54,2000,1.044,89000,3000,5743000
202601,149,5784000,5784000,235000,2187000,5695000,237000,230000,89000,1.54,-5000,0.98,89000,18000,5549000
202602,149,5784000,5784000,400000,1485000,5695000,412000,395000,89000,1.54,-5000,0.987,89000,29000,5384000
202603,149,5784000,5784000,593000,1373000,5695000,606000,594000,89000,1.54,1000,1.002,89000,40000,5191000
202604,149,5784000,5784000,722000,1831000,5695000,793000,773000,89000,1.54,51000,1.07,89000,45000,5062000
202605,149,5784000,5784000,962000,2304000,5695000,987000,936000,89000,1.54,-26000,0.973,89000,57000,4822000
202606,149,5784000,5784000,1087000,1479000,5695000,1174000,1115000,89000,1.54,28000,1.026,89000,60000,4697000
202607,149,5784000,5784000,1287000,2199000,5695000,1368000,1332000,89000,1.54,45000,1.035,89000,68000,4497000
202608,149,5784000,5784000,1501000,2034000,5695000,1562000,1531000,89000,1.54,31000,1.02,89000,75000,4283000
202609,149,5784000,5784000,1693000,2095000,5695000,1749000,1667000,89000,1.54,-26000,0.985,89000,81000,4091000
202610,149,5784000,5784000,1968000,1927000,5695000,1943000,1914000,89000,1.54,-54000,0.972,89000,89000,3816000
202611,149,5784000,5784000,2048000,922000,5695000,2130000,2126000,89000,1.54,78000,1.038,89000,89000,3736000
202612,149,5784000,5784000,2337000,1143000,5695000,2324000,2269000,89000,1.54,-68000,0.971,89000,97000,3447000
202501,150,10250000,10250000,2182000,2388000,9664000,2266000,2262000,586000,5.72,80000,1.036,586000,2182000,8068000
202502,150,10250000,10250000,2632000,2557000,9664000,2681000,2572000,586000,5.72,-60000,0.977,586000,1316000,7618000
202503,150,10250000,10250000,2936000,3586000,9664000,3140000,2981000,586000,5.72,44000,1.015,586000,979000,7314000
202504,150,10250000,10250000,3314000,2111000,9664000,3585000,3414000,586000,5.72,101000,1.03,586000,828000,6936000
202505,150,10250000,10250000,4002000,1971000,9664000,4044000,3939000,586000,5.72,-63000,0.984,586000,800000,6248000
202506,150,10250000,10250000,4359000,1337000,9664000,4488000,4352000,586000,5.72,-7000,0.998,586000,727000,5891000
202507,150,10250000,10250000,4839000,1333000,9664000,4947000,4718000,586000,5.72,-121000,0.975,586000,691000,5411000
202508,150,10250000,10250000,5166000,1279000,9664000,5406000,5125000,586000,5.72,-41000,0.992,586000,646000,5084000
202509,150,10250000,10250000,5389000,1406000,9664000,5851000,5583000,586000,5.72,194000,1.036,586000,599000,4861000
202510,150,10250000,10250000,5785000,1092000,9664000,6310000,6057000,586000,5.72,272000,1.047,586000,579000,4465000
202511,150,10250000,10250000,6391000,1221000,9664000,6754000,6651000,586000,5.72,260000,1.041,586000,581000,3859000
202512,150,10250000,10250000,7153000,687000,9664000,7214000,7153000,586000,5.72,0,1.0,586000,596000,3097000
202601,150,10250000,10250000,7163000,1358000,9664000,7673000,7393000,586000,5.72,230000,1.032,586000,551000,3087000
202602,150,10250000,10250000,7765000,756000,9664000,8087000,7618000,586000,5.72,-147000,0.981,586000,555000,2485000
202603,150,10250000,10250000,7878000,963000,9664000,8547000,8119000,586000,5.72,241000,1.031,586000,525000,2372000
202604,150,10250000,10250000,8853000,207000,9664000,8991000,8832000,586000,5.72,-21000,0.998,586000,553000,1397000
202605,150,10250000,10250000,8880000,205000,9664000,9450000,9067000,586000,5.72,187000,1.021,586000,522000,1370000
202606,150,10250000,10250000,9953000,0,9953000,9895000,9698000,297000,2.9,-254000,0.974,297000,553000,297000
202607,150,10250000,10250000,9570000,28000,9664000,10250000,10100000,586000,5.72,530000,1.055,586000,504000,680000
202608,150,10250000,10250000,9452000,69000,9664000,10250000,9683000,586000,5.72,231000,1.024,586000,473000,798000
202609,150,10250000,10250000,9457000,96000,9664000,10250000,9875000,586000,5.72,418000,1.044,586000,450000,793000
202610,150,10250000,10250000,9794000,0,9794000,10250000,9832000,456000,4.45,38000,1.004,456000,445000,456000
202611,150,10250000,10250000,9323000,99000,9664000,10250000,9838000,586000,5.72,515000,1.055,586000,405000,927000
202612,150,10250000,10250000,9212000,197000,9664000,10250000,9831000,586000,5.72,619000,1.067,586000,384000,1038000
