period_id,project_id,planned_progress_pct,actual_progress_pct,planned_value,earned_value_schedule,planned_milestones,completed_milestones,overdue_milestones,forecast_finish_date,schedule_variance_pct,spi,milestone_completion_pct,schedule_delay_days,delivery_risk_flag
202501,1,51.1,50.5,863000,852000,10,10,0,2025-12-10,-0.65,0.987,100.0,3,Low
202502,1,55.5,54.5,937000,920000,11,11,0,2025-12-12,-1.05,0.981,100.0,5,Low
202503,1,60.4,59.2,1020000,1000000,12,12,0,2025-12-12,-1.19,0.98,100.0,5,Low
202504,1,65.1,66.0,1100000,1113000,13,13,0,2025-12-07,0.81,1.012,100.0,0,Low
202505,1,70.0,69.0,1182000,1165000,14,14,0,2025-12-11,-1.01,0.986,100.0,4,Low
202506,1,74.8,73.4,1262000,1239000,15,15,0,2025-12-12,-1.38,0.982,100.0,5,Low
202507,1,79.7,80.1,1345000,1353000,16,16,0,2025-12-07,0.48,1.006,100.0,0,Low
202508,1,84.5,84.5,1427000,1426000,17,17,0,2025-12-07,-0.04,1.0,100.0,0,Low
202509,1,89.3,86.9,1507000,1466000,18,18,0,2025-12-14,-2.41,0.973,100.0,7,Low
202510,1,94.2,94.0,1589000,1587000,19,19,0,2025-12-07,-0.17,0.998,100.0,0,Low
202511,1,98.9,95.9,1669000,1618000,20,19,1,2025-12-15,-3.01,0.97,95.0,8,Low
202512,1,100,97.8,1688000,1651000,20,20,0,2025-12-13,-2.2,0.978,100.0,6,Low
202601,1,100,99.2,1688000,1675000,20,20,0,2025-12-09,-0.8,0.992,100.0,2,Low
202602,1,100,96.0,1688000,1620000,20,19,1,2025-12-18,-4.0,0.96,95.0,11,Low
202603,1,100,99.0,1688000,1671000,20,20,0,2025-12-09,-1.03,0.99,100.0,2,Low
202604,1,100,96.4,1688000,1627000,20,19,1,2025-12-17,-3.63,0.964,95.0,10,Low
202605,1,100,99.5,1688000,1680000,20,20,0,2025-12-08,-0.48,0.995,100.0,1,Low
202606,1,100,98.1,1688000,1656000,20,20,0,2025-12-12,-1.88,0.981,100.0,5,Low
202607,1,100,96.7,1688000,1632000,20,19,1,2025-12-16,-3.31,0.967,95.0,9,Low
202608,1,100,100,1688000,1700000,20,20,0,2025-12-07,0,1.007,100.0,0,Low
202609,1,100,100,1688000,1690000,20,20,0,2025-12-07,0,1.001,100.0,0,Low
202610,1,100,97.4,1688000,1644000,20,19,1,2025-12-14,-2.59,0.974,95.0,7,Low
202611,1,100,100,1688000,1711000,20,20,0,2025-12-07,0,1.014,100.0,0,Low
202612,1,100,99.7,1688000,1683000,20,20,0,2025-12-07,-0.27,0.997,100.0,0,Low
202501,2,4.8,4.2,131000,113000,1,1,0,2027-08-13,-0.67,0.861,100.0,56,Medium
202502,2,7.9,6.6,215000,181000,2,2,0,2027-08-21,-1.25,0.842,100.0,64,Medium
202503,2,11.3,9.5,307000,259000,2,2,0,2027-08-21,-1.77,0.843,100.0,64,Medium
202504,2,14.6,11.9,397000,325000,3,2,1,2027-08-31,-2.65,0.818,66.7,74,Medium
202505,2,18.0,14.6,489000,398000,4,3,1,2027-09-02,-3.34,0.814,75.0,76,Medium
202506,2,21.3,17.3,579000,470000,4,3,1,2027-09-03,-4.0,0.812,75.0,77,Medium
202507,2,24.7,19.9,671000,541000,5,4,1,2027-09-05,-4.79,0.806,80.0,79,Medium
202508,2,28.1,22.8,764000,621000,6,5,1,2027-09-02,-5.23,0.814,83.3,76,Medium
202509,2,31.4,25.9,853000,706000,6,5,1,2027-08-27,-5.41,0.827,83.3,70,Medium
202510,2,34.8,27.8,945000,757000,7,6,1,2027-09-07,-6.92,0.801,85.7,81,Medium
202511,2,38.0,30.2,1035000,820000,8,6,2,2027-09-11,-7.89,0.793,75.0,85,High
202512,2,41.4,36.3,1127000,986000,8,7,1,2027-08-08,-5.2,0.875,87.5,51,Medium
202601,2,44.8,39.7,1220000,1079000,9,8,1,2027-08-04,-5.16,0.885,88.9,47,Medium
202602,2,47.9,43.8,1303000,1191000,10,9,1,2027-07-23,-4.14,0.914,90.0,35,Low
202603,2,51.3,47.2,1396000,1283000,10,9,1,2027-07-21,-4.15,0.919,90.0,33,Low
202604,2,54.6,51.8,1485000,1410000,11,10,1,2027-07-08,-2.76,0.949,90.9,20,Low
202605,2,58.0,54.8,1578000,1491000,12,11,1,2027-07-10,-3.19,0.945,91.7,22,Low
202606,2,61.3,58.8,1667000,1599000,12,12,0,2027-07-04,-2.5,0.959,100.0,16,Low
202607,2,64.7,63.2,1760000,1720000,13,13,0,2027-06-27,-1.46,0.977,100.0,9,Low
202608,2,68.1,67.4,1852000,1834000,14,14,0,2027-06-22,-0.68,0.99,100.0,4,Low
202609,2,71.4,70.7,1942000,1922000,14,14,0,2027-06-22,-0.71,0.99,100.0,4,Low
202610,2,74.8,74.0,2034000,2014000,15,15,0,2027-06-22,-0.75,0.99,100.0,4,Low
202611,2,78.1,77.3,2124000,2102000,16,16,0,2027-06-22,-0.78,0.99,100.0,4,Low
202612,2,81.5,80.7,2216000,2194000,16,16,0,2027-06-22,-0.81,0.99,100.0,4,Low
202501,3,0,0,0,0,1,1,0,2028-06-11,0,0.705,100.0,104,High
202502,3,0,0,0,0,1,1,0,2028-06-09,0,0.711,100.0,102,High
202503,3,0,0,0,0,1,1,0,2028-06-07,0,0.717,100.0,100,High
202504,3,0,0,0,0,1,1,0,2028-06-08,0,0.716,100.0,101,High
202505,3,0,0,0,0,1,1,0,2028-06-06,0,0.72,100.0,99,High
202506,3,0,0,0,0,1,1,0,2028-06-12,0,0.703,100.0,105,High
202507,3,0,0,0,0,1,1,0,2028-06-21,0,0.677,100.0,114,High
202508,3,0,0,0,0,1,1,0,2028-06-10,0,0.708,100.0,103,High
202509,3,0,0,0,0,1,1,0,2028-06-16,0,0.693,100.0,109,High
202510,3,0,0,0,0,1,1,0,2028-06-13,0,0.699,100.0,106,High
202511,3,0,0,0,0,1,1,0,2028-06-22,0,0.675,100.0,115,High
202512,3,0.1,0.1,4000,2000,1,1,0,2028-06-15,-0.04,0.694,100.0,108,High
202601,3,4.1,2.7,112000,76000,1,1,0,2028-06-22,-1.31,0.676,100.0,115,High
202602,3,7.6,5.0,211000,139000,2,1,1,2028-06-27,-2.57,0.662,50.0,120,High
202603,3,11.5,7.8,320000,215000,2,1,1,2028-06-23,-3.77,0.673,50.0,116,High
202604,3,15.3,10.1,425000,281000,3,2,1,2028-06-27,-5.19,0.661,66.7,120,High
202605,3,19.2,12.5,534000,346000,4,3,1,2028-07-01,-6.76,0.649,75.0,124,High
202606,3,23.0,15.5,639000,430000,5,3,2,2028-06-23,-7.53,0.673,60.0,116,High
202607,3,27.0,17.9,748000,496000,5,3,2,2028-06-26,-9.08,0.663,60.0,119,High
202608,3,30.9,20.5,857000,570000,6,4,2,2028-06-26,-10.35,0.665,66.7,119,High
202609,3,34.7,21.9,962000,607000,7,4,3,2028-07-08,-12.79,0.631,57.1,131,High
202610,3,38.6,24.1,1071000,670000,8,5,3,2028-07-10,-14.47,0.625,62.5,133,High
202611,3,42.4,27.4,1177000,760000,8,5,3,2028-07-02,-15.03,0.646,62.5,125,High
202612,3,46.3,29.5,1286000,819000,9,6,3,2028-07-06,-16.81,0.637,66.7,129,High
202501,4,0,0,0,0,1,1,0,2027-03-23,0,0.75,100.0,64,High
202502,4,0,0,0,0,1,1,0,2027-03-22,0,0.751,100.0,63,High
202503,4,0,0,0,0,1,1,0,2027-03-21,0,0.756,100.0,62,High
202504,4,0,0,0,0,1,1,0,2027-03-21,0,0.758,100.0,62,High
202505,4,0,0,0,0,1,1,0,2027-03-25,0,0.741,100.0,66,High
202506,4,0.5,0.4,10000,8000,1,1,0,2027-03-21,-0.13,0.757,100.0,62,High
202507,4,6.0,4.5,114000,86000,1,1,0,2027-03-22,-1.47,0.753,100.0,63,High
202508,4,11.4,8.4,217000,160000,2,1,1,2027-03-26,-3.02,0.735,50.0,67,High
202509,4,16.7,12.3,318000,234000,3,2,1,2027-03-26,-4.38,0.737,66.7,67,High
202510,4,22.1,16.4,421000,312000,4,3,1,2027-03-25,-5.72,0.741,75.0,66,High
202511,4,27.4,20.4,521000,389000,5,4,1,2027-03-23,-6.92,0.747,80.0,64,High
202512,4,32.8,24.0,625000,457000,7,5,2,2027-03-27,-8.81,0.731,71.4,68,High
202601,4,38.2,30.7,729000,584000,8,6,2,2027-03-09,-7.59,0.802,75.0,50,Medium
202602,4,43.2,34.7,822000,661000,9,7,2,2027-03-09,-8.43,0.805,77.8,50,Medium
202603,4,48.6,40.2,926000,766000,10,8,2,2027-03-03,-8.39,0.827,80.0,44,Medium
202604,4,53.9,45.7,1026000,870000,11,9,2,2027-02-26,-8.19,0.848,81.8,39,Medium
202605,4,59.3,51.6,1130000,984000,12,10,2,2027-02-20,-7.66,0.871,83.3,33,Medium
202606,4,64.6,55.7,1230000,1061000,13,11,2,2027-02-22,-8.87,0.863,84.6,35,Medium
202607,4,70.0,61.9,1334000,1180000,14,12,2,2027-02-16,-8.07,0.885,85.7,29,Medium
202608,4,75.4,69.7,1437000,1328000,15,14,1,2027-02-06,-5.74,0.924,93.3,19,Low
202609,4,80.7,75.9,1537000,1446000,16,15,1,2027-02-02,-4.79,0.941,93.8,15,Low
202610,4,86.1,79.8,1641000,1521000,17,16,1,2027-02-05,-6.31,0.927,94.1,18,Low
202611,4,91.4,86.3,1741000,1643000,18,17,1,2027-02-01,-5.13,0.944,94.4,14,Low
202612,4,96.8,91.8,1845000,1749000,19,18,1,2027-01-31,-5.02,0.948,94.7,13,Low
202501,5,0,0,0,0,1,1,0,2028-01-11,0,0.994,100.0,2,Low
202502,5,0,0,0,0,1,1,0,2028-01-12,0,0.991,100.0,3,Low
202503,5,0,0,0,0,1,1,0,2028-01-22,0,0.965,100.0,13,Low
202504,5,0,0,0,0,1,1,0,2028-01-20,0,0.969,100.0,11,Low
202505,5,0,0,0,0,1,1,0,2028-01-21,0,0.969,100.0,12,Low
202506,5,0,0,0,0,1,1,0,2028-01-20,0,0.969,100.0,11,Low
202507,5,0,0,0,0,1,1,0,2028-01-15,0,0.983,100.0,6,Low
202508,5,0.1,0.1,6000,6000,1,1,0,2028-01-09,0.0,1.0,100.0,0,Low
202509,5,3.6,3.6,177000,176000,1,1,0,2028-01-11,-0.02,0.994,100.0,2,Low
202510,5,7.2,7.1,355000,349000,1,1,0,2028-01-14,-0.1,0.986,100.0,5,Low
202511,5,10.7,10.6,526000,520000,2,2,0,2028-01-13,-0.12,0.989,100.0,4,Low
202512,5,14.3,14.3,703000,706000,3,3,0,2028-01-09,0.04,1.003,100.0,0,Low
202601,5,17.9,17.5,881000,864000,4,4,0,2028-01-16,-0.35,0.981,100.0,7,Low
202602,5,21.1,20.6,1041000,1017000,4,4,0,2028-01-17,-0.48,0.977,100.0,8,Low
202603,5,24.7,23.8,1218000,1174000,5,5,0,2028-01-23,-0.89,0.964,100.0,14,Low
202604,5,28.2,27.7,1390000,1366000,6,6,0,2028-01-15,-0.49,0.983,100.0,6,Low
202605,5,31.8,31.9,1567000,1574000,6,6,0,2028-01-09,0.13,1.004,100.0,0,Low
202606,5,35.3,35.1,1739000,1728000,7,7,0,2028-01-11,-0.21,0.994,100.0,2,Low
202607,5,38.9,39.1,1916000,1926000,8,8,0,2028-01-09,0.21,1.005,100.0,0,Low
202608,5,42.5,42.5,2093000,2095000,8,8,0,2028-01-09,0.03,1.001,100.0,0,Low
202609,5,45.9,45.8,2265000,2256000,9,9,0,2028-01-10,-0.18,0.996,100.0,1,Low
202610,5,49.5,49.2,2442000,2427000,10,10,0,2028-01-11,-0.31,0.994,100.0,2,Low
202611,5,53.0,51.7,2614000,2547000,11,11,0,2028-01-18,-1.36,0.974,100.0,9,Low
202612,5,56.6,55.4,2791000,2732000,11,11,0,2028-01-17,-1.2,0.979,100.0,8,Low
202501,6,0,0,0,0,1,1,0,2026-04-04,0,0.974,100.0,2,Low
202502,6,0,0,0,0,1,1,0,2026-04-03,0,0.978,100.0,1,Low
202503,6,0,0,0,0,1,1,0,2026-04-04,0,0.968,100.0,2,Low
202504,6,0,0,0,0,1,1,0,2026-04-05,0,0.963,100.0,3,Low
202505,6,0,0,0,0,1,1,0,2026-04-06,0,0.949,100.0,4,Low
202506,6,0,0,0,0,1,1,0,2026-04-05,0,0.96,100.0,3,Low
202507,6,0,0,0,0,1,1,0,2026-04-03,0,0.98,100.0,1,Low
202508,6,0,0,0,0,1,1,0,2026-04-03,0,0.985,100.0,1,Low
202509,6,1.1,1.1,56000,55000,1,1,0,2026-04-02,-0.01,0.989,100.0,0,Low
202510,6,17.7,17.4,921000,902000,4,4,0,2026-04-03,-0.37,0.979,100.0,1,Low
202511,6,33.9,33.4,1758000,1733000,7,7,0,2026-04-03,-0.47,0.986,100.0,1,Low
202512,6,50.5,48.8,2622000,2531000,10,10,0,2026-04-04,-1.75,0.965,100.0,2,Low
202601,6,67.2,65.2,3487000,3384000,13,13,0,2026-04-04,-1.99,0.97,100.0,2,Low
202602,6,82.3,80.9,4268000,4199000,16,16,0,2026-04-03,-1.34,0.984,100.0,1,Low
202603,6,98.9,95.8,5133000,4973000,20,19,1,2026-04-04,-3.09,0.969,95.0,2,Low
202604,6,100,97.0,5189000,5032000,20,19,1,2026-04-04,-3.02,0.97,95.0,2,Low
202605,6,100,94.5,5189000,4902000,20,19,1,2026-04-06,-5.53,0.945,95.0,4,Low
202606,6,100,97.4,5189000,5052000,20,19,1,2026-04-04,-2.65,0.974,95.0,2,Low
202607,6,100,95.0,5189000,4928000,20,19,1,2026-04-06,-5.03,0.95,95.0,4,Low
202608,6,100,98.3,5189000,5100000,20,20,0,2026-04-03,-1.71,0.983,100.0,1,Low
202609,6,100,96.4,5189000,5003000,20,19,1,2026-04-04,-3.58,0.964,95.0,2,Low
202610,6,100,95.4,5189000,4952000,20,19,1,2026-04-05,-4.57,0.954,95.0,3,Low
202611,6,100,95.0,5189000,4931000,20,19,1,2026-04-06,-4.97,0.95,95.0,4,Low
202612,6,100,99.0,5189000,5139000,20,20,0,2026-04-02,-0.97,0.99,100.0,0,Low
202501,7,100,98.5,15360000,15125000,20,20,0,2024-11-21,-1.53,0.985,100.0,2,Low
202502,7,100,96.8,15360000,14868000,20,19,1,2024-11-23,-3.2,0.968,95.0,4,Low
202503,7,100,95.8,15360000,14722000,20,19,1,2024-11-24,-4.16,0.958,95.0,5,Low
202504,7,100,96.0,15360000,14753000,20,19,1,2024-11-24,-3.95,0.96,95.0,5,Low
202505,7,100,95.4,15360000,14649000,20,19,1,2024-11-25,-4.63,0.954,95.0,6,Low
202506,7,100,94.1,15360000,14448000,20,19,1,2024-11-26,-5.94,0.941,95.0,7,Low
202507,7,100,95.5,15360000,14669000,20,19,1,2024-11-24,-4.5,0.955,95.0,5,Low
202508,7,100,94.9,15360000,14578000,20,19,1,2024-11-25,-5.09,0.949,95.0,6,Low
202509,7,100,96.6,15360000,14845000,20,19,1,2024-11-23,-3.35,0.966,95.0,4,Low
202510,7,100,98.1,15360000,15066000,20,20,0,2024-11-21,-1.92,0.981,100.0,2,Low
202511,7,100,99.4,15360000,15264000,20,20,0,2024-11-19,-0.62,0.994,100.0,0,Low
202512,7,100,98.0,15360000,15053000,20,20,0,2024-11-21,-2.0,0.98,100.0,2,Low
202601,7,100,97.3,15360000,14939000,20,19,1,2024-11-22,-2.74,0.973,95.0,3,Low
202602,7,100,96.4,15360000,14803000,20,19,1,2024-11-23,-3.63,0.964,95.0,4,Low
202603,7,100,97.5,15360000,14976000,20,19,1,2024-11-22,-2.5,0.975,95.0,3,Low
202604,7,100,94.0,15360000,14437000,20,19,1,2024-11-26,-6.01,0.94,95.0,7,Low
202605,7,100,94.1,15360000,14453000,20,19,1,2024-11-26,-5.9,0.941,95.0,7,Low
202606,7,100,96.2,15360000,14771000,20,19,1,2024-11-24,-3.83,0.962,95.0,5,Low
202607,7,100,96.4,15360000,14803000,20,19,1,2024-11-23,-3.63,0.964,95.0,4,Low
202608,7,100,94.7,15360000,14544000,20,19,1,2024-11-26,-5.31,0.947,95.0,7,Low
202609,7,100,99.1,15360000,15215000,20,20,0,2024-11-20,-0.95,0.991,100.0,1,Low
202610,7,100,95.1,15360000,14604000,20,19,1,2024-11-25,-4.92,0.951,95.0,6,Low
202611,7,100,95.2,15360000,14630000,20,19,1,2024-11-25,-4.75,0.952,95.0,6,Low
202612,7,100,98.5,15360000,15124000,20,20,0,2024-11-21,-1.54,0.985,100.0,2,Low
202501,8,0,0,0,0,1,1,0,2027-02-01,0,0.833,100.0,47,Medium
202502,8,0,0,0,0,1,1,0,2027-02-06,0,0.814,100.0,52,Medium
202503,8,1.3,1.0,96000,78000,1,1,0,2027-02-06,-0.23,0.814,100.0,52,Medium
202504,8,6.0,4.7,455000,356000,1,1,0,2027-02-16,-1.31,0.782,100.0,62,High
202505,8,10.9,8.6,827000,653000,2,2,0,2027-02-13,-2.29,0.79,100.0,59,High
202506,8,15.6,12.7,1187000,961000,3,2,1,2027-02-08,-2.97,0.81,66.7,54,Medium
202507,8,20.5,16.6,1558000,1257000,4,3,1,2027-02-09,-3.97,0.806,75.0,55,Medium
202508,8,25.4,20.1,1930000,1527000,5,4,1,2027-02-13,-5.31,0.791,80.0,59,High
202509,8,30.2,23.8,2289000,1808000,6,5,1,2027-02-13,-6.35,0.79,83.3,59,High
202510,8,35.1,27.6,2661000,2093000,7,6,1,2027-02-14,-7.48,0.787,85.7,60,High
202511,8,39.8,30.5,3020000,2314000,8,6,2,2027-02-20,-9.3,0.766,75.0,66,High
202512,8,44.7,33.7,3392000,2557000,9,7,2,2027-02-24,-11.01,0.754,77.8,70,High
202601,8,49.6,38.6,3764000,2930000,10,8,2,2027-02-17,-10.99,0.778,80.0,63,High
202602,8,54.0,41.0,4099000,3114000,11,8,3,2027-02-22,-12.98,0.76,72.7,68,High
202603,8,58.9,44.2,4471000,3352000,12,9,3,2027-02-25,-14.75,0.75,75.0,71,High
202604,8,63.7,52.6,4830000,3987000,13,11,2,2027-02-03,-11.11,0.825,84.6,49,Medium
202605,8,68.6,59.5,5202000,4513000,14,12,2,2027-01-22,-9.08,0.868,85.7,37,Medium
202606,8,73.3,64.4,5561000,4889000,15,13,2,2027-01-19,-8.87,0.879,86.7,34,Medium
202607,8,78.2,69.1,5933000,5240000,16,14,2,2027-01-18,-9.13,0.883,87.5,33,Medium
202608,8,83.1,74.4,6305000,5648000,17,15,2,2027-01-14,-8.65,0.896,88.2,29,Medium
202609,8,87.8,81.0,6664000,6144000,18,17,1,2027-01-07,-6.86,0.922,94.4,22,Low
202610,8,92.7,85.9,7036000,6515000,19,18,1,2027-01-06,-6.86,0.926,94.7,21,Low
202611,8,97.5,94.4,7395000,7160000,19,18,1,2026-12-25,-3.1,0.968,94.7,9,Low
202612,8,100,98.8,7587000,7496000,20,20,0,2026-12-19,-1.2,0.988,100.0,3,Low
202501,9,0,0,0,0,1,1,0,2028-10-03,0,0.813,100.0,73,Medium
202502,9,0,0,0,0,1,1,0,2028-10-04,0,0.812,100.0,74,Medium
202503,9,0,0,0,0,1,1,0,2028-10-03,0,0.815,100.0,73,Medium
202504,9,0,0,0,0,1,1,0,2028-10-11,0,0.795,100.0,81,High
202505,9,0,0,0,0,1,1,0,2028-10-15,0,0.784,100.0,85,High
202506,9,0,0,0,0,1,1,0,2028-10-12,0,0.793,100.0,82,High
202507,9,0,0,0,0,1,1,0,2028-10-06,0,0.807,100.0,76,Medium
202508,9,0,0,0,0,1,1,0,2028-10-08,0,0.801,100.0,78,Medium
202509,9,0,0,0,0,1,1,0,2028-10-11,0,0.795,100.0,81,High
202510,9,0,0,0,0,1,1,0,2028-10-13,0,0.788,100.0,83,High
202511,9,0,0,0,0,1,1,0,2028-10-23,0,0.763,100.0,93,High
202512,9,0,0,0,0,1,1,0,2028-09-24,0,0.837,100.0,64,Medium
202601,9,0,0,0,0,1,1,0,2028-09-21,0,0.845,100.0,61,Medium
202602,9,0.5,0.4,7000,6000,1,1,0,2028-09-17,-0.07,0.856,100.0,57,Medium
202603,9,4.0,3.5,57000,51000,1,1,0,2028-09-04,-0.45,0.887,100.0,44,Medium
202604,9,7.4,6.7,107000,97000,1,1,0,2028-08-27,-0.69,0.907,100.0,36,Low
202605,9,10.9,10.2,157000,147000,2,2,0,2028-08-17,-0.73,0.933,100.0,26,Low
202606,9,14.3,13.4,207000,193000,3,3,0,2028-08-17,-0.95,0.933,100.0,26,Low
202607,9,17.9,17.4,258000,251000,4,4,0,2028-08-01,-0.45,0.975,100.0,10,Low
202608,9,21.4,21.1,308000,304000,4,4,0,2028-07-27,-0.29,0.987,100.0,5,Low
202609,9,24.8,24.3,358000,351000,5,5,0,2028-07-29,-0.45,0.982,100.0,7,Low
202610,9,28.3,27.7,408000,400000,6,6,0,2028-07-30,-0.59,0.979,100.0,8,Low
202611,9,31.7,30.9,458000,446000,6,6,0,2028-08-01,-0.83,0.974,100.0,10,Low
202612,9,35.3,34.9,509000,503000,7,7,0,2028-07-25,-0.35,0.99,100.0,3,Low
202501,10,0,0,0,0,1,1,0,2027-05-24,0,0.95,100.0,18,Low
202502,10,3.0,3.0,214000,210000,1,1,0,2027-05-11,-0.05,0.984,100.0,5,Low
202503,10,6.8,6.5,479000,458000,1,1,0,2027-05-22,-0.29,0.957,100.0,16,Low
202504,10,10.5,10.0,735000,699000,2,2,0,2027-05-23,-0.51,0.952,100.0,17,Low
202505,10,14.2,13.8,1000000,972000,3,3,0,2027-05-16,-0.4,0.972,100.0,10,Low
202506,10,17.9,17.1,1256000,1204000,4,4,0,2027-05-21,-0.74,0.959,100.0,15,Low
202507,10,21.7,21.4,1521000,1504000,4,4,0,2027-05-10,-0.24,0.989,100.0,4,Low
202508,10,25.4,24.1,1786000,1696000,5,5,0,2027-05-24,-1.28,0.95,100.0,18,Low
202509,10,29.1,27.7,2042000,1949000,6,6,0,2027-05-22,-1.33,0.954,100.0,16,Low
202510,10,32.8,31.6,2307000,2218000,7,7,0,2027-05-20,-1.28,0.961,100.0,14,Low
202511,10,36.5,35.8,2564000,2513000,7,7,0,2027-05-13,-0.72,0.98,100.0,7,Low
202512,10,40.3,38.6,2828000,2714000,8,8,0,2027-05-20,-1.63,0.96,100.0,14,Low
202601,10,44.0,42.4,3093000,2981000,9,9,0,2027-05-19,-1.59,0.964,100.0,13,Low
202602,10,47.4,44.9,3333000,3153000,9,9,0,2027-05-25,-2.55,0.946,100.0,19,Low
202603,10,51.2,49.3,3597000,3465000,10,10,0,2027-05-19,-1.89,0.963,100.0,13,Low
202604,10,54.9,51.9,3854000,3645000,11,10,1,2027-05-26,-2.97,0.946,90.9,20,Low
202605,10,58.6,56.5,4119000,3969000,12,12,0,2027-05-19,-2.13,0.964,100.0,13,Low
202606,10,62.3,59.6,4375000,4188000,12,11,1,2027-05-21,-2.66,0.957,91.7,15,Low
202607,10,66.1,64.4,4640000,4526000,13,13,0,2027-05-15,-1.62,0.976,100.0,9,Low
202608,10,69.8,68.4,4905000,4805000,14,14,0,2027-05-13,-1.42,0.98,100.0,7,Low
202609,10,73.5,70.2,5161000,4929000,15,14,1,2027-05-22,-3.31,0.955,93.3,16,Low
202610,10,77.3,72.9,5426000,5122000,15,14,1,2027-05-26,-4.33,0.944,93.3,20,Low
202611,10,80.9,79.2,5682000,5560000,16,16,0,2027-05-13,-1.74,0.978,100.0,7,Low
202612,10,84.7,80.0,5947000,5618000,17,16,1,2027-05-26,-4.69,0.945,94.1,20,Low
202501,11,0,0,0,0,1,1,0,2027-10-16,0,0.993,100.0,2,Low
202502,11,0,0,0,0,1,1,0,2027-10-21,0,0.978,100.0,7,Low
202503,11,0,0,0,0,1,1,0,2027-10-25,0,0.967,100.0,11,Low
202504,11,0,0,0,0,1,1,0,2027-10-25,0,0.968,100.0,11,Low
202505,11,0,0,0,0,1,1,0,2027-11-03,0,0.941,100.0,20,Low
202506,11,0,0,0,0,1,1,0,2027-10-22,0,0.976,100.0,8,Low
202507,11,0,0,0,0,1,1,0,2027-10-27,0,0.962,100.0,13,Low
202508,11,0,0,0,0,1,1,0,2027-10-29,0,0.956,100.0,15,Low
202509,11,3.6,3.6,225000,223000,1,1,0,2027-10-17,-0.04,0.99,100.0,3,Low
202510,11,7.6,7.5,474000,465000,2,2,0,2027-10-20,-0.14,0.981,100.0,6,Low
202511,11,11.5,11.3,715000,699000,2,2,0,2027-10-21,-0.25,0.978,100.0,7,Low
202512,11,15.5,14.7,964000,914000,3,3,0,2027-10-31,-0.8,0.949,100.0,17,Low
202601,11,19.6,19.3,1213000,1195000,4,4,0,2027-10-19,-0.29,0.985,100.0,5,Low
202602,11,23.2,22.1,1438000,1372000,5,5,0,2027-10-29,-1.06,0.954,100.0,15,Low
202603,11,27.2,25.6,1687000,1585000,5,5,0,2027-11-03,-1.64,0.94,100.0,20,Low
202604,11,31.1,30.1,1927000,1868000,6,6,0,2027-10-24,-0.95,0.969,100.0,10,Low
202605,11,35.1,34.4,2176000,2135000,7,7,0,2027-10-20,-0.67,0.981,100.0,6,Low
202606,11,39.0,38.3,2417000,2373000,8,8,0,2027-10-20,-0.72,0.982,100.0,6,Low
202607,11,43.0,42.0,2666000,2603000,9,9,0,2027-10-22,-1.03,0.976,100.0,8,Low
202608,11,47.0,44.3,2915000,2749000,9,8,1,2027-11-02,-2.69,0.943,88.9,19,Low
202609,11,50.9,48.1,3156000,2979000,10,9,1,2027-11-02,-2.85,0.944,90.0,19,Low
202610,11,54.9,54.2,3405000,3358000,11,11,0,2027-10-18,-0.77,0.986,100.0,4,Low
202611,11,58.8,58.1,3646000,3601000,12,12,0,2027-10-18,-0.73,0.988,100.0,4,Low
202612,11,62.8,60.0,3895000,3719000,13,12,1,2027-10-29,-2.84,0.955,92.3,15,Low
202501,12,53.9,54.9,1472000,1500000,11,11,0,2025-09-15,1.01,1.019,100.0,0,Low
202502,12,59.6,59.7,1628000,1631000,12,12,0,2025-09-15,0.13,1.002,100.0,0,Low
202503,12,65.9,67.0,1800000,1832000,13,13,0,2025-09-15,1.16,1.018,100.0,0,Low
202504,12,72.0,73.6,1966000,2011000,14,14,0,2025-09-15,1.65,1.023,100.0,0,Low
202505,12,78.3,80.6,2139000,2202000,16,16,0,2025-09-15,2.31,1.029,100.0,0,Low
202506,12,84.3,85.4,2305000,2334000,17,17,0,2025-09-15,1.04,1.012,100.0,0,Low
202507,12,90.7,93.5,2477000,2556000,18,18,0,2025-09-15,2.88,1.032,100.0,0,Low
202508,12,97.0,99.5,2650000,2720000,19,19,0,2025-09-15,2.59,1.027,100.0,0,Low
202509,12,100,100,2733000,2838000,20,20,0,2025-09-15,0,1.038,100.0,0,Low
202510,12,100,99.7,2733000,2724000,20,20,0,2025-09-15,-0.35,0.997,100.0,0,Low
202511,12,100,100,2733000,2838000,20,20,0,2025-09-15,0,1.039,100.0,0,Low
202512,12,100,100,2733000,2838000,20,20,0,2025-09-15,0,1.038,100.0,0,Low
202601,12,100,99.6,2733000,2723000,20,20,0,2025-09-15,-0.36,0.996,100.0,0,Low
202602,12,100,100,2733000,2787000,20,20,0,2025-09-15,0,1.02,100.0,0,Low
202603,12,100,100,2733000,2747000,20,20,0,2025-09-15,0,1.005,100.0,0,Low
202604,12,100,100,2733000,2780000,20,20,0,2025-09-15,0,1.017,100.0,0,Low
202605,12,100,100,2733000,2829000,20,20,0,2025-09-15,0,1.035,100.0,0,Low
202606,12,100,100,2733000,2737000,20,20,0,2025-09-15,0,1.001,100.0,0,Low
202607,12,100,99.6,2733000,2721000,20,20,0,2025-09-15,-0.43,0.996,100.0,0,Low
202608,12,100,100,2733000,2844000,20,20,0,2025-09-15,0,1.041,100.0,0,Low
202609,12,100,100,2733000,2780000,20,20,0,2025-09-15,0,1.017,100.0,0,Low
202610,12,100,99.6,2733000,2721000,20,20,0,2025-09-15,-0.43,0.996,100.0,0,Low
202611,12,100,100,2733000,2737000,20,20,0,2025-09-15,0,1.002,100.0,0,Low
202612,12,100,100,2733000,2839000,20,20,0,2025-09-15,0,1.039,100.0,0,Low
202501,13,11.6,11.5,205000,203000,2,2,0,2027-05-01,-0.08,0.993,100.0,2,Low
202502,13,14.6,15.0,258000,265000,3,3,0,2027-04-29,0.37,1.025,100.0,0,Low
202503,13,17.9,18.3,318000,324000,4,4,0,2027-04-29,0.36,1.02,100.0,0,Low
202504,13,21.2,21.8,375000,387000,4,4,0,2027-04-29,0.65,1.03,100.0,0,Low
202505,13,24.5,24.7,435000,437000,5,5,0,2027-04-29,0.14,1.006,100.0,0,Low
202506,13,27.8,27.7,492000,491000,6,6,0,2027-04-30,-0.07,0.997,100.0,1,Low
202507,13,31.1,32.0,551000,567000,6,6,0,2027-04-29,0.91,1.029,100.0,0,Low
202508,13,34.5,35.4,611000,626000,7,7,0,2027-04-29,0.87,1.025,100.0,0,Low
202509,13,37.7,38.7,668000,685000,8,8,0,2027-04-29,0.94,1.025,100.0,0,Low
202510,13,41.1,41.7,728000,739000,8,8,0,2027-04-29,0.64,1.016,100.0,0,Low
202511,13,44.3,44.2,785000,784000,9,9,0,2027-04-29,-0.08,0.998,100.0,0,Low
202512,13,47.7,49.0,844000,868000,10,10,0,2027-04-29,1.35,1.028,100.0,0,Low
202601,13,51.0,50.2,904000,889000,10,10,0,2027-05-05,-0.81,0.984,100.0,6,Low
202602,13,54.1,54.0,957000,957000,11,11,0,2027-04-29,-0.02,1.0,100.0,0,Low
202603,13,57.4,56.6,1017000,1002000,11,11,0,2027-05-05,-0.84,0.985,100.0,6,Low
202604,13,60.6,59.7,1074000,1057000,12,12,0,2027-05-05,-0.97,0.984,100.0,6,Low
202605,13,64.0,65.1,1133000,1153000,13,13,0,2027-04-29,1.08,1.017,100.0,0,Low
202606,13,67.2,67.3,1191000,1191000,13,13,0,2027-04-29,0.03,1.0,100.0,0,Low
202607,13,70.6,70.1,1250000,1242000,14,14,0,2027-05-01,-0.47,0.993,100.0,2,Low
202608,13,73.9,74.5,1310000,1320000,15,15,0,2027-04-29,0.59,1.008,100.0,0,Low
202609,13,77.2,78.7,1367000,1394000,15,15,0,2027-04-29,1.53,1.02,100.0,0,Low
202610,13,80.5,82.5,1426000,1462000,16,16,0,2027-04-29,1.99,1.025,100.0,0,Low
202611,13,83.8,86.1,1484000,1524000,17,17,0,2027-04-29,2.29,1.027,100.0,0,Low
202612,13,87.1,89.0,1543000,1577000,17,17,0,2027-04-29,1.9,1.022,100.0,0,Low
202501,14,0,0,0,0,1,1,0,2026-09-12,0,1.016,100.0,0,Low
202502,14,0,0,0,0,1,1,0,2026-09-12,0,1.031,100.0,0,Low
202503,14,0,0,0,0,1,1,0,2026-09-12,0,1.014,100.0,0,Low
202504,14,0,0,0,0,1,1,0,2026-09-12,0,1.008,100.0,0,Low
202505,14,0,0,0,0,1,1,0,2026-09-12,0,0.998,100.0,0,Low
202506,14,0,0,0,0,1,1,0,2026-09-13,0,0.99,100.0,1,Low
202507,14,0,0,0,0,1,1,0,2026-09-13,0,0.991,100.0,1,Low
202508,14,6.5,6.5,110000,110000,1,1,0,2026-09-12,0.01,1.002,100.0,0,Low
202509,14,13.9,14.1,236000,240000,3,3,0,2026-09-12,0.2,1.014,100.0,0,Low
202510,14,21.6,21.4,367000,364000,4,4,0,2026-09-13,-0.19,0.991,100.0,1,Low
202511,14,29.0,28.8,494000,490000,6,6,0,2026-09-13,-0.24,0.992,100.0,1,Low
202512,14,36.7,37.0,625000,630000,7,7,0,2026-09-12,0.29,1.008,100.0,0,Low
202601,14,44.4,44.3,756000,753000,9,9,0,2026-09-12,-0.15,0.997,100.0,0,Low
202602,14,51.4,52.9,874000,900000,10,10,0,2026-09-12,1.54,1.03,100.0,0,Low
202603,14,59.1,59.8,1005000,1017000,12,12,0,2026-09-12,0.75,1.013,100.0,0,Low
202604,14,66.5,65.8,1131000,1119000,13,13,0,2026-09-14,-0.73,0.989,100.0,2,Low
202605,14,74.2,76.7,1262000,1305000,15,15,0,2026-09-12,2.51,1.034,100.0,0,Low
202606,14,81.6,82.0,1389000,1396000,16,16,0,2026-09-12,0.4,1.005,100.0,0,Low
202607,14,89.3,88.3,1520000,1502000,18,18,0,2026-09-14,-1.0,0.989,100.0,2,Low
202608,14,97.0,96.6,1650000,1642000,19,19,0,2026-09-12,-0.47,0.995,100.0,0,Low
202609,14,100,100,1701000,1712000,20,20,0,2026-09-12,0,1.007,100.0,0,Low
202610,14,100,99.5,1701000,1693000,20,20,0,2026-09-12,-0.45,0.995,100.0,0,Low
202611,14,100,100,1701000,1718000,20,20,0,2026-09-12,0,1.01,100.0,0,Low
202612,14,100,100,1701000,1745000,20,20,0,2026-09-12,0,1.026,100.0,0,Low
202501,15,0,0,0,0,1,1,0,2026-01-27,0,0.991,100.0,1,Low
202502,15,0,0,0,0,1,1,0,2026-01-26,0,1.015,100.0,0,Low
202503,15,7.1,7.2,77000,78000,1,1,0,2026-01-26,0.1,1.014,100.0,0,Low
202504,15,16.4,16.5,178000,180000,3,3,0,2026-01-26,0.13,1.008,100.0,0,Low
202505,15,25.9,25.6,282000,279000,5,5,0,2026-01-27,-0.31,0.988,100.0,1,Low
202506,15,35.2,36.1,383000,393000,7,7,0,2026-01-26,0.89,1.025,100.0,0,Low
202507,15,44.8,44.9,487000,489000,9,9,0,2026-01-26,0.19,1.004,100.0,0,Low
202508,15,54.3,53.9,592000,587000,11,11,0,2026-01-27,-0.39,0.993,100.0,1,Low
202509,15,63.6,63.3,692000,690000,13,13,0,2026-01-26,-0.23,0.996,100.0,0,Low
202510,15,73.1,73.3,797000,798000,15,15,0,2026-01-26,0.11,1.002,100.0,0,Low
202511,15,82.4,82.8,897000,902000,16,16,0,2026-01-26,0.43,1.005,100.0,0,Low
202512,15,92.0,92.1,1002000,1003000,18,18,0,2026-01-26,0.1,1.001,100.0,0,Low
202601,15,100,98.6,1089000,1074000,20,20,0,2026-01-28,-1.38,0.986,100.0,2,Low
202602,15,100,98.6,1089000,1073000,20,20,0,2026-01-28,-1.44,0.986,100.0,2,Low
202603,15,100,99.2,1089000,1081000,20,20,0,2026-01-27,-0.78,0.992,100.0,1,Low
202604,15,100,98.9,1089000,1077000,20,20,0,2026-01-27,-1.1,0.989,100.0,1,Low
202605,15,100,100,1089000,1097000,20,20,0,2026-01-26,0,1.007,100.0,0,Low
202606,15,100,99.4,1089000,1083000,20,20,0,2026-01-26,-0.57,0.994,100.0,0,Low
202607,15,100,98.2,1089000,1070000,20,20,0,2026-01-28,-1.78,0.982,100.0,2,Low
202608,15,100,99.6,1089000,1084000,20,20,0,2026-01-26,-0.44,0.996,100.0,0,Low
202609,15,100,100,1089000,1099000,20,20,0,2026-01-26,0,1.009,100.0,0,Low
202610,15,100,100,1089000,1110000,20,20,0,2026-01-26,0,1.019,100.0,0,Low
202611,15,100,100,1089000,1107000,20,20,0,2026-01-26,0,1.016,100.0,0,Low
202612,15,100,100,1089000,1113000,20,20,0,2026-01-26,0,1.022,100.0,0,Low
202501,16,45.2,45.6,720000,726000,9,9,0,2026-02-25,0.38,1.008,100.0,0,Low
202502,16,49.2,49.0,783000,780000,10,10,0,2026-02-26,-0.16,0.997,100.0,1,Low
202503,16,53.5,52.4,852000,834000,11,11,0,2026-03-03,-1.11,0.979,100.0,6,Low
202504,16,57.7,56.8,919000,904000,12,12,0,2026-03-02,-0.94,0.984,100.0,5,Low
202505,16,62.1,61.0,988000,971000,12,12,0,2026-03-02,-1.11,0.982,100.0,5,Low
202506,16,66.3,65.8,1055000,1048000,13,13,0,2026-02-27,-0.45,0.993,100.0,2,Low
202507,16,70.6,69.5,1125000,1106000,14,14,0,2026-03-02,-1.17,0.983,100.0,5,Low
202508,16,75.0,73.1,1194000,1164000,15,15,0,2026-03-05,-1.87,0.975,100.0,8,Low
202509,16,79.2,77.3,1261000,1231000,16,16,0,2026-03-04,-1.88,0.976,100.0,7,Low
202510,16,83.6,84.5,1330000,1345000,17,17,0,2026-02-25,0.93,1.011,100.0,0,Low
202511,16,87.8,87.8,1397000,1398000,18,18,0,2026-02-25,0.02,1.0,100.0,0,Low
202512,16,92.1,90.6,1467000,1442000,18,18,0,2026-03-02,-1.55,0.983,100.0,5,Low
202601,16,96.5,96.9,1536000,1543000,19,19,0,2026-02-25,0.42,1.004,100.0,0,Low
202602,16,100,98.5,1592000,1568000,20,20,0,2026-03-01,-1.53,0.985,100.0,4,Low
202603,16,100,100,1592000,1609000,20,20,0,2026-02-25,0,1.011,100.0,0,Low
202604,16,100,97.4,1592000,1550000,20,19,1,2026-03-05,-2.63,0.974,95.0,8,Low
202605,16,100,100,1592000,1599000,20,20,0,2026-02-25,0,1.005,100.0,0,Low
202606,16,100,97.9,1592000,1559000,20,20,0,2026-03-03,-2.06,0.979,100.0,6,Low
202607,16,100,99.8,1592000,1589000,20,20,0,2026-02-25,-0.18,0.998,100.0,0,Low
202608,16,100,99.6,1592000,1586000,20,20,0,2026-02-26,-0.38,0.996,100.0,1,Low
202609,16,100,100,1592000,1599000,20,20,0,2026-02-25,0,1.004,100.0,0,Low
202610,16,100,100.0,1592000,1591000,20,20,0,2026-02-25,-0.04,1.0,100.0,0,Low
202611,16,100,97.6,1592000,1554000,20,20,0,2026-03-04,-2.39,0.976,100.0,7,Low
202612,16,100,99.8,1592000,1589000,20,20,0,2026-02-25,-0.17,0.998,100.0,0,Low
202501,17,0,0,0,0,1,1,0,2026-03-11,0,1.014,100.0,0,Low
202502,17,0,0,0,0,1,1,0,2026-03-13,0,0.978,100.0,2,Low
202503,17,0,0,0,0,1,1,0,2026-03-13,0,0.977,100.0,2,Low
202504,17,0,0,0,0,1,1,0,2026-03-11,0,1.008,100.0,0,Low
202505,17,0,0,0,0,1,1,0,2026-03-14,0,0.97,100.0,3,Low
202506,17,3.8,3.8,52000,52000,1,1,0,2026-03-11,0.04,1.01,100.0,0,Low
202507,17,15.5,15.3,213000,210000,3,3,0,2026-03-12,-0.23,0.985,100.0,1,Low
202508,17,27.3,27.5,374000,378000,5,5,0,2026-03-11,0.25,1.009,100.0,0,Low
202509,17,38.6,37.9,530000,520000,8,8,0,2026-03-13,-0.74,0.981,100.0,2,Low
202510,17,50.4,50.1,691000,688000,10,10,0,2026-03-11,-0.24,0.995,100.0,0,Low
202511,17,61.7,60.6,847000,831000,12,12,0,2026-03-13,-1.17,0.981,100.0,2,Low
202512,17,73.5,74.2,1008000,1019000,15,15,0,2026-03-11,0.75,1.01,100.0,0,Low
202601,17,85.2,84.4,1169000,1158000,17,17,0,2026-03-12,-0.83,0.99,100.0,1,Low
202602,17,95.8,95.0,1315000,1303000,19,19,0,2026-03-12,-0.84,0.991,100.0,1,Low
202603,17,100,98.8,1372000,1356000,20,20,0,2026-03-12,-1.18,0.988,100.0,1,Low
202604,17,100,100,1372000,1375000,20,20,0,2026-03-11,0,1.002,100.0,0,Low
202605,17,100,99.7,1372000,1368000,20,20,0,2026-03-11,-0.26,0.997,100.0,0,Low
202606,17,100,97.0,1372000,1331000,20,19,1,2026-03-14,-3.0,0.97,95.0,3,Low
202607,17,100,98.4,1372000,1350000,20,20,0,2026-03-12,-1.59,0.984,100.0,1,Low
202608,17,100,100,1372000,1374000,20,20,0,2026-03-11,0,1.001,100.0,0,Low
202609,17,100,100,1372000,1396000,20,20,0,2026-03-11,0,1.018,100.0,0,Low
202610,17,100,100,1372000,1393000,20,20,0,2026-03-11,0,1.015,100.0,0,Low
202611,17,100,98.3,1372000,1348000,20,20,0,2026-03-13,-1.72,0.983,100.0,2,Low
202612,17,100,100,1372000,1373000,20,20,0,2026-03-11,0,1.001,100.0,0,Low
202501,18,82.3,85.7,877000,913000,16,16,0,2025-03-07,3.41,1.041,100.0,0,Low
202502,18,96.5,100,1027000,1081000,19,19,0,2025-03-07,3.54,1.053,100.0,0,Low
202503,18,100,100,1065000,1086000,20,20,0,2025-03-07,0,1.019,100.0,0,Low
202504,18,100,100,1065000,1082000,20,20,0,2025-03-07,0,1.016,100.0,0,Low
202505,18,100,100,1065000,1070000,20,20,0,2025-03-07,0,1.004,100.0,0,Low
202506,18,100,100,1065000,1078000,20,20,0,2025-03-07,0,1.012,100.0,0,Low
202507,18,100,100,1065000,1124000,20,20,0,2025-03-07,0,1.055,100.0,0,Low
202508,18,100,100,1065000,1102000,20,20,0,2025-03-07,0,1.035,100.0,0,Low
202509,18,100,100,1065000,1122000,20,20,0,2025-03-07,0,1.054,100.0,0,Low
202510,18,100,100,1065000,1092000,20,20,0,2025-03-07,0,1.025,100.0,0,Low
202511,18,100,100,1065000,1091000,20,20,0,2025-03-07,0,1.025,100.0,0,Low
202512,18,100,100,1065000,1089000,20,20,0,2025-03-07,0,1.022,100.0,0,Low
202601,18,100,100,1065000,1112000,20,20,0,2025-03-07,0,1.044,100.0,0,Low
202602,18,100,100,1065000,1080000,20,20,0,2025-03-07,0,1.014,100.0,0,Low
202603,18,100,100,1065000,1104000,20,20,0,2025-03-07,0,1.037,100.0,0,Low
202604,18,100,100,1065000,1091000,20,20,0,2025-03-07,0,1.025,100.0,0,Low
202605,18,100,100,1065000,1088000,20,20,0,2025-03-07,0,1.021,100.0,0,Low
202606,18,100,100,1065000,1111000,20,20,0,2025-03-07,0,1.044,100.0,0,Low
202607,18,100,100,1065000,1105000,20,20,0,2025-03-07,0,1.038,100.0,0,Low
202608,18,100,100,1065000,1072000,20,20,0,2025-03-07,0,1.006,100.0,0,Low
202609,18,100,100,1065000,1088000,20,20,0,2025-03-07,0,1.022,100.0,0,Low
202610,18,100,100,1065000,1085000,20,20,0,2025-03-07,0,1.019,100.0,0,Low
202611,18,100,100,1065000,1093000,20,20,0,2025-03-07,0,1.026,100.0,0,Low
202612,18,100,100,1065000,1104000,20,20,0,2025-03-07,0,1.037,100.0,0,Low
202501,19,5.1,4.9,83000,80000,1,1,0,2027-08-04,-0.17,0.966,100.0,14,Low
202502,19,8.0,7.9,131000,130000,2,2,0,2027-07-25,-0.09,0.989,100.0,4,Low
202503,19,11.3,11.1,185000,182000,2,2,0,2027-07-29,-0.22,0.981,100.0,8,Low
202504,19,14.4,14.2,237000,234000,3,3,0,2027-07-27,-0.21,0.985,100.0,6,Low
202505,19,17.7,17.1,291000,280000,4,4,0,2027-08-05,-0.64,0.964,100.0,15,Low
202506,19,20.9,20.6,343000,338000,4,4,0,2027-07-26,-0.27,0.987,100.0,5,Low
202507,19,24.1,23.9,396000,393000,5,5,0,2027-07-24,-0.21,0.991,100.0,3,Low
202508,19,27.4,27.5,450000,451000,5,5,0,2027-07-21,0.08,1.003,100.0,0,Low
202509,19,30.6,30.3,502000,497000,6,6,0,2027-07-24,-0.28,0.991,100.0,3,Low
202510,19,33.8,32.7,555000,537000,7,7,0,2027-08-04,-1.12,0.967,100.0,14,Low
202511,19,37.0,36.9,607000,607000,7,7,0,2027-07-21,-0.04,0.999,100.0,0,Low
202512,19,40.3,40.6,661000,667000,8,8,0,2027-07-21,0.35,1.009,100.0,0,Low
202601,19,43.5,42.3,715000,694000,9,9,0,2027-08-02,-1.26,0.971,100.0,12,Low
202602,19,46.5,44.7,763000,733000,9,9,0,2027-08-06,-1.8,0.961,100.0,16,Low
202603,19,49.7,49.3,817000,810000,10,10,0,2027-07-24,-0.39,0.992,100.0,3,Low
202604,19,52.9,51.7,869000,849000,11,11,0,2027-07-30,-1.22,0.977,100.0,9,Low
202605,19,56.2,56.0,922000,919000,11,11,0,2027-07-22,-0.19,0.997,100.0,1,Low
202606,19,59.3,59.3,974000,974000,12,12,0,2027-07-21,-0.02,1.0,100.0,0,Low
202607,19,62.6,60.4,1028000,992000,13,13,0,2027-08-04,-2.19,0.965,100.0,14,Low
202608,19,65.9,63.5,1081000,1043000,13,13,0,2027-08-05,-2.32,0.965,100.0,15,Low
202609,19,69.0,68.4,1133000,1122000,14,14,0,2027-07-25,-0.66,0.99,100.0,4,Low
202610,19,72.3,72.9,1187000,1196000,14,14,0,2027-07-21,0.57,1.008,100.0,0,Low
202611,19,75.4,73.6,1239000,1209000,15,15,0,2027-07-31,-1.83,0.976,100.0,10,Low
202612,19,78.7,76.2,1292000,1251000,16,15,1,2027-08-03,-2.56,0.968,93.8,13,Low
202501,20,86.8,89.4,9062000,9331000,17,17,0,2025-02-26,2.58,1.03,100.0,0,Low
202502,20,100,100,10440000,10495000,20,20,0,2025-02-26,0,1.005,100.0,0,Low
202503,20,100,100,10440000,10459000,20,20,0,2025-02-26,0,1.002,100.0,0,Low
202504,20,100,100,10440000,10626000,20,20,0,2025-02-26,0,1.018,100.0,0,Low
202505,20,100,100,10440000,10833000,20,20,0,2025-02-26,0,1.038,100.0,0,Low
202506,20,100,100,10440000,10534000,20,20,0,2025-02-26,0,1.009,100.0,0,Low
202507,20,100,100,10440000,10831000,20,20,0,2025-02-26,0,1.037,100.0,0,Low
202508,20,100,100,10440000,10925000,20,20,0,2025-02-26,0,1.046,100.0,0,Low
202509,20,100,100,10440000,10904000,20,20,0,2025-02-26,0,1.044,100.0,0,Low
202510,20,100,100,10440000,10828000,20,20,0,2025-02-26,0,1.037,100.0,0,Low
202511,20,100,100,10440000,11000000,20,20,0,2025-02-26,0,1.054,100.0,0,Low
202512,20,100,100,10440000,10830000,20,20,0,2025-02-26,0,1.037,100.0,0,Low
202601,20,100,100,10440000,10622000,20,20,0,2025-02-26,0,1.017,100.0,0,Low
202602,20,100,100,10440000,10612000,20,20,0,2025-02-26,0,1.016,100.0,0,Low
202603,20,100,100.0,10440000,10439000,20,20,0,2025-02-26,-0.01,1.0,100.0,0,Low
202604,20,100,100,10440000,10662000,20,20,0,2025-02-26,0,1.021,100.0,0,Low
202605,20,100,100,10440000,10765000,20,20,0,2025-02-26,0,1.031,100.0,0,Low
202606,20,100,99.6,10440000,10403000,20,20,0,2025-02-26,-0.35,0.996,100.0,0,Low
202607,20,100,100,10440000,10773000,20,20,0,2025-02-26,0,1.032,100.0,0,Low
202608,20,100,100,10440000,10886000,20,20,0,2025-02-26,0,1.043,100.0,0,Low
202609,20,100,100,10440000,10514000,20,20,0,2025-02-26,0,1.007,100.0,0,Low
202610,20,100,100,10440000,10587000,20,20,0,2025-02-26,0,1.014,100.0,0,Low
202611,20,100,100,10440000,10653000,20,20,0,2025-02-26,0,1.02,100.0,0,Low
202612,20,100,100,10440000,10650000,20,20,0,2025-02-26,0,1.02,100.0,0,Low
202501,21,73.7,75.1,3793000,3867000,15,15,0,2025-05-19,1.44,1.019,100.0,0,Low
202502,21,80.5,81.4,4145000,4190000,16,16,0,2025-05-19,0.87,1.011,100.0,0,Low
202503,21,88.0,86.9,4535000,4473000,18,18,0,2025-05-21,-1.2,0.986,100.0,2,Low
202504,21,95.4,95.6,4911000,4921000,19,19,0,2025-05-19,0.19,1.002,100.0,0,Low
202505,21,100,100,5150000,5170000,20,20,0,2025-05-19,0,1.004,100.0,0,Low
202506,21,100,98.2,5150000,5055000,20,20,0,2025-05-22,-1.84,0.982,100.0,3,Low
202507,21,100,100,5150000,5155000,20,20,0,2025-05-19,0,1.001,100.0,0,Low
202508,21,100,98.7,5150000,5085000,20,20,0,2025-05-21,-1.26,0.987,100.0,2,Low
202509,21,100,97.8,5150000,5037000,20,20,0,2025-05-23,-2.2,0.978,100.0,4,Low
202510,21,100,99.3,5150000,5112000,20,20,0,2025-05-20,-0.75,0.993,100.0,1,Low
202511,21,100,100,5150000,5176000,20,20,0,2025-05-19,0,1.005,100.0,0,Low
202512,21,100,99.8,5150000,5141000,20,20,0,2025-05-19,-0.18,0.998,100.0,0,Low
202601,21,100,98.9,5150000,5092000,20,20,0,2025-05-21,-1.12,0.989,100.0,2,Low
202602,21,100,97.4,5150000,5015000,20,19,1,2025-05-23,-2.63,0.974,95.0,4,Low
202603,21,100,97.1,5150000,5001000,20,19,1,2025-05-24,-2.89,0.971,95.0,5,Low
202604,21,100,96.2,5150000,4955000,20,19,1,2025-05-25,-3.79,0.962,95.0,6,Low
202605,21,100,97.0,5150000,4994000,20,19,1,2025-05-24,-3.03,0.97,95.0,5,Low
202606,21,100,100,5150000,5164000,20,20,0,2025-05-19,0,1.003,100.0,0,Low
202607,21,100,97.5,5150000,5020000,20,19,1,2025-05-23,-2.52,0.975,95.0,4,Low
202608,21,100,97.8,5150000,5036000,20,20,0,2025-05-23,-2.22,0.978,100.0,4,Low
202609,21,100,100,5150000,5159000,20,20,0,2025-05-19,0,1.002,100.0,0,Low
202610,21,100,100,5150000,5173000,20,20,0,2025-05-19,0,1.004,100.0,0,Low
202611,21,100,98.1,5150000,5052000,20,20,0,2025-05-22,-1.91,0.981,100.0,3,Low
202612,21,100,99.5,5150000,5123000,20,20,0,2025-05-19,-0.53,0.995,100.0,0,Low
202501,22,99.5,99.6,2073000,2075000,20,20,0,2025-02-01,0.11,1.001,100.0,0,Low
202502,22,100,99.0,2083000,2062000,20,20,0,2025-02-01,-1.02,0.99,100.0,0,Low
202503,22,100,100,2083000,2105000,20,20,0,2025-02-01,0,1.011,100.0,0,Low
202504,22,100,100,2083000,2117000,20,20,0,2025-02-01,0,1.016,100.0,0,Low
202505,22,100,98.1,2083000,2043000,20,20,0,2025-02-02,-1.94,0.981,100.0,1,Low
202506,22,100,98.9,2083000,2060000,20,20,0,2025-02-02,-1.1,0.989,100.0,1,Low
202507,22,100,100,2083000,2107000,20,20,0,2025-02-01,0,1.011,100.0,0,Low
202508,22,100,100,2083000,2090000,20,20,0,2025-02-01,0,1.003,100.0,0,Low
202509,22,100,100,2083000,2113000,20,20,0,2025-02-01,0,1.014,100.0,0,Low
202510,22,100,98.5,2083000,2052000,20,20,0,2025-02-02,-1.48,0.985,100.0,1,Low
202511,22,100,100,2083000,2091000,20,20,0,2025-02-01,0,1.004,100.0,0,Low
202512,22,100,100,2083000,2085000,20,20,0,2025-02-01,0,1.001,100.0,0,Low
202601,22,100,98.6,2083000,2054000,20,20,0,2025-02-02,-1.38,0.986,100.0,1,Low
202602,22,100,99.0,2083000,2061000,20,20,0,2025-02-01,-1.04,0.99,100.0,0,Low
202603,22,100,99.2,2083000,2067000,20,20,0,2025-02-01,-0.78,0.992,100.0,0,Low
202604,22,100,100,2083000,2095000,20,20,0,2025-02-01,0,1.006,100.0,0,Low
202605,22,100,99.0,2083000,2063000,20,20,0,2025-02-01,-0.95,0.99,100.0,0,Low
202606,22,100,98.4,2083000,2050000,20,20,0,2025-02-02,-1.59,0.984,100.0,1,Low
202607,22,100,100.0,2083000,2083000,20,20,0,2025-02-01,-0.02,1.0,100.0,0,Low
202608,22,100,100,2083000,2083000,20,20,0,2025-02-01,0,1.0,100.0,0,Low
202609,22,100,99.8,2083000,2079000,20,20,0,2025-02-01,-0.2,0.998,100.0,0,Low
202610,22,100,100,2083000,2088000,20,20,0,2025-02-01,0,1.003,100.0,0,Low
202611,22,100,97.7,2083000,2036000,20,20,0,2025-02-03,-2.26,0.977,100.0,2,Low
202612,22,100,97.1,2083000,2022000,20,19,1,2025-02-03,-2.92,0.971,95.0,2,Low
202501,23,0,0,0,0,1,1,0,2026-08-28,0,0.731,100.0,50,High
202502,23,0,0,0,0,1,1,0,2026-08-28,0,0.733,100.0,50,High
202503,23,0,0,0,0,1,1,0,2026-08-24,0,0.751,100.0,46,High
202504,23,0,0,0,0,1,1,0,2026-09-01,0,0.71,100.0,54,High
202505,23,3.3,2.5,116000,86000,1,1,0,2026-08-26,-0.86,0.742,100.0,48,High
202506,23,10.5,7.7,366000,269000,2,1,1,2026-08-27,-2.78,0.736,50.0,49,High
202507,23,17.9,12.6,623000,438000,4,3,1,2026-09-02,-5.32,0.703,75.0,55,High
202508,23,25.4,18.4,881000,640000,5,4,1,2026-08-29,-6.94,0.726,80.0,51,High
202509,23,32.5,22.9,1130000,796000,7,5,2,2026-09-02,-9.62,0.704,71.4,55,High
202510,23,40.0,28.7,1388000,999000,8,6,2,2026-08-30,-11.2,0.72,75.0,52,High
202511,23,47.1,33.9,1637000,1176000,9,6,3,2026-08-30,-13.28,0.718,66.7,52,High
202512,23,54.5,38.1,1895000,1325000,11,8,3,2026-09-03,-16.41,0.699,72.7,56,High
202601,23,62.0,42.6,2153000,1479000,12,8,4,2026-09-05,-19.39,0.687,66.7,58,High
202602,23,68.7,48.1,2385000,1670000,14,10,4,2026-09-03,-20.59,0.7,71.4,56,High
202603,23,76.1,51.1,2643000,1774000,15,10,5,2026-09-08,-25.02,0.671,66.7,61,High
202604,23,83.3,56.3,2892000,1955000,17,11,6,2026-09-07,-26.98,0.676,64.7,60,High
202605,23,90.7,63.5,3150000,2207000,18,13,5,2026-09-03,-27.13,0.701,72.2,56,High
202606,23,97.8,67.9,3399000,2360000,20,14,6,2026-09-04,-29.91,0.694,70.0,57,High
202607,23,100,67.7,3474000,2351000,20,14,6,2026-09-07,-32.33,0.677,70.0,60,High
202608,23,100,66.2,3474000,2300000,20,13,7,2026-09-10,-33.79,0.662,65.0,63,High
202609,23,100,66.1,3474000,2295000,20,13,7,2026-09-10,-33.94,0.661,65.0,63,High
202610,23,100,66.9,3474000,2324000,20,13,7,2026-09-09,-33.11,0.669,65.0,62,High
202611,23,100,67.8,3474000,2355000,20,14,6,2026-09-07,-32.21,0.678,70.0,60,High
202612,23,100,68.1,3474000,2364000,20,14,6,2026-09-07,-31.94,0.681,70.0,60,High
202501,24,0,0,0,0,1,1,0,2028-10-27,0,0.995,100.0,2,Low
202502,24,0,0,0,0,1,1,0,2028-11-07,0,0.97,100.0,13,Low
202503,24,0,0,0,0,1,1,0,2028-11-01,0,0.984,100.0,7,Low
202504,24,0,0,0,0,1,1,0,2028-11-09,0,0.965,100.0,15,Low
202505,24,0,0,0,0,1,1,0,2028-11-03,0,0.978,100.0,9,Low
202506,24,0,0,0,0,1,1,0,2028-10-28,0,0.991,100.0,3,Low
202507,24,0,0,0,0,1,1,0,2028-10-25,0,1.001,100.0,0,Low
202508,24,0,0,0,0,1,1,0,2028-11-07,0,0.97,100.0,13,Low
202509,24,0,0,0,0,1,1,0,2028-10-31,0,0.986,100.0,6,Low
202510,24,0,0,0,0,1,1,0,2028-10-25,0,1.002,100.0,0,Low
202511,24,0,0,0,0,1,1,0,2028-11-01,0,0.984,100.0,7,Low
202512,24,0,0,0,0,1,1,0,2028-11-07,0,0.969,100.0,13,Low
202601,24,0,0,0,0,1,1,0,2028-11-07,0,0.97,100.0,13,Low
202602,24,2.3,2.3,108000,107000,1,1,0,2028-10-28,-0.02,0.992,100.0,3,Low
202603,24,5.4,5.4,254000,251000,1,1,0,2028-10-30,-0.06,0.988,100.0,5,Low
202604,24,8.5,8.4,395000,392000,2,2,0,2028-10-28,-0.06,0.992,100.0,3,Low
202605,24,11.6,11.3,541000,529000,2,2,0,2028-11-03,-0.25,0.979,100.0,9,Low
202606,24,14.6,13.9,682000,649000,3,3,0,2028-11-16,-0.72,0.951,100.0,22,Low
202607,24,17.7,17.6,828000,821000,4,4,0,2028-10-28,-0.15,0.992,100.0,3,Low
202608,24,20.8,19.9,974000,931000,4,4,0,2028-11-13,-0.91,0.956,100.0,19,Low
202609,24,23.9,23.7,1115000,1106000,5,5,0,2028-10-28,-0.2,0.992,100.0,3,Low
202610,24,27.0,26.0,1261000,1216000,5,5,0,2028-11-10,-0.97,0.964,100.0,16,Low
202611,24,30.0,29.3,1402000,1369000,6,6,0,2028-11-04,-0.71,0.976,100.0,10,Low
202612,24,33.1,32.2,1548000,1504000,7,7,0,2028-11-06,-0.94,0.972,100.0,12,Low
202501,25,46.6,45.7,1288000,1263000,9,9,0,2026-04-17,-0.92,0.98,100.0,7,Low
202502,25,50.1,48.3,1383000,1336000,10,10,0,2026-04-22,-1.72,0.966,100.0,12,Low
202503,25,53.9,52.4,1489000,1449000,11,11,0,2026-04-19,-1.44,0.973,100.0,9,Low
202504,25,57.6,56.9,1591000,1571000,12,12,0,2026-04-14,-0.71,0.988,100.0,4,Low
202505,25,61.4,58.7,1696000,1622000,12,11,1,2026-04-25,-2.68,0.956,91.7,15,Low
202506,25,65.1,64.3,1798000,1776000,13,13,0,2026-04-14,-0.8,0.988,100.0,4,Low
202507,25,68.9,68.1,1903000,1882000,14,14,0,2026-04-14,-0.77,0.989,100.0,4,Low
202508,25,72.7,70.2,2009000,1939000,15,14,1,2026-04-22,-2.5,0.966,93.3,12,Low
202509,25,76.4,75.7,2110000,2090000,15,15,0,2026-04-13,-0.73,0.99,100.0,3,Low
202510,25,80.2,76.7,2216000,2120000,16,15,1,2026-04-25,-3.46,0.957,93.8,15,Low
202511,25,83.9,82.7,2318000,2284000,17,17,0,2026-04-15,-1.21,0.986,100.0,5,Low
202512,25,87.7,86.3,2423000,2385000,18,18,0,2026-04-15,-1.39,0.984,100.0,5,Low
202601,25,91.5,87.6,2529000,2421000,18,17,1,2026-04-25,-3.89,0.957,94.4,15,Low
202602,25,95.0,90.9,2624000,2513000,19,18,1,2026-04-25,-4.02,0.958,94.7,15,Low
202603,25,98.8,94.1,2729000,2601000,20,19,1,2026-04-27,-4.65,0.953,95.0,17,Low
202604,25,100,97.2,2763000,2685000,20,19,1,2026-04-20,-2.84,0.972,95.0,10,Low
202605,25,100,98.4,2763000,2720000,20,20,0,2026-04-15,-1.57,0.984,100.0,5,Low
202606,25,100,94.5,2763000,2612000,20,19,1,2026-04-29,-5.47,0.945,95.0,19,Low
202607,25,100,96.0,2763000,2651000,20,19,1,2026-04-24,-4.04,0.96,95.0,14,Low
202608,25,100,97.0,2763000,2680000,20,19,1,2026-04-20,-3.0,0.97,95.0,10,Low
202609,25,100,95.3,2763000,2632000,20,19,1,2026-04-27,-4.74,0.953,95.0,17,Low
202610,25,100,95.7,2763000,2644000,20,19,1,2026-04-25,-4.3,0.957,95.0,15,Low
202611,25,100,95.1,2763000,2627000,20,19,1,2026-04-28,-4.93,0.951,95.0,18,Low
202612,25,100,97.7,2763000,2700000,20,20,0,2026-04-18,-2.28,0.977,100.0,8,Low
202501,26,0,0,0,0,1,1,0,2027-03-03,0,0.814,100.0,31,Medium
202502,26,0,0,0,0,1,1,0,2027-03-03,0,0.816,100.0,31,Medium
202503,26,0,0,0,0,1,1,0,2027-03-07,0,0.788,100.0,35,High
202504,26,0,0,0,0,1,1,0,2027-03-08,0,0.787,100.0,36,High
202505,26,0,0,0,0,1,1,0,2027-03-05,0,0.802,100.0,33,Medium
202506,26,0,0,0,0,1,1,0,2027-03-06,0,0.798,100.0,34,High
202507,26,0,0,0,0,1,1,0,2027-03-04,0,0.808,100.0,32,Medium
202508,26,0,0,0,0,1,1,0,2027-03-10,0,0.774,100.0,38,High
202509,26,0,0,0,0,1,1,0,2027-03-12,0,0.764,100.0,40,High
202510,26,0,0,0,0,1,1,0,2027-03-10,0,0.771,100.0,38,High
202511,26,0,0,0,0,1,1,0,2027-03-07,0,0.79,100.0,35,High
202512,26,0,0,0,0,1,1,0,2027-03-13,0,0.758,100.0,41,High
202601,26,3.2,2.5,563000,437000,1,1,0,2027-03-09,-0.71,0.777,100.0,37,High
202602,26,10.6,8.3,1875000,1465000,2,2,0,2027-03-09,-2.32,0.781,100.0,37,High
202603,26,18.8,15.9,3329000,2815000,4,3,1,2027-02-26,-2.91,0.846,75.0,26,Medium
202604,26,26.8,22.6,4735000,4003000,5,4,1,2027-02-26,-4.14,0.845,80.0,26,Medium
202605,26,35.0,29.9,6189000,5278000,7,6,1,2027-02-24,-5.15,0.853,85.7,24,Medium
202606,26,43.0,38.3,7595000,6763000,9,8,1,2027-02-18,-4.71,0.89,88.9,18,Medium
202607,26,51.2,47.2,9048000,8339000,10,9,1,2027-02-13,-4.01,0.922,90.0,13,Low
202608,26,59.4,55.3,10502000,9766000,12,11,1,2027-02-11,-4.17,0.93,91.7,11,Low
202609,26,67.4,63.9,11908000,11289000,13,12,1,2027-02-08,-3.51,0.948,92.3,8,Low
202610,26,75.6,73.5,13362000,12991000,15,15,0,2027-02-04,-2.1,0.972,100.0,4,Low
202611,26,83.6,81.9,14768000,14476000,17,17,0,2027-02-03,-1.65,0.98,100.0,3,Low
202612,26,91.8,90.9,16222000,16059000,18,18,0,2027-02-01,-0.92,0.99,100.0,1,Low
202501,27,100,100,1788000,1880000,20,20,0,2025-01-11,0,1.052,100.0,0,Low
202502,27,100,100,1788000,1861000,20,20,0,2025-01-11,0,1.041,100.0,0,Low
202503,27,100,100,1788000,1847000,20,20,0,2025-01-11,0,1.033,100.0,0,Low
202504,27,100,100,1788000,1828000,20,20,0,2025-01-11,0,1.022,100.0,0,Low
202505,27,100,100,1788000,1848000,20,20,0,2025-01-11,0,1.033,100.0,0,Low
202506,27,100,100,1788000,1824000,20,20,0,2025-01-11,0,1.02,100.0,0,Low
202507,27,100,100,1788000,1808000,20,20,0,2025-01-11,0,1.011,100.0,0,Low
202508,27,100,100,1788000,1847000,20,20,0,2025-01-11,0,1.033,100.0,0,Low
202509,27,100,100,1788000,1838000,20,20,0,2025-01-11,0,1.028,100.0,0,Low
202510,27,100,100,1788000,1797000,20,20,0,2025-01-11,0,1.005,100.0,0,Low
202511,27,100,100,1788000,1878000,20,20,0,2025-01-11,0,1.051,100.0,0,Low
202512,27,100,100,1788000,1829000,20,20,0,2025-01-11,0,1.023,100.0,0,Low
202601,27,100,100,1788000,1858000,20,20,0,2025-01-11,0,1.039,100.0,0,Low
202602,27,100,100,1788000,1813000,20,20,0,2025-01-11,0,1.014,100.0,0,Low
202603,27,100,100,1788000,1839000,20,20,0,2025-01-11,0,1.028,100.0,0,Low
202604,27,100,99.4,1788000,1776000,20,20,0,2025-01-11,-0.65,0.994,100.0,0,Low
202605,27,100,99.9,1788000,1786000,20,20,0,2025-01-11,-0.12,0.999,100.0,0,Low
202606,27,100,100,1788000,1850000,20,20,0,2025-01-11,0,1.035,100.0,0,Low
202607,27,100,100,1788000,1798000,20,20,0,2025-01-11,0,1.006,100.0,0,Low
202608,27,100,100,1788000,1816000,20,20,0,2025-01-11,0,1.016,100.0,0,Low
202609,27,100,100,1788000,1833000,20,20,0,2025-01-11,0,1.025,100.0,0,Low
202610,27,100,100,1788000,1849000,20,20,0,2025-01-11,0,1.034,100.0,0,Low
202611,27,100,100,1788000,1818000,20,20,0,2025-01-11,0,1.017,100.0,0,Low
202612,27,100,100,1788000,1864000,20,20,0,2025-01-11,0,1.042,100.0,0,Low
202501,28,70.4,69.6,3055000,3020000,14,14,0,2025-05-21,-0.79,0.989,100.0,1,Low
202502,28,78.0,79.4,3385000,3448000,16,16,0,2025-05-20,1.45,1.019,100.0,0,Low
202503,28,86.4,87.7,3750000,3807000,17,17,0,2025-05-20,1.31,1.015,100.0,0,Low
202504,28,94.6,96.6,4104000,4193000,19,19,0,2025-05-20,2.05,1.022,100.0,0,Low
202505,28,100,97.5,4340000,4230000,20,19,1,2025-05-24,-2.53,0.975,95.0,4,Low
202506,28,100,97.5,4340000,4233000,20,20,0,2025-05-24,-2.47,0.975,100.0,4,Low
202507,28,100,98.0,4340000,4253000,20,20,0,2025-05-23,-2.0,0.98,100.0,3,Low
202508,28,100,100,4340000,4361000,20,20,0,2025-05-20,0,1.005,100.0,0,Low
202509,28,100,100,4340000,4378000,20,20,0,2025-05-20,0,1.009,100.0,0,Low
202510,28,100,100,4340000,4380000,20,20,0,2025-05-20,0,1.009,100.0,0,Low
202511,28,100,100,4340000,4435000,20,20,0,2025-05-20,0,1.022,100.0,0,Low
202512,28,100,100,4340000,4427000,20,20,0,2025-05-20,0,1.02,100.0,0,Low
202601,28,100,99.8,4340000,4333000,20,20,0,2025-05-20,-0.16,0.998,100.0,0,Low
202602,28,100,98.8,4340000,4288000,20,20,0,2025-05-21,-1.2,0.988,100.0,1,Low
202603,28,100,97.6,4340000,4237000,20,20,0,2025-05-23,-2.38,0.976,100.0,3,Low
202604,28,100,100,4340000,4352000,20,20,0,2025-05-20,0,1.003,100.0,0,Low
202605,28,100,99.9,4340000,4335000,20,20,0,2025-05-20,-0.12,0.999,100.0,0,Low
202606,28,100,100,4340000,4341000,20,20,0,2025-05-20,0,1.0,100.0,0,Low
202607,28,100,100,4340000,4422000,20,20,0,2025-05-20,0,1.019,100.0,0,Low
202608,28,100,97.6,4340000,4234000,20,20,0,2025-05-24,-2.44,0.976,100.0,4,Low
202609,28,100,100,4340000,4379000,20,20,0,2025-05-20,0,1.009,100.0,0,Low
202610,28,100,100,4340000,4438000,20,20,0,2025-05-20,0,1.023,100.0,0,Low
202611,28,100,97.7,4340000,4242000,20,20,0,2025-05-23,-2.26,0.977,100.0,3,Low
202612,28,100,99.6,4340000,4323000,20,20,0,2025-05-20,-0.39,0.996,100.0,0,Low
202501,29,19.5,19.8,578000,585000,4,4,0,2025-11-03,0.23,1.012,100.0,0,Low
202502,29,27.7,28.2,820000,835000,6,6,0,2025-11-03,0.49,1.018,100.0,0,Low
202503,29,36.7,38.5,1088000,1141000,7,7,0,2025-11-03,1.79,1.049,100.0,0,Low
202504,29,45.5,47.9,1347000,1418000,9,9,0,2025-11-03,2.39,1.053,100.0,0,Low
202505,29,54.5,57.4,1614000,1698000,11,11,0,2025-11-03,2.84,1.052,100.0,0,Low
202506,29,63.3,65.0,1873000,1924000,13,13,0,2025-11-03,1.72,1.027,100.0,0,Low
202507,29,72.3,73.5,2141000,2178000,14,14,0,2025-11-03,1.24,1.017,100.0,0,Low
202508,29,81.3,83.7,2409000,2480000,16,16,0,2025-11-03,2.4,1.03,100.0,0,Low
202509,29,90.1,94.8,2667000,2807000,18,18,0,2025-11-03,4.72,1.052,100.0,0,Low
202510,29,99.1,100,2935000,3010000,20,20,0,2025-11-03,0.87,1.025,100.0,0,Low
202511,29,100,100,2961000,3012000,20,20,0,2025-11-03,0,1.017,100.0,0,Low
202512,29,100,100,2961000,3008000,20,20,0,2025-11-03,0,1.016,100.0,0,Low
202601,29,100,100,2961000,3046000,20,20,0,2025-11-03,0,1.029,100.0,0,Low
202602,29,100,100,2961000,2985000,20,20,0,2025-11-03,0,1.008,100.0,0,Low
202603,29,100,100,2961000,3074000,20,20,0,2025-11-03,0,1.038,100.0,0,Low
202604,29,100,100,2961000,3023000,20,20,0,2025-11-03,0,1.021,100.0,0,Low
202605,29,100,100,2961000,3027000,20,20,0,2025-11-03,0,1.022,100.0,0,Low
202606,29,100,100,2961000,3069000,20,20,0,2025-11-03,0,1.036,100.0,0,Low
202607,29,100,100,2961000,3112000,20,20,0,2025-11-03,0,1.051,100.0,0,Low
202608,29,100,100,2961000,3052000,20,20,0,2025-11-03,0,1.031,100.0,0,Low
202609,29,100,100,2961000,3122000,20,20,0,2025-11-03,0,1.054,100.0,0,Low
202610,29,100,100,2961000,3077000,20,20,0,2025-11-03,0,1.039,100.0,0,Low
202611,29,100,100,2961000,2994000,20,20,0,2025-11-03,0,1.011,100.0,0,Low
202612,29,100,100,2961000,3060000,20,20,0,2025-11-03,0,1.034,100.0,0,Low
202501,30,65.8,65.7,1960000,1956000,13,13,0,2025-07-23,-0.14,0.998,100.0,0,Low
202502,30,71.3,69.8,2125000,2079000,14,14,0,2025-07-27,-1.53,0.979,100.0,4,Low
202503,30,77.5,78.4,2307000,2334000,15,15,0,2025-07-23,0.91,1.012,100.0,0,Low
202504,30,83.4,81.4,2484000,2424000,17,17,0,2025-07-28,-2.01,0.976,100.0,5,Low
202505,30,89.5,89.7,2666000,2670000,18,18,0,2025-07-23,0.15,1.002,100.0,0,Low
202506,30,95.5,94.4,2843000,2811000,19,19,0,2025-07-25,-1.07,0.989,100.0,2,Low
202507,30,100,97.7,2978000,2911000,20,20,0,2025-07-28,-2.26,0.977,100.0,5,Low
202508,30,100,99.1,2978000,2951000,20,20,0,2025-07-25,-0.92,0.991,100.0,2,Low
202509,30,100,100,2978000,3021000,20,20,0,2025-07-23,0,1.014,100.0,0,Low
202510,30,100,97.9,2978000,2916000,20,20,0,2025-07-27,-2.07,0.979,100.0,4,Low
202511,30,100,98.6,2978000,2936000,20,20,0,2025-07-26,-1.42,0.986,100.0,3,Low
202512,30,100,100.0,2978000,2977000,20,20,0,2025-07-23,-0.04,1.0,100.0,0,Low
202601,30,100,99.6,2978000,2966000,20,20,0,2025-07-23,-0.41,0.996,100.0,0,Low
202602,30,100,98.8,2978000,2942000,20,20,0,2025-07-25,-1.19,0.988,100.0,2,Low
202603,30,100,100.0,2978000,2977000,20,20,0,2025-07-23,-0.03,1.0,100.0,0,Low
202604,30,100,97.6,2978000,2906000,20,20,0,2025-07-28,-2.41,0.976,100.0,5,Low
202605,30,100,100,2978000,3021000,20,20,0,2025-07-23,0,1.015,100.0,0,Low
202606,30,100,98.3,2978000,2927000,20,20,0,2025-07-26,-1.72,0.983,100.0,3,Low
202607,30,100,99.1,2978000,2951000,20,20,0,2025-07-25,-0.92,0.991,100.0,2,Low
202608,30,100,100,2978000,3025000,20,20,0,2025-07-23,0,1.016,100.0,0,Low
202609,30,100,97.6,2978000,2907000,20,20,0,2025-07-28,-2.37,0.976,100.0,5,Low
202610,30,100,100,2978000,2993000,20,20,0,2025-07-23,0,1.005,100.0,0,Low
202611,30,100,100,2978000,2994000,20,20,0,2025-07-23,0,1.005,100.0,0,Low
202612,30,100,98.4,2978000,2930000,20,20,0,2025-07-26,-1.63,0.984,100.0,3,Low
202501,31,1.0,0.9,50000,47000,1,1,0,2025-08-21,-0.05,0.948,100.0,4,Low
202502,31,15.0,14.3,746000,712000,3,3,0,2025-08-21,-0.7,0.953,100.0,4,Low
202503,31,30.5,28.6,1518000,1424000,6,6,0,2025-08-22,-1.89,0.938,100.0,5,Low
202504,31,45.5,44.4,2264000,2207000,9,9,0,2025-08-19,-1.14,0.975,100.0,2,Low
202505,31,61.0,59.9,3035000,2979000,12,12,0,2025-08-18,-1.14,0.981,100.0,1,Low
202506,31,76.0,74.1,3782000,3688000,15,15,0,2025-08-19,-1.88,0.975,100.0,2,Low
202507,31,91.5,87.0,4553000,4331000,18,17,1,2025-08-21,-4.47,0.951,94.4,4,Low
202508,31,100,95.3,4976000,4744000,20,19,1,2025-08-21,-4.67,0.953,95.0,4,Low
202509,31,100,96.5,4976000,4802000,20,19,1,2025-08-20,-3.49,0.965,95.0,3,Low
202510,31,100,98.9,4976000,4922000,20,20,0,2025-08-17,-1.09,0.989,100.0,0,Low
202511,31,100,97.2,4976000,4836000,20,19,1,2025-08-19,-2.82,0.972,95.0,2,Low
202512,31,100,96.3,4976000,4792000,20,19,1,2025-08-20,-3.7,0.963,95.0,3,Low
202601,31,100,97.3,4976000,4840000,20,19,1,2025-08-19,-2.74,0.973,95.0,2,Low
202602,31,100,94.8,4976000,4719000,20,19,1,2025-08-21,-5.16,0.948,95.0,4,Low
202603,31,100,98.3,4976000,4892000,20,20,0,2025-08-18,-1.69,0.983,100.0,1,Low
202604,31,100,97.6,4976000,4856000,20,20,0,2025-08-19,-2.41,0.976,100.0,2,Low
202605,31,100,93.3,4976000,4643000,20,19,1,2025-08-23,-6.69,0.933,95.0,6,Low
202606,31,100,94.5,4976000,4703000,20,19,1,2025-08-21,-5.48,0.945,95.0,4,Low
202607,31,100,94.6,4976000,4709000,20,19,1,2025-08-21,-5.36,0.946,95.0,4,Low
202608,31,100,96.6,4976000,4808000,20,19,1,2025-08-20,-3.38,0.966,95.0,3,Low
202609,31,100,94.7,4976000,4712000,20,19,1,2025-08-21,-5.3,0.947,95.0,4,Low
202610,31,100,93.8,4976000,4667000,20,19,1,2025-08-22,-6.21,0.938,95.0,5,Low
202611,31,100,96.6,4976000,4806000,20,19,1,2025-08-20,-3.42,0.966,95.0,3,Low
202612,31,100,95.5,4976000,4750000,20,19,1,2025-08-21,-4.53,0.955,95.0,4,Low
202501,32,39.7,40.4,736000,750000,8,8,0,2026-03-10,0.73,1.018,100.0,0,Low
202502,32,43.9,44.7,814000,830000,9,9,0,2026-03-10,0.85,1.019,100.0,0,Low
202503,32,48.5,47.6,900000,883000,10,10,0,2026-03-15,-0.94,0.981,100.0,5,Low
202504,32,53.0,53.2,984000,987000,11,11,0,2026-03-10,0.2,1.004,100.0,0,Low
202505,32,57.6,58.6,1070000,1087000,12,12,0,2026-03-10,0.95,1.016,100.0,0,Low
202506,32,62.1,62.6,1153000,1162000,12,12,0,2026-03-10,0.49,1.008,100.0,0,Low
202507,32,66.8,67.2,1239000,1247000,13,13,0,2026-03-10,0.4,1.006,100.0,0,Low
202508,32,71.4,70.1,1325000,1301000,14,14,0,2026-03-15,-1.29,0.982,100.0,5,Low
202509,32,75.9,75.9,1409000,1408000,15,15,0,2026-03-10,-0.03,1.0,100.0,0,Low
202510,32,80.5,81.1,1495000,1506000,16,16,0,2026-03-10,0.61,1.008,100.0,0,Low
202511,32,85.0,85.6,1578000,1590000,17,17,0,2026-03-10,0.61,1.007,100.0,0,Low
202512,32,89.7,88.8,1664000,1648000,18,18,0,2026-03-12,-0.87,0.99,100.0,2,Low
202601,32,94.3,94.8,1750000,1760000,19,19,0,2026-03-10,0.52,1.006,100.0,0,Low
202602,32,98.5,98.1,1828000,1821000,20,20,0,2026-03-11,-0.39,0.996,100.0,1,Low
202603,32,100,100,1856000,1885000,20,20,0,2026-03-10,0,1.016,100.0,0,Low
202604,32,100,100,1856000,1883000,20,20,0,2026-03-10,0,1.015,100.0,0,Low
202605,32,100,97.3,1856000,1806000,20,19,1,2026-03-18,-2.71,0.973,95.0,8,Low
202606,32,100,97.2,1856000,1803000,20,19,1,2026-03-18,-2.84,0.972,95.0,8,Low
202607,32,100,97.3,1856000,1807000,20,19,1,2026-03-18,-2.66,0.973,95.0,8,Low
202608,32,100,97.8,1856000,1815000,20,20,0,2026-03-16,-2.22,0.978,100.0,6,Low
202609,32,100,100,1856000,1864000,20,20,0,2026-03-10,0,1.004,100.0,0,Low
202610,32,100,99.6,1856000,1849000,20,20,0,2026-03-11,-0.39,0.996,100.0,1,Low
202611,32,100,100,1856000,1874000,20,20,0,2026-03-10,0,1.009,100.0,0,Low
202612,32,100,100,1856000,1871000,20,20,0,2026-03-10,0,1.008,100.0,0,Low
202501,33,19.7,16.3,436000,362000,4,3,1,2027-02-27,-3.36,0.829,75.0,66,Medium
202502,33,22.9,19.0,509000,421000,5,4,1,2027-02-27,-3.95,0.828,80.0,66,Medium
202503,33,26.5,21.7,589000,481000,5,4,1,2027-03-03,-4.84,0.817,80.0,70,Medium
202504,33,30.0,23.6,666000,523000,6,5,1,2027-03-15,-6.43,0.786,83.3,82,High
202505,33,33.6,26.9,746000,598000,7,6,1,2027-03-09,-6.68,0.801,85.7,76,Medium
202506,33,37.1,29.3,823000,652000,7,6,1,2027-03-13,-7.74,0.791,85.7,80,High
202507,33,40.7,31.8,903000,706000,8,6,2,2027-03-17,-8.92,0.781,75.0,84,High
202508,33,44.3,35.4,984000,785000,9,7,2,2027-03-11,-8.93,0.798,77.8,78,High
202509,33,47.8,38.9,1061000,863000,10,8,2,2027-03-05,-8.9,0.814,80.0,72,Medium
202510,33,51.4,39.6,1141000,880000,10,8,2,2027-03-21,-11.78,0.771,80.0,88,High
202511,33,54.9,41.8,1218000,929000,11,8,3,2027-03-24,-13.04,0.762,72.7,91,High
202512,33,58.5,44.3,1298000,984000,12,9,3,2027-03-26,-14.14,0.758,75.0,93,High
202601,33,62.1,48.8,1378000,1084000,12,9,3,2027-03-15,-13.29,0.786,75.0,82,High
202602,33,65.3,50.9,1451000,1129000,13,10,3,2027-03-18,-14.48,0.778,76.9,85,High
202603,33,69.0,52.9,1531000,1174000,14,11,3,2027-03-23,-16.06,0.767,78.6,90,High
202604,33,72.4,52.7,1608000,1171000,14,10,4,2027-04-07,-19.7,0.728,71.4,105,High
202605,33,76.0,55.9,1688000,1241000,15,11,4,2027-04-04,-20.14,0.735,73.3,102,High
202606,33,79.5,60.4,1766000,1341000,16,12,4,2027-03-26,-19.15,0.759,75.0,93,High
202607,33,83.1,60.6,1846000,1346000,17,12,5,2027-04-06,-22.51,0.729,70.6,104,High
202608,33,86.7,64.4,1926000,1431000,17,13,4,2027-04-01,-22.3,0.743,76.5,99,High
202609,33,90.2,69.0,2003000,1533000,18,14,4,2027-03-23,-21.2,0.765,77.8,90,High
202610,33,93.8,68.5,2083000,1520000,19,14,5,2027-04-06,-25.35,0.73,73.7,104,High
202611,33,97.3,70.7,2161000,1569000,19,14,5,2027-04-08,-26.67,0.726,73.7,106,High
202612,33,100,75.3,2220000,1671000,20,15,5,2027-03-28,-24.72,0.753,75.0,95,High
202501,34,32.2,26.8,586000,487000,6,5,1,2026-02-25,-5.46,0.831,83.3,39,Medium
202502,34,37.6,30.2,684000,549000,8,6,2,2026-03-04,-7.43,0.803,75.0,46,Medium
202503,34,43.6,36.3,793000,659000,9,7,2,2026-02-25,-7.38,0.831,77.8,39,Medium
202504,34,49.4,40.2,898000,731000,10,8,2,2026-03-01,-9.21,0.814,80.0,43,Medium
202505,34,55.4,43.5,1007000,790000,11,9,2,2026-03-08,-11.9,0.785,81.8,50,High
202506,34,61.2,49.8,1112000,904000,12,10,2,2026-03-01,-11.43,0.813,83.3,43,Medium
202507,34,67.2,53.5,1221000,973000,13,10,3,2026-03-05,-13.64,0.797,76.9,47,High
202508,34,73.2,58.9,1329000,1070000,15,12,3,2026-03-03,-14.3,0.804,80.0,45,Medium
202509,34,79.0,62.4,1435000,1134000,16,13,3,2026-03-06,-16.54,0.791,81.2,48,High
202510,34,84.9,68.5,1543000,1245000,17,14,3,2026-03-03,-16.41,0.807,82.4,45,Medium
202511,34,90.7,74.1,1649000,1346000,18,15,3,2026-02-28,-16.65,0.817,83.3,42,Medium
202512,34,96.7,76.6,1757000,1392000,19,15,4,2026-03-06,-20.11,0.792,78.9,48,High
202601,34,100,80.5,1817000,1462000,20,16,4,2026-03-03,-19.54,0.805,80.0,45,High
202602,34,100,75.6,1817000,1374000,20,15,5,2026-03-14,-24.4,0.756,75.0,56,High
202603,34,100,76.5,1817000,1390000,20,15,5,2026-03-12,-23.49,0.765,75.0,54,High
202604,34,100,75.5,1817000,1371000,20,15,5,2026-03-15,-24.55,0.755,75.0,57,High
202605,34,100,74.2,1817000,1348000,20,15,5,2026-03-18,-25.8,0.742,75.0,60,High
202606,34,100,76.2,1817000,1384000,20,15,5,2026-03-13,-23.82,0.762,75.0,55,High
202607,34,100,76.8,1817000,1395000,20,15,5,2026-03-12,-23.21,0.768,75.0,54,High
202608,34,100,76.8,1817000,1395000,20,15,5,2026-03-12,-23.22,0.768,75.0,54,High
202609,34,100,76.8,1817000,1395000,20,15,5,2026-03-12,-23.22,0.768,75.0,54,High
202610,34,100,76.9,1817000,1398000,20,15,5,2026-03-11,-23.08,0.769,75.0,53,High
202611,34,100,74.7,1817000,1357000,20,15,5,2026-03-17,-25.33,0.747,75.0,59,High
202612,34,100,74.4,1817000,1352000,20,15,5,2026-03-17,-25.59,0.744,75.0,59,High
202501,35,0,0,0,0,1,1,0,2028-06-30,0,0.816,100.0,65,Medium
202502,35,0,0,0,0,1,1,0,2028-07-05,0,0.801,100.0,70,Medium
202503,35,0,0,0,0,1,1,0,2028-07-03,0,0.807,100.0,68,Medium
202504,35,0,0,0,0,1,1,0,2028-07-14,0,0.776,100.0,79,High
202505,35,0,0,0,0,1,1,0,2028-07-08,0,0.793,100.0,73,High
202506,35,0,0,0,0,1,1,0,2028-07-10,0,0.787,100.0,75,High
202507,35,0,0,0,0,1,1,0,2028-07-10,0,0.787,100.0,75,High
202508,35,0,0,0,0,1,1,0,2028-07-21,0,0.757,100.0,86,High
202509,35,0,0,0,0,1,1,0,2028-07-21,0,0.758,100.0,86,High
202510,35,0,0,0,0,1,1,0,2028-07-13,0,0.78,100.0,78,High
202511,35,0,0,0,0,1,1,0,2028-07-14,0,0.777,100.0,79,High
202512,35,0,0,0,0,1,1,0,2028-07-27,0,0.739,100.0,92,High
202601,35,0,0,0,0,1,1,0,2028-06-28,0,0.821,100.0,63,Medium
202602,35,0.4,0.3,79000,66000,1,1,0,2028-06-23,-0.06,0.836,100.0,58,Medium
202603,35,4.3,3.6,898000,759000,1,1,0,2028-06-20,-0.67,0.845,100.0,55,Medium
202604,35,8.1,7.2,1691000,1506000,2,2,0,2028-06-03,-0.88,0.891,100.0,38,Medium
202605,35,12.0,10.6,2510000,2210000,2,2,0,2028-06-07,-1.43,0.881,100.0,42,Medium
202606,35,15.8,14.6,3302000,3048000,3,3,0,2028-05-23,-1.22,0.923,100.0,27,Low
202607,35,19.7,18.6,4121000,3885000,4,4,0,2028-05-16,-1.13,0.943,100.0,20,Low
202608,35,23.6,22.4,4940000,4679000,5,5,0,2028-05-14,-1.25,0.947,100.0,18,Low
202609,35,27.4,26.5,5732000,5536000,5,5,0,2028-05-08,-0.94,0.966,100.0,12,Low
202610,35,31.4,31.0,6551000,6486000,6,6,0,2028-04-29,-0.31,0.99,100.0,3,Low
202611,35,35.1,33.9,7344000,7092000,7,7,0,2028-05-08,-1.2,0.966,100.0,12,Low
202612,35,39.1,38.2,8163000,7983000,8,8,0,2028-05-03,-0.86,0.978,100.0,7,Low
202501,36,33.2,33.5,1064000,1074000,7,7,0,2025-11-17,0.31,1.009,100.0,0,Low
202502,36,39.6,40.4,1271000,1295000,8,8,0,2025-11-17,0.74,1.019,100.0,0,Low
202503,36,46.8,45.5,1501000,1461000,9,9,0,2025-11-22,-1.24,0.973,100.0,5,Low
202504,36,53.7,52.7,1722000,1692000,11,11,0,2025-11-20,-0.94,0.982,100.0,3,Low
202505,36,60.8,59.6,1951000,1912000,12,12,0,2025-11-20,-1.21,0.98,100.0,3,Low
202506,36,67.7,66.6,2173000,2138000,14,14,0,2025-11-20,-1.11,0.984,100.0,3,Low
202507,36,74.9,73.8,2402000,2369000,15,15,0,2025-11-19,-1.05,0.986,100.0,2,Low
202508,36,82.0,82.4,2631000,2642000,16,16,0,2025-11-17,0.34,1.004,100.0,0,Low
202509,36,88.9,89.2,2853000,2860000,18,18,0,2025-11-17,0.22,1.002,100.0,0,Low
202510,36,96.1,96.7,3082000,3103000,19,19,0,2025-11-17,0.63,1.007,100.0,0,Low
202511,36,100,100,3208000,3272000,20,20,0,2025-11-17,0,1.02,100.0,0,Low
202512,36,100,100,3208000,3212000,20,20,0,2025-11-17,0,1.001,100.0,0,Low
202601,36,100,99.2,3208000,3182000,20,20,0,2025-11-18,-0.81,0.992,100.0,1,Low
202602,36,100,100,3208000,3219000,20,20,0,2025-11-17,0,1.004,100.0,0,Low
202603,36,100,100,3208000,3221000,20,20,0,2025-11-17,0,1.004,100.0,0,Low
202604,36,100,96.6,3208000,3100000,20,19,1,2025-11-23,-3.36,0.966,95.0,6,Low
202605,36,100,100,3208000,3215000,20,20,0,2025-11-17,0,1.002,100.0,0,Low
202606,36,100,100,3208000,3233000,20,20,0,2025-11-17,0,1.008,100.0,0,Low
202607,36,100,99.2,3208000,3183000,20,20,0,2025-11-18,-0.77,0.992,100.0,1,Low
202608,36,100,97.9,3208000,3140000,20,20,0,2025-11-21,-2.13,0.979,100.0,4,Low
202609,36,100,100,3208000,3260000,20,20,0,2025-11-17,0,1.016,100.0,0,Low
202610,36,100,99.0,3208000,3177000,20,20,0,2025-11-18,-0.96,0.99,100.0,1,Low
202611,36,100,98.8,3208000,3170000,20,20,0,2025-11-19,-1.18,0.988,100.0,2,Low
202612,36,100,100,3208000,3253000,20,20,0,2025-11-17,0,1.014,100.0,0,Low
202501,37,0,0,0,0,1,1,0,2025-09-17,0,0.979,100.0,1,Low
202502,37,0,0,0,0,1,1,0,2025-09-18,0,0.97,100.0,2,Low
202503,37,14.2,13.6,447000,428000,3,3,0,2025-09-19,-0.6,0.958,100.0,3,Low
202504,37,29.4,28.5,927000,896000,6,6,0,2025-09-18,-0.98,0.967,100.0,2,Low
202505,37,45.2,44.3,1422000,1395000,9,9,0,2025-09-17,-0.86,0.981,100.0,1,Low
202506,37,60.4,57.4,1901000,1807000,12,11,1,2025-09-20,-2.97,0.951,91.7,4,Low
202507,37,76.1,75.1,2396000,2363000,15,15,0,2025-09-17,-1.06,0.986,100.0,1,Low
202508,37,91.9,87.6,2891000,2756000,18,17,1,2025-09-20,-4.31,0.953,94.4,4,Low
202509,37,100,95.2,3147000,2997000,20,19,1,2025-09-20,-4.75,0.952,95.0,4,Low
202510,37,100,97.2,3147000,3058000,20,19,1,2025-09-18,-2.82,0.972,95.0,2,Low
202511,37,100,96.3,3147000,3031000,20,19,1,2025-09-19,-3.68,0.963,95.0,3,Low
202512,37,100,99.2,3147000,3123000,20,20,0,2025-09-16,-0.77,0.992,100.0,0,Low
202601,37,100,99.0,3147000,3116000,20,20,0,2025-09-16,-0.98,0.99,100.0,0,Low
202602,37,100,98.5,3147000,3101000,20,20,0,2025-09-17,-1.46,0.985,100.0,1,Low
202603,37,100,97.9,3147000,3082000,20,20,0,2025-09-17,-2.06,0.979,100.0,1,Low
202604,37,100,95.8,3147000,3016000,20,19,1,2025-09-19,-4.15,0.958,95.0,3,Low
202605,37,100,96.8,3147000,3046000,20,19,1,2025-09-18,-3.2,0.968,95.0,2,Low
202606,37,100,96.2,3147000,3029000,20,19,1,2025-09-19,-3.76,0.962,95.0,3,Low
202607,37,100,95.9,3147000,3019000,20,19,1,2025-09-19,-4.07,0.959,95.0,3,Low
202608,37,100,94.5,3147000,2975000,20,19,1,2025-09-20,-5.47,0.945,95.0,4,Low
202609,37,100,99.5,3147000,3133000,20,20,0,2025-09-16,-0.46,0.995,100.0,0,Low
202610,37,100,97.7,3147000,3074000,20,20,0,2025-09-18,-2.31,0.977,100.0,2,Low
202611,37,100,98.3,3147000,3092000,20,20,0,2025-09-17,-1.73,0.983,100.0,1,Low
202612,37,100,98.8,3147000,3110000,20,20,0,2025-09-17,-1.17,0.988,100.0,1,Low
202501,38,0,0,0,0,1,1,0,2027-01-06,0,0.965,100.0,6,Low
202502,38,0,0,0,0,1,1,0,2027-01-07,0,0.96,100.0,7,Low
202503,38,0,0,0,0,1,1,0,2027-01-07,0,0.96,100.0,7,Low
202504,38,0,0,0,0,1,1,0,2027-01-11,0,0.943,100.0,11,Low
202505,38,0,0,0,0,1,1,0,2027-01-10,0,0.948,100.0,10,Low
202506,38,0,0,0,0,1,1,0,2027-01-08,0,0.955,100.0,8,Low
202507,38,0,0,0,0,1,1,0,2027-01-06,0,0.967,100.0,6,Low
202508,38,0,0,0,0,1,1,0,2027-01-07,0,0.964,100.0,7,Low
202509,38,0,0,0,0,1,1,0,2027-01-03,0,0.982,100.0,3,Low
202510,38,3.2,3.0,134000,127000,1,1,0,2027-01-09,-0.15,0.953,100.0,9,Low
202511,38,10.0,9.8,420000,410000,2,2,0,2027-01-04,-0.23,0.977,100.0,4,Low
202512,38,17.0,16.8,715000,705000,3,3,0,2027-01-02,-0.25,0.985,100.0,2,Low
202601,38,24.1,23.7,1011000,995000,5,5,0,2027-01-03,-0.39,0.984,100.0,3,Low
202602,38,30.5,29.0,1278000,1215000,6,6,0,2027-01-09,-1.49,0.951,100.0,9,Low
202603,38,37.5,36.7,1574000,1540000,8,8,0,2027-01-04,-0.79,0.979,100.0,4,Low
202604,38,44.3,42.3,1860000,1777000,9,9,0,2027-01-08,-1.98,0.955,100.0,8,Low
202605,38,51.4,49.4,2155000,2072000,10,10,0,2027-01-07,-1.99,0.961,100.0,7,Low
202606,38,58.2,57.1,2441000,2395000,12,12,0,2027-01-03,-1.11,0.981,100.0,3,Low
202607,38,65.2,62.9,2737000,2639000,13,13,0,2027-01-07,-2.33,0.964,100.0,7,Low
202608,38,72.3,69.9,3033000,2933000,14,14,0,2027-01-06,-2.36,0.967,100.0,6,Low
202609,38,79.1,77.3,3319000,3242000,16,16,0,2027-01-04,-1.83,0.977,100.0,4,Low
202610,38,86.1,84.1,3614000,3529000,17,17,0,2027-01-04,-2.02,0.977,100.0,4,Low
202611,38,93.0,91.6,3900000,3844000,19,19,0,2027-01-02,-1.36,0.985,100.0,2,Low
202612,38,100,94.9,4196000,3984000,20,19,1,2027-01-10,-5.06,0.949,95.0,10,Low
202501,39,56.2,57.1,9272000,9411000,11,11,0,2025-07-18,0.85,1.015,100.0,0,Low
202502,39,63.5,64.3,10474000,10595000,13,13,0,2025-07-18,0.73,1.012,100.0,0,Low
202503,39,71.6,73.4,11804000,12102000,14,14,0,2025-07-18,1.81,1.025,100.0,0,Low
202504,39,79.4,82.3,13092000,13559000,16,16,0,2025-07-18,2.84,1.036,100.0,0,Low
202505,39,87.5,86.9,14423000,14330000,18,18,0,2025-07-19,-0.56,0.994,100.0,1,Low
202506,39,95.3,95.0,15710000,15659000,19,19,0,2025-07-18,-0.31,0.997,100.0,0,Low
202507,39,100,100,16483000,16820000,20,20,0,2025-07-18,0,1.02,100.0,0,Low
202508,39,100,99.8,16483000,16444000,20,20,0,2025-07-18,-0.24,0.998,100.0,0,Low
202509,39,100,100,16483000,16790000,20,20,0,2025-07-18,0,1.019,100.0,0,Low
202510,39,100,100,16483000,16683000,20,20,0,2025-07-18,0,1.012,100.0,0,Low
202511,39,100,99.9,16483000,16463000,20,20,0,2025-07-18,-0.12,0.999,100.0,0,Low
202512,39,100,100,16483000,16708000,20,20,0,2025-07-18,0,1.014,100.0,0,Low
202601,39,100,100,16483000,16533000,20,20,0,2025-07-18,0,1.003,100.0,0,Low
202602,39,100,100,16483000,16513000,20,20,0,2025-07-18,0,1.002,100.0,0,Low
202603,39,100,99.1,16483000,16337000,20,20,0,2025-07-19,-0.88,0.991,100.0,1,Low
202604,39,100,100,16483000,17069000,20,20,0,2025-07-18,0,1.036,100.0,0,Low
202605,39,100,100,16483000,16881000,20,20,0,2025-07-18,0,1.024,100.0,0,Low
202606,39,100,99.3,16483000,16368000,20,20,0,2025-07-19,-0.7,0.993,100.0,1,Low
202607,39,100,100,16483000,16616000,20,20,0,2025-07-18,0,1.008,100.0,0,Low
202608,39,100,100,16483000,16928000,20,20,0,2025-07-18,0,1.027,100.0,0,Low
202609,39,100,100,16483000,16841000,20,20,0,2025-07-18,0,1.022,100.0,0,Low
202610,39,100,100,16483000,16507000,20,20,0,2025-07-18,0,1.001,100.0,0,Low
202611,39,100,100,16483000,16500000,20,20,0,2025-07-18,0,1.001,100.0,0,Low
202612,39,100,100,16483000,16818000,20,20,0,2025-07-18,0,1.02,100.0,0,Low
202501,40,37.4,36.6,1896000,1856000,7,7,0,2026-08-02,-0.79,0.979,100.0,8,Low
202502,40,40.7,39.6,2061000,2005000,8,8,0,2026-08-04,-1.1,0.973,100.0,10,Low
202503,40,44.3,43.8,2243000,2220000,9,9,0,2026-07-28,-0.45,0.99,100.0,3,Low
202504,40,47.7,47.0,2419000,2379000,10,10,0,2026-07-31,-0.79,0.984,100.0,6,Low
202505,40,51.3,48.5,2601000,2455000,10,9,1,2026-08-15,-2.87,0.944,90.0,21,Low
202506,40,54.8,53.4,2777000,2704000,11,11,0,2026-08-04,-1.44,0.974,100.0,10,Low
202507,40,58.4,57.4,2959000,2911000,12,12,0,2026-07-31,-0.96,0.984,100.0,6,Low
202508,40,62.0,60.7,3141000,3075000,12,12,0,2026-08-02,-1.31,0.979,100.0,8,Low
202509,40,65.5,62.6,3317000,3173000,13,12,1,2026-08-10,-2.85,0.957,92.3,16,Low
202510,40,69.1,68.0,3499000,3445000,14,14,0,2026-07-31,-1.08,0.984,100.0,6,Low
202511,40,72.5,69.2,3675000,3507000,15,14,1,2026-08-11,-3.32,0.954,93.3,17,Low
202512,40,76.1,72.5,3857000,3672000,15,14,1,2026-08-12,-3.66,0.952,93.3,18,Low
202601,40,79.7,75.7,4040000,3835000,16,15,1,2026-08-13,-4.03,0.949,93.8,19,Low
202602,40,83.0,80.7,4204000,4091000,17,17,0,2026-08-04,-2.22,0.973,100.0,10,Low
202603,40,86.6,84.7,4386000,4292000,17,17,0,2026-08-02,-1.85,0.979,100.0,8,Low
202604,40,90.0,85.5,4562000,4331000,18,17,1,2026-08-13,-4.57,0.949,94.4,19,Low
202605,40,93.6,88.5,4744000,4487000,19,18,1,2026-08-15,-5.08,0.946,94.7,21,Low
202606,40,97.1,92.9,4920000,4708000,19,18,1,2026-08-10,-4.19,0.957,94.7,16,Low
202607,40,100,95.6,5067000,4843000,20,19,1,2026-08-11,-4.43,0.956,95.0,17,Low
202608,40,100,99.1,5067000,5020000,20,20,0,2026-07-28,-0.92,0.991,100.0,3,Low
202609,40,100,98.3,5067000,4982000,20,20,0,2026-07-31,-1.68,0.983,100.0,6,Low
202610,40,100,96.5,5067000,4891000,20,19,1,2026-08-07,-3.48,0.965,95.0,13,Low
202611,40,100,97.0,5067000,4917000,20,19,1,2026-08-05,-2.96,0.97,95.0,11,Low
202612,40,100,94.4,5067000,4781000,20,19,1,2026-08-15,-5.64,0.944,95.0,21,Low
202501,41,17.1,17.6,867000,890000,3,3,0,2026-12-26,0.47,1.027,100.0,0,Low
202502,41,20.4,20.9,1036000,1061000,4,4,0,2026-12-26,0.49,1.024,100.0,0,Low
202503,41,24.1,24.2,1224000,1226000,5,5,0,2026-12-26,0.05,1.002,100.0,0,Low
202504,41,27.7,27.7,1406000,1406000,6,6,0,2026-12-26,-0.0,1.0,100.0,0,Low
202505,41,31.4,31.6,1594000,1601000,6,6,0,2026-12-26,0.14,1.005,100.0,0,Low
202506,41,35.0,35.5,1776000,1800000,7,7,0,2026-12-26,0.48,1.014,100.0,0,Low
202507,41,38.7,38.7,1963000,1962000,8,8,0,2026-12-26,-0.02,1.0,100.0,0,Low
202508,41,42.4,42.2,2151000,2139000,8,8,0,2026-12-28,-0.25,0.994,100.0,2,Low
202509,41,46.0,47.4,2333000,2405000,9,9,0,2026-12-26,1.42,1.031,100.0,0,Low
202510,41,49.7,49.7,2521000,2522000,10,10,0,2026-12-26,0.02,1.0,100.0,0,Low
202511,41,53.3,53.4,2703000,2709000,11,11,0,2026-12-26,0.12,1.002,100.0,0,Low
202512,41,57.0,56.2,2890000,2851000,11,11,0,2026-12-31,-0.78,0.986,100.0,5,Low
202601,41,60.7,62.0,3078000,3146000,12,12,0,2026-12-26,1.34,1.022,100.0,0,Low
202602,41,64.0,65.0,3248000,3296000,13,13,0,2026-12-26,0.95,1.015,100.0,0,Low
202603,41,67.7,68.7,3436000,3484000,14,14,0,2026-12-26,0.96,1.014,100.0,0,Low
202604,41,71.3,71.6,3618000,3631000,14,14,0,2026-12-26,0.27,1.004,100.0,0,Low
202605,41,75.0,74.6,3806000,3784000,15,15,0,2026-12-28,-0.42,0.994,100.0,2,Low
202606,41,78.6,77.0,3987000,3907000,16,16,0,2027-01-02,-1.58,0.98,100.0,7,Low
202607,41,82.3,82.0,4175000,4158000,16,16,0,2026-12-27,-0.34,0.996,100.0,1,Low
202608,41,86.0,86.1,4363000,4366000,17,17,0,2026-12-26,0.05,1.001,100.0,0,Low
202609,41,89.6,92.4,4545000,4685000,18,18,0,2026-12-26,2.76,1.031,100.0,0,Low
202610,41,93.3,92.2,4733000,4677000,19,19,0,2026-12-30,-1.1,0.988,100.0,4,Low
202611,41,96.9,97.2,4914000,4931000,19,19,0,2026-12-26,0.33,1.003,100.0,0,Low
202612,41,100,100,5072000,5096000,20,20,0,2026-12-26,0,1.005,100.0,0,Low
202501,42,0,0,0,0,1,1,0,2028-07-05,0,1.003,100.0,0,Low
202502,42,0,0,0,0,1,1,0,2028-07-05,0,1.007,100.0,0,Low
202503,42,0,0,0,0,1,1,0,2028-07-10,0,0.986,100.0,5,Low
202504,42,0,0,0,0,1,1,0,2028-07-05,0,1.015,100.0,0,Low
202505,42,0,0,0,0,1,1,0,2028-07-05,0,1.0,100.0,0,Low
202506,42,0,0,0,0,1,1,0,2028-07-05,0,1.026,100.0,0,Low
202507,42,0,0,0,0,1,1,0,2028-07-05,0,0.999,100.0,0,Low
202508,42,0,0,0,0,1,1,0,2028-07-09,0,0.989,100.0,4,Low
202509,42,0,0,0,0,1,1,0,2028-07-05,0,1.01,100.0,0,Low
202510,42,0,0,0,0,1,1,0,2028-07-09,0,0.988,100.0,4,Low
202511,42,0,0,0,0,1,1,0,2028-07-09,0,0.988,100.0,4,Low
202512,42,0,0,0,0,1,1,0,2028-07-09,0,0.987,100.0,4,Low
202601,42,0,0,0,0,1,1,0,2028-07-05,0,1.005,100.0,0,Low
202602,42,2.8,2.8,14000,14000,1,1,0,2028-07-11,-0.05,0.984,100.0,6,Low
202603,42,6.3,6.2,32000,31000,1,1,0,2028-07-12,-0.12,0.981,100.0,7,Low
202604,42,9.7,9.5,49000,47000,2,2,0,2028-07-14,-0.24,0.975,100.0,9,Low
202605,42,13.3,12.9,66000,64000,3,3,0,2028-07-16,-0.39,0.97,100.0,11,Low
202606,42,16.6,16.8,83000,84000,3,3,0,2028-07-05,0.2,1.012,100.0,0,Low
202607,42,20.2,20.1,101000,101000,4,4,0,2028-07-06,-0.06,0.997,100.0,1,Low
202608,42,23.7,23.3,118000,116000,5,5,0,2028-07-11,-0.37,0.984,100.0,6,Low
202609,42,27.1,27.1,135000,136000,5,5,0,2028-07-05,0.05,1.002,100.0,0,Low
202610,42,30.6,30.7,153000,153000,6,6,0,2028-07-05,0.11,1.004,100.0,0,Low
202611,42,34.0,34.2,170000,171000,7,7,0,2028-07-05,0.24,1.007,100.0,0,Low
202612,42,37.5,37.0,187000,185000,7,7,0,2028-07-10,-0.47,0.987,100.0,5,Low
202501,43,51.1,51.9,9666000,9831000,10,10,0,2025-10-13,0.87,1.017,100.0,0,Low
202502,43,56.4,57.6,10684000,10900000,11,11,0,2025-10-13,1.14,1.02,100.0,0,Low
202503,43,62.4,64.7,11810000,12251000,12,12,0,2025-10-13,2.33,1.037,100.0,0,Low
202504,43,68.1,68.5,12901000,12978000,14,14,0,2025-10-13,0.41,1.006,100.0,0,Low
202505,43,74.1,75.4,14027000,14275000,15,15,0,2025-10-13,1.31,1.018,100.0,0,Low
202506,43,79.8,79.6,15117000,15080000,16,16,0,2025-10-13,-0.2,0.998,100.0,0,Low
202507,43,85.8,88.2,16244000,16701000,17,17,0,2025-10-13,2.42,1.028,100.0,0,Low
202508,43,91.7,94.7,17370000,17927000,18,18,0,2025-10-13,2.94,1.032,100.0,0,Low
202509,43,97.5,100,18461000,19159000,20,20,0,2025-10-13,2.5,1.038,100.0,0,Low
202510,43,100,100,18933000,19741000,20,20,0,2025-10-13,0,1.043,100.0,0,Low
202511,43,100,100,18933000,19781000,20,20,0,2025-10-13,0,1.045,100.0,0,Low
202512,43,100,100,18933000,19036000,20,20,0,2025-10-13,0,1.005,100.0,0,Low
202601,43,100,100,18933000,19027000,20,20,0,2025-10-13,0,1.005,100.0,0,Low
202602,43,100,100,18933000,19525000,20,20,0,2025-10-13,0,1.031,100.0,0,Low
202603,43,100,100.0,18933000,18927000,20,20,0,2025-10-13,-0.03,1.0,100.0,0,Low
202604,43,100,100,18933000,19275000,20,20,0,2025-10-13,0,1.018,100.0,0,Low
202605,43,100,100,18933000,19601000,20,20,0,2025-10-13,0,1.035,100.0,0,Low
202606,43,100,100,18933000,19537000,20,20,0,2025-10-13,0,1.032,100.0,0,Low
202607,43,100,100,18933000,19508000,20,20,0,2025-10-13,0,1.03,100.0,0,Low
202608,43,100,100,18933000,19046000,20,20,0,2025-10-13,0,1.006,100.0,0,Low
202609,43,100,100,18933000,19277000,20,20,0,2025-10-13,0,1.018,100.0,0,Low
202610,43,100,100,18933000,19414000,20,20,0,2025-10-13,0,1.025,100.0,0,Low
202611,43,100,100,18933000,19373000,20,20,0,2025-10-13,0,1.023,100.0,0,Low
202612,43,100,100,18933000,19018000,20,20,0,2025-10-13,0,1.005,100.0,0,Low
202501,44,49.6,36.0,6398000,4645000,10,7,3,2025-10-23,-13.6,0.726,70.0,52,High
202502,44,56.3,40.7,7251000,5244000,11,8,3,2025-10-23,-15.57,0.723,72.7,52,High
202503,44,63.6,43.7,8196000,5637000,13,9,4,2025-10-30,-19.85,0.688,69.2,59,High
202504,44,70.7,47.3,9110000,6099000,14,9,5,2025-11-02,-23.37,0.669,64.3,62,High
202505,44,78.0,54.2,10054000,6983000,16,11,5,2025-10-29,-23.83,0.695,68.8,58,High
202506,44,85.1,59.0,10969000,7602000,17,12,5,2025-10-29,-26.12,0.693,70.6,58,High
202507,44,92.4,65.0,11913000,8375000,18,13,5,2025-10-27,-27.45,0.703,72.2,56,High
202508,44,99.8,67.9,12858000,8748000,20,14,6,2025-10-31,-31.89,0.68,70.0,60,High
202509,44,100,70.2,12888000,9042000,20,14,6,2025-10-27,-29.84,0.702,70.0,56,High
202510,44,100,69.9,12888000,9011000,20,14,6,2025-10-28,-30.08,0.699,70.0,57,High
202511,44,100,66.6,12888000,8578000,20,13,7,2025-11-03,-33.44,0.666,65.0,63,High
202512,44,100,69.1,12888000,8907000,20,14,6,2025-10-29,-30.89,0.691,70.0,58,High
202601,44,100,68.2,12888000,8786000,20,14,6,2025-10-31,-31.82,0.682,70.0,60,High
202602,44,100,65.1,12888000,8392000,20,13,7,2025-11-06,-34.89,0.651,65.0,66,High
202603,44,100,66.9,12888000,8618000,20,13,7,2025-11-03,-33.13,0.669,65.0,63,High
202604,44,100,63.9,12888000,8242000,20,13,7,2025-11-08,-36.05,0.639,65.0,68,High
202605,44,100,63.8,12888000,8222000,20,13,7,2025-11-08,-36.2,0.638,65.0,68,High
202606,44,100,62.6,12888000,8062000,20,13,7,2025-11-11,-37.44,0.626,65.0,71,High
202607,44,100,66.7,12888000,8591000,20,13,7,2025-11-03,-33.34,0.667,65.0,63,High
202608,44,100,65.5,12888000,8440000,20,13,7,2025-11-05,-34.52,0.655,65.0,65,High
202609,44,100,62.7,12888000,8078000,20,13,7,2025-11-11,-37.32,0.627,65.0,71,High
202610,44,100,65.8,12888000,8476000,20,13,7,2025-11-05,-34.23,0.658,65.0,65,High
202611,44,100,62.6,12888000,8065000,20,13,7,2025-11-11,-37.42,0.626,65.0,71,High
202612,44,100,62.0,12888000,7991000,20,12,8,2025-11-12,-38.0,0.62,60.0,72,High
202501,45,1.4,1.1,118000,92000,1,1,0,2027-03-16,-0.3,0.785,100.0,69,High
202502,45,5.3,4.1,448000,347000,1,1,0,2027-03-19,-1.2,0.775,100.0,72,High
202503,45,9.7,7.2,813000,609000,2,1,1,2027-03-28,-2.43,0.748,50.0,81,High
202504,45,13.8,10.6,1167000,895000,3,2,1,2027-03-22,-3.23,0.767,66.7,75,High
202505,45,18.2,13.4,1532000,1127000,4,3,1,2027-04-01,-4.81,0.735,75.0,85,High
202506,45,22.4,16.6,1886000,1402000,4,3,1,2027-03-29,-5.74,0.744,75.0,82,High
202507,45,26.7,19.8,2251000,1672000,5,4,1,2027-03-29,-6.88,0.743,80.0,82,High
202508,45,31.0,22.4,2616000,1886000,6,4,2,2027-04-05,-8.67,0.721,66.7,89,High
202509,45,35.2,26.4,2970000,2227000,7,5,2,2027-03-27,-8.82,0.75,71.4,80,High
202510,45,39.6,28.9,3335000,2438000,8,6,2,2027-04-02,-10.65,0.731,75.0,86,High
202511,45,43.8,32.7,3689000,2752000,9,7,2,2027-03-28,-11.12,0.746,77.8,81,High
202512,45,48.1,35.5,4054000,2995000,10,7,3,2027-03-31,-12.57,0.739,70.0,84,High
202601,45,52.4,37.4,4420000,3149000,10,7,3,2027-04-08,-15.08,0.712,70.0,92,High
202602,45,56.4,41.0,4750000,3457000,11,8,3,2027-04-03,-15.35,0.728,72.7,87,High
202603,45,60.7,42.2,5115000,3552000,12,8,4,2027-04-14,-18.55,0.694,66.7,98,High
202604,45,64.9,44.9,5469000,3785000,13,9,4,2027-04-15,-19.98,0.692,69.2,99,High
202605,45,69.2,49.0,5834000,4133000,14,10,4,2027-04-09,-20.19,0.708,71.4,93,High
202606,45,73.4,52.3,6188000,4410000,15,11,4,2027-04-08,-21.09,0.713,73.3,92,High
202607,45,77.8,55.0,6553000,4631000,16,11,5,2027-04-10,-22.81,0.707,68.8,94,High
202608,45,82.1,58.3,6918000,4911000,16,11,5,2027-04-09,-23.82,0.71,68.8,93,High
202609,45,86.3,61.1,7272000,5147000,17,12,5,2027-04-10,-25.22,0.708,70.6,94,High
202610,45,90.6,63.6,7637000,5361000,18,13,5,2027-04-11,-27.01,0.702,72.2,95,High
202611,45,94.8,64.1,7991000,5404000,19,13,6,2027-04-20,-30.7,0.676,68.4,104,High
202612,45,99.2,68.6,8356000,5782000,20,14,6,2027-04-15,-30.55,0.692,70.0,99,High
202501,46,0,0,0,0,1,1,0,2027-05-06,0,1.056,100.0,0,Low
202502,46,0,0,0,0,1,1,0,2027-05-06,0,1.003,100.0,0,Low
202503,46,0,0,0,0,1,1,0,2027-05-06,0,1.035,100.0,0,Low
202504,46,1.7,1.7,58000,59000,1,1,0,2027-05-06,0.01,1.005,100.0,0,Low
202505,46,5.9,6.1,198000,206000,1,1,0,2027-05-06,0.25,1.043,100.0,0,Low
202506,46,9.9,10.4,333000,349000,2,2,0,2027-05-06,0.49,1.049,100.0,0,Low
202507,46,14.0,14.2,472000,478000,3,3,0,2027-05-06,0.17,1.012,100.0,0,Low
202508,46,18.2,18.3,612000,616000,4,4,0,2027-05-06,0.14,1.008,100.0,0,Low
202509,46,22.2,22.4,747000,754000,4,4,0,2027-05-06,0.21,1.009,100.0,0,Low
202510,46,26.3,26.7,886000,899000,5,5,0,2027-05-06,0.39,1.015,100.0,0,Low
202511,46,30.3,30.9,1021000,1041000,6,6,0,2027-05-06,0.58,1.019,100.0,0,Low
202512,46,34.4,35.3,1160000,1189000,7,7,0,2027-05-06,0.84,1.024,100.0,0,Low
202601,46,38.6,40.1,1300000,1351000,8,8,0,2027-05-06,1.52,1.039,100.0,0,Low
202602,46,42.3,43.1,1426000,1452000,8,8,0,2027-05-06,0.76,1.018,100.0,0,Low
202603,46,46.5,48.4,1565000,1631000,9,9,0,2027-05-06,1.96,1.042,100.0,0,Low
202604,46,50.5,52.3,1700000,1764000,10,10,0,2027-05-06,1.88,1.037,100.0,0,Low
202605,46,54.6,55.5,1840000,1869000,11,11,0,2027-05-06,0.88,1.016,100.0,0,Low
202606,46,58.6,59.9,1975000,2016000,12,12,0,2027-05-06,1.24,1.021,100.0,0,Low
202607,46,62.8,64.9,2114000,2188000,13,13,0,2027-05-06,2.18,1.035,100.0,0,Low
202608,46,66.9,68.6,2253000,2312000,13,13,0,2027-05-06,1.75,1.026,100.0,0,Low
202609,46,70.9,74.3,2388000,2502000,14,14,0,2027-05-06,3.37,1.047,100.0,0,Low
202610,46,75.0,76.7,2528000,2583000,15,15,0,2027-05-06,1.63,1.022,100.0,0,Low
202611,46,79.0,80.8,2663000,2722000,16,16,0,2027-05-06,1.74,1.022,100.0,0,Low
202612,46,83.2,87.2,2802000,2937000,17,17,0,2027-05-06,4.01,1.048,100.0,0,Low
202501,47,0,0,0,0,1,1,0,2026-05-14,0,1.022,100.0,0,Low
202502,47,0,0,0,0,1,1,0,2026-05-14,0,1.006,100.0,0,Low
202503,47,0,0,0,0,1,1,0,2026-05-17,0,0.973,100.0,3,Low
202504,47,0,0,0,0,1,1,0,2026-05-16,0,0.981,100.0,2,Low
202505,47,0,0,0,0,1,1,0,2026-05-15,0,0.989,100.0,1,Low
202506,47,0,0,0,0,1,1,0,2026-05-14,0,1.018,100.0,0,Low
202507,47,1.7,1.7,24000,23000,1,1,0,2026-05-16,-0.04,0.977,100.0,2,Low
202508,47,12.3,12.2,172000,171000,2,2,0,2026-05-14,-0.09,0.993,100.0,0,Low
202509,47,22.6,22.7,315000,316000,5,5,0,2026-05-14,0.08,1.004,100.0,0,Low
202510,47,33.2,32.5,463000,452000,7,7,0,2026-05-16,-0.74,0.978,100.0,2,Low
202511,47,43.5,42.8,606000,596000,9,9,0,2026-05-16,-0.74,0.983,100.0,2,Low
202512,47,54.1,54.4,754000,758000,11,11,0,2026-05-14,0.28,1.005,100.0,0,Low
202601,47,64.7,63.8,902000,888000,13,13,0,2026-05-15,-0.96,0.985,100.0,1,Low
202602,47,74.3,74.9,1035000,1044000,15,15,0,2026-05-14,0.6,1.008,100.0,0,Low
202603,47,84.9,84.5,1183000,1176000,17,17,0,2026-05-14,-0.48,0.994,100.0,0,Low
202604,47,95.2,92.7,1326000,1291000,19,18,1,2026-05-17,-2.53,0.973,94.7,3,Low
202605,47,100,99.9,1393000,1391000,20,20,0,2026-05-14,-0.15,0.999,100.0,0,Low
202606,47,100,97.9,1393000,1363000,20,20,0,2026-05-16,-2.14,0.979,100.0,2,Low
202607,47,100,98.0,1393000,1365000,20,20,0,2026-05-16,-2.04,0.98,100.0,2,Low
202608,47,100,98.7,1393000,1375000,20,20,0,2026-05-15,-1.26,0.987,100.0,1,Low
202609,47,100,100,1393000,1414000,20,20,0,2026-05-14,0,1.015,100.0,0,Low
202610,47,100,98.2,1393000,1368000,20,20,0,2026-05-16,-1.8,0.982,100.0,2,Low
202611,47,100,97.6,1393000,1359000,20,20,0,2026-05-17,-2.42,0.976,100.0,3,Low
202612,47,100,100,1393000,1396000,20,20,0,2026-05-14,0,1.002,100.0,0,Low
202501,48,84.0,72.9,1124000,976000,17,15,2,2025-04-25,-11.04,0.869,88.2,22,Medium
202502,48,91.2,78.7,1220000,1053000,18,16,2,2025-04-26,-12.49,0.863,88.9,23,Medium
202503,48,99.2,87.4,1328000,1169000,20,18,2,2025-04-23,-11.86,0.88,90.0,20,Medium
202504,48,100,84.6,1338000,1132000,20,17,3,2025-04-29,-15.41,0.846,85.0,26,Medium
202505,48,100,84.4,1338000,1130000,20,17,3,2025-04-30,-15.57,0.844,85.0,27,Medium
202506,48,100,84.8,1338000,1135000,20,17,3,2025-04-29,-15.19,0.848,85.0,26,Medium
202507,48,100,84.0,1338000,1124000,20,17,3,2025-04-30,-15.99,0.84,85.0,27,Medium
202508,48,100,85.8,1338000,1148000,20,17,3,2025-04-27,-14.21,0.858,85.0,24,Medium
202509,48,100,85.2,1338000,1140000,20,17,3,2025-04-28,-14.82,0.852,85.0,25,Medium
202510,48,100,86.1,1338000,1152000,20,17,3,2025-04-27,-13.86,0.861,85.0,24,Medium
202511,48,100,84.6,1338000,1132000,20,17,3,2025-04-29,-15.41,0.846,85.0,26,Medium
202512,48,100,84.4,1338000,1129000,20,17,3,2025-04-30,-15.63,0.844,85.0,27,Medium
202601,48,100,82.6,1338000,1106000,20,17,3,2025-05-03,-17.37,0.826,85.0,30,Medium
202602,48,100,79.7,1338000,1066000,20,16,4,2025-05-08,-20.34,0.797,80.0,35,High
202603,48,100,82.4,1338000,1102000,20,16,4,2025-05-03,-17.64,0.824,80.0,30,High
202604,48,100,80.6,1338000,1078000,20,16,4,2025-05-06,-19.42,0.806,80.0,33,High
202605,48,100,81.3,1338000,1088000,20,16,4,2025-05-05,-18.72,0.813,80.0,32,High
202606,48,100,81.9,1338000,1095000,20,16,4,2025-05-04,-18.13,0.819,80.0,31,High
202607,48,100,80.2,1338000,1073000,20,16,4,2025-05-07,-19.82,0.802,80.0,34,High
202608,48,100,78.8,1338000,1055000,20,16,4,2025-05-09,-21.18,0.788,80.0,36,High
202609,48,100,78.9,1338000,1055000,20,16,4,2025-05-09,-21.12,0.789,80.0,36,High
202610,48,100,80.7,1338000,1080000,20,16,4,2025-05-06,-19.27,0.807,80.0,33,High
202611,48,100,81.2,1338000,1087000,20,16,4,2025-05-05,-18.77,0.812,80.0,32,High
202612,48,100,78.8,1338000,1055000,20,16,4,2025-05-09,-21.17,0.788,80.0,36,High
202501,49,3.6,3.6,187000,187000,1,1,0,2026-07-27,0.0,1.0,100.0,0,Low
202502,49,8.5,8.6,449000,453000,2,2,0,2026-07-27,0.07,1.009,100.0,0,Low
202503,49,14.1,14.0,739000,735000,3,3,0,2026-07-28,-0.09,0.994,100.0,1,Low
202504,49,19.4,19.1,1020000,1007000,4,4,0,2026-07-30,-0.25,0.987,100.0,3,Low
202505,49,24.9,24.6,1310000,1292000,5,5,0,2026-07-30,-0.35,0.986,100.0,3,Low
202506,49,30.2,30.7,1591000,1617000,6,6,0,2026-07-27,0.5,1.016,100.0,0,Low
202507,49,35.8,36.8,1881000,1934000,7,7,0,2026-07-27,1.0,1.028,100.0,0,Low
202508,49,41.3,41.2,2171000,2166000,8,8,0,2026-07-27,-0.1,0.997,100.0,0,Low
202509,49,46.6,47.6,2452000,2506000,9,9,0,2026-07-27,1.03,1.022,100.0,0,Low
202510,49,52.1,53.1,2742000,2792000,10,10,0,2026-07-27,0.94,1.018,100.0,0,Low
202511,49,57.5,57.1,3023000,3003000,11,11,0,2026-07-28,-0.38,0.993,100.0,1,Low
202512,49,63.0,64.4,3313000,3389000,13,13,0,2026-07-27,1.44,1.023,100.0,0,Low
202601,49,68.5,68.6,3603000,3607000,14,14,0,2026-07-27,0.07,1.001,100.0,0,Low
202602,49,73.5,73.2,3865000,3850000,15,15,0,2026-07-27,-0.29,0.996,100.0,0,Low
202603,49,79.0,78.4,4156000,4126000,16,16,0,2026-07-28,-0.55,0.993,100.0,1,Low
202604,49,84.3,83.6,4436000,4396000,17,17,0,2026-07-29,-0.76,0.991,100.0,2,Low
202605,49,89.9,91.2,4727000,4797000,18,18,0,2026-07-27,1.33,1.015,100.0,0,Low
202606,49,95.2,98.0,5007000,5156000,19,19,0,2026-07-27,2.83,1.03,100.0,0,Low
202607,49,100,99.8,5260000,5251000,20,20,0,2026-07-27,-0.16,0.998,100.0,0,Low
202608,49,100,100,5260000,5311000,20,20,0,2026-07-27,0,1.01,100.0,0,Low
202609,49,100,100,5260000,5416000,20,20,0,2026-07-27,0,1.03,100.0,0,Low
202610,49,100,100,5260000,5408000,20,20,0,2026-07-27,0,1.028,100.0,0,Low
202611,49,100,100,5260000,5395000,20,20,0,2026-07-27,0,1.026,100.0,0,Low
202612,49,100,99.8,5260000,5250000,20,20,0,2026-07-27,-0.18,0.998,100.0,0,Low
202501,50,0,0,0,0,1,1,0,2026-08-04,0,0.996,100.0,0,Low
202502,50,0,0,0,0,1,1,0,2026-08-06,0,0.983,100.0,2,Low
202503,50,0,0,0,0,1,1,0,2026-08-04,0,1.002,100.0,0,Low
202504,50,0,0,0,0,1,1,0,2026-08-06,0,0.98,100.0,2,Low
202505,50,0,0,0,0,1,1,0,2026-08-04,0,1.015,100.0,0,Low
202506,50,0,0,0,0,1,1,0,2026-08-04,0,1.004,100.0,0,Low
202507,50,0,0,0,0,1,1,0,2026-08-04,0,1.023,100.0,0,Low
202508,50,0,0,0,0,1,1,0,2026-08-04,0,0.997,100.0,0,Low
202509,50,0,0,0,0,1,1,0,2026-08-04,0,1.016,100.0,0,Low
202510,50,0.4,0.4,3000,3000,1,1,0,2026-08-04,-0.0,0.994,100.0,0,Low
202511,50,11.2,11.3,107000,109000,2,2,0,2026-08-04,0.12,1.011,100.0,0,Low
202512,50,22.3,22.2,215000,214000,4,4,0,2026-08-04,-0.14,0.994,100.0,0,Low
202601,50,33.5,33.0,322000,318000,7,7,0,2026-08-05,-0.43,0.987,100.0,1,Low
202602,50,43.5,43.3,420000,417000,9,9,0,2026-08-04,-0.22,0.995,100.0,0,Low
202603,50,54.7,54.7,527000,527000,11,11,0,2026-08-04,0.03,1.001,100.0,0,Low
202604,50,65.5,64.4,631000,621000,13,13,0,2026-08-06,-1.07,0.984,100.0,2,Low
202605,50,76.6,75.4,739000,726000,15,15,0,2026-08-06,-1.26,0.984,100.0,2,Low
202606,50,87.4,88.7,843000,855000,17,17,0,2026-08-04,1.31,1.015,100.0,0,Low
202607,50,98.6,100,950000,970000,20,20,0,2026-08-04,1.44,1.021,100.0,0,Low
202608,50,100,100,964000,988000,20,20,0,2026-08-04,0,1.025,100.0,0,Low
202609,50,100,97.7,964000,942000,20,20,0,2026-08-06,-2.27,0.977,100.0,2,Low
202610,50,100,99.3,964000,957000,20,20,0,2026-08-04,-0.72,0.993,100.0,0,Low
202611,50,100,100,964000,974000,20,20,0,2026-08-04,0,1.011,100.0,0,Low
202612,50,100,98.6,964000,950000,20,20,0,2026-08-05,-1.44,0.986,100.0,1,Low
202501,51,0,0,0,0,1,1,0,2026-11-05,0,0.953,100.0,9,Low
202502,51,0,0,0,0,1,1,0,2026-11-06,0,0.949,100.0,10,Low
202503,51,0,0,0,0,1,1,0,2026-11-03,0,0.962,100.0,7,Low
202504,51,0,0,0,0,1,1,0,2026-11-03,0,0.961,100.0,7,Low
202505,51,0,0,0,0,1,1,0,2026-11-03,0,0.963,100.0,7,Low
202506,51,0,0,0,0,1,1,0,2026-11-05,0,0.952,100.0,9,Low
202507,51,0,0,0,0,1,1,0,2026-10-31,0,0.98,100.0,4,Low
202508,51,6.8,6.5,338000,319000,1,1,0,2026-11-06,-0.37,0.946,100.0,10,Low
202509,51,13.5,12.8,664000,631000,3,3,0,2026-11-06,-0.67,0.95,100.0,10,Low
202510,51,20.3,19.8,1002000,976000,4,4,0,2026-11-01,-0.53,0.974,100.0,5,Low
202511,51,26.9,26.7,1329000,1319000,5,5,0,2026-10-28,-0.19,0.993,100.0,1,Low
202512,51,33.8,32.0,1666000,1581000,7,7,0,2026-11-06,-1.73,0.949,100.0,10,Low
202601,51,40.6,39.5,2004000,1949000,8,8,0,2026-11-01,-1.11,0.973,100.0,5,Low
202602,51,46.8,45.7,2309000,2254000,9,9,0,2026-10-31,-1.12,0.976,100.0,4,Low
202603,51,53.6,53.0,2646000,2613000,11,11,0,2026-10-29,-0.66,0.988,100.0,2,Low
202604,51,60.3,56.9,2973000,2808000,12,11,1,2026-11-07,-3.34,0.945,91.7,11,Low
202605,51,67.1,63.5,3310000,3134000,13,12,1,2026-11-06,-3.58,0.947,92.3,10,Low
202606,51,73.7,71.6,3637000,3534000,15,15,0,2026-11-01,-2.09,0.972,100.0,5,Low
202607,51,80.6,76.4,3975000,3771000,16,15,1,2026-11-06,-4.13,0.949,93.8,10,Low
202608,51,87.4,84.8,4312000,4185000,17,16,1,2026-11-01,-2.57,0.971,94.1,5,Low
202609,51,94.0,91.5,4639000,4515000,19,18,1,2026-11-01,-2.52,0.973,94.7,5,Low
202610,51,100,99.3,4933000,4900000,20,20,0,2026-10-28,-0.66,0.993,100.0,1,Low
202611,51,100,98.1,4933000,4841000,20,20,0,2026-10-30,-1.86,0.981,100.0,3,Low
202612,51,100,96.4,4933000,4758000,20,19,1,2026-11-03,-3.55,0.964,95.0,7,Low
202501,52,0,0,0,0,1,1,0,2026-11-28,0,0.987,100.0,1,Low
202502,52,0,0,0,0,1,1,0,2026-11-27,0,0.996,100.0,0,Low
202503,52,0,0,0,0,1,1,0,2026-11-27,0,1.003,100.0,0,Low
202504,52,0,0,0,0,1,1,0,2026-11-27,0,1.015,100.0,0,Low
202505,52,0,0,0,0,1,1,0,2026-11-27,0,1.013,100.0,0,Low
202506,52,0,0,0,0,1,1,0,2026-11-29,0,0.98,100.0,2,Low
202507,52,0,0,0,0,1,1,0,2026-11-27,0,0.999,100.0,0,Low
202508,52,0,0,0,0,1,1,0,2026-11-29,0,0.984,100.0,2,Low
202509,52,0,0,0,0,1,1,0,2026-11-27,0,0.997,100.0,0,Low
202510,52,0,0,0,0,1,1,0,2026-11-29,0,0.982,100.0,2,Low
202511,52,0,0,0,0,1,1,0,2026-11-27,0,0.996,100.0,0,Low
202512,52,0,0,0,0,1,1,0,2026-11-27,0,1.002,100.0,0,Low
202601,52,0.3,0.3,33000,33000,1,1,0,2026-11-27,0.0,1.008,100.0,0,Low
202602,52,9.6,9.6,948000,948000,2,2,0,2026-11-27,0.01,1.001,100.0,0,Low
202603,52,19.9,19.5,1961000,1915000,4,4,0,2026-11-30,-0.46,0.977,100.0,3,Low
202604,52,29.9,29.5,2941000,2903000,6,6,0,2026-11-28,-0.39,0.987,100.0,1,Low
202605,52,40.2,39.3,3954000,3863000,8,8,0,2026-11-30,-0.93,0.977,100.0,3,Low
202606,52,50.2,50.2,4935000,4937000,10,10,0,2026-11-27,0.03,1.001,100.0,0,Low
202607,52,60.5,60.2,5948000,5923000,12,12,0,2026-11-27,-0.26,0.996,100.0,0,Low
202608,52,70.8,70.6,6961000,6944000,14,14,0,2026-11-27,-0.17,0.998,100.0,0,Low
202609,52,80.7,79.4,7941000,7810000,16,16,0,2026-11-29,-1.34,0.983,100.0,2,Low
202610,52,91.0,92.4,8955000,9085000,18,18,0,2026-11-27,1.33,1.015,100.0,0,Low
202611,52,100,97.9,9837000,9631000,20,20,0,2026-11-29,-2.09,0.979,100.0,2,Low
202612,52,100,100,9837000,9948000,20,20,0,2026-11-27,0,1.011,100.0,0,Low
202501,53,13.6,10.2,1159000,872000,3,2,1,2027-04-10,-3.36,0.752,66.7,91,High
202502,53,17.0,12.6,1452000,1079000,3,2,1,2027-04-13,-4.35,0.743,66.7,94,High
202503,53,20.8,15.4,1775000,1314000,4,3,1,2027-04-14,-5.39,0.74,75.0,95,High
202504,53,24.4,17.4,2089000,1485000,5,4,1,2027-04-25,-7.05,0.711,80.0,106,High
202505,53,28.2,20.4,2412000,1748000,6,4,2,2027-04-20,-7.77,0.725,66.7,101,High
202506,53,31.9,23.6,2726000,2019000,6,4,2,2027-04-14,-8.26,0.741,66.7,95,High
202507,53,35.7,25.9,3049000,2212000,7,5,2,2027-04-20,-9.79,0.726,71.4,101,High
202508,53,39.4,29.3,3373000,2506000,8,6,2,2027-04-13,-10.14,0.743,75.0,94,High
202509,53,43.1,31.5,3686000,2695000,9,7,2,2027-04-18,-11.6,0.731,77.8,99,High
202510,53,46.9,33.8,4010000,2891000,9,6,3,2027-04-21,-13.09,0.721,66.7,102,High
202511,53,50.5,36.7,4323000,3141000,10,7,3,2027-04-19,-13.83,0.726,70.0,100,High
202512,53,54.3,39.3,4647000,3365000,11,8,3,2027-04-20,-14.99,0.724,72.7,101,High
202601,53,58.1,41.3,4971000,3529000,12,9,3,2027-04-25,-16.86,0.71,75.0,106,High
202602,53,61.5,43.0,5263000,3680000,12,8,4,2027-04-29,-18.51,0.699,66.7,110,High
202603,53,65.3,44.0,5587000,3764000,13,9,4,2027-05-09,-21.32,0.674,69.2,120,High
202604,53,69.0,45.9,5900000,3922000,14,9,5,2027-05-12,-23.13,0.665,64.3,123,High
202605,53,72.8,48.9,6224000,4184000,15,10,5,2027-05-09,-23.86,0.672,66.7,120,High
202606,53,76.4,52.4,6537000,4483000,15,10,5,2027-05-04,-24.03,0.686,66.7,115,High
202607,53,80.2,53.0,6861000,4535000,16,11,5,2027-05-13,-27.2,0.661,68.8,124,High
202608,53,84.0,56.1,7185000,4795000,17,11,6,2027-05-11,-27.95,0.667,64.7,122,High
202609,53,87.7,58.6,7498000,5010000,18,12,6,2027-05-11,-29.1,0.668,66.7,122,High
202610,53,91.5,60.7,7822000,5193000,18,12,6,2027-05-12,-30.74,0.664,66.7,123,High
202611,53,95.1,65.3,8135000,5588000,19,13,6,2027-05-04,-29.78,0.687,68.4,115,High
202612,53,98.9,68.1,8459000,5821000,20,14,6,2027-05-03,-30.85,0.688,70.0,114,High
202501,54,20.8,16.0,690000,531000,4,3,1,2027-03-28,-4.8,0.769,75.0,91,High
202502,54,23.9,17.7,796000,590000,5,4,1,2027-04-08,-6.22,0.74,80.0,102,High
202503,54,27.5,20.6,914000,687000,5,4,1,2027-04-04,-6.83,0.751,80.0,98,High
202504,54,30.9,23.2,1028000,770000,6,4,2,2027-04-04,-7.75,0.749,66.7,98,High
202505,54,34.4,26.1,1145000,868000,7,5,2,2027-04-01,-8.34,0.758,71.4,95,High
202506,54,37.9,27.4,1259000,910000,8,6,2,2027-04-15,-10.5,0.723,75.0,109,High
202507,54,41.4,31.0,1377000,1032000,8,6,2,2027-04-04,-10.35,0.75,75.0,98,High
202508,54,44.9,32.3,1494000,1076000,9,6,3,2027-04-16,-12.59,0.72,66.7,110,High
202509,54,48.3,35.0,1608000,1165000,10,7,3,2027-04-14,-13.33,0.724,70.0,108,High
202510,54,51.9,38.2,1726000,1272000,10,7,3,2027-04-09,-13.64,0.737,70.0,103,High
202511,54,55.3,39.2,1839000,1305000,11,8,3,2027-04-20,-16.06,0.71,72.7,114,High
202512,54,58.8,42.2,1957000,1403000,12,9,3,2027-04-17,-16.66,0.717,75.0,111,High
202601,54,62.4,43.5,2074000,1447000,12,8,4,2027-04-25,-18.87,0.697,66.7,119,High
202602,54,65.6,50.7,2181000,1688000,13,10,3,2027-03-26,-14.82,0.774,76.9,89,High
202603,54,69.1,54.4,2298000,1808000,14,11,3,2027-03-21,-14.74,0.787,78.6,84,High
202604,54,72.5,59.7,2412000,1985000,15,12,3,2027-03-06,-12.84,0.823,80.0,69,Medium
202605,54,76.1,62.8,2530000,2089000,15,12,3,2027-03-05,-13.25,0.826,80.0,68,Medium
202606,54,79.5,68.2,2643000,2268000,16,14,2,2027-02-21,-11.29,0.858,87.5,56,Medium
202607,54,83.0,73.5,2761000,2444000,17,15,2,2027-02-10,-9.52,0.885,88.2,45,Medium
202608,54,86.5,78.6,2878000,2615000,17,15,2,2027-02-01,-7.93,0.908,88.2,36,Medium
202609,54,90.0,82.2,2992000,2733000,18,16,2,2027-01-30,-7.79,0.913,88.9,34,Medium
202610,54,93.5,86.2,3110000,2867000,19,18,1,2027-01-26,-7.31,0.922,94.7,30,Low
202611,54,96.9,91.8,3224000,3054000,19,18,1,2027-01-16,-5.1,0.947,94.7,20,Low
202612,54,100,93.6,3326000,3115000,20,19,1,2027-01-21,-6.36,0.936,95.0,25,Low
202501,55,0,0,0,0,1,1,0,2028-01-23,0,0.852,100.0,56,Medium
202502,55,0,0,0,0,1,1,0,2028-01-15,0,0.874,100.0,48,Medium
202503,55,0,0,0,0,1,1,0,2028-01-28,0,0.841,100.0,61,Medium
202504,55,0,0,0,0,1,1,0,2028-01-25,0,0.848,100.0,58,Medium
202505,55,0,0,0,0,1,1,0,2028-02-04,0,0.822,100.0,68,Medium
202506,55,0,0,0,0,1,1,0,2028-02-05,0,0.82,100.0,69,Medium
202507,55,0.7,0.6,9000,8000,1,1,0,2028-01-27,-0.11,0.843,100.0,60,Medium
202508,55,4.3,3.6,56000,47000,1,1,0,2028-01-31,-0.72,0.833,100.0,64,Medium
202509,55,7.8,6.4,102000,83000,2,2,0,2028-02-07,-1.46,0.814,100.0,71,Medium
202510,55,11.4,9.7,148000,125000,2,2,0,2028-01-27,-1.8,0.843,100.0,60,Medium
202511,55,15.0,12.3,194000,160000,3,2,1,2028-02-03,-2.63,0.824,66.7,67,Medium
202512,55,18.6,16.5,241000,214000,4,4,0,2028-01-09,-2.07,0.889,100.0,42,Medium
202601,55,22.2,20.3,288000,263000,4,4,0,2027-12-31,-1.93,0.913,100.0,33,Low
202602,55,25.5,23.4,330000,303000,5,5,0,2027-12-29,-2.1,0.918,100.0,31,Low
202603,55,29.1,26.9,377000,348000,6,6,0,2027-12-27,-2.23,0.923,100.0,29,Low
202604,55,32.6,30.7,423000,399000,7,7,0,2027-12-19,-1.86,0.943,100.0,21,Low
202605,55,36.2,34.5,470000,448000,7,7,0,2027-12-15,-1.68,0.954,100.0,17,Low
202606,55,39.7,39.3,515000,510000,8,8,0,2027-12-01,-0.4,0.99,100.0,3,Low
202607,55,43.3,42.9,562000,557000,9,9,0,2027-12-01,-0.43,0.99,100.0,3,Low
202608,55,47.0,46.5,609000,603000,9,9,0,2027-12-01,-0.47,0.99,100.0,3,Low
202609,55,50.5,50.0,655000,648000,10,10,0,2027-12-01,-0.5,0.99,100.0,3,Low
202610,55,54.1,53.5,702000,695000,11,11,0,2027-12-01,-0.54,0.99,100.0,3,Low
202611,55,57.6,57.0,747000,740000,12,12,0,2027-12-01,-0.58,0.99,100.0,3,Low
202612,55,61.2,60.6,794000,786000,12,12,0,2027-12-01,-0.61,0.99,100.0,3,Low
202501,56,0,0,0,0,1,1,0,2025-12-02,0,1.011,100.0,0,Low
202502,56,0,0,0,0,1,1,0,2025-12-02,0,1.004,100.0,0,Low
202503,56,8.9,9.1,44000,45000,2,2,0,2025-12-02,0.18,1.021,100.0,0,Low
202504,56,20.0,20.2,100000,101000,4,4,0,2025-12-02,0.18,1.009,100.0,0,Low
202505,56,31.5,31.1,157000,155000,6,6,0,2025-12-03,-0.39,0.988,100.0,1,Low
202506,56,42.6,42.5,213000,212000,9,9,0,2025-12-02,-0.11,0.997,100.0,0,Low
202507,56,54.1,54.7,270000,274000,11,11,0,2025-12-02,0.64,1.012,100.0,0,Low
202508,56,65.6,66.7,328000,334000,13,13,0,2025-12-02,1.19,1.018,100.0,0,Low
202509,56,76.7,77.9,383000,390000,15,15,0,2025-12-02,1.26,1.016,100.0,0,Low
202510,56,88.1,87.2,441000,436000,18,18,0,2025-12-03,-0.99,0.989,100.0,1,Low
202511,56,99.3,99.4,496000,497000,20,20,0,2025-12-02,0.11,1.001,100.0,0,Low
202512,56,100,100,500000,502000,20,20,0,2025-12-02,0,1.003,100.0,0,Low
202601,56,100,99.1,500000,496000,20,20,0,2025-12-03,-0.85,0.991,100.0,1,Low
202602,56,100,100,500000,506000,20,20,0,2025-12-02,0,1.012,100.0,0,Low
202603,56,100,98.8,500000,494000,20,20,0,2025-12-03,-1.21,0.988,100.0,1,Low
202604,56,100,98.6,500000,493000,20,20,0,2025-12-03,-1.36,0.986,100.0,1,Low
202605,56,100,100,500000,502000,20,20,0,2025-12-02,0,1.004,100.0,0,Low
202606,56,100,100,500000,507000,20,20,0,2025-12-02,0,1.015,100.0,0,Low
202607,56,100,100,500000,517000,20,20,0,2025-12-02,0,1.033,100.0,0,Low
202608,56,100,100,500000,501000,20,20,0,2025-12-02,0,1.003,100.0,0,Low
202609,56,100,100,500000,517000,20,20,0,2025-12-02,0,1.033,100.0,0,Low
202610,56,100,100,500000,502000,20,20,0,2025-12-02,0,1.004,100.0,0,Low
202611,56,100,100,500000,513000,20,20,0,2025-12-02,0,1.026,100.0,0,Low
202612,56,100,100,500000,503000,20,20,0,2025-12-02,0,1.007,100.0,0,Low
202501,57,52.1,53.4,2362000,2418000,10,10,0,2026-01-13,1.23,1.024,100.0,0,Low
202502,57,56.0,56.9,2537000,2578000,11,11,0,2026-01-13,0.9,1.016,100.0,0,Low
202503,57,60.3,61.6,2730000,2793000,12,12,0,2026-01-13,1.37,1.023,100.0,0,Low
202504,57,64.4,65.3,2918000,2959000,13,13,0,2026-01-13,0.9,1.014,100.0,0,Low
202505,57,68.7,70.6,3112000,3198000,14,14,0,2026-01-13,1.9,1.028,100.0,0,Low
202506,57,72.8,74.8,3299000,3386000,15,15,0,2026-01-13,1.93,1.026,100.0,0,Low
202507,57,77.1,79.6,3493000,3605000,15,15,0,2026-01-13,2.47,1.032,100.0,0,Low
202508,57,81.4,85.6,3686000,3879000,16,16,0,2026-01-13,4.24,1.052,100.0,0,Low
202509,57,85.5,90.3,3874000,4091000,17,17,0,2026-01-13,4.79,1.056,100.0,0,Low
202510,57,89.8,91.2,4068000,4132000,18,18,0,2026-01-13,1.42,1.016,100.0,0,Low
202511,57,93.9,98.6,4255000,4464000,19,19,0,2026-01-13,4.62,1.049,100.0,0,Low
202512,57,98.2,100,4449000,4616000,20,20,0,2026-01-13,1.79,1.038,100.0,0,Low
202601,57,100,100,4530000,4603000,20,20,0,2026-01-13,0,1.016,100.0,0,Low
202602,57,100,100,4530000,4691000,20,20,0,2026-01-13,0,1.036,100.0,0,Low
202603,57,100,100,4530000,4638000,20,20,0,2026-01-13,0,1.024,100.0,0,Low
202604,57,100,100,4530000,4595000,20,20,0,2026-01-13,0,1.014,100.0,0,Low
202605,57,100,100,4530000,4582000,20,20,0,2026-01-13,0,1.011,100.0,0,Low
202606,57,100,100,4530000,4733000,20,20,0,2026-01-13,0,1.045,100.0,0,Low
202607,57,100,100,4530000,4607000,20,20,0,2026-01-13,0,1.017,100.0,0,Low
202608,57,100,100,4530000,4672000,20,20,0,2026-01-13,0,1.031,100.0,0,Low
202609,57,100,100,4530000,4769000,20,20,0,2026-01-13,0,1.053,100.0,0,Low
202610,57,100,100,4530000,4676000,20,20,0,2026-01-13,0,1.032,100.0,0,Low
202611,57,100,100,4530000,4686000,20,20,0,2026-01-13,0,1.034,100.0,0,Low
202612,57,100,100,4530000,4662000,20,20,0,2026-01-13,0,1.029,100.0,0,Low
202501,58,0,0,0,0,1,1,0,2028-01-31,0,1.0,100.0,0,Low
202502,58,0,0,0,0,1,1,0,2028-01-31,0,1.011,100.0,0,Low
202503,58,0,0,0,0,1,1,0,2028-01-31,0,1.0,100.0,0,Low
202504,58,0,0,0,0,1,1,0,2028-02-04,0,0.987,100.0,4,Low
202505,58,0,0,0,0,1,1,0,2028-01-31,0,1.012,100.0,0,Low
202506,58,0,0,0,0,1,1,0,2028-01-31,0,1.003,100.0,0,Low
202507,58,0,0,0,0,1,1,0,2028-01-31,0,1.014,100.0,0,Low
202508,58,0,0,0,0,1,1,0,2028-01-31,0,1.003,100.0,0,Low
202509,58,0,0,0,0,1,1,0,2028-01-31,0,1.02,100.0,0,Low
202510,58,0,0,0,0,1,1,0,2028-01-31,0,1.022,100.0,0,Low
202511,58,2.9,3.0,246000,251000,1,1,0,2028-01-31,0.05,1.018,100.0,0,Low
202512,58,6.7,6.6,564000,556000,1,1,0,2028-02-05,-0.1,0.986,100.0,5,Low
202601,58,10.5,10.5,882000,876000,2,2,0,2028-02-02,-0.07,0.993,100.0,2,Low
202602,58,14.0,14.1,1169000,1183000,3,3,0,2028-01-31,0.16,1.012,100.0,0,Low
202603,58,17.8,17.4,1487000,1455000,4,4,0,2028-02-07,-0.39,0.978,100.0,7,Low
202604,58,21.4,21.4,1795000,1794000,4,4,0,2028-01-31,-0.01,0.999,100.0,0,Low
202605,58,25.2,24.7,2113000,2067000,5,5,0,2028-02-08,-0.55,0.978,100.0,8,Low
202606,58,28.9,28.3,2421000,2368000,6,6,0,2028-02-07,-0.63,0.978,100.0,7,Low
202607,58,32.7,32.5,2739000,2722000,7,7,0,2028-02-02,-0.21,0.994,100.0,2,Low
202608,58,36.5,35.8,3057000,2994000,7,7,0,2028-02-07,-0.76,0.979,100.0,7,Low
202609,58,40.2,39.6,3365000,3315000,8,8,0,2028-02-05,-0.59,0.985,100.0,5,Low
202610,58,44.0,44.3,3683000,3709000,9,9,0,2028-01-31,0.32,1.007,100.0,0,Low
202611,58,47.7,48.5,3991000,4057000,10,10,0,2028-01-31,0.79,1.017,100.0,0,Low
202612,58,51.5,50.3,4309000,4215000,10,10,0,2028-02-08,-1.12,0.978,100.0,8,Low
202501,59,0,0,0,0,1,1,0,2027-08-17,0,1.041,100.0,0,Low
202502,59,0,0,0,0,1,1,0,2027-08-17,0,1.046,100.0,0,Low
202503,59,0,0,0,0,1,1,0,2027-08-17,0,1.016,100.0,0,Low
202504,59,0,0,0,0,1,1,0,2027-08-17,0,1.041,100.0,0,Low
202505,59,0,0,0,0,1,1,0,2027-08-17,0,1.041,100.0,0,Low
202506,59,0,0,0,0,1,1,0,2027-08-17,0,1.01,100.0,0,Low
202507,59,0,0,0,0,1,1,0,2027-08-17,0,1.03,100.0,0,Low
202508,59,0,0,0,0,1,1,0,2027-08-17,0,1.013,100.0,0,Low
202509,59,0,0,0,0,1,1,0,2027-08-17,0,1.021,100.0,0,Low
202510,59,3.1,3.2,39000,39000,1,1,0,2027-08-17,0.05,1.017,100.0,0,Low
202511,59,7.5,7.7,94000,96000,2,2,0,2027-08-17,0.17,1.023,100.0,0,Low
202512,59,12.1,12.3,151000,153000,2,2,0,2027-08-17,0.15,1.012,100.0,0,Low
202601,59,16.7,17.3,208000,215000,3,3,0,2027-08-17,0.58,1.035,100.0,0,Low
202602,59,20.9,21.0,260000,261000,4,4,0,2027-08-17,0.14,1.007,100.0,0,Low
202603,59,25.4,25.5,317000,318000,5,5,0,2027-08-17,0.09,1.003,100.0,0,Low
202604,59,29.9,29.6,372000,369000,6,6,0,2027-08-19,-0.27,0.991,100.0,2,Low
202605,59,34.5,35.2,429000,439000,7,7,0,2027-08-17,0.76,1.022,100.0,0,Low
202606,59,38.9,39.3,484000,489000,8,8,0,2027-08-17,0.38,1.01,100.0,0,Low
202607,59,43.5,44.8,541000,558000,9,9,0,2027-08-17,1.3,1.03,100.0,0,Low
202608,59,48.1,49.9,599000,622000,10,10,0,2027-08-17,1.85,1.038,100.0,0,Low
202609,59,52.5,52.7,654000,657000,11,11,0,2027-08-17,0.23,1.004,100.0,0,Low
202610,59,57.1,59.3,711000,738000,11,11,0,2027-08-17,2.18,1.038,100.0,0,Low
202611,59,61.5,63.4,766000,789000,12,12,0,2027-08-17,1.87,1.03,100.0,0,Low
202612,59,66.1,67.4,823000,840000,13,13,0,2027-08-17,1.32,1.02,100.0,0,Low
202501,60,37.0,35.8,3947000,3820000,7,7,0,2026-07-08,-1.19,0.968,100.0,11,Low
202502,60,40.5,39.4,4314000,4199000,8,8,0,2026-07-06,-1.08,0.973,100.0,9,Low
202503,60,44.3,43.1,4721000,4597000,9,9,0,2026-07-06,-1.16,0.974,100.0,9,Low
202504,60,48.0,47.8,5114000,5093000,10,10,0,2026-06-28,-0.2,0.996,100.0,1,Low
202505,60,51.8,49.3,5521000,5255000,10,10,0,2026-07-14,-2.49,0.952,100.0,17,Low
202506,60,55.5,54.7,5914000,5832000,11,11,0,2026-07-02,-0.77,0.986,100.0,5,Low
202507,60,59.3,56.8,6321000,6056000,12,11,1,2026-07-12,-2.48,0.958,91.7,15,Low
202508,60,63.1,62.9,6727000,6707000,13,13,0,2026-06-28,-0.19,0.997,100.0,1,Low
202509,60,66.8,66.1,7120000,7043000,13,13,0,2026-06-30,-0.73,0.989,100.0,3,Low
202510,60,70.6,67.8,7527000,7230000,14,13,1,2026-07-11,-2.78,0.961,92.9,14,Low
202511,60,74.3,72.8,7920000,7765000,15,15,0,2026-07-04,-1.46,0.98,100.0,7,Low
202512,60,78.1,76.3,8327000,8135000,16,16,0,2026-07-05,-1.8,0.977,100.0,8,Low
202601,60,81.9,79.8,8733000,8507000,16,16,0,2026-07-06,-2.13,0.974,100.0,9,Low
202602,60,85.4,83.5,9101000,8898000,17,17,0,2026-07-05,-1.9,0.978,100.0,8,Low
202603,60,89.2,86.6,9507000,9230000,18,17,1,2026-07-07,-2.6,0.971,94.4,10,Low
202604,60,92.9,91.7,9900000,9778000,19,19,0,2026-07-01,-1.15,0.988,100.0,4,Low
202605,60,96.7,92.5,10307000,9863000,19,18,1,2026-07-12,-4.16,0.957,94.7,15,Low
202606,60,100,96.3,10661000,10268000,20,19,1,2026-07-10,-3.68,0.963,95.0,13,Low
202607,60,100,99.2,10661000,10581000,20,20,0,2026-06-29,-0.75,0.992,100.0,2,Low
202608,60,100,98.5,10661000,10497000,20,20,0,2026-07-02,-1.54,0.985,100.0,5,Low
202609,60,100,97.0,10661000,10336000,20,19,1,2026-07-08,-3.05,0.97,95.0,11,Low
202610,60,100,96.7,10661000,10313000,20,19,1,2026-07-08,-3.26,0.967,95.0,11,Low
202611,60,100,95.9,10661000,10227000,20,19,1,2026-07-11,-4.07,0.959,95.0,14,Low
202612,60,100,98.0,10661000,10448000,20,20,0,2026-07-04,-2.0,0.98,100.0,7,Low
202501,61,0,0,0,0,1,1,0,2027-05-03,0,1.0,100.0,0,Low
202502,61,0,0,0,0,1,1,0,2027-05-12,0,0.974,100.0,9,Low
202503,61,3.5,3.5,154000,150000,1,1,0,2027-05-11,-0.08,0.977,100.0,8,Low
202504,61,7.3,7.1,319000,307000,1,1,0,2027-05-16,-0.27,0.963,100.0,13,Low
202505,61,11.3,11.1,489000,481000,2,2,0,2027-05-08,-0.18,0.984,100.0,5,Low
202506,61,15.0,14.5,654000,629000,3,3,0,2027-05-16,-0.58,0.961,100.0,13,Low
202507,61,19.0,18.8,824000,817000,4,4,0,2027-05-05,-0.16,0.992,100.0,2,Low
202508,61,22.9,21.9,994000,951000,5,5,0,2027-05-18,-0.99,0.957,100.0,15,Low
202509,61,26.7,26.1,1159000,1133000,5,5,0,2027-05-11,-0.61,0.977,100.0,8,Low
202510,61,30.6,29.5,1330000,1283000,6,6,0,2027-05-15,-1.06,0.965,100.0,12,Low
202511,61,34.4,33.6,1494000,1460000,7,7,0,2027-05-11,-0.8,0.977,100.0,8,Low
202512,61,38.3,36.3,1665000,1578000,8,8,0,2027-05-21,-2.0,0.948,100.0,18,Low
202601,61,42.2,40.3,1835000,1751000,8,8,0,2027-05-19,-1.92,0.954,100.0,16,Low
202602,61,45.8,43.7,1989000,1900000,9,9,0,2027-05-18,-2.06,0.955,100.0,15,Low
202603,61,49.7,48.9,2159000,2124000,10,10,0,2027-05-08,-0.82,0.984,100.0,5,Low
202604,61,53.5,51.2,2324000,2226000,11,11,0,2027-05-18,-2.26,0.958,100.0,15,Low
202605,61,57.4,54.0,2494000,2347000,11,10,1,2027-05-24,-3.4,0.941,90.9,21,Low
202606,61,61.2,58.5,2659000,2542000,12,11,1,2027-05-18,-2.7,0.956,91.7,15,Low
202607,61,65.1,63.7,2830000,2768000,13,13,0,2027-05-10,-1.43,0.978,100.0,7,Low
202608,61,69.0,66.2,3000000,2878000,14,13,1,2027-05-17,-2.79,0.96,92.9,14,Low
202609,61,72.8,71.0,3165000,3085000,15,15,0,2027-05-11,-1.84,0.975,100.0,8,Low
202610,61,76.7,75.5,3335000,3281000,15,15,0,2027-05-08,-1.25,0.984,100.0,5,Low
202611,61,80.5,78.5,3500000,3413000,16,16,0,2027-05-11,-1.99,0.975,100.0,8,Low
202612,61,84.5,82.0,3670000,3564000,17,17,0,2027-05-13,-2.45,0.971,100.0,10,Low
202501,62,41.6,40.9,7830000,7705000,8,8,0,2026-04-26,-0.66,0.984,100.0,5,Low
202502,62,45.3,46.7,8521000,8789000,9,9,0,2026-04-21,1.42,1.031,100.0,0,Low
202503,62,49.3,49.7,9287000,9348000,10,10,0,2026-04-21,0.33,1.007,100.0,0,Low
202504,62,53.3,52.7,10028000,9919000,11,11,0,2026-04-24,-0.58,0.989,100.0,3,Low
202505,62,57.3,56.6,10794000,10662000,11,11,0,2026-04-25,-0.7,0.988,100.0,4,Low
202506,62,61.3,60.7,11535000,11423000,12,12,0,2026-04-24,-0.59,0.99,100.0,3,Low
202507,62,65.4,66.3,12300000,12478000,13,13,0,2026-04-21,0.94,1.014,100.0,0,Low
202508,62,69.4,69.4,13066000,13057000,14,14,0,2026-04-21,-0.05,0.999,100.0,0,Low
202509,62,73.4,72.9,13807000,13727000,15,15,0,2026-04-22,-0.42,0.994,100.0,1,Low
202510,62,77.4,78.0,14573000,14684000,15,15,0,2026-04-21,0.59,1.008,100.0,0,Low
202511,62,81.4,83.5,15314000,15715000,16,16,0,2026-04-21,2.13,1.026,100.0,0,Low
202512,62,85.4,86.4,16079000,16269000,17,17,0,2026-04-21,1.01,1.012,100.0,0,Low
202601,62,89.5,88.6,16845000,16677000,18,18,0,2026-04-24,-0.89,0.99,100.0,3,Low
202602,62,93.2,91.8,17537000,17270000,19,19,0,2026-04-26,-1.42,0.985,100.0,5,Low
202603,62,97.2,95.7,18302000,18003000,19,19,0,2026-04-26,-1.59,0.984,100.0,5,Low
202604,62,100,99.9,18821000,18802000,20,20,0,2026-04-21,-0.1,0.999,100.0,0,Low
202605,62,100,98.4,18821000,18525000,20,20,0,2026-04-26,-1.57,0.984,100.0,5,Low
202606,62,100,100,18821000,19273000,20,20,0,2026-04-21,0,1.024,100.0,0,Low
202607,62,100,100,18821000,19061000,20,20,0,2026-04-21,0,1.013,100.0,0,Low
202608,62,100,99.5,18821000,18729000,20,20,0,2026-04-22,-0.49,0.995,100.0,1,Low
202609,62,100,100,18821000,18906000,20,20,0,2026-04-21,0,1.004,100.0,0,Low
202610,62,100,100,18821000,19332000,20,20,0,2026-04-21,0,1.027,100.0,0,Low
202611,62,100,99.0,18821000,18634000,20,20,0,2026-04-24,-0.99,0.99,100.0,3,Low
202612,62,100,98.8,18821000,18598000,20,20,0,2026-04-25,-1.19,0.988,100.0,4,Low
202501,63,4.3,4.3,400000,397000,1,1,0,2027-01-31,-0.03,0.992,100.0,2,Low
202502,63,8.0,8.1,739000,747000,2,2,0,2027-01-29,0.09,1.011,100.0,0,Low
202503,63,12.1,11.9,1115000,1099000,2,2,0,2027-02-03,-0.18,0.985,100.0,5,Low
202504,63,16.0,16.5,1479000,1519000,3,3,0,2027-01-29,0.43,1.027,100.0,0,Low
202505,63,20.1,19.8,1854000,1830000,4,4,0,2027-02-02,-0.27,0.987,100.0,4,Low
202506,63,24.0,23.8,2218000,2194000,5,5,0,2027-02-01,-0.26,0.989,100.0,3,Low
202507,63,28.1,28.0,2594000,2579000,6,6,0,2027-01-30,-0.16,0.994,100.0,1,Low
202508,63,32.2,32.4,2970000,2987000,6,6,0,2027-01-29,0.19,1.006,100.0,0,Low
202509,63,36.1,37.0,3333000,3413000,7,7,0,2027-01-29,0.87,1.024,100.0,0,Low
202510,63,40.2,40.5,3709000,3735000,8,8,0,2027-01-29,0.28,1.007,100.0,0,Low
202511,63,44.2,44.8,4073000,4132000,9,9,0,2027-01-29,0.64,1.014,100.0,0,Low
202512,63,48.2,47.8,4448000,4407000,10,10,0,2027-02-01,-0.45,0.991,100.0,3,Low
202601,63,52.3,51.8,4824000,4776000,10,10,0,2027-02-01,-0.52,0.99,100.0,3,Low
202602,63,56.0,55.2,5164000,5095000,11,11,0,2027-02-02,-0.74,0.987,100.0,4,Low
202603,63,60.1,61.3,5539000,5651000,12,12,0,2027-01-29,1.21,1.02,100.0,0,Low
202604,63,64.0,64.5,5903000,5946000,13,13,0,2027-01-29,0.47,1.007,100.0,0,Low
202605,63,68.1,68.4,6279000,6308000,14,14,0,2027-01-29,0.32,1.005,100.0,0,Low
202606,63,72.0,72.0,6642000,6641000,14,14,0,2027-01-29,-0.02,1.0,100.0,0,Low
202607,63,76.1,75.0,7018000,6920000,15,15,0,2027-02-02,-1.06,0.986,100.0,4,Low
202608,63,80.2,82.1,7394000,7574000,16,16,0,2027-01-29,1.96,1.024,100.0,0,Low
202609,63,84.1,85.4,7757000,7877000,17,17,0,2027-01-29,1.3,1.015,100.0,0,Low
202610,63,88.2,87.9,8133000,8112000,18,18,0,2027-01-29,-0.23,0.997,100.0,0,Low
202611,63,92.1,91.2,8497000,8408000,18,18,0,2027-02-01,-0.96,0.99,100.0,3,Low
202612,63,96.2,95.4,8872000,8795000,19,19,0,2027-01-31,-0.84,0.991,100.0,2,Low
202501,64,27.8,24.1,1496000,1298000,6,5,1,2026-08-01,-3.67,0.868,83.3,41,Medium
202502,64,31.8,27.7,1711000,1488000,6,5,1,2026-08-01,-4.15,0.87,83.3,41,Medium
202503,64,36.2,31.1,1948000,1670000,7,6,1,2026-08-05,-5.18,0.857,85.7,45,Medium
202504,64,40.5,34.4,2178000,1849000,8,7,1,2026-08-07,-6.13,0.849,87.5,47,Medium
202505,64,44.9,38.4,2416000,2063000,9,8,1,2026-08-06,-6.57,0.854,88.9,46,Medium
202506,64,49.2,41.5,2646000,2234000,10,8,2,2026-08-09,-7.67,0.844,80.0,49,Medium
202507,64,53.6,45.8,2884000,2464000,11,9,2,2026-08-05,-7.81,0.854,81.8,45,Medium
202508,64,58.1,48.4,3122000,2602000,12,10,2,2026-08-12,-9.66,0.834,83.3,52,Medium
202509,64,62.3,52.0,3352000,2796000,12,10,2,2026-08-12,-10.34,0.834,83.3,52,Medium
202510,64,66.8,54.9,3590000,2950000,13,11,2,2026-08-16,-11.9,0.822,84.6,56,Medium
202511,64,71.0,59.9,3820000,3218000,14,12,2,2026-08-09,-11.19,0.842,85.7,49,Medium
202512,64,75.5,61.7,4058000,3320000,15,12,3,2026-08-17,-13.73,0.818,80.0,57,Medium
202601,64,79.9,65.7,4295000,3533000,16,13,3,2026-08-16,-14.19,0.822,81.2,56,Medium
202602,64,83.9,70.0,4510000,3762000,17,14,3,2026-08-12,-13.92,0.834,82.4,52,Medium
202603,64,88.3,70.8,4748000,3805000,18,14,4,2026-08-22,-17.54,0.801,77.8,62,High
202604,64,92.6,75.3,4978000,4050000,19,15,4,2026-08-18,-17.25,0.814,78.9,58,High
202605,64,97.0,76.1,5216000,4091000,19,15,4,2026-08-28,-20.92,0.784,78.9,68,High
202606,64,100,80.3,5377000,4318000,20,16,4,2026-08-22,-19.7,0.803,80.0,62,High
202607,64,100,82.3,5377000,4427000,20,16,4,2026-08-15,-17.67,0.823,80.0,55,High
202608,64,100,79.0,5377000,4248000,20,16,4,2026-08-26,-20.99,0.79,80.0,66,High
202609,64,100,81.7,5377000,4394000,20,16,4,2026-08-17,-18.28,0.817,80.0,57,High
202610,64,100,78.7,5377000,4231000,20,16,4,2026-08-27,-21.31,0.787,80.0,67,High
202611,64,100,81.2,5377000,4366000,20,16,4,2026-08-19,-18.81,0.812,80.0,59,High
202612,64,100,79.2,5377000,4258000,20,16,4,2026-08-25,-20.82,0.792,80.0,65,High
202501,65,27.1,26.4,2957000,2884000,5,5,0,2026-07-11,-0.67,0.975,100.0,7,Low
202502,65,31.0,30.4,3385000,3311000,6,6,0,2026-07-11,-0.69,0.978,100.0,7,Low
202503,65,35.4,34.3,3860000,3743000,7,7,0,2026-07-13,-1.08,0.97,100.0,9,Low
202504,65,39.6,38.9,4320000,4248000,8,8,0,2026-07-09,-0.66,0.983,100.0,5,Low
202505,65,44.0,42.5,4795000,4640000,9,9,0,2026-07-14,-1.42,0.968,100.0,10,Low
202506,65,48.2,47.2,5254000,5146000,10,10,0,2026-07-10,-0.99,0.979,100.0,6,Low
202507,65,52.5,52.2,5729000,5697000,11,11,0,2026-07-05,-0.3,0.994,100.0,1,Low
202508,65,56.9,56.1,6204000,6114000,11,11,0,2026-07-08,-0.83,0.985,100.0,4,Low
202509,65,61.1,61.1,6664000,6667000,12,12,0,2026-07-04,0.03,1.0,100.0,0,Low
202510,65,65.4,65.8,7139000,7174000,13,13,0,2026-07-04,0.32,1.005,100.0,0,Low
202511,65,69.7,68.2,7598000,7439000,14,14,0,2026-07-10,-1.46,0.979,100.0,6,Low
202512,65,74.0,71.2,8073000,7768000,15,14,1,2026-07-16,-2.8,0.962,93.3,12,Low
202601,65,78.4,79.0,8548000,8619000,16,16,0,2026-07-04,0.66,1.008,100.0,0,Low
202602,65,82.3,79.7,8977000,8691000,16,15,1,2026-07-14,-2.62,0.968,93.8,10,Low
202603,65,86.7,85.7,9452000,9346000,17,17,0,2026-07-07,-0.97,0.989,100.0,3,Low
202604,65,90.9,91.4,9911000,9966000,18,18,0,2026-07-04,0.5,1.006,100.0,0,Low
202605,65,95.2,94.2,10386000,10270000,19,19,0,2026-07-07,-1.07,0.989,100.0,3,Low
202606,65,99.4,97.5,10846000,10639000,20,20,0,2026-07-10,-1.89,0.981,100.0,6,Low
202607,65,100,100,10907000,10929000,20,20,0,2026-07-04,0,1.002,100.0,0,Low
202608,65,100,96.8,10907000,10560000,20,19,1,2026-07-14,-3.18,0.968,95.0,10,Low
202609,65,100,96.7,10907000,10547000,20,19,1,2026-07-14,-3.3,0.967,95.0,10,Low
202610,65,100,100,10907000,10955000,20,20,0,2026-07-04,0,1.004,100.0,0,Low
202611,65,100,99.7,10907000,10871000,20,20,0,2026-07-05,-0.33,0.997,100.0,1,Low
202612,65,100,97.8,10907000,10667000,20,20,0,2026-07-11,-2.2,0.978,100.0,7,Low
202501,66,0,0,0,0,1,1,0,2026-11-25,0,0.991,100.0,1,Low
202502,66,0,0,0,0,1,1,0,2026-11-24,0,0.995,100.0,0,Low
202503,66,0,0,0,0,1,1,0,2026-11-25,0,0.989,100.0,1,Low
202504,66,0,0,0,0,1,1,0,2026-11-24,0,0.994,100.0,0,Low
202505,66,0,0,0,0,1,1,0,2026-11-25,0,0.99,100.0,1,Low
202506,66,0,0,0,0,1,1,0,2026-11-24,0,1.018,100.0,0,Low
202507,66,0,0,0,0,1,1,0,2026-11-24,0,1.0,100.0,0,Low
202508,66,0,0,0,0,1,1,0,2026-11-24,0,1.021,100.0,0,Low
202509,66,0,0,0,0,1,1,0,2026-11-24,0,1.01,100.0,0,Low
202510,66,0,0,0,0,1,1,0,2026-11-27,0,0.977,100.0,3,Low
202511,66,0,0,0,0,1,1,0,2026-11-25,0,0.988,100.0,1,Low
202512,66,0,0,0,0,1,1,0,2026-11-24,0,0.999,100.0,0,Low
202601,66,0,0,0,0,1,1,0,2026-11-25,0,0.99,100.0,1,Low
202602,66,6.9,6.9,320000,318000,1,1,0,2026-11-24,-0.04,0.994,100.0,0,Low
202603,66,17.6,17.4,815000,803000,4,4,0,2026-11-25,-0.26,0.985,100.0,1,Low
202604,66,28.0,28.5,1295000,1316000,6,6,0,2026-11-24,0.46,1.017,100.0,0,Low
202605,66,38.8,37.9,1790000,1750000,8,8,0,2026-11-26,-0.88,0.977,100.0,2,Low
202606,66,49.1,48.4,2270000,2238000,10,10,0,2026-11-25,-0.69,0.986,100.0,1,Low
202607,66,59.9,60.4,2766000,2791000,12,12,0,2026-11-24,0.56,1.009,100.0,0,Low
202608,66,70.6,70.9,3261000,3275000,14,14,0,2026-11-24,0.31,1.004,100.0,0,Low
202609,66,81.0,82.4,3741000,3805000,16,16,0,2026-11-24,1.4,1.017,100.0,0,Low
202610,66,91.7,93.3,4236000,4309000,18,18,0,2026-11-24,1.57,1.017,100.0,0,Low
202611,66,100,97.8,4620000,4518000,20,20,0,2026-11-26,-2.21,0.978,100.0,2,Low
202612,66,100,100,4620000,4626000,20,20,0,2026-11-24,0,1.001,100.0,0,Low
202501,67,53.4,52.3,511000,500000,11,11,0,2025-10-02,-1.12,0.979,100.0,4,Low
202502,67,58.8,56.6,563000,542000,12,12,0,2025-10-06,-2.2,0.963,100.0,8,Low
202503,67,64.9,63.3,621000,606000,13,13,0,2025-10-03,-1.56,0.976,100.0,5,Low
202504,67,70.7,68.9,676000,659000,14,14,0,2025-10-03,-1.79,0.975,100.0,5,Low
202505,67,76.7,73.8,734000,706000,15,14,1,2025-10-06,-2.88,0.963,93.3,8,Low
202506,67,82.5,79.8,790000,764000,17,16,1,2025-10-05,-2.72,0.967,94.1,7,Low
202507,67,88.5,86.2,847000,825000,18,18,0,2025-10-04,-2.34,0.974,100.0,6,Low
202508,67,94.6,93.0,905000,890000,19,19,0,2025-10-01,-1.54,0.984,100.0,3,Low
202509,67,100,100,957000,958000,20,20,0,2025-09-28,0,1.001,100.0,0,Low
202510,67,100,95.9,957000,917000,20,19,1,2025-10-07,-4.15,0.959,95.0,9,Low
202511,67,100,95.9,957000,918000,20,19,1,2025-10-07,-4.11,0.959,95.0,9,Low
202512,67,100,96.1,957000,920000,20,19,1,2025-10-07,-3.88,0.961,95.0,9,Low
202601,67,100,97.2,957000,930000,20,19,1,2025-10-04,-2.81,0.972,95.0,6,Low
202602,67,100,97.9,957000,937000,20,20,0,2025-10-02,-2.07,0.979,100.0,4,Low
202603,67,100,99.2,957000,950000,20,20,0,2025-09-29,-0.77,0.992,100.0,1,Low
202604,67,100,97.7,957000,935000,20,20,0,2025-10-03,-2.25,0.977,100.0,5,Low
202605,67,100,95.4,957000,913000,20,19,1,2025-10-08,-4.55,0.954,95.0,10,Low
202606,67,100,98.5,957000,943000,20,20,0,2025-10-01,-1.49,0.985,100.0,3,Low
202607,67,100,97.3,957000,931000,20,19,1,2025-10-04,-2.69,0.973,95.0,6,Low
202608,67,100,97.9,957000,937000,20,20,0,2025-10-02,-2.1,0.979,100.0,4,Low
202609,67,100,96.7,957000,925000,20,19,1,2025-10-05,-3.3,0.967,95.0,7,Low
202610,67,100,96.7,957000,925000,20,19,1,2025-10-05,-3.34,0.967,95.0,7,Low
202611,67,100,100,957000,963000,20,20,0,2025-09-28,0,1.006,100.0,0,Low
202612,67,100,99.5,957000,953000,20,20,0,2025-09-29,-0.45,0.995,100.0,1,Low
202501,68,76.6,65.0,1290000,1094000,15,13,2,2025-05-20,-11.64,0.848,86.7,24,Medium
202502,68,84.3,70.9,1419000,1194000,17,14,3,2025-05-22,-13.4,0.841,82.4,26,Medium
202503,68,92.9,78.9,1563000,1328000,19,16,3,2025-05-20,-13.96,0.85,84.2,24,Medium
202504,68,100,83.2,1683000,1401000,20,17,3,2025-05-23,-16.75,0.832,85.0,27,Medium
202505,68,100,83.5,1683000,1405000,20,17,3,2025-05-23,-16.5,0.835,85.0,27,Medium
202506,68,100,80.4,1683000,1354000,20,16,4,2025-05-28,-19.58,0.804,80.0,32,High
202507,68,100,80.8,1683000,1361000,20,16,4,2025-05-27,-19.15,0.808,80.0,31,High
202508,68,100,83.4,1683000,1403000,20,17,3,2025-05-23,-16.62,0.834,85.0,27,Medium
202509,68,100,81.5,1683000,1372000,20,16,4,2025-05-26,-18.5,0.815,80.0,30,High
202510,68,100,80.9,1683000,1361000,20,16,4,2025-05-27,-19.13,0.809,80.0,31,High
202511,68,100,81.4,1683000,1370000,20,16,4,2025-05-26,-18.6,0.814,80.0,30,High
202512,68,100,80.4,1683000,1353000,20,16,4,2025-05-28,-19.6,0.804,80.0,32,High
202601,68,100,79.9,1683000,1345000,20,16,4,2025-05-28,-20.07,0.799,80.0,32,High
202602,68,100,85.3,1683000,1436000,20,17,3,2025-05-19,-14.65,0.853,85.0,23,Medium
202603,68,100,89.4,1683000,1505000,20,18,2,2025-05-13,-10.56,0.894,90.0,17,Medium
202604,68,100,88.7,1683000,1493000,20,18,2,2025-05-14,-11.32,0.887,90.0,18,Medium
202605,68,100,90.8,1683000,1528000,20,18,2,2025-05-11,-9.19,0.908,90.0,15,Medium
202606,68,100,95.1,1683000,1601000,20,19,1,2025-05-03,-4.87,0.951,95.0,7,Low
202607,68,100,94.7,1683000,1593000,20,19,1,2025-05-04,-5.34,0.947,95.0,8,Low
202608,68,100,96.1,1683000,1617000,20,19,1,2025-05-02,-3.92,0.961,95.0,6,Low
202609,68,100,98.5,1683000,1657000,20,20,0,2025-04-28,-1.53,0.985,100.0,2,Low
202610,68,100,99.0,1683000,1666000,20,20,0,2025-04-27,-1.0,0.99,100.0,1,Low
202611,68,100,99.0,1683000,1666000,20,20,0,2025-04-27,-1.0,0.99,100.0,1,Low
202612,68,100,99.0,1683000,1666000,20,20,0,2025-04-27,-1.0,0.99,100.0,1,Low
202501,69,24.5,20.7,2551000,2159000,5,4,1,2026-12-12,-3.76,0.846,80.0,57,Medium
202502,69,27.9,22.6,2905000,2351000,6,5,1,2026-12-25,-5.32,0.809,83.3,70,Medium
202503,69,31.6,25.4,3297000,2644000,6,5,1,2026-12-28,-6.26,0.802,83.3,73,Medium
202504,69,35.3,28.2,3675000,2943000,7,6,1,2026-12-28,-7.02,0.801,85.7,73,Medium
202505,69,39.0,31.9,4067000,3326000,8,7,1,2026-12-22,-7.11,0.818,87.5,67,Medium
202506,69,42.7,35.0,4446000,3652000,9,7,2,2026-12-21,-7.62,0.821,77.8,66,Medium
202507,69,46.4,36.6,4837000,3817000,9,7,2,2027-01-02,-9.79,0.789,77.8,78,High
202508,69,50.2,41.2,5229000,4294000,10,8,2,2026-12-21,-8.97,0.821,80.0,66,Medium
202509,69,53.8,42.8,5608000,4461000,11,9,2,2026-12-30,-11.01,0.795,81.8,75,High
202510,69,57.6,45.2,5999000,4706000,12,9,3,2027-01-04,-12.41,0.784,75.0,80,High
202511,69,61.2,49.6,6378000,5171000,12,10,2,2026-12-25,-11.59,0.811,83.3,70,Medium
202512,69,65.0,51.7,6770000,5383000,13,10,3,2026-12-31,-13.31,0.795,76.9,76,High
202601,69,68.7,53.6,7161000,5587000,14,11,3,2027-01-05,-15.11,0.78,78.6,81,High
202602,69,72.1,61.9,7515000,6446000,14,12,2,2026-12-07,-10.26,0.858,85.7,52,Medium
202603,69,75.9,66.6,7907000,6936000,15,13,2,2026-11-30,-9.31,0.877,86.7,45,Medium
202604,69,79.5,71.1,8285000,7404000,16,14,2,2026-11-24,-8.46,0.894,87.5,39,Medium
202605,69,83.3,75.1,8677000,7829000,17,15,2,2026-11-21,-8.14,0.902,88.2,36,Medium
202606,69,86.9,81.2,9056000,8462000,17,16,1,2026-11-09,-5.7,0.934,94.1,24,Low
202607,69,90.7,84.0,9447000,8749000,18,17,1,2026-11-12,-6.7,0.926,94.4,27,Low
202608,69,94.4,91.2,9839000,9500000,19,18,1,2026-10-28,-3.26,0.966,94.7,12,Low
202609,69,98.1,97.1,10218000,10116000,20,20,0,2026-10-19,-0.98,0.99,100.0,3,Low
202610,69,100,99.0,10420000,10316000,20,20,0,2026-10-19,-1.0,0.99,100.0,3,Low
202611,69,100,99.0,10420000,10316000,20,20,0,2026-10-19,-1.0,0.99,100.0,3,Low
202612,69,100,99.0,10420000,10316000,20,20,0,2026-10-19,-1.0,0.99,100.0,3,Low
202501,70,0,0,0,0,1,1,0,2027-12-21,0,0.746,100.0,103,High
202502,70,0,0,0,0,1,1,0,2027-12-21,0,0.747,100.0,103,High
202503,70,1.5,1.2,104000,80000,1,1,0,2027-12-14,-0.37,0.763,100.0,96,High
202504,70,4.9,3.6,328000,244000,1,1,0,2027-12-21,-1.23,0.746,100.0,103,High
202505,70,8.3,6.3,558000,428000,2,2,0,2027-12-13,-1.94,0.766,100.0,95,High
202506,70,11.6,8.6,782000,583000,2,1,1,2027-12-21,-2.95,0.745,50.0,103,High
202507,70,15.0,11.3,1013000,764000,3,2,1,2027-12-18,-3.69,0.754,66.7,100,High
202508,70,18.4,13.2,1243000,891000,4,3,1,2028-01-02,-5.22,0.717,75.0,115,High
202509,70,21.7,15.9,1467000,1072000,4,3,1,2027-12-27,-5.86,0.731,75.0,109,High
202510,70,25.2,18.1,1698000,1221000,5,4,1,2028-01-01,-7.06,0.719,80.0,114,High
202511,70,28.5,20.9,1921000,1410000,6,4,2,2027-12-26,-7.58,0.734,66.7,108,High
202512,70,31.9,22.6,2152000,1526000,6,4,2,2028-01-05,-9.28,0.709,66.7,118,High
202601,70,35.3,25.0,2383000,1687000,7,5,2,2028-01-06,-10.31,0.708,71.4,119,High
202602,70,38.4,30.8,2591000,2077000,8,6,2,2027-11-28,-7.63,0.801,75.0,80,Medium
202603,70,41.8,33.9,2822000,2288000,8,6,2,2027-11-25,-7.92,0.811,75.0,77,Medium
202604,70,45.1,36.5,3045000,2460000,9,7,2,2027-11-26,-8.67,0.808,77.8,78,Medium
202605,70,48.6,41.1,3276000,2773000,10,8,2,2027-11-10,-7.46,0.846,80.0,62,Medium
202606,70,51.9,44.6,3500000,3010000,10,9,1,2027-11-05,-7.26,0.86,90.0,57,Medium
202607,70,55.3,47.6,3730000,3211000,11,9,2,2027-11-04,-7.7,0.861,81.8,56,Medium
202608,70,58.7,51.9,3961000,3498000,12,11,1,2027-10-26,-6.86,0.883,91.7,47,Medium
202609,70,62.0,56.1,4185000,3784000,12,11,1,2027-10-18,-5.94,0.904,91.7,39,Low
202610,70,65.5,59.7,4415000,4029000,13,12,1,2027-10-14,-5.72,0.913,92.3,35,Low
202611,70,68.8,64.8,4639000,4369000,14,13,1,2027-10-02,-4.0,0.942,92.9,23,Low
202612,70,72.2,68.3,4870000,4610000,14,13,1,2027-09-30,-3.85,0.947,92.9,21,Low
202501,71,15.9,16.6,1104000,1151000,3,3,0,2026-06-07,0.68,1.043,100.0,0,Low
202502,71,20.7,21.2,1436000,1472000,4,4,0,2026-06-07,0.51,1.025,100.0,0,Low
202503,71,26.0,26.3,1804000,1829000,5,5,0,2026-06-07,0.36,1.014,100.0,0,Low
202504,71,31.1,31.9,2160000,2212000,6,6,0,2026-06-07,0.75,1.024,100.0,0,Low
202505,71,36.4,38.1,2528000,2642000,7,7,0,2026-06-07,1.65,1.045,100.0,0,Low
202506,71,41.5,43.2,2884000,2997000,8,8,0,2026-06-07,1.64,1.039,100.0,0,Low
202507,71,46.8,48.3,3251000,3355000,9,9,0,2026-06-07,1.49,1.032,100.0,0,Low
202508,71,52.1,54.7,3619000,3798000,10,10,0,2026-06-07,2.58,1.049,100.0,0,Low
202509,71,57.3,57.6,3975000,3999000,11,11,0,2026-06-07,0.35,1.006,100.0,0,Low
202510,71,62.6,63.1,4343000,4381000,13,13,0,2026-06-07,0.54,1.009,100.0,0,Low
202511,71,67.7,69.4,4699000,4818000,14,14,0,2026-06-07,1.71,1.025,100.0,0,Low
202512,71,73.0,75.8,5067000,5261000,15,15,0,2026-06-07,2.79,1.038,100.0,0,Low
202601,71,78.3,79.5,5435000,5520000,16,16,0,2026-06-07,1.22,1.016,100.0,0,Low
202602,71,83.1,83.3,5767000,5779000,17,17,0,2026-06-07,0.18,1.002,100.0,0,Low
202603,71,88.4,87.8,6135000,6094000,18,18,0,2026-06-08,-0.59,0.993,100.0,1,Low
202604,71,93.5,93.5,6491000,6489000,19,19,0,2026-06-07,-0.02,1.0,100.0,0,Low
202605,71,98.8,99.5,6859000,6908000,20,20,0,2026-06-07,0.71,1.007,100.0,0,Low
202606,71,100,100,6942000,7013000,20,20,0,2026-06-07,0,1.01,100.0,0,Low
202607,71,100,100,6942000,7234000,20,20,0,2026-06-07,0,1.042,100.0,0,Low
202608,71,100,100,6942000,7038000,20,20,0,2026-06-07,0,1.014,100.0,0,Low
202609,71,100,100,6942000,7098000,20,20,0,2026-06-07,0,1.022,100.0,0,Low
202610,71,100,100,6942000,7062000,20,20,0,2026-06-07,0,1.017,100.0,0,Low
202611,71,100,100,6942000,6954000,20,20,0,2026-06-07,0,1.002,100.0,0,Low
202612,71,100,100,6942000,6944000,20,20,0,2026-06-07,0,1.0,100.0,0,Low
202501,72,3.4,3.5,318000,325000,1,1,0,2025-12-07,0.07,1.021,100.0,0,Low
202502,72,12.1,12.6,1128000,1168000,2,2,0,2025-12-07,0.43,1.036,100.0,0,Low
202503,72,21.8,22.6,2025000,2096000,4,4,0,2025-12-07,0.77,1.035,100.0,0,Low
202504,72,31.2,31.7,2892000,2942000,6,6,0,2025-12-07,0.54,1.017,100.0,0,Low
202505,72,40.8,43.2,3789000,4015000,8,8,0,2025-12-07,2.44,1.06,100.0,0,Low
202506,72,50.2,52.5,4656000,4874000,10,10,0,2025-12-07,2.35,1.047,100.0,0,Low
202507,72,59.8,61.0,5553000,5668000,12,12,0,2025-12-07,1.24,1.021,100.0,0,Low
202508,72,69.5,73.4,6450000,6814000,14,14,0,2025-12-07,3.92,1.056,100.0,0,Low
202509,72,78.8,82.9,7317000,7694000,16,16,0,2025-12-07,4.06,1.052,100.0,0,Low
202510,72,88.5,92.8,8214000,8614000,18,18,0,2025-12-07,4.3,1.049,100.0,0,Low
202511,72,97.8,100,9082000,9312000,20,20,0,2025-12-07,2.18,1.025,100.0,0,Low
202512,72,100,100,9284000,9423000,20,20,0,2025-12-07,0,1.015,100.0,0,Low
202601,72,100,100,9284000,9763000,20,20,0,2025-12-07,0,1.052,100.0,0,Low
202602,72,100,100,9284000,9723000,20,20,0,2025-12-07,0,1.047,100.0,0,Low
202603,72,100,100,9284000,9390000,20,20,0,2025-12-07,0,1.011,100.0,0,Low
202604,72,100,100,9284000,9784000,20,20,0,2025-12-07,0,1.054,100.0,0,Low
202605,72,100,100,9284000,9446000,20,20,0,2025-12-07,0,1.017,100.0,0,Low
202606,72,100,100,9284000,9498000,20,20,0,2025-12-07,0,1.023,100.0,0,Low
202607,72,100,100,9284000,9817000,20,20,0,2025-12-07,0,1.057,100.0,0,Low
202608,72,100,100,9284000,9390000,20,20,0,2025-12-07,0,1.011,100.0,0,Low
202609,72,100,100,9284000,9476000,20,20,0,2025-12-07,0,1.021,100.0,0,Low
202610,72,100,100,9284000,9629000,20,20,0,2025-12-07,0,1.037,100.0,0,Low
202611,72,100,100,9284000,9661000,20,20,0,2025-12-07,0,1.041,100.0,0,Low
202612,72,100,100,9284000,9648000,20,20,0,2025-12-07,0,1.039,100.0,0,Low
202501,73,0,0,0,0,1,1,0,2026-06-15,0,0.77,100.0,31,High
202502,73,0,0,0,0,1,1,0,2026-06-18,0,0.751,100.0,34,High
202503,73,0,0,0,0,1,1,0,2026-06-18,0,0.746,100.0,34,High
202504,73,0,0,0,0,1,1,0,2026-06-22,0,0.72,100.0,38,High
202505,73,0,0,0,0,1,1,0,2026-06-21,0,0.73,100.0,37,High
202506,73,0,0,0,0,1,1,0,2026-06-19,0,0.739,100.0,35,High
202507,73,5.6,4.1,117000,85000,1,1,0,2026-06-21,-1.51,0.729,100.0,37,High
202508,73,15.7,11.8,329000,246000,3,2,1,2026-06-18,-3.96,0.748,66.7,34,High
202509,73,25.6,18.4,535000,386000,5,4,1,2026-06-22,-7.13,0.721,80.0,38,High
202510,73,35.7,26.9,748000,563000,7,5,2,2026-06-17,-8.85,0.752,71.4,33,High
202511,73,45.6,33.2,954000,695000,9,7,2,2026-06-21,-12.38,0.728,77.8,37,High
202512,73,55.7,40.9,1167000,856000,11,8,3,2026-06-20,-14.86,0.733,72.7,36,High
202601,73,65.9,46.9,1379000,981000,13,9,4,2026-06-23,-19.01,0.712,69.2,39,High
202602,73,75.1,55.0,1571000,1151000,15,11,4,2026-06-20,-20.08,0.733,73.3,36,High
202603,73,85.2,59.7,1784000,1249000,17,12,5,2026-06-25,-25.57,0.7,70.6,41,High
202604,73,95.1,64.7,1990000,1355000,19,13,6,2026-06-27,-30.35,0.681,68.4,43,High
202605,73,100,70.4,2093000,1475000,20,14,6,2026-06-24,-29.55,0.704,70.0,40,High
202606,73,100,70.4,2093000,1473000,20,14,6,2026-06-24,-29.64,0.704,70.0,40,High
202607,73,100,69.6,2093000,1456000,20,14,6,2026-06-25,-30.41,0.696,70.0,41,High
202608,73,100,71.0,2093000,1485000,20,14,6,2026-06-23,-29.04,0.71,70.0,39,High
202609,73,100,67.6,2093000,1414000,20,14,6,2026-06-28,-32.44,0.676,70.0,44,High
202610,73,100,68.1,2093000,1426000,20,14,6,2026-06-27,-31.87,0.681,70.0,43,High
202611,73,100,68.2,2093000,1428000,20,14,6,2026-06-27,-31.79,0.682,70.0,43,High
202612,73,100,69.5,2093000,1454000,20,14,6,2026-06-25,-30.52,0.695,70.0,41,High
202501,74,14.1,13.8,854000,838000,3,3,0,2026-02-11,-0.27,0.98,100.0,3,Low
202502,74,20.5,19.6,1247000,1191000,4,4,0,2026-02-16,-0.92,0.955,100.0,8,Low
202503,74,27.6,26.6,1681000,1614000,6,6,0,2026-02-15,-1.1,0.96,100.0,7,Low
202504,74,34.6,33.0,2101000,2006000,7,7,0,2026-02-16,-1.56,0.955,100.0,8,Low
202505,74,41.7,40.3,2535000,2451000,8,8,0,2026-02-14,-1.38,0.967,100.0,6,Low
202506,74,48.6,46.4,2955000,2818000,10,10,0,2026-02-17,-2.26,0.954,100.0,9,Low
202507,74,55.8,54.3,3390000,3301000,11,11,0,2026-02-13,-1.45,0.974,100.0,5,Low
202508,74,62.9,60.9,3824000,3700000,13,13,0,2026-02-14,-2.04,0.968,100.0,6,Low
202509,74,69.8,67.2,4244000,4083000,14,13,1,2026-02-15,-2.65,0.962,92.9,7,Low
202510,74,77.0,73.9,4678000,4491000,15,14,1,2026-02-15,-3.07,0.96,93.3,7,Low
202511,74,83.9,80.4,5099000,4889000,17,16,1,2026-02-16,-3.45,0.959,94.1,8,Low
202512,74,91.0,87.4,5533000,5314000,18,17,1,2026-02-15,-3.6,0.96,94.4,7,Low
202601,74,98.2,95.4,5967000,5801000,20,19,1,2026-02-13,-2.72,0.972,95.0,5,Low
202602,74,100,97.0,6079000,5896000,20,19,1,2026-02-13,-3.0,0.97,95.0,5,Low
202603,74,100,95.4,6079000,5797000,20,19,1,2026-02-17,-4.65,0.954,95.0,9,Low
202604,74,100,95.2,6079000,5785000,20,19,1,2026-02-17,-4.84,0.952,95.0,9,Low
202605,74,100,96.8,6079000,5887000,20,19,1,2026-02-14,-3.16,0.968,95.0,6,Low
202606,74,100,97.6,6079000,5930000,20,20,0,2026-02-12,-2.45,0.976,100.0,4,Low
202607,74,100,95.6,6079000,5812000,20,19,1,2026-02-16,-4.38,0.956,95.0,8,Low
202608,74,100,97.0,6079000,5894000,20,19,1,2026-02-13,-3.04,0.97,95.0,5,Low
202609,74,100,96.6,6079000,5873000,20,19,1,2026-02-14,-3.39,0.966,95.0,6,Low
202610,74,100,97.1,6079000,5902000,20,19,1,2026-02-13,-2.92,0.971,95.0,5,Low
202611,74,100,98.2,6079000,5970000,20,20,0,2026-02-11,-1.8,0.982,100.0,3,Low
202612,74,100,98.7,6079000,6001000,20,20,0,2026-02-10,-1.28,0.987,100.0,2,Low
202501,75,0,0,0,0,1,1,0,2027-04-30,0,0.972,100.0,7,Low
202502,75,0,0,0,0,1,1,0,2027-04-26,0,0.988,100.0,3,Low
202503,75,0,0,0,0,1,1,0,2027-04-27,0,0.985,100.0,4,Low
202504,75,0,0,0,0,1,1,0,2027-05-04,0,0.957,100.0,11,Low
202505,75,0,0,0,0,1,1,0,2027-05-03,0,0.96,100.0,10,Low
202506,75,0,0,0,0,1,1,0,2027-04-29,0,0.976,100.0,6,Low
202507,75,0,0,0,0,1,1,0,2027-04-25,0,0.992,100.0,2,Low
202508,75,1.6,1.6,120000,115000,1,1,0,2027-05-02,-0.06,0.964,100.0,9,Low
202509,75,6.6,6.4,479000,466000,1,1,0,2027-04-30,-0.18,0.973,100.0,7,Low
202510,75,11.6,11.2,850000,817000,2,2,0,2027-05-03,-0.45,0.961,100.0,10,Low
202511,75,16.6,16.3,1209000,1193000,3,3,0,2027-04-26,-0.22,0.987,100.0,3,Low
202512,75,21.6,21.3,1579000,1555000,4,4,0,2027-04-27,-0.33,0.985,100.0,4,Low
202601,75,26.7,26.6,1950000,1938000,5,5,0,2027-04-24,-0.17,0.994,100.0,1,Low
202602,75,31.3,30.0,2285000,2191000,6,6,0,2027-05-04,-1.3,0.959,100.0,11,Low
202603,75,36.4,35.3,2656000,2577000,7,7,0,2027-05-01,-1.08,0.97,100.0,8,Low
202604,75,41.3,39.3,3015000,2870000,8,8,0,2027-05-06,-1.99,0.952,100.0,13,Low
202605,75,46.4,45.7,3386000,3333000,9,9,0,2027-04-27,-0.74,0.984,100.0,4,Low
202606,75,51.3,50.9,3745000,3714000,10,10,0,2027-04-25,-0.43,0.992,100.0,2,Low
202607,75,56.4,55.8,4116000,4071000,11,11,0,2027-04-26,-0.62,0.989,100.0,3,Low
202608,75,61.5,59.5,4487000,4346000,12,12,0,2027-05-01,-1.94,0.968,100.0,8,Low
202609,75,66.4,64.7,4846000,4721000,13,13,0,2027-04-30,-1.72,0.974,100.0,7,Low
202610,75,71.5,70.5,5217000,5146000,14,14,0,2027-04-26,-0.97,0.986,100.0,3,Low
202611,75,76.4,76.1,5576000,5556000,15,15,0,2027-04-23,-0.27,0.997,100.0,0,Low
202612,75,81.5,80.1,5947000,5845000,16,16,0,2027-04-27,-1.4,0.983,100.0,4,Low
202501,76,0,0,0,0,1,1,0,2028-06-14,0,1.059,100.0,0,Low
202502,76,0,0,0,0,1,1,0,2028-06-14,0,1.058,100.0,0,Low
202503,76,0,0,0,0,1,1,0,2028-06-14,0,1.043,100.0,0,Low
202504,76,0,0,0,0,1,1,0,2028-06-14,0,1.047,100.0,0,Low
202505,76,0,0,0,0,1,1,0,2028-06-14,0,1.058,100.0,0,Low
202506,76,0,0,0,0,1,1,0,2028-06-14,0,1.015,100.0,0,Low
202507,76,0,0,0,0,1,1,0,2028-06-14,0,1.029,100.0,0,Low
202508,76,0,0,0,0,1,1,0,2028-06-14,0,1.038,100.0,0,Low
202509,76,0.4,0.4,14000,14000,1,1,0,2028-06-14,0.01,1.022,100.0,0,Low
202510,76,3.5,3.6,119000,120000,1,1,0,2028-06-14,0.05,1.013,100.0,0,Low
202511,76,6.6,6.9,221000,232000,1,1,0,2028-06-14,0.34,1.052,100.0,0,Low
202512,76,9.7,9.9,326000,333000,2,2,0,2028-06-14,0.23,1.023,100.0,0,Low
202601,76,12.8,13.5,431000,455000,3,3,0,2028-06-14,0.72,1.056,100.0,0,Low
202602,76,15.6,16.1,526000,543000,3,3,0,2028-06-14,0.51,1.033,100.0,0,Low
202603,76,18.8,19.5,631000,655000,4,4,0,2028-06-14,0.7,1.037,100.0,0,Low
202604,76,21.8,22.6,733000,760000,4,4,0,2028-06-14,0.8,1.037,100.0,0,Low
202605,76,24.9,25.6,838000,861000,5,5,0,2028-06-14,0.68,1.027,100.0,0,Low
202606,76,27.9,28.4,940000,957000,6,6,0,2028-06-14,0.51,1.018,100.0,0,Low
202607,76,31.0,31.7,1045000,1066000,6,6,0,2028-06-14,0.61,1.02,100.0,0,Low
202608,76,34.2,35.8,1151000,1206000,7,7,0,2028-06-14,1.65,1.048,100.0,0,Low
202609,76,37.2,38.9,1252000,1311000,7,7,0,2028-06-14,1.73,1.047,100.0,0,Low
202610,76,40.3,42.6,1358000,1436000,8,8,0,2028-06-14,2.32,1.058,100.0,0,Low
202611,76,43.3,45.6,1459000,1535000,9,9,0,2028-06-14,2.23,1.052,100.0,0,Low
202612,76,46.5,46.9,1565000,1579000,9,9,0,2028-06-14,0.43,1.009,100.0,0,Low
202501,77,3.0,3.1,87000,89000,1,1,0,2026-08-01,0.05,1.018,100.0,0,Low
202502,77,8.0,7.8,230000,225000,2,2,0,2026-08-06,-0.18,0.977,100.0,5,Low
202503,77,13.5,13.5,389000,389000,3,3,0,2026-08-01,-0.02,0.998,100.0,0,Low
202504,77,18.8,18.5,543000,533000,4,4,0,2026-08-05,-0.33,0.983,100.0,4,Low
202505,77,24.3,24.4,702000,704000,5,5,0,2026-08-01,0.1,1.004,100.0,0,Low
202506,77,29.6,30.2,855000,873000,6,6,0,2026-08-01,0.61,1.02,100.0,0,Low
202507,77,35.1,35.0,1014000,1010000,7,7,0,2026-08-02,-0.14,0.996,100.0,1,Low
202508,77,40.6,41.3,1173000,1192000,8,8,0,2026-08-01,0.67,1.017,100.0,0,Low
202509,77,45.9,45.3,1326000,1309000,9,9,0,2026-08-04,-0.58,0.987,100.0,3,Low
202510,77,51.4,51.6,1485000,1490000,10,10,0,2026-08-01,0.17,1.003,100.0,0,Low
202511,77,56.7,57.4,1639000,1658000,11,11,0,2026-08-01,0.69,1.012,100.0,0,Low
202512,77,62.2,61.0,1797000,1761000,12,12,0,2026-08-06,-1.25,0.98,100.0,5,Low
202601,77,67.7,68.9,1956000,1989000,14,14,0,2026-08-01,1.16,1.017,100.0,0,Low
202602,77,72.7,71.1,2099000,2054000,15,15,0,2026-08-06,-1.59,0.978,100.0,5,Low
202603,77,78.2,79.1,2258000,2284000,16,16,0,2026-08-01,0.9,1.011,100.0,0,Low
202604,77,83.5,81.7,2412000,2359000,17,17,0,2026-08-06,-1.84,0.978,100.0,5,Low
202605,77,89.0,90.3,2571000,2609000,18,18,0,2026-08-01,1.34,1.015,100.0,0,Low
202606,77,94.3,96.0,2724000,2773000,19,19,0,2026-08-01,1.71,1.018,100.0,0,Low
202607,77,99.8,98.2,2883000,2836000,20,20,0,2026-08-05,-1.63,0.984,100.0,4,Low
202608,77,100,99.0,2888000,2859000,20,20,0,2026-08-03,-1.0,0.99,100.0,2,Low
202609,77,100,99.2,2888000,2865000,20,20,0,2026-08-02,-0.78,0.992,100.0,1,Low
202610,77,100,100,2888000,2939000,20,20,0,2026-08-01,0,1.018,100.0,0,Low
202611,77,100,100,2888000,2954000,20,20,0,2026-08-01,0,1.023,100.0,0,Low
202612,77,100,98.3,2888000,2839000,20,20,0,2026-08-05,-1.68,0.983,100.0,4,Low
202501,78,41.8,31.8,4700000,3576000,8,6,2,2026-03-07,-10.0,0.761,75.0,62,High
202502,78,46.6,36.5,5242000,4103000,9,7,2,2026-03-01,-10.14,0.783,77.8,56,High
202503,78,52.0,40.7,5841000,4571000,10,8,2,2026-03-01,-11.31,0.782,80.0,56,High
202504,78,57.1,44.4,6422000,4988000,11,9,2,2026-03-03,-12.76,0.777,81.8,58,High
202505,78,62.5,46.9,7021000,5267000,12,9,3,2026-03-10,-15.61,0.75,75.0,65,High
202506,78,67.6,52.2,7602000,5868000,14,11,3,2026-03-04,-15.43,0.772,78.6,59,High
202507,78,73.0,54.5,8201000,6122000,15,11,4,2026-03-11,-18.51,0.746,73.3,66,High
202508,78,78.3,60.3,8801000,6780000,16,12,4,2026-03-05,-17.98,0.77,75.0,60,High
202509,78,83.5,63.5,9381000,7136000,17,13,4,2026-03-07,-19.98,0.761,76.5,62,High
202510,78,88.8,67.7,9981000,7605000,18,14,4,2026-03-07,-21.14,0.762,77.8,62,High
202511,78,94.0,70.2,10561000,7884000,19,14,5,2026-03-11,-23.82,0.747,73.7,66,High
202512,78,99.3,75.0,11161000,8426000,20,15,5,2026-03-09,-24.33,0.755,75.0,64,High
202601,78,100,75.5,11238000,8484000,20,15,5,2026-03-09,-24.51,0.755,75.0,64,High
202602,78,100,73.4,11238000,8252000,20,15,5,2026-03-14,-26.57,0.734,75.0,69,High
202603,78,100,73.9,11238000,8302000,20,15,5,2026-03-13,-26.12,0.739,75.0,68,High
202604,78,100,72.6,11238000,8153000,20,15,5,2026-03-16,-27.45,0.726,75.0,71,High
202605,78,100,75.5,11238000,8484000,20,15,5,2026-03-09,-24.51,0.755,75.0,64,High
202606,78,100,73.3,11238000,8238000,20,15,5,2026-03-14,-26.69,0.733,75.0,69,High
202607,78,100,73.7,11238000,8285000,20,15,5,2026-03-13,-26.28,0.737,75.0,68,High
202608,78,100,70.4,11238000,7912000,20,14,6,2026-03-22,-29.59,0.704,70.0,77,High
202609,78,100,70.1,11238000,7879000,20,14,6,2026-03-23,-29.89,0.701,70.0,78,High
202610,78,100,71.0,11238000,7984000,20,14,6,2026-03-20,-28.96,0.71,70.0,75,High
202611,78,100,72.2,11238000,8116000,20,14,6,2026-03-17,-27.78,0.722,70.0,72,High
202612,78,100,69.8,11238000,7846000,20,14,6,2026-03-23,-30.18,0.698,70.0,78,High
202501,79,0,0,0,0,1,1,0,2027-02-25,0,1.034,100.0,0,Low
202502,79,0,0,0,0,1,1,0,2027-02-25,0,1.034,100.0,0,Low
202503,79,2.2,2.3,72000,74000,1,1,0,2027-02-25,0.08,1.035,100.0,0,Low
202504,79,6.5,6.6,206000,210000,1,1,0,2027-02-25,0.13,1.019,100.0,0,Low
202505,79,10.8,11.3,344000,359000,2,2,0,2027-02-25,0.47,1.044,100.0,0,Low
202506,79,15.0,15.7,478000,501000,3,3,0,2027-02-25,0.69,1.046,100.0,0,Low
202507,79,19.4,19.5,617000,621000,4,4,0,2027-02-25,0.11,1.006,100.0,0,Low
202508,79,23.7,24.9,756000,791000,5,5,0,2027-02-25,1.12,1.047,100.0,0,Low
202509,79,27.9,28.6,890000,910000,6,6,0,2027-02-25,0.63,1.022,100.0,0,Low
202510,79,32.3,32.3,1029000,1029000,6,6,0,2027-02-25,0.01,1.0,100.0,0,Low
202511,79,36.5,37.4,1163000,1190000,7,7,0,2027-02-25,0.86,1.023,100.0,0,Low
202512,79,40.9,40.9,1301000,1302000,8,8,0,2027-02-25,0.03,1.001,100.0,0,Low
202601,79,45.2,46.6,1440000,1485000,9,9,0,2027-02-25,1.41,1.031,100.0,0,Low
202602,79,49.2,49.8,1565000,1587000,10,10,0,2027-02-25,0.69,1.014,100.0,0,Low
202603,79,53.5,55.4,1704000,1765000,11,11,0,2027-02-25,1.93,1.036,100.0,0,Low
202604,79,57.7,58.9,1838000,1875000,12,12,0,2027-02-25,1.16,1.02,100.0,0,Low
202605,79,62.1,62.3,1977000,1984000,12,12,0,2027-02-25,0.24,1.004,100.0,0,Low
202606,79,66.3,66.8,2111000,2126000,13,13,0,2027-02-25,0.48,1.007,100.0,0,Low
202607,79,70.6,71.4,2249000,2273000,14,14,0,2027-02-25,0.74,1.01,100.0,0,Low
202608,79,75.0,76.5,2388000,2435000,15,15,0,2027-02-25,1.47,1.02,100.0,0,Low
202609,79,79.2,79.3,2522000,2526000,16,16,0,2027-02-25,0.13,1.002,100.0,0,Low
202610,79,83.6,84.2,2661000,2681000,17,17,0,2027-02-25,0.63,1.008,100.0,0,Low
202611,79,87.8,91.7,2795000,2921000,18,18,0,2027-02-25,3.95,1.045,100.0,0,Low
202612,79,92.1,95.5,2934000,3040000,18,18,0,2027-02-25,3.36,1.036,100.0,0,Low
202501,80,0,0,0,0,1,1,0,2028-05-27,0,1.006,100.0,0,Low
202502,80,0,0,0,0,1,1,0,2028-05-27,0,1.016,100.0,0,Low
202503,80,0,0,0,0,1,1,0,2028-06-01,0,0.986,100.0,5,Low
202504,80,0,0,0,0,1,1,0,2028-05-28,0,0.996,100.0,1,Low
202505,80,0,0,0,0,1,1,0,2028-06-02,0,0.985,100.0,6,Low
202506,80,0,0,0,0,1,1,0,2028-05-27,0,1.018,100.0,0,Low
202507,80,0,0,0,0,1,1,0,2028-05-29,0,0.995,100.0,2,Low
202508,80,0,0,0,0,1,1,0,2028-06-01,0,0.986,100.0,5,Low
202509,80,0,0,0,0,1,1,0,2028-05-27,0,1.018,100.0,0,Low
202510,80,0,0,0,0,1,1,0,2028-05-27,0,1.033,100.0,0,Low
202511,80,0,0,0,0,1,1,0,2028-05-29,0,0.993,100.0,2,Low
202512,80,0,0,0,0,1,1,0,2028-05-28,0,0.997,100.0,1,Low
202601,80,2.9,2.9,189000,189000,1,1,0,2028-05-28,-0.01,0.996,100.0,1,Low
202602,80,6.1,6.1,401000,404000,1,1,0,2028-05-27,0.05,1.008,100.0,0,Low
202603,80,9.6,9.6,636000,635000,2,2,0,2028-05-27,-0.01,0.999,100.0,0,Low
202604,80,13.1,13.0,863000,857000,3,3,0,2028-05-29,-0.09,0.993,100.0,2,Low
202605,80,16.6,16.5,1098000,1087000,3,3,0,2028-05-30,-0.16,0.991,100.0,3,Low
202606,80,20.1,20.4,1325000,1349000,4,4,0,2028-05-27,0.36,1.018,100.0,0,Low
202607,80,23.6,24.0,1559000,1582000,5,5,0,2028-05-27,0.34,1.014,100.0,0,Low
202608,80,27.2,27.5,1794000,1817000,5,5,0,2028-05-27,0.34,1.013,100.0,0,Low
202609,80,30.6,31.1,2021000,2051000,6,6,0,2028-05-27,0.46,1.015,100.0,0,Low
202610,80,34.2,34.4,2256000,2274000,7,7,0,2028-05-27,0.27,1.008,100.0,0,Low
202611,80,37.6,38.0,2483000,2511000,8,8,0,2028-05-27,0.43,1.011,100.0,0,Low
202612,80,41.2,42.4,2718000,2797000,8,8,0,2028-05-27,1.2,1.029,100.0,0,Low
202501,81,34.3,33.4,448000,436000,7,7,0,2026-09-09,-0.94,0.973,100.0,10,Low
202502,81,37.5,36.6,490000,477000,8,8,0,2026-09-08,-0.95,0.975,100.0,9,Low
202503,81,41.0,39.3,536000,512000,8,8,0,2026-09-16,-1.79,0.956,100.0,17,Low
202504,81,44.5,44.2,580000,576000,9,9,0,2026-09-01,-0.31,0.993,100.0,2,Low
202505,81,48.0,46.8,626000,611000,10,10,0,2026-09-08,-1.18,0.975,100.0,9,Low
202506,81,51.4,49.0,671000,639000,10,10,0,2026-09-17,-2.45,0.952,100.0,18,Low
202507,81,55.0,54.9,717000,716000,11,11,0,2026-08-30,-0.06,0.999,100.0,0,Low
202508,81,58.5,58.4,763000,762000,12,12,0,2026-08-30,-0.1,0.998,100.0,0,Low
202509,81,61.9,61.5,808000,803000,12,12,0,2026-09-01,-0.4,0.994,100.0,2,Low
202510,81,65.5,64.4,854000,841000,13,13,0,2026-09-05,-1.02,0.984,100.0,6,Low
202511,81,68.9,68.9,899000,899000,14,14,0,2026-08-30,0.05,1.001,100.0,0,Low
202512,81,72.4,72.1,945000,941000,14,14,0,2026-08-31,-0.32,0.996,100.0,1,Low
202601,81,75.9,73.8,991000,963000,15,15,0,2026-09-10,-2.13,0.972,100.0,11,Low
202602,81,79.1,75.4,1033000,984000,16,15,1,2026-09-17,-3.71,0.953,93.8,18,Low
202603,81,82.7,82.2,1079000,1073000,17,17,0,2026-09-01,-0.43,0.995,100.0,2,Low
202604,81,86.1,84.4,1123000,1102000,17,17,0,2026-09-06,-1.68,0.981,100.0,7,Low
202605,81,89.6,86.5,1170000,1129000,18,17,1,2026-09-12,-3.1,0.965,94.4,13,Low
202606,81,93.0,90.0,1214000,1175000,19,18,1,2026-09-11,-3.03,0.967,94.7,12,Low
202607,81,96.6,94.9,1260000,1239000,19,19,0,2026-09-05,-1.65,0.983,100.0,6,Low
202608,81,100,98.2,1305000,1281000,20,20,0,2026-09-06,-1.81,0.982,100.0,7,Low
202609,81,100,97.7,1305000,1275000,20,20,0,2026-09-08,-2.29,0.977,100.0,9,Low
202610,81,100,99.7,1305000,1301000,20,20,0,2026-08-31,-0.28,0.997,100.0,1,Low
202611,81,100,98.5,1305000,1285000,20,20,0,2026-09-04,-1.5,0.985,100.0,5,Low
202612,81,100,96.1,1305000,1254000,20,19,1,2026-09-14,-3.91,0.961,95.0,15,Low
202501,82,0,0,0,0,1,1,0,2027-06-25,0,0.753,100.0,77,High
202502,82,0,0,0,0,1,1,0,2027-07-02,0,0.729,100.0,84,High
202503,82,0,0,0,0,1,1,0,2027-07-07,0,0.715,100.0,89,High
202504,82,0,0,0,0,1,1,0,2027-06-28,0,0.743,100.0,80,High
202505,82,2.7,1.9,55000,39000,1,1,0,2027-07-08,-0.79,0.712,100.0,90,High
202506,82,7.0,5.2,141000,104000,1,1,0,2027-06-29,-1.83,0.74,100.0,81,High
202507,82,11.5,8.3,230000,166000,2,1,1,2027-07-05,-3.2,0.721,50.0,87,High
202508,82,15.9,11.3,320000,228000,3,2,1,2027-07-08,-4.58,0.713,66.7,90,High
202509,82,20.2,14.7,406000,295000,4,3,1,2027-07-04,-5.55,0.725,75.0,86,High
202510,82,24.7,17.9,496000,360000,5,4,1,2027-07-03,-6.75,0.726,80.0,85,High
202511,82,29.0,20.3,582000,408000,6,4,2,2027-07-11,-8.66,0.701,66.7,93,High
202512,82,33.4,23.1,671000,463000,7,5,2,2027-07-15,-10.37,0.69,71.4,97,High
202601,82,37.9,26.6,761000,534000,8,6,2,2027-07-11,-11.28,0.702,75.0,93,High
202602,82,41.9,29.6,841000,594000,8,6,2,2027-07-10,-12.33,0.706,75.0,92,High
202603,82,46.3,30.6,931000,614000,9,6,3,2027-07-24,-15.78,0.66,66.7,106,High
202604,82,50.6,35.3,1017000,709000,10,7,3,2027-07-12,-15.33,0.697,70.0,94,High
202605,82,55.1,36.3,1106000,728000,11,7,4,2027-07-25,-18.84,0.658,63.6,107,High
202606,82,59.4,39.0,1193000,783000,12,8,4,2027-07-25,-20.41,0.656,66.7,107,High
202607,82,63.8,43.6,1282000,876000,13,9,4,2027-07-17,-20.22,0.683,69.2,99,High
202608,82,68.3,46.3,1371000,929000,14,9,5,2027-07-19,-22.03,0.677,64.3,101,High
202609,82,72.6,49.0,1458000,984000,15,10,5,2027-07-19,-23.57,0.675,66.7,101,High
202610,82,77.0,50.6,1547000,1017000,15,10,5,2027-07-25,-26.4,0.657,66.7,107,High
202611,82,81.3,54.3,1633000,1090000,16,11,5,2027-07-22,-27.09,0.667,68.8,104,High
202612,82,85.8,58.1,1723000,1166000,17,12,5,2027-07-19,-27.72,0.677,70.6,101,High
202501,83,14.8,15.1,161000,165000,3,3,0,2026-02-03,0.32,1.022,100.0,0,Low
202502,83,21.3,21.9,231000,238000,4,4,0,2026-02-03,0.58,1.027,100.0,0,Low
202503,83,28.5,29.2,309000,317000,6,6,0,2026-02-03,0.7,1.024,100.0,0,Low
202504,83,35.4,35.3,385000,384000,7,7,0,2026-02-03,-0.08,0.998,100.0,0,Low
202505,83,42.6,43.9,463000,477000,9,9,0,2026-02-03,1.26,1.03,100.0,0,Low
202506,83,49.5,51.0,538000,555000,10,10,0,2026-02-03,1.49,1.03,100.0,0,Low
202507,83,56.7,57.3,616000,622000,11,11,0,2026-02-03,0.54,1.01,100.0,0,Low
202508,83,63.9,65.0,694000,707000,13,13,0,2026-02-03,1.12,1.017,100.0,0,Low
202509,83,70.8,71.4,770000,776000,14,14,0,2026-02-03,0.52,1.007,100.0,0,Low
202510,83,78.0,79.7,848000,867000,16,16,0,2026-02-03,1.73,1.022,100.0,0,Low
202511,83,85.0,86.4,923000,939000,17,17,0,2026-02-03,1.41,1.017,100.0,0,Low
202512,83,92.1,95.6,1001000,1039000,18,18,0,2026-02-03,3.45,1.037,100.0,0,Low
202601,83,99.3,100,1079000,1090000,20,20,0,2026-02-03,0.69,1.01,100.0,0,Low
202602,83,100,100,1087000,1109000,20,20,0,2026-02-03,0,1.021,100.0,0,Low
202603,83,100,99.3,1087000,1079000,20,20,0,2026-02-04,-0.72,0.993,100.0,1,Low
202604,83,100,99.2,1087000,1078000,20,20,0,2026-02-04,-0.85,0.992,100.0,1,Low
202605,83,100,99.0,1087000,1076000,20,20,0,2026-02-04,-0.99,0.99,100.0,1,Low
202606,83,100,99.4,1087000,1080000,20,20,0,2026-02-04,-0.64,0.994,100.0,1,Low
202607,83,100,100,1087000,1100000,20,20,0,2026-02-03,0,1.012,100.0,0,Low
202608,83,100,98.9,1087000,1075000,20,20,0,2026-02-05,-1.09,0.989,100.0,2,Low
202609,83,100,99.6,1087000,1083000,20,20,0,2026-02-03,-0.36,0.996,100.0,0,Low
202610,83,100,100,1087000,1126000,20,20,0,2026-02-03,0,1.036,100.0,0,Low
202611,83,100,100,1087000,1126000,20,20,0,2026-02-03,0,1.036,100.0,0,Low
202612,83,100,100,1087000,1124000,20,20,0,2026-02-03,0,1.034,100.0,0,Low
202501,84,0,0,0,0,1,1,0,2027-08-16,0,0.994,100.0,1,Low
202502,84,0,0,0,0,1,1,0,2027-08-17,0,0.991,100.0,2,Low
202503,84,0,0,0,0,1,1,0,2027-08-19,0,0.987,100.0,4,Low
202504,84,0,0,0,0,1,1,0,2027-08-20,0,0.982,100.0,5,Low
202505,84,0,0,0,0,1,1,0,2027-08-15,0,0.998,100.0,0,Low
202506,84,0,0,0,0,1,1,0,2027-08-15,0,1.014,100.0,0,Low
202507,84,0,0,0,0,1,1,0,2027-08-15,0,1.024,100.0,0,Low
202508,84,0,0,0,0,1,1,0,2027-08-15,0,0.999,100.0,0,Low
202509,84,0.6,0.6,72000,71000,1,1,0,2027-08-16,-0.0,0.994,100.0,1,Low
202510,84,5.1,5.1,626000,626000,1,1,0,2027-08-15,0.0,1.001,100.0,0,Low
202511,84,9.4,9.7,1162000,1195000,2,2,0,2027-08-15,0.27,1.028,100.0,0,Low
202512,84,14.0,14.1,1716000,1730000,3,3,0,2027-08-15,0.11,1.008,100.0,0,Low
202601,84,18.5,18.8,2270000,2314000,4,4,0,2027-08-15,0.35,1.019,100.0,0,Low
202602,84,22.5,22.9,2771000,2819000,5,5,0,2027-08-15,0.39,1.017,100.0,0,Low
202603,84,27.0,26.6,3325000,3275000,5,5,0,2027-08-19,-0.4,0.985,100.0,4,Low
202604,84,31.4,31.5,3861000,3869000,6,6,0,2027-08-15,0.07,1.002,100.0,0,Low
202605,84,35.9,36.7,4415000,4510000,7,7,0,2027-08-15,0.77,1.022,100.0,0,Low
202606,84,40.3,41.3,4951000,5078000,8,8,0,2027-08-15,1.03,1.026,100.0,0,Low
202607,84,44.8,45.8,5506000,5632000,9,9,0,2027-08-15,1.03,1.023,100.0,0,Low
202608,84,49.3,49.4,6060000,6076000,10,10,0,2027-08-15,0.14,1.003,100.0,0,Low
202609,84,53.6,53.2,6596000,6547000,11,11,0,2027-08-17,-0.4,0.993,100.0,2,Low
202610,84,58.1,57.9,7150000,7122000,12,12,0,2027-08-16,-0.23,0.996,100.0,1,Low
202611,84,62.5,61.7,7686000,7593000,12,12,0,2027-08-18,-0.76,0.988,100.0,3,Low
202612,84,67.0,65.9,8240000,8104000,13,13,0,2027-08-20,-1.11,0.983,100.0,5,Low
202501,85,3.6,3.4,274000,261000,1,1,0,2027-06-26,-0.17,0.953,100.0,18,Low
202502,85,6.7,6.5,513000,492000,1,1,0,2027-06-24,-0.28,0.959,100.0,16,Low
202503,85,10.2,9.7,778000,741000,2,2,0,2027-06-27,-0.49,0.952,100.0,19,Low
202504,85,13.6,13.6,1034000,1035000,3,3,0,2027-06-08,0.0,1.0,100.0,0,Low
202505,85,17.1,16.8,1299000,1278000,3,3,0,2027-06-14,-0.28,0.984,100.0,6,Low
202506,85,20.4,19.7,1556000,1500000,4,4,0,2027-06-22,-0.74,0.964,100.0,14,Low
202507,85,23.9,23.9,1821000,1817000,5,5,0,2027-06-08,-0.05,0.998,100.0,0,Low
202508,85,27.4,27.3,2086000,2079000,5,5,0,2027-06-09,-0.09,0.997,100.0,1,Low
202509,85,30.8,29.9,2342000,2273000,6,6,0,2027-06-19,-0.92,0.97,100.0,11,Low
202510,85,34.3,32.7,2607000,2487000,7,7,0,2027-06-26,-1.58,0.954,100.0,18,Low
202511,85,37.6,36.3,2864000,2760000,8,8,0,2027-06-22,-1.37,0.964,100.0,14,Low
202512,85,41.1,40.2,3129000,3057000,8,8,0,2027-06-17,-0.95,0.977,100.0,9,Low
202601,85,44.6,42.8,3394000,3257000,9,9,0,2027-06-24,-1.79,0.96,100.0,16,Low
202602,85,47.8,46.8,3633000,3561000,10,10,0,2027-06-15,-0.95,0.98,100.0,7,Low
202603,85,51.2,50.2,3898000,3816000,10,10,0,2027-06-16,-1.08,0.979,100.0,8,Low
202604,85,54.6,52.7,4154000,4009000,11,11,0,2027-06-22,-1.92,0.965,100.0,14,Low
202605,85,58.1,57.9,4419000,4406000,12,12,0,2027-06-09,-0.17,0.997,100.0,1,Low
202606,85,61.5,60.8,4676000,4628000,12,12,0,2027-06-12,-0.63,0.99,100.0,4,Low
202607,85,64.9,63.4,4941000,4821000,13,13,0,2027-06-17,-1.58,0.976,100.0,9,Low
202608,85,68.4,66.5,5206000,5058000,14,14,0,2027-06-19,-1.95,0.972,100.0,11,Low
202609,85,71.8,68.8,5462000,5235000,14,13,1,2027-06-24,-2.98,0.958,92.9,16,Low
202610,85,75.3,72.1,5727000,5487000,15,14,1,2027-06-24,-3.16,0.958,93.3,16,Low
202611,85,78.7,77.6,5984000,5906000,16,16,0,2027-06-13,-1.02,0.987,100.0,5,Low
202612,85,82.1,82.0,6249000,6237000,16,16,0,2027-06-08,-0.15,0.998,100.0,0,Low
202501,86,31.6,33.1,1582000,1658000,6,6,0,2026-12-07,1.51,1.048,100.0,0,Low
202502,86,34.4,34.9,1724000,1749000,7,7,0,2026-12-07,0.49,1.014,100.0,0,Low
202503,86,37.6,38.4,1881000,1921000,8,8,0,2026-12-07,0.8,1.021,100.0,0,Low
202504,86,40.6,42.1,2033000,2106000,8,8,0,2026-12-07,1.46,1.036,100.0,0,Low
202505,86,43.8,45.2,2191000,2261000,9,9,0,2026-12-07,1.42,1.032,100.0,0,Low
202506,86,46.8,48.9,2343000,2446000,9,9,0,2026-12-07,2.06,1.044,100.0,0,Low
202507,86,49.9,50.6,2500000,2532000,10,10,0,2026-12-07,0.63,1.013,100.0,0,Low
202508,86,53.1,53.9,2657000,2695000,11,11,0,2026-12-07,0.76,1.014,100.0,0,Low
202509,86,56.1,58.0,2809000,2903000,11,11,0,2026-12-07,1.87,1.033,100.0,0,Low
202510,86,59.3,60.9,2966000,3047000,12,12,0,2026-12-07,1.61,1.027,100.0,0,Low
202511,86,62.3,63.2,3119000,3162000,12,12,0,2026-12-07,0.86,1.014,100.0,0,Low
202512,86,65.5,67.7,3276000,3391000,13,13,0,2026-12-07,2.29,1.035,100.0,0,Low
202601,86,68.6,69.3,3433000,3468000,14,14,0,2026-12-07,0.71,1.01,100.0,0,Low
202602,86,71.4,71.5,3575000,3581000,14,14,0,2026-12-07,0.12,1.002,100.0,0,Low
202603,86,74.6,76.4,3732000,3825000,15,15,0,2026-12-07,1.85,1.025,100.0,0,Low
202604,86,77.6,77.0,3884000,3854000,16,16,0,2026-12-10,-0.6,0.992,100.0,3,Low
202605,86,80.7,80.4,4042000,4022000,16,16,0,2026-12-09,-0.4,0.995,100.0,2,Low
202606,86,83.8,85.1,4194000,4261000,17,17,0,2026-12-07,1.34,1.016,100.0,0,Low
202607,86,86.9,88.6,4351000,4433000,17,17,0,2026-12-07,1.64,1.019,100.0,0,Low
202608,86,90.1,91.4,4508000,4573000,18,18,0,2026-12-07,1.31,1.014,100.0,0,Low
202609,86,93.1,94.7,4660000,4738000,19,19,0,2026-12-07,1.56,1.017,100.0,0,Low
202610,86,96.3,99.4,4817000,4973000,19,19,0,2026-12-07,3.11,1.032,100.0,0,Low
202611,86,99.3,100,4970000,5060000,20,20,0,2026-12-07,0.71,1.018,100.0,0,Low
202612,86,100,100,5005000,5228000,20,20,0,2026-12-07,0,1.045,100.0,0,Low
202501,87,0,0,0,0,1,1,0,2027-05-03,0,1.0,100.0,0,Low
202502,87,2.8,2.8,70000,70000,1,1,0,2027-05-03,-0.0,0.998,100.0,0,Low
202503,87,6.6,6.7,166000,167000,1,1,0,2027-05-03,0.05,1.008,100.0,0,Low
202504,87,10.3,10.5,257000,262000,2,2,0,2027-05-03,0.2,1.019,100.0,0,Low
202505,87,14.1,14.1,352000,352000,3,3,0,2027-05-03,-0.0,1.0,100.0,0,Low
202506,87,17.7,17.9,444000,449000,4,4,0,2027-05-03,0.17,1.01,100.0,0,Low
202507,87,21.5,22.0,539000,551000,4,4,0,2027-05-03,0.47,1.022,100.0,0,Low
202508,87,25.3,25.7,634000,644000,5,5,0,2027-05-03,0.37,1.015,100.0,0,Low
202509,87,29.0,30.0,726000,751000,6,6,0,2027-05-03,1.0,1.035,100.0,0,Low
202510,87,32.8,33.2,821000,832000,7,7,0,2027-05-03,0.44,1.014,100.0,0,Low
202511,87,36.5,38.1,913000,954000,7,7,0,2027-05-03,1.61,1.044,100.0,0,Low
202512,87,40.3,41.4,1008000,1037000,8,8,0,2027-05-03,1.14,1.028,100.0,0,Low
202601,87,44.1,45.6,1103000,1143000,9,9,0,2027-05-03,1.59,1.036,100.0,0,Low
202602,87,47.5,47.3,1189000,1184000,9,9,0,2027-05-04,-0.2,0.996,100.0,1,Low
202603,87,51.3,52.9,1284000,1325000,10,10,0,2027-05-03,1.64,1.032,100.0,0,Low
202604,87,55.0,55.1,1376000,1380000,11,11,0,2027-05-03,0.16,1.003,100.0,0,Low
202605,87,58.8,57.8,1471000,1448000,12,12,0,2027-05-08,-0.94,0.984,100.0,5,Low
202606,87,62.4,63.6,1563000,1592000,12,12,0,2027-05-03,1.14,1.018,100.0,0,Low
202607,87,66.2,67.6,1658000,1692000,13,13,0,2027-05-03,1.34,1.02,100.0,0,Low
202608,87,70.0,72.2,1753000,1808000,14,14,0,2027-05-03,2.21,1.032,100.0,0,Low
202609,87,73.7,74.1,1845000,1855000,15,15,0,2027-05-03,0.38,1.005,100.0,0,Low
202610,87,77.5,77.0,1940000,1928000,15,15,0,2027-05-05,-0.48,0.994,100.0,2,Low
202611,87,81.2,83.2,2032000,2083000,16,16,0,2027-05-03,2.05,1.025,100.0,0,Low
202612,87,84.9,85.5,2127000,2140000,17,17,0,2027-05-03,0.53,1.006,100.0,0,Low
202501,88,0,0,0,0,1,1,0,2026-02-02,0,1.043,100.0,0,Low
202502,88,0,0,0,0,1,1,0,2026-02-02,0,1.042,100.0,0,Low
202503,88,0,0,0,0,1,1,0,2026-02-02,0,1.041,100.0,0,Low
202504,88,0,0,0,0,1,1,0,2026-02-02,0,1.024,100.0,0,Low
202505,88,0.8,0.8,18000,19000,1,1,0,2026-02-02,0.02,1.029,100.0,0,Low
202506,88,12.9,13.6,292000,309000,3,3,0,2026-02-02,0.75,1.058,100.0,0,Low
202507,88,25.3,26.4,575000,601000,5,5,0,2026-02-02,1.11,1.044,100.0,0,Low
202508,88,37.8,38.3,858000,871000,8,8,0,2026-02-02,0.53,1.014,100.0,0,Low
202509,88,49.8,52.6,1132000,1195000,10,10,0,2026-02-02,2.76,1.055,100.0,0,Low
202510,88,62.2,65.9,1416000,1498000,12,12,0,2026-02-02,3.61,1.058,100.0,0,Low
202511,88,74.3,75.4,1690000,1715000,15,15,0,2026-02-02,1.14,1.015,100.0,0,Low
202512,88,86.7,89.4,1973000,2032000,17,17,0,2026-02-02,2.63,1.03,100.0,0,Low
202601,88,99.2,100,2256000,2313000,20,20,0,2026-02-02,0.8,1.025,100.0,0,Low
202602,88,100,100,2274000,2388000,20,20,0,2026-02-02,0,1.05,100.0,0,Low
202603,88,100,100,2274000,2329000,20,20,0,2026-02-02,0,1.024,100.0,0,Low
202604,88,100,100,2274000,2366000,20,20,0,2026-02-02,0,1.04,100.0,0,Low
202605,88,100,100,2274000,2320000,20,20,0,2026-02-02,0,1.02,100.0,0,Low
202606,88,100,100,2274000,2303000,20,20,0,2026-02-02,0,1.013,100.0,0,Low
202607,88,100,100,2274000,2349000,20,20,0,2026-02-02,0,1.033,100.0,0,Low
202608,88,100,100,2274000,2332000,20,20,0,2026-02-02,0,1.026,100.0,0,Low
202609,88,100,100,2274000,2362000,20,20,0,2026-02-02,0,1.039,100.0,0,Low
202610,88,100,100,2274000,2335000,20,20,0,2026-02-02,0,1.027,100.0,0,Low
202611,88,100,100,2274000,2335000,20,20,0,2026-02-02,0,1.027,100.0,0,Low
202612,88,100,100,2274000,2307000,20,20,0,2026-02-02,0,1.014,100.0,0,Low
202501,89,0,0,0,0,1,1,0,2026-08-30,0,1.003,100.0,0,Low
202502,89,0,0,0,0,1,1,0,2026-08-30,0,1.039,100.0,0,Low
202503,89,0,0,0,0,1,1,0,2026-08-30,0,1.015,100.0,0,Low
202504,89,0,0,0,0,1,1,0,2026-08-30,0,1.04,100.0,0,Low
202505,89,0,0,0,0,1,1,0,2026-08-30,0,1.021,100.0,0,Low
202506,89,0,0,0,0,1,1,0,2026-08-30,0,1.04,100.0,0,Low
202507,89,0,0,0,0,1,1,0,2026-08-30,0,1.005,100.0,0,Low
202508,89,0,0,0,0,1,1,0,2026-08-30,0,1.022,100.0,0,Low
202509,89,0,0,0,0,1,1,0,2026-08-30,0,0.997,100.0,0,Low
202510,89,0,0,0,0,1,1,0,2026-08-30,0,1.006,100.0,0,Low
202511,89,0,0,0,0,1,1,0,2026-08-30,0,1.03,100.0,0,Low
202512,89,0,0,0,0,1,1,0,2026-08-30,0,1.006,100.0,0,Low
202601,89,3.7,3.8,58000,60000,1,1,0,2026-08-30,0.16,1.043,100.0,0,Low
202602,89,16.4,17.1,259000,270000,3,3,0,2026-08-30,0.66,1.04,100.0,0,Low
202603,89,30.6,31.8,482000,502000,6,6,0,2026-08-30,1.23,1.04,100.0,0,Low
202604,89,44.3,44.5,698000,701000,9,9,0,2026-08-30,0.16,1.004,100.0,0,Low
202605,89,58.4,59.3,922000,936000,12,12,0,2026-08-30,0.89,1.015,100.0,0,Low
202606,89,72.1,71.8,1138000,1132000,14,14,0,2026-08-30,-0.35,0.995,100.0,0,Low
202607,89,86.3,87.7,1361000,1383000,17,17,0,2026-08-30,1.4,1.016,100.0,0,Low
202608,89,100,100,1577000,1642000,20,20,0,2026-08-30,0,1.041,100.0,0,Low
202609,89,100,100,1577000,1594000,20,20,0,2026-08-30,0,1.011,100.0,0,Low
202610,89,100,100,1577000,1610000,20,20,0,2026-08-30,0,1.021,100.0,0,Low
202611,89,100,100,1577000,1611000,20,20,0,2026-08-30,0,1.022,100.0,0,Low
202612,89,100,100,1577000,1642000,20,20,0,2026-08-30,0,1.041,100.0,0,Low
202501,90,10.2,10.3,506000,511000,2,2,0,2027-02-21,0.12,1.011,100.0,0,Low
202502,90,13.5,13.8,672000,685000,3,3,0,2027-02-21,0.26,1.019,100.0,0,Low
202503,90,17.2,17.6,856000,876000,3,3,0,2027-02-21,0.38,1.022,100.0,0,Low
202504,90,20.8,20.9,1035000,1042000,4,4,0,2027-02-21,0.13,1.006,100.0,0,Low
202505,90,24.5,24.6,1219000,1224000,5,5,0,2027-02-21,0.09,1.004,100.0,0,Low
202506,90,28.1,28.2,1398000,1401000,6,6,0,2027-02-21,0.07,1.003,100.0,0,Low
202507,90,31.8,32.5,1582000,1618000,6,6,0,2027-02-21,0.73,1.023,100.0,0,Low
202508,90,35.5,36.6,1766000,1819000,7,7,0,2027-02-21,1.05,1.03,100.0,0,Low
202509,90,39.1,40.1,1945000,1992000,8,8,0,2027-02-21,0.95,1.024,100.0,0,Low
202510,90,42.8,44.3,2129000,2200000,9,9,0,2027-02-21,1.43,1.033,100.0,0,Low
202511,90,46.4,46.5,2308000,2314000,9,9,0,2027-02-21,0.14,1.003,100.0,0,Low
202512,90,50.1,50.2,2492000,2495000,10,10,0,2027-02-21,0.06,1.001,100.0,0,Low
202601,90,53.8,55.3,2676000,2750000,11,11,0,2027-02-21,1.48,1.027,100.0,0,Low
202602,90,57.2,57.4,2843000,2856000,11,11,0,2027-02-21,0.26,1.005,100.0,0,Low
202603,90,60.9,61.5,3027000,3059000,12,12,0,2027-02-21,0.65,1.011,100.0,0,Low
202604,90,64.5,66.6,3206000,3312000,13,13,0,2027-02-21,2.15,1.033,100.0,0,Low
202605,90,68.2,68.0,3390000,3382000,14,14,0,2027-02-21,-0.15,0.998,100.0,0,Low
202606,90,71.8,73.8,3568000,3669000,14,14,0,2027-02-21,2.03,1.028,100.0,0,Low
202607,90,75.5,75.4,3753000,3747000,15,15,0,2027-02-21,-0.11,0.999,100.0,0,Low
202608,90,79.2,82.2,3937000,4087000,16,16,0,2027-02-21,3.0,1.038,100.0,0,Low
202609,90,82.8,86.2,4116000,4288000,17,17,0,2027-02-21,3.47,1.042,100.0,0,Low
202610,90,86.5,90.1,4300000,4482000,17,17,0,2027-02-21,3.65,1.042,100.0,0,Low
202611,90,90.1,91.2,4478000,4535000,18,18,0,2027-02-21,1.14,1.013,100.0,0,Low
202612,90,93.8,95.7,4663000,4757000,19,19,0,2027-02-21,1.9,1.02,100.0,0,Low
202501,91,25.6,24.5,1563000,1500000,5,5,0,2026-08-14,-1.04,0.959,100.0,13,Low
202502,91,29.4,28.2,1796000,1725000,6,6,0,2026-08-14,-1.16,0.961,100.0,13,Low
202503,91,33.6,32.6,2054000,1991000,7,7,0,2026-08-11,-1.04,0.969,100.0,10,Low
202504,91,37.7,35.9,2303000,2193000,8,8,0,2026-08-16,-1.8,0.952,100.0,15,Low
202505,91,41.9,39.8,2561000,2433000,8,8,0,2026-08-17,-2.1,0.95,100.0,16,Low
202506,91,46.0,44.5,2811000,2717000,9,9,0,2026-08-11,-1.53,0.967,100.0,10,Low
202507,91,50.2,49.0,3068000,2992000,10,10,0,2026-08-09,-1.25,0.975,100.0,8,Low
202508,91,54.4,54.3,3326000,3316000,11,11,0,2026-08-02,-0.17,0.997,100.0,1,Low
202509,91,58.5,58.2,3576000,3556000,12,12,0,2026-08-02,-0.32,0.995,100.0,1,Low
202510,91,62.7,61.0,3834000,3731000,13,13,0,2026-08-09,-1.68,0.973,100.0,8,Low
202511,91,66.8,63.9,4083000,3905000,13,12,1,2026-08-15,-2.91,0.956,92.3,14,Low
202512,91,71.0,69.5,4341000,4246000,14,14,0,2026-08-08,-1.56,0.978,100.0,7,Low
202601,91,75.2,71.6,4599000,4375000,15,14,1,2026-08-17,-3.65,0.951,93.3,16,Low
202602,91,79.0,74.8,4831000,4569000,16,15,1,2026-08-18,-4.29,0.946,93.8,17,Low
202603,91,83.3,81.8,5089000,5001000,17,17,0,2026-08-06,-1.44,0.983,100.0,5,Low
202604,91,87.3,84.2,5339000,5149000,17,16,1,2026-08-12,-3.1,0.964,94.1,11,Low
202605,91,91.6,87.6,5596000,5356000,18,17,1,2026-08-15,-3.94,0.957,94.4,14,Low
202606,91,95.6,91.8,5846000,5609000,19,18,1,2026-08-14,-3.88,0.959,94.7,13,Low
202607,91,99.9,98.4,6104000,6012000,20,20,0,2026-08-05,-1.49,0.985,100.0,4,Low
202608,91,100,95.2,6112000,5820000,20,19,1,2026-08-16,-4.78,0.952,95.0,15,Low
202609,91,100,97.2,6112000,5944000,20,19,1,2026-08-10,-2.75,0.972,95.0,9,Low
202610,91,100,97.0,6112000,5931000,20,19,1,2026-08-10,-2.96,0.97,95.0,9,Low
202611,91,100,97.0,6112000,5931000,20,19,1,2026-08-10,-2.97,0.97,95.0,9,Low
202612,91,100,97.8,6112000,5978000,20,20,0,2026-08-08,-2.19,0.978,100.0,7,Low
202501,92,0,0,0,0,1,1,0,2026-07-14,0,0.78,100.0,46,High
202502,92,2.2,1.7,853000,659000,1,1,0,2026-07-15,-0.49,0.772,100.0,47,High
202503,92,8.8,6.5,3498000,2595000,2,1,1,2026-07-21,-2.28,0.742,50.0,53,High
202504,92,15.3,11.6,6058000,4609000,3,2,1,2026-07-18,-3.65,0.761,66.7,50,High
202505,92,21.9,16.4,8703000,6502000,4,3,1,2026-07-20,-5.55,0.747,75.0,52,High
202506,92,28.4,20.7,11262000,8223000,6,4,2,2026-07-24,-7.66,0.73,66.7,56,High
202507,92,35.1,26.3,13907000,10453000,7,5,2,2026-07-19,-8.71,0.752,71.4,51,High
202508,92,41.7,30.2,16552000,11997000,8,6,2,2026-07-25,-11.48,0.725,75.0,57,High
202509,92,48.2,36.8,19112000,14591000,10,8,2,2026-07-17,-11.39,0.763,80.0,49,High
202510,92,54.8,40.1,21757000,15893000,11,8,3,2026-07-24,-14.78,0.73,72.7,56,High
202511,92,61.3,44.8,24316000,17775000,12,9,3,2026-07-24,-16.49,0.731,75.0,56,High
202512,92,68.0,48.8,26961000,19373000,14,10,4,2026-07-26,-19.13,0.719,71.4,58,High
202601,92,74.6,53.0,29606000,21035000,15,11,4,2026-07-28,-21.6,0.71,73.3,60,High
202602,92,80.6,58.7,31995000,23287000,16,12,4,2026-07-24,-21.95,0.728,75.0,56,High
202603,92,87.3,62.6,34640000,24830000,17,12,5,2026-07-27,-24.73,0.717,70.6,59,High
202604,92,93.8,74.5,37200000,29560000,19,15,4,2026-07-10,-19.26,0.795,78.9,42,High
202605,92,100,79.3,39674000,31447000,20,16,4,2026-07-11,-20.74,0.793,80.0,43,High
202606,92,100,82.4,39674000,32703000,20,16,4,2026-07-04,-17.57,0.824,80.0,36,High
202607,92,100,83.0,39674000,32939000,20,17,3,2026-07-03,-16.98,0.83,85.0,35,Medium
202608,92,100,86.1,39674000,34148000,20,17,3,2026-06-27,-13.93,0.861,85.0,29,Medium
202609,92,100,87.2,39674000,34601000,20,17,3,2026-06-24,-12.79,0.872,85.0,26,Medium
202610,92,100,89.2,39674000,35380000,20,18,2,2026-06-20,-10.82,0.892,90.0,22,Medium
202611,92,100,91.7,39674000,36394000,20,18,2,2026-06-15,-8.27,0.917,90.0,17,Medium
202612,92,100,92.7,39674000,36769000,20,19,1,2026-06-13,-7.32,0.927,95.0,15,Low
202501,93,0,0,0,0,1,1,0,2026-10-21,0,0.956,100.0,6,Low
202502,93,0,0,0,0,1,1,0,2026-10-21,0,0.954,100.0,6,Low
202503,93,0,0,0,0,1,1,0,2026-10-23,0,0.942,100.0,8,Low
202504,93,0,0,0,0,1,1,0,2026-10-19,0,0.972,100.0,4,Low
202505,93,0,0,0,0,1,1,0,2026-10-21,0,0.959,100.0,6,Low
202506,93,0,0,0,0,1,1,0,2026-10-24,0,0.938,100.0,9,Low
202507,93,0,0,0,0,1,1,0,2026-10-21,0,0.954,100.0,6,Low
202508,93,0,0,0,0,1,1,0,2026-10-23,0,0.944,100.0,8,Low
202509,93,0,0,0,0,1,1,0,2026-10-20,0,0.961,100.0,5,Low
202510,93,0,0,0,0,1,1,0,2026-10-21,0,0.957,100.0,6,Low
202511,93,4.2,4.1,283000,277000,1,1,0,2026-10-18,-0.09,0.977,100.0,3,Low
202512,93,13.5,13.1,911000,885000,3,3,0,2026-10-19,-0.38,0.972,100.0,4,Low
202601,93,22.8,22.1,1538000,1490000,5,5,0,2026-10-19,-0.72,0.968,100.0,4,Low
202602,93,31.2,29.4,2105000,1985000,6,6,0,2026-10-23,-1.78,0.943,100.0,8,Low
202603,93,40.5,39.2,2732000,2640000,8,8,0,2026-10-20,-1.36,0.966,100.0,5,Low
202604,93,49.5,48.3,3339000,3253000,10,10,0,2026-10-18,-1.27,0.974,100.0,3,Low
202605,93,58.9,55.6,3966000,3744000,12,11,1,2026-10-23,-3.3,0.944,91.7,8,Low
202606,93,67.9,65.2,4574000,4395000,14,13,1,2026-10-20,-2.65,0.961,92.9,5,Low
202607,93,77.2,72.2,5201000,4865000,15,14,1,2026-10-24,-4.99,0.935,93.3,9,Low
202608,93,86.5,82.7,5828000,5573000,17,16,1,2026-10-21,-3.78,0.956,94.1,6,Low
202609,93,95.5,91.0,6435000,6133000,19,18,1,2026-10-22,-4.49,0.953,94.7,7,Low
202610,93,100,96.0,6739000,6471000,20,19,1,2026-10-20,-3.97,0.96,95.0,5,Low
202611,93,100,95.9,6739000,6465000,20,19,1,2026-10-21,-4.06,0.959,95.0,6,Low
202612,93,100,96.5,6739000,6502000,20,19,1,2026-10-20,-3.51,0.965,95.0,5,Low
202501,94,0,0,0,0,1,1,0,2027-02-03,0,0.989,100.0,2,Low
202502,94,0,0,0,0,1,1,0,2027-02-10,0,0.958,100.0,9,Low
202503,94,0,0,0,0,1,1,0,2027-02-05,0,0.98,100.0,4,Low
202504,94,0,0,0,0,1,1,0,2027-02-07,0,0.973,100.0,6,Low
202505,94,0,0,0,0,1,1,0,2027-02-08,0,0.966,100.0,7,Low
202506,94,0,0,0,0,1,1,0,2027-02-09,0,0.963,100.0,8,Low
202507,94,0,0,0,0,1,1,0,2027-02-07,0,0.972,100.0,6,Low
202508,94,0,0,0,0,1,1,0,2027-02-09,0,0.963,100.0,8,Low
202509,94,4.9,4.7,171000,164000,1,1,0,2027-02-11,-0.21,0.957,100.0,10,Low
202510,94,10.9,10.8,384000,379000,2,2,0,2027-02-03,-0.14,0.987,100.0,2,Low
202511,94,16.7,16.2,589000,569000,3,3,0,2027-02-08,-0.56,0.967,100.0,7,Low
202512,94,22.8,22.2,801000,781000,5,5,0,2027-02-06,-0.57,0.975,100.0,5,Low
202601,94,28.8,28.2,1014000,993000,6,6,0,2027-02-05,-0.59,0.98,100.0,4,Low
202602,94,34.2,33.3,1205000,1173000,7,7,0,2027-02-07,-0.9,0.974,100.0,6,Low
202603,94,40.3,38.6,1418000,1358000,8,8,0,2027-02-10,-1.69,0.958,100.0,9,Low
202604,94,46.1,43.5,1623000,1530000,9,8,1,2027-02-14,-2.64,0.943,88.9,13,Low
202605,94,52.1,51.0,1835000,1796000,10,10,0,2027-02-05,-1.11,0.979,100.0,4,Low
202606,94,58.0,57.2,2041000,2012000,12,12,0,2027-02-04,-0.82,0.986,100.0,3,Low
202607,94,64.0,61.7,2253000,2171000,13,13,0,2027-02-09,-2.32,0.964,100.0,8,Low
202608,94,70.0,68.3,2465000,2406000,14,14,0,2027-02-06,-1.7,0.976,100.0,5,Low
202609,94,75.9,72.1,2671000,2538000,15,14,1,2027-02-12,-3.78,0.95,93.3,11,Low
202610,94,81.9,81.4,2883000,2864000,16,16,0,2027-02-02,-0.54,0.993,100.0,1,Low
202611,94,87.7,84.6,3089000,2979000,18,17,1,2027-02-09,-3.12,0.964,94.4,8,Low
202612,94,93.8,89.8,3301000,3160000,19,18,1,2027-02-10,-4.02,0.957,94.7,9,Low
202501,95,0.4,0.4,91000,91000,1,1,0,2027-08-15,0.0,1.004,100.0,0,Low
202502,95,3.4,3.5,726000,731000,1,1,0,2027-08-15,0.03,1.007,100.0,0,Low
202503,95,6.8,7.0,1429000,1467000,1,1,0,2027-08-15,0.18,1.027,100.0,0,Low
202504,95,10.0,10.5,2110000,2206000,2,2,0,2027-08-15,0.45,1.045,100.0,0,Low
202505,95,13.3,13.5,2813000,2859000,3,3,0,2027-08-15,0.22,1.016,100.0,0,Low
202506,95,16.6,17.1,3494000,3603000,3,3,0,2027-08-15,0.51,1.031,100.0,0,Low
202507,95,19.9,20.2,4198000,4267000,4,4,0,2027-08-15,0.33,1.016,100.0,0,Low
202508,95,23.2,23.5,4901000,4951000,5,5,0,2027-08-15,0.24,1.01,100.0,0,Low
202509,95,26.5,26.6,5582000,5623000,5,5,0,2027-08-15,0.19,1.007,100.0,0,Low
202510,95,29.8,30.9,6285000,6517000,6,6,0,2027-08-15,1.1,1.037,100.0,0,Low
202511,95,33.0,34.3,6966000,7234000,7,7,0,2027-08-15,1.27,1.038,100.0,0,Low
202512,95,36.3,37.2,7669000,7842000,7,7,0,2027-08-15,0.82,1.023,100.0,0,Low
202601,95,39.7,40.1,8372000,8462000,8,8,0,2027-08-15,0.42,1.011,100.0,0,Low
202602,95,42.7,44.2,9008000,9329000,9,9,0,2027-08-15,1.52,1.036,100.0,0,Low
202603,95,46.0,48.3,9711000,10191000,9,9,0,2027-08-15,2.27,1.049,100.0,0,Low
202604,95,49.2,49.5,10392000,10442000,10,10,0,2027-08-15,0.24,1.005,100.0,0,Low
202605,95,52.6,54.5,11095000,11498000,11,11,0,2027-08-15,1.91,1.036,100.0,0,Low
202606,95,55.8,57.4,11776000,12110000,11,11,0,2027-08-15,1.58,1.028,100.0,0,Low
202607,95,59.1,60.8,12479000,12837000,12,12,0,2027-08-15,1.7,1.029,100.0,0,Low
202608,95,62.5,65.3,13182000,13789000,12,12,0,2027-08-15,2.88,1.046,100.0,0,Low
202609,95,65.7,66.6,13863000,14047000,13,13,0,2027-08-15,0.87,1.013,100.0,0,Low
202610,95,69.0,70.9,14566000,14957000,14,14,0,2027-08-15,1.85,1.027,100.0,0,Low
202611,95,72.3,75.8,15247000,15991000,14,14,0,2027-08-15,3.53,1.049,100.0,0,Low
202612,95,75.6,75.7,15951000,15980000,15,15,0,2027-08-15,0.14,1.002,100.0,0,Low
202501,96,28.7,28.5,1345000,1339000,6,6,0,2026-03-01,-0.13,0.996,100.0,1,Low
202502,96,33.8,34.0,1584000,1594000,7,7,0,2026-02-28,0.21,1.006,100.0,0,Low
202503,96,39.4,40.3,1848000,1890000,8,8,0,2026-02-28,0.9,1.023,100.0,0,Low
202504,96,44.8,45.2,2103000,2121000,9,9,0,2026-02-28,0.37,1.008,100.0,0,Low
202505,96,50.5,50.0,2367000,2345000,10,10,0,2026-03-02,-0.48,0.991,100.0,2,Low
202506,96,55.9,56.2,2623000,2637000,11,11,0,2026-02-28,0.31,1.006,100.0,0,Low
202507,96,61.5,61.0,2887000,2862000,12,12,0,2026-03-02,-0.53,0.991,100.0,2,Low
202508,96,67.2,66.1,3151000,3102000,13,13,0,2026-03-03,-1.03,0.985,100.0,3,Low
202509,96,72.6,72.6,3406000,3404000,15,15,0,2026-02-28,-0.04,0.999,100.0,0,Low
202510,96,78.2,77.6,3670000,3643000,16,16,0,2026-03-01,-0.59,0.992,100.0,1,Low
202511,96,83.7,82.8,3926000,3885000,17,17,0,2026-03-02,-0.87,0.99,100.0,2,Low
202512,96,89.3,89.9,4190000,4218000,18,18,0,2026-02-28,0.6,1.007,100.0,0,Low
202601,96,94.9,93.8,4454000,4401000,19,19,0,2026-03-02,-1.13,0.988,100.0,2,Low
202602,96,100,97.9,4692000,4592000,20,20,0,2026-03-05,-2.14,0.979,100.0,5,Low
202603,96,100,98.0,4692000,4598000,20,20,0,2026-03-04,-2.01,0.98,100.0,4,Low
202604,96,100,99.3,4692000,4659000,20,20,0,2026-03-01,-0.7,0.993,100.0,1,Low
202605,96,100,98.5,4692000,4622000,20,20,0,2026-03-03,-1.5,0.985,100.0,3,Low
202606,96,100,100,4692000,4751000,20,20,0,2026-02-28,0,1.013,100.0,0,Low
202607,96,100,100,4692000,4725000,20,20,0,2026-02-28,0,1.007,100.0,0,Low
202608,96,100,100,4692000,4742000,20,20,0,2026-02-28,0,1.011,100.0,0,Low
202609,96,100,98.9,4692000,4641000,20,20,0,2026-03-02,-1.08,0.989,100.0,2,Low
202610,96,100,100,4692000,4746000,20,20,0,2026-02-28,0,1.011,100.0,0,Low
202611,96,100,99.1,4692000,4651000,20,20,0,2026-03-02,-0.88,0.991,100.0,2,Low
202612,96,100,100,4692000,4718000,20,20,0,2026-02-28,0,1.006,100.0,0,Low
202501,97,0,0,0,0,1,1,0,2027-04-09,0,0.963,100.0,6,Low
202502,97,0,0,0,0,1,1,0,2027-04-10,0,0.961,100.0,7,Low
202503,97,0,0,0,0,1,1,0,2027-04-06,0,0.978,100.0,3,Low
202504,97,0,0,0,0,1,1,0,2027-04-09,0,0.964,100.0,6,Low
202505,97,0,0,0,0,1,1,0,2027-04-13,0,0.944,100.0,10,Low
202506,97,0,0,0,0,1,1,0,2027-04-13,0,0.945,100.0,10,Low
202507,97,0,0,0,0,1,1,0,2027-04-05,0,0.988,100.0,2,Low
202508,97,0,0,0,0,1,1,0,2027-04-11,0,0.954,100.0,8,Low
202509,97,0,0,0,0,1,1,0,2027-04-10,0,0.96,100.0,7,Low
202510,97,0,0,0,0,1,1,0,2027-04-11,0,0.954,100.0,8,Low
202511,97,0,0,0,0,1,1,0,2027-04-09,0,0.968,100.0,6,Low
202512,97,0,0,0,0,1,1,0,2027-04-11,0,0.957,100.0,8,Low
202601,97,0,0,0,0,1,1,0,2027-04-11,0,0.954,100.0,8,Low
202602,97,3.4,3.3,126000,123000,1,1,0,2027-04-07,-0.08,0.976,100.0,4,Low
202603,97,10.9,10.5,405000,389000,2,2,0,2027-04-10,-0.43,0.961,100.0,7,Low
202604,97,18.2,17.6,675000,653000,4,4,0,2027-04-09,-0.6,0.967,100.0,6,Low
202605,97,25.7,25.0,954000,928000,5,5,0,2027-04-08,-0.69,0.973,100.0,5,Low
202606,97,32.9,31.8,1224000,1181000,7,7,0,2027-04-09,-1.15,0.965,100.0,6,Low
202607,97,40.4,39.3,1503000,1461000,8,8,0,2027-04-08,-1.14,0.972,100.0,5,Low
202608,97,47.9,45.9,1782000,1706000,10,10,0,2027-04-10,-2.05,0.957,100.0,7,Low
202609,97,55.2,52.2,2052000,1940000,11,10,1,2027-04-13,-3.0,0.946,90.9,10,Low
202610,97,62.7,61.7,2331000,2295000,13,13,0,2027-04-05,-0.97,0.984,100.0,2,Low
202611,97,70.0,68.5,2601000,2545000,14,14,0,2027-04-07,-1.52,0.978,100.0,4,Low
202612,97,77.5,74.0,2880000,2750000,15,14,1,2027-04-11,-3.49,0.955,93.3,8,Low
202501,98,34.0,34.8,1740000,1776000,7,7,0,2026-04-14,0.72,1.021,100.0,0,Low
202502,98,38.3,39.8,1955000,2032000,8,8,0,2026-04-14,1.51,1.039,100.0,0,Low
202503,98,42.9,44.7,2194000,2286000,9,9,0,2026-04-14,1.8,1.042,100.0,0,Low
202504,98,47.4,49.6,2425000,2536000,9,9,0,2026-04-14,2.17,1.046,100.0,0,Low
202505,98,52.1,52.5,2663000,2682000,10,10,0,2026-04-14,0.37,1.007,100.0,0,Low
202506,98,56.6,58.3,2894000,2978000,11,11,0,2026-04-14,1.64,1.029,100.0,0,Low
202507,98,61.3,62.8,3133000,3212000,12,12,0,2026-04-14,1.55,1.025,100.0,0,Low
202508,98,66.0,66.8,3371000,3413000,13,13,0,2026-04-14,0.81,1.012,100.0,0,Low
202509,98,70.5,73.2,3602000,3739000,14,14,0,2026-04-14,2.68,1.038,100.0,0,Low
202510,98,75.2,76.2,3841000,3894000,15,15,0,2026-04-14,1.04,1.014,100.0,0,Low
202511,98,79.7,82.8,4072000,4231000,16,16,0,2026-04-14,3.11,1.039,100.0,0,Low
202512,98,84.3,88.7,4310000,4531000,17,17,0,2026-04-14,4.32,1.051,100.0,0,Low
202601,98,89.0,90.8,4549000,4638000,18,18,0,2026-04-14,1.75,1.02,100.0,0,Low
202602,98,93.2,97.5,4765000,4981000,19,19,0,2026-04-14,4.23,1.045,100.0,0,Low
202603,98,97.9,100,5003000,5149000,20,20,0,2026-04-14,2.11,1.029,100.0,0,Low
202604,98,100,100,5111000,5229000,20,20,0,2026-04-14,0,1.023,100.0,0,Low
202605,98,100,100,5111000,5258000,20,20,0,2026-04-14,0,1.029,100.0,0,Low
202606,98,100,100,5111000,5262000,20,20,0,2026-04-14,0,1.03,100.0,0,Low
202607,98,100,100,5111000,5236000,20,20,0,2026-04-14,0,1.024,100.0,0,Low
202608,98,100,100,5111000,5346000,20,20,0,2026-04-14,0,1.046,100.0,0,Low
202609,98,100,100,5111000,5219000,20,20,0,2026-04-14,0,1.021,100.0,0,Low
202610,98,100,100,5111000,5348000,20,20,0,2026-04-14,0,1.046,100.0,0,Low
202611,98,100,100,5111000,5366000,20,20,0,2026-04-14,0,1.05,100.0,0,Low
202612,98,100,100,5111000,5116000,20,20,0,2026-04-14,0,1.001,100.0,0,Low
202501,99,95.9,67.9,5597000,3962000,19,13,6,2025-04-12,-28.01,0.708,68.4,54,High
202502,99,100,71.1,5838000,4149000,20,14,6,2025-04-11,-28.92,0.711,70.0,53,High
202503,99,100,69.9,5838000,4083000,20,14,6,2025-04-13,-30.06,0.699,70.0,55,High
202504,99,100,71.3,5838000,4161000,20,14,6,2025-04-11,-28.73,0.713,70.0,53,High
202505,99,100,67.1,5838000,3915000,20,13,7,2025-04-19,-32.94,0.671,65.0,61,High
202506,99,100,71.5,5838000,4175000,20,14,6,2025-04-10,-28.49,0.715,70.0,52,High
202507,99,100,69.0,5838000,4031000,20,14,6,2025-04-15,-30.95,0.69,70.0,57,High
202508,99,100,71.5,5838000,4176000,20,14,6,2025-04-10,-28.46,0.715,70.0,52,High
202509,99,100,71.6,5838000,4181000,20,14,6,2025-04-10,-28.38,0.716,70.0,52,High
202510,99,100,67.2,5838000,3920000,20,13,7,2025-04-18,-32.85,0.672,65.0,60,High
202511,99,100,69.6,5838000,4061000,20,14,6,2025-04-14,-30.44,0.696,70.0,56,High
202512,99,100,68.4,5838000,3994000,20,14,6,2025-04-16,-31.59,0.684,70.0,58,High
202601,99,100,66.8,5838000,3902000,20,13,7,2025-04-19,-33.17,0.668,65.0,61,High
202602,99,100,65.5,5838000,3821000,20,13,7,2025-04-22,-34.55,0.655,65.0,64,High
202603,99,100,64.9,5838000,3789000,20,13,7,2025-04-23,-35.1,0.649,65.0,65,High
202604,99,100,66.5,5838000,3881000,20,13,7,2025-04-20,-33.52,0.665,65.0,62,High
202605,99,100,63.6,5838000,3711000,20,13,7,2025-04-25,-36.43,0.636,65.0,67,High
202606,99,100,63.4,5838000,3704000,20,13,7,2025-04-25,-36.55,0.634,65.0,67,High
202607,99,100,66.7,5838000,3893000,20,13,7,2025-04-19,-33.32,0.667,65.0,61,High
202608,99,100,65.2,5838000,3809000,20,13,7,2025-04-22,-34.76,0.652,65.0,64,High
202609,99,100,64.3,5838000,3751000,20,13,7,2025-04-24,-35.74,0.643,65.0,66,High
202610,99,100,64.5,5838000,3766000,20,13,7,2025-04-23,-35.49,0.645,65.0,65,High
202611,99,100,64.9,5838000,3787000,20,13,7,2025-04-23,-35.13,0.649,65.0,65,High
202612,99,100,62.0,5838000,3620000,20,12,8,2025-04-28,-38.0,0.62,60.0,70,High
202501,100,0,0,0,0,1,1,0,2027-06-04,0,0.84,100.0,52,Medium
202502,100,0,0,0,0,1,1,0,2027-06-04,0,0.842,100.0,52,Medium
202503,100,0,0,0,0,1,1,0,2027-06-12,0,0.817,100.0,60,Medium
202504,100,2.7,2.3,74000,62000,1,1,0,2027-06-03,-0.43,0.844,100.0,51,Medium
202505,100,7.0,5.8,188000,156000,1,1,0,2027-06-08,-1.19,0.83,100.0,56,Medium
202506,100,11.1,9.2,299000,249000,2,2,0,2027-06-06,-1.83,0.835,100.0,54,Medium
202507,100,15.3,12.3,413000,333000,3,2,1,2027-06-16,-2.97,0.806,66.7,64,Medium
202508,100,19.5,16.1,527000,436000,4,3,1,2027-06-09,-3.37,0.827,75.0,57,Medium
202509,100,23.6,19.4,638000,525000,5,4,1,2027-06-10,-4.16,0.824,80.0,58,Medium
202510,100,27.8,22.3,752000,604000,6,5,1,2027-06-17,-5.5,0.802,83.3,65,Medium
202511,100,31.9,26.3,863000,711000,6,5,1,2027-06-10,-5.62,0.824,83.3,58,Medium
202512,100,36.2,28.5,977000,770000,7,6,1,2027-06-22,-7.68,0.788,85.7,70,High
202601,100,40.4,32.8,1092000,886000,8,6,2,2027-06-14,-7.61,0.811,75.0,62,Medium
202602,100,44.2,34.6,1195000,936000,9,7,2,2027-06-23,-9.58,0.783,77.8,71,High
202603,100,48.4,38.5,1309000,1040000,10,8,2,2027-06-19,-9.97,0.794,80.0,67,High
202604,100,52.5,41.8,1420000,1131000,11,9,2,2027-06-19,-10.69,0.797,81.8,67,High
202605,100,56.8,45.4,1534000,1227000,11,9,2,2027-06-18,-11.37,0.8,81.8,66,High
202606,100,60.8,46.8,1645000,1265000,12,9,3,2027-06-28,-14.03,0.769,75.0,76,High
202607,100,65.1,51.0,1759000,1378000,13,10,3,2027-06-23,-14.09,0.783,76.9,71,High
202608,100,69.3,54.7,1873000,1479000,14,11,3,2027-06-21,-14.59,0.789,78.6,69,High
202609,100,73.4,55.3,1984000,1494000,15,11,4,2027-07-03,-18.12,0.753,73.3,81,High
202610,100,77.6,60.0,2098000,1622000,16,12,4,2027-06-26,-17.61,0.773,75.0,74,High
202611,100,81.7,62.4,2209000,1686000,16,12,4,2027-06-30,-19.35,0.763,75.0,78,High
202612,100,85.9,64.6,2323000,1746000,17,13,4,2027-07-03,-21.34,0.752,76.5,81,High
202501,101,0,0,0,0,1,1,0,2027-05-05,0,0.984,100.0,4,Low
202502,101,0,0,0,0,1,1,0,2027-05-01,0,0.998,100.0,0,Low
202503,101,0,0,0,0,1,1,0,2027-05-02,0,0.995,100.0,1,Low
202504,101,0,0,0,0,1,1,0,2027-05-02,0,0.996,100.0,1,Low
202505,101,0,0,0,0,1,1,0,2027-05-01,0,0.997,100.0,0,Low
202506,101,0,0,0,0,1,1,0,2027-05-12,0,0.959,100.0,11,Low
202507,101,0,0,0,0,1,1,0,2027-05-03,0,0.992,100.0,2,Low
202508,101,0,0,0,0,1,1,0,2027-05-09,0,0.967,100.0,8,Low
202509,101,3.7,3.6,118000,116000,1,1,0,2027-05-04,-0.04,0.988,100.0,3,Low
202510,101,8.8,8.6,283000,277000,2,2,0,2027-05-07,-0.2,0.977,100.0,6,Low
202511,101,13.8,13.8,443000,442000,3,3,0,2027-05-01,-0.04,0.997,100.0,0,Low
202512,101,19.0,18.8,609000,604000,4,4,0,2027-05-03,-0.15,0.992,100.0,2,Low
202601,101,24.2,24.2,775000,774000,5,5,0,2027-05-01,-0.01,0.999,100.0,0,Low
202602,101,28.8,28.3,924000,907000,6,6,0,2027-05-05,-0.53,0.982,100.0,4,Low
202603,101,34.0,33.2,1090000,1065000,7,7,0,2027-05-07,-0.77,0.977,100.0,6,Low
202604,101,39.0,37.5,1250000,1203000,8,8,0,2027-05-11,-1.48,0.962,100.0,10,Low
202605,101,44.2,43.5,1416000,1394000,9,9,0,2027-05-05,-0.67,0.985,100.0,4,Low
202606,101,49.2,48.1,1576000,1543000,10,10,0,2027-05-06,-1.05,0.979,100.0,5,Low
202607,101,54.3,53.1,1742000,1702000,11,11,0,2027-05-07,-1.25,0.977,100.0,6,Low
202608,101,59.5,57.1,1908000,1831000,12,12,0,2027-05-11,-2.39,0.96,100.0,10,Low
202609,101,64.5,62.3,2068000,1997000,13,13,0,2027-05-10,-2.21,0.966,100.0,9,Low
202610,101,69.7,69.1,2234000,2216000,14,14,0,2027-05-03,-0.55,0.992,100.0,2,Low
202611,101,74.7,74.2,2394000,2380000,15,15,0,2027-05-02,-0.42,0.994,100.0,1,Low
202612,101,79.8,79.3,2559000,2542000,16,16,0,2027-05-02,-0.56,0.993,100.0,1,Low
202501,102,0,0,0,0,1,1,0,2025-11-18,0,0.978,100.0,2,Low
202502,102,0,0,0,0,1,1,0,2025-11-17,0,0.987,100.0,1,Low
202503,102,1.3,1.3,23000,23000,1,1,0,2025-11-16,0.0,1.001,100.0,0,Low
202504,102,14.2,14.4,249000,252000,3,3,0,2025-11-16,0.22,1.016,100.0,0,Low
202505,102,27.5,27.5,482000,483000,5,5,0,2025-11-16,0.04,1.001,100.0,0,Low
202506,102,40.3,40.6,708000,712000,8,8,0,2025-11-16,0.22,1.006,100.0,0,Low
202507,102,53.6,53.7,942000,943000,11,11,0,2025-11-16,0.09,1.002,100.0,0,Low
202508,102,67.0,66.5,1175000,1167000,13,13,0,2025-11-16,-0.44,0.993,100.0,0,Low
202509,102,79.8,80.5,1401000,1414000,16,16,0,2025-11-16,0.72,1.009,100.0,0,Low
202510,102,93.1,91.7,1634000,1609000,19,19,0,2025-11-17,-1.45,0.984,100.0,1,Low
202511,102,100,100,1755000,1761000,20,20,0,2025-11-16,0,1.003,100.0,0,Low
202512,102,100,100,1755000,1784000,20,20,0,2025-11-16,0,1.016,100.0,0,Low
202601,102,100,100,1755000,1762000,20,20,0,2025-11-16,0,1.004,100.0,0,Low
202602,102,100,100,1755000,1784000,20,20,0,2025-11-16,0,1.017,100.0,0,Low
202603,102,100,97.9,1755000,1718000,20,20,0,2025-11-18,-2.14,0.979,100.0,2,Low
202604,102,100,99.7,1755000,1750000,20,20,0,2025-11-16,-0.3,0.997,100.0,0,Low
202605,102,100,98.3,1755000,1725000,20,20,0,2025-11-17,-1.73,0.983,100.0,1,Low
202606,102,100,99.2,1755000,1742000,20,20,0,2025-11-16,-0.76,0.992,100.0,0,Low
202607,102,100,98.9,1755000,1736000,20,20,0,2025-11-17,-1.11,0.989,100.0,1,Low
202608,102,100,100.0,1755000,1755000,20,20,0,2025-11-16,-0.01,1.0,100.0,0,Low
202609,102,100,99.6,1755000,1749000,20,20,0,2025-11-16,-0.35,0.996,100.0,0,Low
202610,102,100,97.9,1755000,1718000,20,20,0,2025-11-18,-2.12,0.979,100.0,2,Low
202611,102,100,98.5,1755000,1729000,20,20,0,2025-11-17,-1.51,0.985,100.0,1,Low
202612,102,100,100.0,1755000,1754000,20,20,0,2025-11-16,-0.03,1.0,100.0,0,Low
202501,103,0,0,0,0,1,1,0,2026-04-24,0,1.031,100.0,0,Low
202502,103,0,0,0,0,1,1,0,2026-04-24,0,1.024,100.0,0,Low
202503,103,0,0,0,0,1,1,0,2026-04-24,0,1.038,100.0,0,Low
202504,103,0,0,0,0,1,1,0,2026-04-24,0,1.032,100.0,0,Low
202505,103,0,0,0,0,1,1,0,2026-04-24,0,1.035,100.0,0,Low
202506,103,0,0,0,0,1,1,0,2026-04-24,0,1.001,100.0,0,Low
202507,103,0,0,0,0,1,1,0,2026-04-24,0,1.012,100.0,0,Low
202508,103,0,0,0,0,1,1,0,2026-04-24,0,1.024,100.0,0,Low
202509,103,10.0,10.0,167000,167000,2,2,0,2026-04-24,-0.0,1.0,100.0,0,Low
202510,103,23.6,23.9,392000,397000,5,5,0,2026-04-24,0.3,1.013,100.0,0,Low
202511,103,36.7,38.0,610000,632000,7,7,0,2026-04-24,1.32,1.036,100.0,0,Low
202512,103,50.2,50.9,835000,846000,10,10,0,2026-04-24,0.69,1.014,100.0,0,Low
202601,103,63.8,65.0,1060000,1080000,13,13,0,2026-04-24,1.21,1.019,100.0,0,Low
202602,103,76.0,78.9,1263000,1311000,15,15,0,2026-04-24,2.87,1.038,100.0,0,Low
202603,103,89.5,89.1,1488000,1481000,18,18,0,2026-04-24,-0.42,0.995,100.0,0,Low
202604,103,100,98.8,1662000,1642000,20,20,0,2026-04-25,-1.21,0.988,100.0,1,Low
202605,103,100,100,1662000,1712000,20,20,0,2026-04-24,0,1.03,100.0,0,Low
202606,103,100,99.1,1662000,1648000,20,20,0,2026-04-24,-0.86,0.991,100.0,0,Low
202607,103,100,100,1662000,1675000,20,20,0,2026-04-24,0,1.008,100.0,0,Low
202608,103,100,99.3,1662000,1650000,20,20,0,2026-04-24,-0.72,0.993,100.0,0,Low
202609,103,100,100,1662000,1679000,20,20,0,2026-04-24,0,1.01,100.0,0,Low
202610,103,100,100,1662000,1695000,20,20,0,2026-04-24,0,1.02,100.0,0,Low
202611,103,100,100,1662000,1676000,20,20,0,2026-04-24,0,1.008,100.0,0,Low
202612,103,100,100,1662000,1723000,20,20,0,2026-04-24,0,1.036,100.0,0,Low
202501,104,61.6,61.5,971000,969000,12,12,0,2025-05-15,-0.14,0.998,100.0,0,Low
202502,104,72.0,71.3,1134000,1124000,14,14,0,2025-05-16,-0.62,0.991,100.0,1,Low
202503,104,83.4,84.4,1314000,1330000,17,17,0,2025-05-15,0.99,1.012,100.0,0,Low
202504,104,94.5,93.8,1489000,1478000,19,19,0,2025-05-15,-0.67,0.993,100.0,0,Low
202505,104,100,99.9,1576000,1575000,20,20,0,2025-05-15,-0.09,0.999,100.0,0,Low
202506,104,100,100.0,1576000,1576000,20,20,0,2025-05-15,-0.02,1.0,100.0,0,Low
202507,104,100,97.1,1576000,1530000,20,19,1,2025-05-18,-2.91,0.971,95.0,3,Low
202508,104,100,97.7,1576000,1539000,20,20,0,2025-05-17,-2.34,0.977,100.0,2,Low
202509,104,100,99.5,1576000,1568000,20,20,0,2025-05-15,-0.52,0.995,100.0,0,Low
202510,104,100,100,1576000,1587000,20,20,0,2025-05-15,0,1.007,100.0,0,Low
202511,104,100,100,1576000,1602000,20,20,0,2025-05-15,0,1.016,100.0,0,Low
202512,104,100,99.4,1576000,1566000,20,20,0,2025-05-15,-0.62,0.994,100.0,0,Low
202601,104,100,97.8,1576000,1541000,20,20,0,2025-05-17,-2.21,0.978,100.0,2,Low
202602,104,100,99.0,1576000,1560000,20,20,0,2025-05-16,-0.99,0.99,100.0,1,Low
202603,104,100,96.8,1576000,1526000,20,19,1,2025-05-18,-3.17,0.968,95.0,3,Low
202604,104,100,99.8,1576000,1572000,20,20,0,2025-05-15,-0.24,0.998,100.0,0,Low
202605,104,100,97.7,1576000,1539000,20,20,0,2025-05-17,-2.34,0.977,100.0,2,Low
202606,104,100,99.1,1576000,1562000,20,20,0,2025-05-16,-0.91,0.991,100.0,1,Low
202607,104,100,99.8,1576000,1573000,20,20,0,2025-05-15,-0.21,0.998,100.0,0,Low
202608,104,100,100,1576000,1589000,20,20,0,2025-05-15,0,1.008,100.0,0,Low
202609,104,100,98.8,1576000,1556000,20,20,0,2025-05-16,-1.25,0.988,100.0,1,Low
202610,104,100,97.5,1576000,1537000,20,19,1,2025-05-18,-2.5,0.975,95.0,3,Low
202611,104,100,98.9,1576000,1558000,20,20,0,2025-05-16,-1.12,0.989,100.0,1,Low
202612,104,100,98.2,1576000,1548000,20,20,0,2025-05-17,-1.78,0.982,100.0,2,Low
202501,105,0,0,0,0,1,1,0,2027-06-12,0,0.989,100.0,3,Low
202502,105,0,0,0,0,1,1,0,2027-06-21,0,0.966,100.0,12,Low
202503,105,2.4,2.4,39000,38000,1,1,0,2027-06-17,-0.06,0.977,100.0,8,Low
202504,105,6.1,5.9,97000,94000,1,1,0,2027-06-22,-0.22,0.964,100.0,13,Low
202505,105,9.9,9.7,157000,154000,2,2,0,2027-06-17,-0.22,0.978,100.0,8,Low
202506,105,13.5,13.0,216000,208000,3,3,0,2027-06-22,-0.49,0.964,100.0,13,Low
202507,105,17.3,16.6,276000,265000,3,3,0,2027-06-24,-0.71,0.959,100.0,15,Low
202508,105,21.1,20.7,336000,330000,4,4,0,2027-06-16,-0.42,0.98,100.0,7,Low
202509,105,24.8,23.5,395000,375000,5,5,0,2027-06-27,-1.23,0.95,100.0,18,Low
202510,105,28.5,27.6,455000,439000,6,6,0,2027-06-21,-0.97,0.966,100.0,12,Low
202511,105,32.2,31.5,513000,502000,6,6,0,2027-06-17,-0.7,0.978,100.0,8,Low
202512,105,36.0,34.8,573000,554000,7,7,0,2027-06-21,-1.22,0.966,100.0,12,Low
202601,105,39.8,38.0,634000,606000,8,8,0,2027-06-25,-1.77,0.956,100.0,16,Low
202602,105,43.2,41.4,688000,660000,9,9,0,2027-06-24,-1.79,0.959,100.0,15,Low
202603,105,47.0,44.9,748000,716000,9,9,0,2027-06-24,-2.01,0.957,100.0,15,Low
202604,105,50.6,48.7,807000,777000,10,10,0,2027-06-22,-1.87,0.963,100.0,13,Low
202605,105,54.4,52.8,867000,841000,11,11,0,2027-06-19,-1.62,0.97,100.0,10,Low
202606,105,58.0,55.6,925000,886000,12,11,1,2027-06-24,-2.44,0.958,91.7,15,Low
202607,105,61.8,58.3,986000,929000,12,11,1,2027-06-30,-3.56,0.942,91.7,21,Low
202608,105,65.6,64.4,1046000,1026000,13,13,0,2027-06-16,-1.25,0.981,100.0,7,Low
202609,105,69.3,66.3,1104000,1057000,14,13,1,2027-06-24,-2.93,0.958,92.9,15,Low
202610,105,73.0,72.2,1164000,1152000,15,15,0,2027-06-13,-0.8,0.989,100.0,4,Low
202611,105,76.7,76.3,1223000,1216000,15,15,0,2027-06-11,-0.42,0.994,100.0,2,Low
202612,105,80.5,79.4,1283000,1266000,16,16,0,2027-06-14,-1.09,0.986,100.0,5,Low
202501,106,36.2,36.6,1869000,1886000,7,7,0,2025-09-22,0.32,1.009,100.0,0,Low
202502,106,43.9,45.2,2263000,2331000,9,9,0,2025-09-22,1.33,1.03,100.0,0,Low
202503,106,52.3,54.3,2698000,2802000,10,10,0,2025-09-22,2.01,1.038,100.0,0,Low
202504,106,60.5,60.4,3120000,3117000,12,12,0,2025-09-22,-0.07,0.999,100.0,0,Low
202505,106,68.9,71.0,3556000,3660000,14,14,0,2025-09-22,2.02,1.029,100.0,0,Low
202506,106,77.1,79.2,3977000,4087000,15,15,0,2025-09-22,2.12,1.027,100.0,0,Low
202507,106,85.6,86.3,4413000,4452000,17,17,0,2025-09-22,0.75,1.009,100.0,0,Low
202508,106,94.0,95.6,4849000,4929000,19,19,0,2025-09-22,1.56,1.017,100.0,0,Low
202509,106,100,100,5158000,5267000,20,20,0,2025-09-22,0,1.021,100.0,0,Low
202510,106,100,100,5158000,5365000,20,20,0,2025-09-22,0,1.04,100.0,0,Low
202511,106,100,100,5158000,5213000,20,20,0,2025-09-22,0,1.011,100.0,0,Low
202512,106,100,100,5158000,5317000,20,20,0,2025-09-22,0,1.031,100.0,0,Low
202601,106,100,100,5158000,5223000,20,20,0,2025-09-22,0,1.013,100.0,0,Low
202602,106,100,100,5158000,5191000,20,20,0,2025-09-22,0,1.006,100.0,0,Low
202603,106,100,100,5158000,5337000,20,20,0,2025-09-22,0,1.035,100.0,0,Low
202604,106,100,100,5158000,5161000,20,20,0,2025-09-22,0,1.001,100.0,0,Low
202605,106,100,99.3,5158000,5120000,20,20,0,2025-09-23,-0.74,0.993,100.0,1,Low
202606,106,100,100,5158000,5199000,20,20,0,2025-09-22,0,1.008,100.0,0,Low
202607,106,100,100,5158000,5167000,20,20,0,2025-09-22,0,1.002,100.0,0,Low
202608,106,100,100,5158000,5245000,20,20,0,2025-09-22,0,1.017,100.0,0,Low
202609,106,100,100,5158000,5252000,20,20,0,2025-09-22,0,1.018,100.0,0,Low
202610,106,100,100,5158000,5309000,20,20,0,2025-09-22,0,1.029,100.0,0,Low
202611,106,100,100,5158000,5315000,20,20,0,2025-09-22,0,1.03,100.0,0,Low
202612,106,100,100,5158000,5215000,20,20,0,2025-09-22,0,1.011,100.0,0,Low
202501,107,0,0,0,0,1,1,0,2025-12-12,0,0.829,100.0,16,Medium
202502,107,0,0,0,0,1,1,0,2025-12-12,0,0.833,100.0,16,Medium
202503,107,0,0,0,0,1,1,0,2025-12-12,0,0.827,100.0,16,Medium
202504,107,3.7,3.1,124000,103000,1,1,0,2025-12-12,-0.62,0.832,100.0,16,Medium
202505,107,17.9,14.5,604000,490000,4,3,1,2025-12-14,-3.38,0.811,75.0,18,Medium
202506,107,31.7,25.8,1069000,871000,6,5,1,2025-12-14,-5.87,0.815,83.3,18,Medium
202507,107,45.9,37.5,1550000,1267000,9,7,2,2025-12-13,-8.36,0.818,77.8,17,Medium
202508,107,60.1,48.0,2030000,1621000,12,10,2,2025-12-15,-12.11,0.798,83.3,19,High
202509,107,73.9,61.5,2495000,2076000,15,12,3,2025-12-12,-12.39,0.832,80.0,16,Medium
202510,107,88.1,70.6,2975000,2384000,18,14,4,2025-12-15,-17.5,0.801,77.8,19,High
202511,107,100,81.0,3378000,2738000,20,16,4,2025-12-14,-18.95,0.81,80.0,18,High
202512,107,100,81.5,3378000,2754000,20,16,4,2025-12-14,-18.46,0.815,80.0,18,High
202601,107,100,81.1,3378000,2739000,20,16,4,2025-12-14,-18.9,0.811,80.0,18,High
202602,107,100,78.2,3378000,2642000,20,16,4,2025-12-17,-21.8,0.782,80.0,21,High
202603,107,100,85.5,3378000,2890000,20,17,3,2025-12-10,-14.45,0.855,85.0,14,Medium
202604,107,100,87.8,3378000,2967000,20,18,2,2025-12-07,-12.17,0.878,90.0,11,Medium
202605,107,100,90.2,3378000,3046000,20,18,2,2025-12-05,-9.84,0.902,90.0,9,Medium
202606,107,100,91.8,3378000,3102000,20,18,2,2025-12-04,-8.16,0.918,90.0,8,Medium
202607,107,100,95.1,3378000,3211000,20,19,1,2025-11-30,-4.95,0.951,95.0,4,Low
202608,107,100,96.1,3378000,3245000,20,19,1,2025-11-29,-3.94,0.961,95.0,3,Low
202609,107,100,98.1,3378000,3314000,20,20,0,2025-11-27,-1.88,0.981,100.0,1,Low
202610,107,100,99.0,3378000,3344000,20,20,0,2025-11-26,-1.0,0.99,100.0,0,Low
202611,107,100,99.0,3378000,3344000,20,20,0,2025-11-26,-1.0,0.99,100.0,0,Low
202612,107,100,99.0,3378000,3344000,20,20,0,2025-11-26,-1.0,0.99,100.0,0,Low
202501,108,0,0,0,0,1,1,0,2027-06-10,0,0.966,100.0,10,Low
202502,108,0,0,0,0,1,1,0,2027-06-03,0,0.989,100.0,3,Low
202503,108,0,0,0,0,1,1,0,2027-05-31,0,1.007,100.0,0,Low
202504,108,0,0,0,0,1,1,0,2027-06-07,0,0.976,100.0,7,Low
202505,108,0,0,0,0,1,1,0,2027-06-07,0,0.977,100.0,7,Low
202506,108,0,0,0,0,1,1,0,2027-06-08,0,0.973,100.0,8,Low
202507,108,2.8,2.8,272000,272000,1,1,0,2027-05-31,-0.0,0.999,100.0,0,Low
202508,108,7.3,7.0,716000,694000,1,1,0,2027-06-09,-0.22,0.969,100.0,9,Low
202509,108,11.6,11.7,1146000,1156000,2,2,0,2027-05-31,0.11,1.009,100.0,0,Low
202510,108,16.1,15.5,1590000,1532000,3,3,0,2027-06-11,-0.59,0.964,100.0,11,Low
202511,108,20.5,20.4,2019000,2010000,4,4,0,2027-06-01,-0.09,0.995,100.0,1,Low
202512,108,25.0,24.8,2464000,2448000,5,5,0,2027-06-01,-0.16,0.994,100.0,1,Low
202601,108,29.5,29.1,2908000,2867000,6,6,0,2027-06-04,-0.41,0.986,100.0,4,Low
202602,108,33.6,33.5,3309000,3303000,7,7,0,2027-05-31,-0.06,0.998,100.0,0,Low
202603,108,38.1,37.9,3753000,3737000,8,8,0,2027-06-01,-0.16,0.996,100.0,1,Low
202604,108,42.4,40.6,4182000,4001000,8,8,0,2027-06-13,-1.84,0.957,100.0,13,Low
202605,108,46.9,45.2,4626000,4457000,9,9,0,2027-06-11,-1.72,0.963,100.0,11,Low
202606,108,51.3,50.6,5056000,4988000,10,10,0,2027-06-04,-0.69,0.987,100.0,4,Low
202607,108,55.8,55.2,5500000,5438000,11,11,0,2027-06-03,-0.63,0.989,100.0,3,Low
202608,108,60.3,58.5,5944000,5768000,12,12,0,2027-06-09,-1.79,0.97,100.0,9,Low
202609,108,64.7,64.8,6374000,6388000,13,13,0,2027-05-31,0.14,1.002,100.0,0,Low
202610,108,69.2,67.5,6818000,6656000,14,14,0,2027-06-07,-1.64,0.976,100.0,7,Low
202611,108,73.5,73.5,7247000,7239000,15,15,0,2027-05-31,-0.08,0.999,100.0,0,Low
202612,108,78.1,77.6,7691000,7643000,16,16,0,2027-06-01,-0.49,0.994,100.0,1,Low
202501,109,0,0,0,0,1,1,0,2027-03-14,0,0.803,100.0,60,Medium
202502,109,0.4,0.4,28000,23000,1,1,0,2027-03-02,-0.07,0.842,100.0,48,Medium
202503,109,4.9,4.0,315000,254000,1,1,0,2027-03-13,-0.95,0.807,100.0,59,Medium
202504,109,9.3,7.5,593000,480000,2,2,0,2027-03-13,-1.78,0.809,100.0,59,Medium
202505,109,13.8,11.2,880000,711000,3,2,1,2027-03-13,-2.65,0.808,66.7,59,Medium
202506,109,18.2,14.6,1158000,928000,4,3,1,2027-03-15,-3.62,0.801,75.0,61,Medium
202507,109,22.7,17.8,1446000,1136000,5,4,1,2027-03-20,-4.86,0.786,80.0,66,High
202508,109,27.2,21.4,1733000,1360000,5,4,1,2027-03-20,-5.86,0.785,80.0,66,High
202509,109,31.6,24.8,2011000,1579000,6,5,1,2027-03-20,-6.78,0.785,83.3,66,High
202510,109,36.1,29.0,2298000,1849000,7,6,1,2027-03-14,-7.05,0.805,85.7,60,Medium
202511,109,40.5,32.7,2576000,2083000,8,6,2,2027-03-13,-7.74,0.809,75.0,59,Medium
202512,109,45.0,34.9,2863000,2221000,9,7,2,2027-03-23,-10.09,0.776,77.8,69,High
202601,109,49.5,38.4,3151000,2445000,10,8,2,2027-03-23,-11.09,0.776,80.0,69,High
202602,109,53.6,42.9,3410000,2733000,11,9,2,2027-03-15,-10.64,0.801,81.8,61,Medium
202603,109,58.1,45.3,3697000,2884000,12,9,3,2027-03-21,-12.77,0.78,75.0,67,High
202604,109,62.4,47.9,3975000,3048000,12,9,3,2027-03-26,-14.57,0.767,75.0,72,High
202605,109,67.0,50.5,4263000,3213000,13,10,3,2027-03-30,-16.48,0.754,76.9,76,High
202606,109,71.3,54.0,4541000,3439000,14,11,3,2027-03-28,-17.3,0.758,78.6,74,High
202607,109,75.8,56.7,4828000,3611000,15,11,4,2027-03-31,-19.12,0.748,73.3,77,High
202608,109,80.3,61.2,5115000,3893000,16,12,4,2027-03-27,-19.2,0.761,75.0,73,High
202609,109,84.7,66.1,5393000,4207000,17,13,4,2027-03-22,-18.64,0.78,76.5,68,High
202610,109,89.2,69.9,5680000,4449000,18,14,4,2027-03-21,-19.35,0.783,77.8,67,High
202611,109,93.6,69.5,5958000,4423000,19,14,5,2027-04-02,-24.12,0.742,73.7,79,High
202612,109,98.1,74.6,6246000,4747000,20,15,5,2027-03-28,-23.55,0.76,75.0,74,High
202501,110,0,0,0,0,1,1,0,2028-01-15,0,0.88,100.0,36,Medium
202502,110,0,0,0,0,1,1,0,2028-01-15,0,0.88,100.0,36,Medium
202503,110,0,0,0,0,1,1,0,2028-01-19,0,0.865,100.0,40,Medium
202504,110,0,0,0,0,1,1,0,2028-01-22,0,0.855,100.0,43,Medium
202505,110,0,0,0,0,1,1,0,2028-01-16,0,0.878,100.0,37,Medium
202506,110,0,0,0,0,1,1,0,2028-01-17,0,0.873,100.0,38,Medium
202507,110,0,0,0,0,1,1,0,2028-01-18,0,0.869,100.0,39,Medium
202508,110,0,0,0,0,1,1,0,2028-01-22,0,0.857,100.0,43,Medium
202509,110,0,0,0,0,1,1,0,2028-01-28,0,0.837,100.0,49,Medium
202510,110,0,0,0,0,1,1,0,2028-01-21,0,0.861,100.0,42,Medium
202511,110,0,0,0,0,1,1,0,2028-01-28,0,0.837,100.0,49,Medium
202512,110,0,0,0,0,1,1,0,2028-01-25,0,0.847,100.0,46,Medium
202601,110,0,0,0,0,1,1,0,2028-01-24,0,0.85,100.0,45,Medium
202602,110,3.6,3.2,710000,646000,1,1,0,2028-01-06,-0.32,0.909,100.0,27,Low
202603,110,8.2,7.5,1627000,1489000,2,2,0,2028-01-04,-0.69,0.915,100.0,25,Low
202604,110,12.6,11.7,2515000,2331000,3,3,0,2028-01-01,-0.93,0.927,100.0,22,Low
202605,110,17.2,16.4,3432000,3268000,3,3,0,2027-12-24,-0.82,0.952,100.0,14,Low
202606,110,21.7,21.0,4320000,4183000,4,4,0,2027-12-19,-0.69,0.968,100.0,9,Low
202607,110,26.3,26.0,5238000,5185000,5,5,0,2027-12-13,-0.26,0.99,100.0,3,Low
202608,110,30.9,30.6,6155000,6093000,6,6,0,2027-12-13,-0.31,0.99,100.0,3,Low
202609,110,35.3,35.0,7043000,6972000,7,7,0,2027-12-13,-0.35,0.99,100.0,3,Low
202610,110,39.9,39.5,7960000,7880000,8,8,0,2027-12-13,-0.4,0.99,100.0,3,Low
202611,110,44.4,43.9,8848000,8759000,9,9,0,2027-12-13,-0.44,0.99,100.0,3,Low
202612,110,49.0,48.5,9765000,9667000,10,10,0,2027-12-13,-0.49,0.99,100.0,3,Low
202501,111,45.4,45.1,3215000,3194000,9,9,0,2025-08-15,-0.3,0.993,100.0,1,Low
202502,111,53.2,53.1,3771000,3762000,11,11,0,2025-08-14,-0.14,0.997,100.0,0,Low
202503,111,61.9,60.6,4387000,4296000,12,12,0,2025-08-17,-1.28,0.979,100.0,3,Low
202504,111,70.3,69.7,4982000,4942000,14,14,0,2025-08-15,-0.56,0.992,100.0,1,Low
202505,111,79.0,80.0,5597000,5667000,16,16,0,2025-08-14,0.98,1.012,100.0,0,Low
202506,111,87.4,87.6,6193000,6211000,17,17,0,2025-08-14,0.25,1.003,100.0,0,Low
202507,111,96.1,94.2,6808000,6677000,19,19,0,2025-08-17,-1.86,0.981,100.0,3,Low
202508,111,100,100,7086000,7193000,20,20,0,2025-08-14,0,1.015,100.0,0,Low
202509,111,100,98.2,7086000,6956000,20,20,0,2025-08-16,-1.84,0.982,100.0,2,Low
202510,111,100,100,7086000,7200000,20,20,0,2025-08-14,0,1.016,100.0,0,Low
202511,111,100,97.9,7086000,6936000,20,20,0,2025-08-17,-2.12,0.979,100.0,3,Low
202512,111,100,99.1,7086000,7023000,20,20,0,2025-08-15,-0.89,0.991,100.0,1,Low
202601,111,100,99.6,7086000,7060000,20,20,0,2025-08-14,-0.37,0.996,100.0,0,Low
202602,111,100,99.9,7086000,7076000,20,20,0,2025-08-14,-0.14,0.999,100.0,0,Low
202603,111,100,97.2,7086000,6890000,20,19,1,2025-08-18,-2.77,0.972,95.0,4,Low
202604,111,100,99.2,7086000,7028000,20,20,0,2025-08-15,-0.82,0.992,100.0,1,Low
202605,111,100,99.8,7086000,7070000,20,20,0,2025-08-14,-0.23,0.998,100.0,0,Low
202606,111,100,97.3,7086000,6892000,20,19,1,2025-08-18,-2.74,0.973,95.0,4,Low
202607,111,100,98.6,7086000,6989000,20,20,0,2025-08-16,-1.36,0.986,100.0,2,Low
202608,111,100,97.9,7086000,6940000,20,20,0,2025-08-17,-2.07,0.979,100.0,3,Low
202609,111,100,97.6,7086000,6917000,20,20,0,2025-08-17,-2.38,0.976,100.0,3,Low
202610,111,100,99.5,7086000,7048000,20,20,0,2025-08-14,-0.54,0.995,100.0,0,Low
202611,111,100,97.8,7086000,6933000,20,20,0,2025-08-17,-2.15,0.978,100.0,3,Low
202612,111,100,97.2,7086000,6888000,20,19,1,2025-08-18,-2.79,0.972,95.0,4,Low
202501,112,0,0,0,0,1,1,0,2026-05-20,0,1.022,100.0,0,Low
202502,112,0,0,0,0,1,1,0,2026-05-22,0,0.98,100.0,2,Low
202503,112,0,0,0,0,1,1,0,2026-05-21,0,0.987,100.0,1,Low
202504,112,0,0,0,0,1,1,0,2026-05-20,0,1.023,100.0,0,Low
202505,112,0,0,0,0,1,1,0,2026-05-21,0,0.986,100.0,1,Low
202506,112,0,0,0,0,1,1,0,2026-05-22,0,0.983,100.0,2,Low
202507,112,7.0,6.9,88000,88000,1,1,0,2026-05-21,-0.06,0.991,100.0,1,Low
202508,112,16.8,16.6,213000,209000,3,3,0,2026-05-22,-0.26,0.984,100.0,2,Low
202509,112,26.3,27.2,333000,343000,5,5,0,2026-05-20,0.8,1.03,100.0,0,Low
202510,112,36.2,36.6,457000,462000,7,7,0,2026-05-20,0.37,1.01,100.0,0,Low
202511,112,45.7,45.5,578000,575000,9,9,0,2026-05-20,-0.19,0.996,100.0,0,Low
202512,112,55.6,55.4,702000,701000,11,11,0,2026-05-20,-0.12,0.998,100.0,0,Low
202601,112,65.4,66.4,827000,840000,13,13,0,2026-05-20,1.05,1.016,100.0,0,Low
202602,112,74.3,74.1,939000,937000,15,15,0,2026-05-20,-0.14,0.998,100.0,0,Low
202603,112,84.1,84.1,1063000,1062000,17,17,0,2026-05-20,-0.07,0.999,100.0,0,Low
202604,112,93.7,92.4,1184000,1168000,19,19,0,2026-05-21,-1.27,0.986,100.0,1,Low
202605,112,100,100,1264000,1288000,20,20,0,2026-05-20,0,1.019,100.0,0,Low
202606,112,100,100,1264000,1280000,20,20,0,2026-05-20,0,1.013,100.0,0,Low
202607,112,100,98.4,1264000,1243000,20,20,0,2026-05-22,-1.63,0.984,100.0,2,Low
202608,112,100,100,1264000,1288000,20,20,0,2026-05-20,0,1.019,100.0,0,Low
202609,112,100,99.8,1264000,1261000,20,20,0,2026-05-20,-0.2,0.998,100.0,0,Low
202610,112,100,99.5,1264000,1257000,20,20,0,2026-05-20,-0.55,0.995,100.0,0,Low
202611,112,100,99.2,1264000,1253000,20,20,0,2026-05-21,-0.85,0.992,100.0,1,Low
202612,112,100,100,1264000,1291000,20,20,0,2026-05-20,0,1.021,100.0,0,Low
202501,113,74.2,74.0,3563000,3552000,15,15,0,2025-04-14,-0.22,0.997,100.0,0,Low
202502,113,84.1,83.6,4038000,4015000,17,17,0,2025-04-14,-0.48,0.994,100.0,0,Low
202503,113,95.1,93.8,4563000,4501000,19,19,0,2025-04-15,-1.3,0.986,100.0,1,Low
202504,113,100,98.3,4801000,4720000,20,20,0,2025-04-16,-1.68,0.983,100.0,2,Low
202505,113,100,99.6,4801000,4784000,20,20,0,2025-04-14,-0.36,0.996,100.0,0,Low
202506,113,100,96.9,4801000,4653000,20,19,1,2025-04-17,-3.08,0.969,95.0,3,Low
202507,113,100,98.8,4801000,4744000,20,20,0,2025-04-15,-1.18,0.988,100.0,1,Low
202508,113,100,99.3,4801000,4768000,20,20,0,2025-04-14,-0.69,0.993,100.0,0,Low
202509,113,100,97.5,4801000,4682000,20,20,0,2025-04-17,-2.48,0.975,100.0,3,Low
202510,113,100,100,4801000,4828000,20,20,0,2025-04-14,0,1.006,100.0,0,Low
202511,113,100,97.7,4801000,4691000,20,20,0,2025-04-16,-2.3,0.977,100.0,2,Low
202512,113,100,95.8,4801000,4599000,20,19,1,2025-04-19,-4.21,0.958,95.0,5,Low
202601,113,100,96.2,4801000,4616000,20,19,1,2025-04-18,-3.85,0.962,95.0,4,Low
202602,113,100,97.2,4801000,4668000,20,19,1,2025-04-17,-2.78,0.972,95.0,3,Low
202603,113,100,99.0,4801000,4753000,20,20,0,2025-04-15,-1.0,0.99,100.0,1,Low
202604,113,100,96.2,4801000,4621000,20,19,1,2025-04-18,-3.76,0.962,95.0,4,Low
202605,113,100,97.8,4801000,4694000,20,20,0,2025-04-16,-2.22,0.978,100.0,2,Low
202606,113,100,99.2,4801000,4765000,20,20,0,2025-04-14,-0.76,0.992,100.0,0,Low
202607,113,100,98.0,4801000,4704000,20,20,0,2025-04-16,-2.01,0.98,100.0,2,Low
202608,113,100,97.3,4801000,4669000,20,19,1,2025-04-17,-2.75,0.973,95.0,3,Low
202609,113,100,96.4,4801000,4630000,20,19,1,2025-04-18,-3.55,0.964,95.0,4,Low
202610,113,100,97.5,4801000,4681000,20,20,0,2025-04-17,-2.49,0.975,100.0,3,Low
202611,113,100,98.6,4801000,4735000,20,20,0,2025-04-15,-1.37,0.986,100.0,1,Low
202612,113,100,97.1,4801000,4662000,20,19,1,2025-04-17,-2.9,0.971,95.0,3,Low
202501,114,0,0,0,0,1,1,0,2026-07-17,0,0.947,100.0,4,Low
202502,114,0,0,0,0,1,1,0,2026-07-14,0,0.978,100.0,1,Low
202503,114,0,0,0,0,1,1,0,2026-07-14,0,0.979,100.0,1,Low
202504,114,0,0,0,0,1,1,0,2026-07-17,0,0.95,100.0,4,Low
202505,114,0,0,0,0,1,1,0,2026-07-17,0,0.951,100.0,4,Low
202506,114,0,0,0,0,1,1,0,2026-07-14,0,0.982,100.0,1,Low
202507,114,0,0,0,0,1,1,0,2026-07-16,0,0.961,100.0,3,Low
202508,114,0,0,0,0,1,1,0,2026-07-15,0,0.968,100.0,2,Low
202509,114,0,0,0,0,1,1,0,2026-07-15,0,0.975,100.0,2,Low
202510,114,0,0,0,0,1,1,0,2026-07-17,0,0.947,100.0,4,Low
202511,114,0,0,0,0,1,1,0,2026-07-17,0,0.95,100.0,4,Low
202512,114,0,0,0,0,1,1,0,2026-07-16,0,0.964,100.0,3,Low
202601,114,15.5,15.1,3135000,3037000,3,3,0,2026-07-15,-0.48,0.969,100.0,2,Low
202602,114,30.1,29.3,6061000,5917000,6,6,0,2026-07-15,-0.71,0.976,100.0,2,Low
202603,114,46.1,44.8,9300000,9045000,9,9,0,2026-07-15,-1.26,0.973,100.0,2,Low
202604,114,61.7,59.4,12435000,11972000,12,12,0,2026-07-16,-2.3,0.963,100.0,3,Low
202605,114,77.7,73.4,15675000,14799000,16,15,1,2026-07-17,-4.34,0.944,93.8,4,Low
202606,114,93.3,89.8,18810000,18104000,19,18,1,2026-07-16,-3.5,0.962,94.7,3,Low
202607,114,100,94.5,20168000,19056000,20,19,1,2026-07-17,-5.51,0.945,95.0,4,Low
202608,114,100,98.2,20168000,19808000,20,20,0,2026-07-14,-1.78,0.982,100.0,1,Low
202609,114,100,97.4,20168000,19646000,20,19,1,2026-07-15,-2.59,0.974,95.0,2,Low
202610,114,100,94.7,20168000,19098000,20,19,1,2026-07-17,-5.31,0.947,95.0,4,Low
202611,114,100,97.7,20168000,19701000,20,20,0,2026-07-15,-2.32,0.977,100.0,2,Low
202612,114,100,94.3,20168000,19022000,20,19,1,2026-07-17,-5.68,0.943,95.0,4,Low
202501,115,38.6,27.3,1348000,952000,8,6,2,2026-06-29,-11.35,0.706,75.0,91,High
202502,115,42.7,29.9,1490000,1045000,9,6,3,2026-06-30,-12.75,0.701,66.7,92,High
202503,115,47.2,32.6,1647000,1137000,9,6,3,2026-07-04,-14.61,0.69,66.7,96,High
202504,115,51.5,35.3,1799000,1233000,10,7,3,2026-07-05,-16.2,0.686,70.0,97,High
202505,115,56.0,38.6,1956000,1346000,11,8,3,2026-07-04,-17.47,0.688,72.7,96,High
202506,115,60.4,42.8,2108000,1496000,12,9,3,2026-06-28,-17.55,0.709,75.0,90,High
202507,115,64.9,44.5,2265000,1552000,13,9,4,2026-07-05,-20.42,0.685,69.2,97,High
202508,115,69.4,47.0,2423000,1643000,14,9,5,2026-07-07,-22.33,0.678,64.3,99,High
202509,115,73.7,51.4,2575000,1795000,15,10,5,2026-07-01,-22.33,0.697,66.7,93,High
202510,115,78.2,54.0,2732000,1886000,16,11,5,2026-07-04,-24.23,0.69,68.8,96,High
202511,115,82.6,58.6,2884000,2048000,17,12,5,2026-06-27,-23.94,0.71,70.6,89,High
202512,115,87.1,57.3,3041000,2003000,17,11,6,2026-07-13,-29.74,0.659,64.7,105,High
202601,115,91.6,63.8,3198000,2226000,18,13,5,2026-07-02,-27.83,0.696,72.2,94,High
202602,115,95.6,62.2,3340000,2174000,19,12,7,2026-07-16,-33.4,0.651,63.2,108,High
202603,115,100,65.6,3492000,2289000,20,13,7,2026-07-14,-34.44,0.656,65.0,106,High
202604,115,100,64.3,3492000,2246000,20,13,7,2026-07-18,-35.68,0.643,65.0,110,High
202605,115,100,67.2,3492000,2348000,20,13,7,2026-07-09,-32.75,0.672,65.0,101,High
202606,115,100,64.5,3492000,2252000,20,13,7,2026-07-18,-35.51,0.645,65.0,110,High
202607,115,100,65.3,3492000,2279000,20,13,7,2026-07-15,-34.75,0.653,65.0,107,High
202608,115,100,67.5,3492000,2357000,20,14,6,2026-07-08,-32.49,0.675,70.0,100,High
202609,115,100,67.1,3492000,2343000,20,13,7,2026-07-09,-32.89,0.671,65.0,101,High
202610,115,100,65.1,3492000,2273000,20,13,7,2026-07-16,-34.9,0.651,65.0,108,High
202611,115,100,63.7,3492000,2224000,20,13,7,2026-07-20,-36.31,0.637,65.0,112,High
202612,115,100,65.5,3492000,2286000,20,13,7,2026-07-15,-34.53,0.655,65.0,107,High
202501,116,100,95.3,9800000,9336000,20,19,1,2024-12-14,-4.73,0.953,95.0,4,Low
202502,116,100,97.4,9800000,9544000,20,19,1,2024-12-12,-2.61,0.974,95.0,2,Low
202503,116,100,97.2,9800000,9529000,20,19,1,2024-12-12,-2.77,0.972,95.0,2,Low
202504,116,100,96.3,9800000,9438000,20,19,1,2024-12-13,-3.69,0.963,95.0,3,Low
202505,116,100,94.3,9800000,9242000,20,19,1,2024-12-14,-5.69,0.943,95.0,4,Low
202506,116,100,97.6,9800000,9569000,20,20,0,2024-12-12,-2.36,0.976,100.0,2,Low
202507,116,100,95.0,9800000,9309000,20,19,1,2024-12-14,-5.01,0.95,95.0,4,Low
202508,116,100,98.2,9800000,9626000,20,20,0,2024-12-11,-1.77,0.982,100.0,1,Low
202509,116,100,99.8,9800000,9776000,20,20,0,2024-12-10,-0.24,0.998,100.0,0,Low
202510,116,100,97.0,9800000,9509000,20,19,1,2024-12-12,-2.96,0.97,95.0,2,Low
202511,116,100,95.3,9800000,9339000,20,19,1,2024-12-14,-4.7,0.953,95.0,4,Low
202512,116,100,95.7,9800000,9383000,20,19,1,2024-12-13,-4.25,0.957,95.0,3,Low
202601,116,100,98.1,9800000,9616000,20,20,0,2024-12-11,-1.88,0.981,100.0,1,Low
202602,116,100,97.4,9800000,9543000,20,19,1,2024-12-12,-2.62,0.974,95.0,2,Low
202603,116,100,98.1,9800000,9610000,20,20,0,2024-12-11,-1.94,0.981,100.0,1,Low
202604,116,100,98.0,9800000,9607000,20,20,0,2024-12-11,-1.96,0.98,100.0,1,Low
202605,116,100,94.8,9800000,9292000,20,19,1,2024-12-14,-5.18,0.948,95.0,4,Low
202606,116,100,96.8,9800000,9482000,20,19,1,2024-12-12,-3.24,0.968,95.0,2,Low
202607,116,100,96.3,9800000,9440000,20,19,1,2024-12-13,-3.67,0.963,95.0,3,Low
202608,116,100,98.6,9800000,9667000,20,20,0,2024-12-11,-1.36,0.986,100.0,1,Low
202609,116,100,94.6,9800000,9272000,20,19,1,2024-12-14,-5.39,0.946,95.0,4,Low
202610,116,100,94.5,9800000,9258000,20,19,1,2024-12-14,-5.53,0.945,95.0,4,Low
202611,116,100,98.1,9800000,9616000,20,20,0,2024-12-11,-1.88,0.981,100.0,1,Low
202612,116,100,97.6,9800000,9569000,20,20,0,2024-12-12,-2.35,0.976,100.0,2,Low
202501,117,0,0,0,0,1,1,0,2026-07-08,0,1.0,100.0,0,Low
202502,117,1.8,1.8,100000,99000,1,1,0,2026-07-12,-0.03,0.981,100.0,4,Low
202503,117,7.9,7.8,447000,437000,2,2,0,2026-07-12,-0.17,0.979,100.0,4,Low
202504,117,13.9,13.6,782000,767000,3,3,0,2026-07-12,-0.27,0.981,100.0,4,Low
202505,117,20.0,19.5,1128000,1099000,4,4,0,2026-07-13,-0.51,0.975,100.0,5,Low
202506,117,26.0,26.4,1463000,1488000,5,5,0,2026-07-08,0.45,1.017,100.0,0,Low
202507,117,32.1,32.6,1809000,1833000,6,6,0,2026-07-08,0.42,1.013,100.0,0,Low
202508,117,38.3,37.4,2155000,2103000,8,8,0,2026-07-13,-0.92,0.976,100.0,5,Low
202509,117,44.2,44.7,2490000,2516000,9,9,0,2026-07-08,0.47,1.011,100.0,0,Low
202510,117,50.4,51.5,2836000,2898000,10,10,0,2026-07-08,1.1,1.022,100.0,0,Low
202511,117,56.3,56.6,3171000,3186000,11,11,0,2026-07-08,0.27,1.005,100.0,0,Low
202512,117,62.5,63.9,3517000,3594000,12,12,0,2026-07-08,1.38,1.022,100.0,0,Low
202601,117,68.7,67.3,3863000,3789000,14,14,0,2026-07-12,-1.32,0.981,100.0,4,Low
202602,117,74.2,73.9,4176000,4159000,15,15,0,2026-07-08,-0.3,0.996,100.0,0,Low
202603,117,80.4,81.3,4522000,4573000,16,16,0,2026-07-08,0.91,1.011,100.0,0,Low
202604,117,86.3,85.0,4857000,4781000,17,17,0,2026-07-11,-1.34,0.984,100.0,3,Low
202605,117,92.5,92.6,5203000,5210000,18,18,0,2026-07-08,0.14,1.001,100.0,0,Low
202606,117,98.4,99.5,5538000,5601000,20,20,0,2026-07-08,1.12,1.011,100.0,0,Low
202607,117,100,100,5627000,5760000,20,20,0,2026-07-08,0,1.024,100.0,0,Low
202608,117,100,100,5627000,5746000,20,20,0,2026-07-08,0,1.021,100.0,0,Low
202609,117,100,98.2,5627000,5527000,20,20,0,2026-07-12,-1.78,0.982,100.0,4,Low
202610,117,100,98.4,5627000,5538000,20,20,0,2026-07-11,-1.59,0.984,100.0,3,Low
202611,117,100,100,5627000,5754000,20,20,0,2026-07-08,0,1.023,100.0,0,Low
202612,117,100,98.6,5627000,5551000,20,20,0,2026-07-11,-1.36,0.986,100.0,3,Low
202501,118,0,0,0,0,1,1,0,2027-09-30,0,0.866,100.0,36,Medium
202502,118,0,0,0,0,1,1,0,2027-10-07,0,0.839,100.0,43,Medium
202503,118,0,0,0,0,1,1,0,2027-10-07,0,0.84,100.0,43,Medium
202504,118,0,0,0,0,1,1,0,2027-10-06,0,0.842,100.0,42,Medium
202505,118,0,0,0,0,1,1,0,2027-10-12,0,0.82,100.0,48,Medium
202506,118,0,0,0,0,1,1,0,2027-10-11,0,0.825,100.0,47,Medium
202507,118,0,0,0,0,1,1,0,2027-10-15,0,0.81,100.0,51,Medium
202508,118,0,0,0,0,1,1,0,2027-10-14,0,0.813,100.0,50,Medium
202509,118,0,0,0,0,1,1,0,2027-10-08,0,0.835,100.0,44,Medium
202510,118,0,0,0,0,1,1,0,2027-10-12,0,0.821,100.0,48,Medium
202511,118,0,0,0,0,1,1,0,2027-10-12,0,0.82,100.0,48,Medium
202512,118,0,0,0,0,1,1,0,2027-10-11,0,0.823,100.0,47,Medium
202601,118,5.0,3.9,166000,131000,1,1,0,2027-10-21,-1.07,0.787,100.0,57,High
202602,118,9.7,7.4,322000,248000,2,2,0,2027-10-26,-2.22,0.769,100.0,62,High
202603,118,14.8,11.4,494000,379000,3,2,1,2027-10-26,-3.43,0.768,66.7,62,High
202604,118,19.8,15.4,660000,513000,4,3,1,2027-10-24,-4.41,0.777,75.0,60,High
202605,118,25.0,19.2,832000,639000,5,4,1,2027-10-26,-5.79,0.768,80.0,62,High
202606,118,30.0,23.9,999000,796000,6,5,1,2027-10-18,-6.09,0.797,83.3,54,High
202607,118,35.1,27.3,1171000,909000,7,5,2,2027-10-24,-7.84,0.777,71.4,60,High
202608,118,40.3,30.9,1343000,1029000,8,6,2,2027-10-27,-9.4,0.767,75.0,63,High
202609,118,45.3,34.4,1509000,1146000,9,7,2,2027-10-29,-10.88,0.76,77.8,65,High
202610,118,50.4,38.7,1681000,1292000,10,8,2,2027-10-26,-11.67,0.768,80.0,62,High
202611,118,55.4,43.3,1848000,1443000,11,9,2,2027-10-23,-12.14,0.781,81.8,59,High
202612,118,60.6,47.7,2020000,1590000,12,9,3,2027-10-21,-12.9,0.787,75.0,57,High
202501,119,0,0,0,0,1,1,0,2026-10-20,0,1.011,100.0,0,Low
202502,119,0,0,0,0,1,1,0,2026-10-20,0,1.041,100.0,0,Low
202503,119,0,0,0,0,1,1,0,2026-10-20,0,1.017,100.0,0,Low
202504,119,0,0,0,0,1,1,0,2026-10-20,0,1.009,100.0,0,Low
202505,119,0,0,0,0,1,1,0,2026-10-20,0,1.004,100.0,0,Low
202506,119,5.2,5.2,258000,261000,1,1,0,2026-10-20,0.08,1.015,100.0,0,Low
202507,119,11.3,11.5,565000,575000,2,2,0,2026-10-20,0.2,1.018,100.0,0,Low
202508,119,17.5,17.6,872000,877000,3,3,0,2026-10-20,0.11,1.007,100.0,0,Low
202509,119,23.5,23.7,1169000,1183000,5,5,0,2026-10-20,0.29,1.012,100.0,0,Low
202510,119,29.6,31.0,1476000,1545000,6,6,0,2026-10-20,1.38,1.047,100.0,0,Low
202511,119,35.6,36.8,1773000,1835000,7,7,0,2026-10-20,1.23,1.035,100.0,0,Low
202512,119,41.7,42.2,2080000,2101000,8,8,0,2026-10-20,0.42,1.01,100.0,0,Low
202601,119,47.9,49.7,2387000,2477000,10,10,0,2026-10-20,1.79,1.037,100.0,0,Low
202602,119,53.5,55.7,2665000,2775000,11,11,0,2026-10-20,2.2,1.041,100.0,0,Low
202603,119,59.6,59.6,2972000,2968000,12,12,0,2026-10-20,-0.07,0.999,100.0,0,Low
202604,119,65.6,67.7,3269000,3373000,13,13,0,2026-10-20,2.08,1.032,100.0,0,Low
202605,119,71.8,74.3,3576000,3705000,14,14,0,2026-10-20,2.57,1.036,100.0,0,Low
202606,119,77.7,80.7,3873000,4021000,16,16,0,2026-10-20,2.96,1.038,100.0,0,Low
202607,119,83.9,84.2,4181000,4195000,17,17,0,2026-10-20,0.29,1.003,100.0,0,Low
202608,119,90.1,91.5,4488000,4559000,18,18,0,2026-10-20,1.43,1.016,100.0,0,Low
202609,119,96.0,99.6,4785000,4961000,19,19,0,2026-10-20,3.53,1.037,100.0,0,Low
202610,119,100,100,4983000,4988000,20,20,0,2026-10-20,0,1.001,100.0,0,Low
202611,119,100,100,4983000,5069000,20,20,0,2026-10-20,0,1.017,100.0,0,Low
202612,119,100,100,4983000,5053000,20,20,0,2026-10-20,0,1.014,100.0,0,Low
202501,120,0,0,0,0,1,1,0,2028-09-01,0,1.002,100.0,0,Low
202502,120,0,0,0,0,1,1,0,2028-09-02,0,0.996,100.0,1,Low
202503,120,0,0,0,0,1,1,0,2028-09-17,0,0.961,100.0,16,Low
202504,120,0,0,0,0,1,1,0,2028-09-04,0,0.991,100.0,3,Low
202505,120,0,0,0,0,1,1,0,2028-09-14,0,0.967,100.0,13,Low
202506,120,0,0,0,0,1,1,0,2028-09-14,0,0.967,100.0,13,Low
202507,120,0,0,0,0,1,1,0,2028-09-09,0,0.98,100.0,8,Low
202508,120,0,0,0,0,1,1,0,2028-09-07,0,0.984,100.0,6,Low
202509,120,0,0,0,0,1,1,0,2028-09-08,0,0.982,100.0,7,Low
202510,120,0,0,0,0,1,1,0,2028-09-02,0,0.996,100.0,1,Low
202511,120,0,0,0,0,1,1,0,2028-09-16,0,0.964,100.0,15,Low
202512,120,0,0,0,0,1,1,0,2028-09-07,0,0.985,100.0,6,Low
202601,120,0,0,0,0,1,1,0,2028-09-04,0,0.991,100.0,3,Low
202602,120,1.3,1.2,18000,17000,1,1,0,2028-09-18,-0.06,0.957,100.0,17,Low
202603,120,4.6,4.6,65000,65000,1,1,0,2028-09-04,-0.04,0.991,100.0,3,Low
202604,120,7.9,7.6,111000,106000,2,2,0,2028-09-16,-0.29,0.963,100.0,15,Low
202605,120,11.2,11.0,158000,154000,2,2,0,2028-09-09,-0.24,0.979,100.0,8,Low
202606,120,14.4,13.9,203000,196000,3,3,0,2028-09-15,-0.51,0.965,100.0,14,Low
202607,120,17.8,17.1,250000,240000,4,4,0,2028-09-17,-0.69,0.961,100.0,16,Low
202608,120,21.1,20.8,297000,292000,4,4,0,2028-09-07,-0.34,0.984,100.0,6,Low
202609,120,24.4,24.1,342000,339000,5,5,0,2028-09-04,-0.22,0.991,100.0,3,Low
202610,120,27.7,26.8,389000,376000,6,6,0,2028-09-15,-0.94,0.966,100.0,14,Low
202611,120,30.9,30.6,435000,430000,6,6,0,2028-09-05,-0.35,0.989,100.0,4,Low
202612,120,34.3,33.3,482000,468000,7,7,0,2028-09-12,-0.98,0.971,100.0,11,Low
202501,121,41.4,34.2,207000,171000,8,7,1,2026-07-08,-7.17,0.827,87.5,61,Medium
202502,121,44.9,36.3,225000,182000,9,7,2,2026-07-14,-8.61,0.808,77.8,67,Medium
202503,121,48.9,38.0,244000,190000,10,8,2,2026-07-25,-10.88,0.777,80.0,78,High
202504,121,52.7,41.3,263000,206000,11,9,2,2026-07-23,-11.37,0.784,81.8,76,High
202505,121,56.6,43.9,283000,220000,11,9,2,2026-07-26,-12.68,0.776,81.8,79,High
202506,121,60.4,46.2,302000,231000,12,9,3,2026-07-30,-14.24,0.764,75.0,83,High
202507,121,64.3,49.5,322000,248000,13,10,3,2026-07-28,-14.82,0.77,76.9,81,High
202508,121,68.3,53.8,341000,269000,14,11,3,2026-07-22,-14.44,0.788,78.6,75,High
202509,121,72.1,55.6,360000,278000,14,11,3,2026-07-28,-16.47,0.772,78.6,81,High
202510,121,76.0,58.2,380000,291000,15,11,4,2026-07-30,-17.82,0.766,73.3,83,High
202511,121,79.8,60.3,399000,302000,16,12,4,2026-08-02,-19.47,0.756,75.0,86,High
202512,121,83.8,63.4,419000,317000,17,13,4,2026-08-02,-20.36,0.757,76.5,86,High
202601,121,87.7,67.0,438000,335000,18,14,4,2026-07-30,-20.68,0.764,77.8,83,High
202602,121,91.2,67.5,456000,337000,18,13,5,2026-08-08,-23.75,0.74,72.2,92,High
202603,121,95.2,78.3,476000,392000,19,16,3,2026-07-09,-16.84,0.823,84.2,62,Medium
202604,121,99.0,82.3,495000,411000,20,17,3,2026-07-06,-16.69,0.831,85.0,59,Medium
202605,121,100,86.9,500000,434000,20,17,3,2026-06-23,-13.12,0.869,85.0,46,Medium
202606,121,100,89.1,500000,445000,20,18,2,2026-06-15,-10.95,0.891,90.0,38,Medium
202607,121,100,88.8,500000,444000,20,18,2,2026-06-16,-11.17,0.888,90.0,39,Medium
202608,121,100,91.1,500000,455000,20,18,2,2026-06-08,-8.93,0.911,90.0,31,Medium
202609,121,100,93.3,500000,467000,20,19,1,2026-05-31,-6.69,0.933,95.0,23,Low
202610,121,100,95.2,500000,476000,20,19,1,2026-05-25,-4.81,0.952,95.0,17,Low
202611,121,100,98.9,500000,494000,20,20,0,2026-05-11,-1.1,0.989,100.0,3,Low
202612,121,100,99.0,500000,495000,20,20,0,2026-05-11,-1.0,0.99,100.0,3,Low
202501,122,0,0,0,0,1,1,0,2028-02-24,0,1.011,100.0,0,Low
202502,122,0,0,0,0,1,1,0,2028-02-24,0,1.023,100.0,0,Low
202503,122,0,0,0,0,1,1,0,2028-03-02,0,0.981,100.0,7,Low
202504,122,0,0,0,0,1,1,0,2028-02-24,0,0.998,100.0,0,Low
202505,122,0,0,0,0,1,1,0,2028-02-24,0,1.002,100.0,0,Low
202506,122,0,0,0,0,1,1,0,2028-02-26,0,0.994,100.0,2,Low
202507,122,0,0,0,0,1,1,0,2028-02-24,0,1.002,100.0,0,Low
202508,122,0,0,0,0,1,1,0,2028-02-24,0,1.003,100.0,0,Low
202509,122,0,0,0,0,1,1,0,2028-02-24,0,1.012,100.0,0,Low
202510,122,0,0,0,0,1,1,0,2028-02-24,0,1.001,100.0,0,Low
202511,122,2.2,2.1,64000,63000,1,1,0,2028-03-01,-0.04,0.982,100.0,6,Low
202512,122,5.9,6.0,175000,179000,1,1,0,2028-02-24,0.13,1.021,100.0,0,Low
202601,122,9.6,9.4,286000,281000,2,2,0,2028-03-02,-0.18,0.981,100.0,7,Low
202602,122,12.9,13.2,386000,393000,3,3,0,2028-02-24,0.24,1.018,100.0,0,Low
202603,122,16.7,16.5,497000,491000,3,3,0,2028-02-28,-0.19,0.989,100.0,4,Low
202604,122,20.3,20.4,604000,610000,4,4,0,2028-02-24,0.18,1.009,100.0,0,Low
202605,122,24.0,23.6,715000,704000,5,5,0,2028-02-29,-0.36,0.985,100.0,5,Low
202606,122,27.6,27.7,822000,826000,6,6,0,2028-02-24,0.13,1.005,100.0,0,Low
202607,122,31.3,31.9,933000,951000,6,6,0,2028-02-24,0.61,1.019,100.0,0,Low
202608,122,35.0,35.3,1044000,1052000,7,7,0,2028-02-24,0.26,1.007,100.0,0,Low
202609,122,38.6,38.8,1151000,1156000,8,8,0,2028-02-24,0.15,1.004,100.0,0,Low
202610,122,42.3,42.7,1262000,1273000,8,8,0,2028-02-24,0.36,1.008,100.0,0,Low
202611,122,45.9,46.7,1369000,1392000,9,9,0,2028-02-24,0.76,1.017,100.0,0,Low
202612,122,49.6,50.0,1480000,1490000,10,10,0,2028-02-24,0.33,1.007,100.0,0,Low
202501,123,0,0,0,0,1,1,0,2027-11-06,0,1.044,100.0,0,Low
202502,123,0,0,0,0,1,1,0,2027-11-06,0,1.035,100.0,0,Low
202503,123,0,0,0,0,1,1,0,2027-11-06,0,1.013,100.0,0,Low
202504,123,0,0,0,0,1,1,0,2027-11-06,0,1.014,100.0,0,Low
202505,123,0,0,0,0,1,1,0,2027-11-06,0,1.012,100.0,0,Low
202506,123,0,0,0,0,1,1,0,2027-11-06,0,1.039,100.0,0,Low
202507,123,0,0,0,0,1,1,0,2027-11-06,0,1.01,100.0,0,Low
202508,123,0,0,0,0,1,1,0,2027-11-06,0,1.02,100.0,0,Low
202509,123,0.3,0.3,10000,10000,1,1,0,2027-11-06,0.0,1.004,100.0,0,Low
202510,123,4.3,4.3,158000,158000,1,1,0,2027-11-06,0.0,1.0,100.0,0,Low
202511,123,8.2,8.2,301000,302000,2,2,0,2027-11-06,0.01,1.002,100.0,0,Low
202512,123,12.2,12.6,450000,462000,2,2,0,2027-11-06,0.33,1.027,100.0,0,Low
202601,123,16.3,16.3,598000,599000,3,3,0,2027-11-06,0.04,1.002,100.0,0,Low
202602,123,19.9,20.6,732000,757000,4,4,0,2027-11-06,0.7,1.035,100.0,0,Low
202603,123,23.9,24.3,880000,893000,5,5,0,2027-11-06,0.36,1.015,100.0,0,Low
202604,123,27.8,28.2,1024000,1038000,6,6,0,2027-11-06,0.39,1.014,100.0,0,Low
202605,123,31.9,32.8,1172000,1207000,6,6,0,2027-11-06,0.95,1.03,100.0,0,Low
202606,123,35.8,36.1,1315000,1329000,7,7,0,2027-11-06,0.38,1.011,100.0,0,Low
202607,123,39.8,39.8,1464000,1462000,8,8,0,2027-11-06,-0.03,0.999,100.0,0,Low
202608,123,43.8,43.8,1612000,1610000,9,9,0,2027-11-06,-0.06,0.999,100.0,0,Low
202609,123,47.7,48.7,1755000,1790000,10,10,0,2027-11-06,0.95,1.02,100.0,0,Low
202610,123,51.8,53.2,1904000,1958000,10,10,0,2027-11-06,1.48,1.029,100.0,0,Low
202611,123,55.7,56.9,2047000,2091000,11,11,0,2027-11-06,1.2,1.021,100.0,0,Low
202612,123,59.7,60.9,2195000,2241000,12,12,0,2027-11-06,1.25,1.021,100.0,0,Low
202501,124,57.7,58.4,1665000,1688000,12,12,0,2025-11-12,0.8,1.014,100.0,0,Low
202502,124,61.8,63.7,1785000,1840000,12,12,0,2025-11-12,1.89,1.031,100.0,0,Low
202503,124,66.4,67.6,1918000,1953000,13,13,0,2025-11-12,1.2,1.018,100.0,0,Low
202504,124,70.9,71.9,2047000,2077000,14,14,0,2025-11-12,1.05,1.015,100.0,0,Low
202505,124,75.5,74.3,2180000,2147000,15,15,0,2025-11-16,-1.14,0.985,100.0,4,Low
202506,124,79.9,78.7,2309000,2273000,16,16,0,2025-11-16,-1.24,0.985,100.0,4,Low
202507,124,84.5,86.2,2442000,2489000,17,17,0,2025-11-12,1.62,1.019,100.0,0,Low
202508,124,89.2,89.2,2575000,2575000,18,18,0,2025-11-12,0.01,1.0,100.0,0,Low
202509,124,93.6,97.1,2703000,2804000,19,19,0,2025-11-12,3.47,1.037,100.0,0,Low
202510,124,98.2,98.2,2837000,2835000,20,20,0,2025-11-12,-0.05,0.999,100.0,0,Low
202511,124,100,100,2888000,2926000,20,20,0,2025-11-12,0,1.013,100.0,0,Low
202512,124,100,100,2888000,2937000,20,20,0,2025-11-12,0,1.017,100.0,0,Low
202601,124,100,99.4,2888000,2871000,20,20,0,2025-11-13,-0.6,0.994,100.0,1,Low
202602,124,100,99.3,2888000,2868000,20,20,0,2025-11-14,-0.7,0.993,100.0,2,Low
202603,124,100,98.1,2888000,2832000,20,20,0,2025-11-17,-1.93,0.981,100.0,5,Low
202604,124,100,97.8,2888000,2826000,20,20,0,2025-11-18,-2.16,0.978,100.0,6,Low
202605,124,100,100,2888000,2958000,20,20,0,2025-11-12,0,1.024,100.0,0,Low
202606,124,100,99.2,2888000,2864000,20,20,0,2025-11-14,-0.83,0.992,100.0,2,Low
202607,124,100,100,2888000,2902000,20,20,0,2025-11-12,0,1.005,100.0,0,Low
202608,124,100,100,2888000,2917000,20,20,0,2025-11-12,0,1.01,100.0,0,Low
202609,124,100,99.1,2888000,2862000,20,20,0,2025-11-14,-0.9,0.991,100.0,2,Low
202610,124,100,100,2888000,2925000,20,20,0,2025-11-12,0,1.013,100.0,0,Low
202611,124,100,100.0,2888000,2888000,20,20,0,2025-11-12,-0.01,1.0,100.0,0,Low
202612,124,100,100,2888000,2922000,20,20,0,2025-11-12,0,1.012,100.0,0,Low
202501,125,42.8,41.2,2510000,2417000,9,9,0,2025-08-03,-1.59,0.963,100.0,5,Low
202502,125,51.8,48.8,3035000,2859000,10,9,1,2025-08-06,-3.0,0.942,90.0,8,Low
202503,125,61.7,57.8,3616000,3392000,12,11,1,2025-08-06,-3.82,0.938,91.7,8,Low
202504,125,71.2,68.8,4178000,4036000,14,14,0,2025-08-02,-2.41,0.966,100.0,4,Low
202505,125,81.2,79.5,4759000,4660000,16,16,0,2025-07-31,-1.69,0.979,100.0,2,Low
202506,125,90.7,86.2,5321000,5053000,18,17,1,2025-08-05,-4.57,0.95,94.4,7,Low
202507,125,100,96.1,5864000,5636000,20,19,1,2025-08-03,-3.89,0.961,95.0,5,Low
202508,125,100,97.6,5864000,5726000,20,20,0,2025-08-01,-2.36,0.976,100.0,3,Low
202509,125,100,97.1,5864000,5692000,20,19,1,2025-08-02,-2.94,0.971,95.0,4,Low
202510,125,100,95.7,5864000,5610000,20,19,1,2025-08-04,-4.33,0.957,95.0,6,Low
202511,125,100,97.9,5864000,5741000,20,20,0,2025-07-31,-2.09,0.979,100.0,2,Low
202512,125,100,94.5,5864000,5541000,20,19,1,2025-08-05,-5.5,0.945,95.0,7,Low
202601,125,100,97.0,5864000,5689000,20,19,1,2025-08-02,-2.98,0.97,95.0,4,Low
202602,125,100,97.5,5864000,5717000,20,19,1,2025-08-01,-2.51,0.975,95.0,3,Low
202603,125,100,95.1,5864000,5577000,20,19,1,2025-08-04,-4.89,0.951,95.0,6,Low
202604,125,100,93.9,5864000,5508000,20,19,1,2025-08-06,-6.07,0.939,95.0,8,Low
202605,125,100,97.3,5864000,5705000,20,19,1,2025-08-01,-2.72,0.973,95.0,3,Low
202606,125,100,94.5,5864000,5540000,20,19,1,2025-08-05,-5.52,0.945,95.0,7,Low
202607,125,100,95.7,5864000,5610000,20,19,1,2025-08-04,-4.33,0.957,95.0,6,Low
202608,125,100,97.4,5864000,5712000,20,19,1,2025-08-01,-2.59,0.974,95.0,3,Low
202609,125,100,96.8,5864000,5679000,20,19,1,2025-08-02,-3.16,0.968,95.0,4,Low
202610,125,100,96.9,5864000,5679000,20,19,1,2025-08-02,-3.15,0.969,95.0,4,Low
202611,125,100,95.8,5864000,5617000,20,19,1,2025-08-03,-4.21,0.958,95.0,5,Low
202612,125,100,93.6,5864000,5487000,20,19,1,2025-08-07,-6.43,0.936,95.0,9,Low
202501,126,0,0,0,0,1,1,0,2027-09-26,0,1.005,100.0,0,Low
202502,126,0,0,0,0,1,1,0,2027-09-26,0,1.006,100.0,0,Low
202503,126,0,0,0,0,1,1,0,2027-10-05,0,0.976,100.0,9,Low
202504,126,2.5,2.5,55000,53000,1,1,0,2027-10-06,-0.06,0.975,100.0,10,Low
202505,126,6.0,6.0,128000,130000,1,1,0,2027-09-26,0.06,1.009,100.0,0,Low
202506,126,9.3,9.1,200000,196000,2,2,0,2027-10-03,-0.18,0.98,100.0,7,Low
202507,126,12.7,12.3,273000,264000,3,3,0,2027-10-09,-0.41,0.968,100.0,13,Low
202508,126,16.2,16.2,347000,346000,3,3,0,2027-09-26,-0.03,0.998,100.0,0,Low
202509,126,19.5,19.1,418000,409000,4,4,0,2027-10-04,-0.42,0.978,100.0,8,Low
202510,126,22.9,22.5,492000,483000,5,5,0,2027-10-03,-0.41,0.982,100.0,7,Low
202511,126,26.3,25.6,563000,548000,5,5,0,2027-10-06,-0.68,0.974,100.0,10,Low
202512,126,29.7,29.1,637000,624000,6,6,0,2027-10-04,-0.59,0.98,100.0,8,Low
202601,126,33.1,32.7,710000,701000,7,7,0,2027-10-01,-0.44,0.987,100.0,5,Low
202602,126,36.3,34.8,777000,746000,7,7,0,2027-10-12,-1.45,0.96,100.0,16,Low
202603,126,39.7,39.3,851000,842000,8,8,0,2027-09-30,-0.41,0.99,100.0,4,Low
202604,126,43.0,41.5,922000,889000,9,9,0,2027-10-10,-1.53,0.965,100.0,14,Low
202605,126,46.5,45.9,995000,984000,9,9,0,2027-09-30,-0.54,0.988,100.0,4,Low
202606,126,49.8,49.9,1067000,1070000,10,10,0,2027-09-26,0.16,1.003,100.0,0,Low
202607,126,53.2,51.4,1140000,1101000,11,11,0,2027-10-10,-1.84,0.965,100.0,14,Low
202608,126,56.7,56.6,1214000,1212000,11,11,0,2027-09-26,-0.09,0.998,100.0,0,Low
202609,126,60.0,60.7,1285000,1300000,12,12,0,2027-09-26,0.68,1.011,100.0,0,Low
202610,126,63.4,62.3,1359000,1335000,13,13,0,2027-10-03,-1.1,0.983,100.0,7,Low
202611,126,66.7,66.7,1430000,1429000,13,13,0,2027-09-26,-0.04,0.999,100.0,0,Low
202612,126,70.2,69.5,1504000,1490000,14,14,0,2027-09-29,-0.63,0.991,100.0,3,Low
202501,127,100,100,1615000,1652000,20,20,0,2024-11-14,0,1.023,100.0,0,Low
202502,127,100,100,1615000,1653000,20,20,0,2024-11-14,0,1.024,100.0,0,Low
202503,127,100,98.7,1615000,1594000,20,20,0,2024-11-15,-1.29,0.987,100.0,1,Low
202504,127,100,98.6,1615000,1593000,20,20,0,2024-11-15,-1.38,0.986,100.0,1,Low
202505,127,100,100,1615000,1645000,20,20,0,2024-11-14,0,1.019,100.0,0,Low
202506,127,100,97.7,1615000,1578000,20,20,0,2024-11-16,-2.31,0.977,100.0,2,Low
202507,127,100,100,1615000,1627000,20,20,0,2024-11-14,0,1.007,100.0,0,Low
202508,127,100,98.2,1615000,1586000,20,20,0,2024-11-15,-1.77,0.982,100.0,1,Low
202509,127,100,100,1615000,1625000,20,20,0,2024-11-14,0,1.006,100.0,0,Low
202510,127,100,98.9,1615000,1597000,20,20,0,2024-11-15,-1.12,0.989,100.0,1,Low
202511,127,100,98.0,1615000,1583000,20,20,0,2024-11-15,-1.97,0.98,100.0,1,Low
202512,127,100,100,1615000,1637000,20,20,0,2024-11-14,0,1.014,100.0,0,Low
202601,127,100,100,1615000,1656000,20,20,0,2024-11-14,0,1.025,100.0,0,Low
202602,127,100,99.4,1615000,1605000,20,20,0,2024-11-14,-0.61,0.994,100.0,0,Low
202603,127,100,99.5,1615000,1607000,20,20,0,2024-11-14,-0.52,0.995,100.0,0,Low
202604,127,100,99.8,1615000,1612000,20,20,0,2024-11-14,-0.17,0.998,100.0,0,Low
202605,127,100,100,1615000,1618000,20,20,0,2024-11-14,0,1.002,100.0,0,Low
202606,127,100,99.5,1615000,1608000,20,20,0,2024-11-14,-0.46,0.995,100.0,0,Low
202607,127,100,98.3,1615000,1588000,20,20,0,2024-11-15,-1.67,0.983,100.0,1,Low
202608,127,100,100,1615000,1656000,20,20,0,2024-11-14,0,1.025,100.0,0,Low
202609,127,100,99.6,1615000,1609000,20,20,0,2024-11-14,-0.39,0.996,100.0,0,Low
202610,127,100,99.3,1615000,1603000,20,20,0,2024-11-14,-0.72,0.993,100.0,0,Low
202611,127,100,99.2,1615000,1602000,20,20,0,2024-11-14,-0.81,0.992,100.0,0,Low
202612,127,100,97.8,1615000,1580000,20,20,0,2024-11-16,-2.18,0.978,100.0,2,Low
202501,128,68.6,54.3,2501000,1979000,14,11,3,2025-07-21,-14.34,0.791,78.6,39,High
202502,128,75.3,56.9,2744000,2074000,15,11,4,2025-07-28,-18.38,0.756,73.3,46,High
202503,128,82.7,64.7,3012000,2357000,17,13,4,2025-07-23,-17.97,0.783,76.5,41,High
202504,128,89.8,68.8,3272000,2507000,18,14,4,2025-07-26,-21.0,0.766,77.8,44,High
202505,128,97.1,73.4,3540000,2675000,19,14,5,2025-07-28,-23.75,0.756,73.7,46,High
202506,128,100,75.7,3644000,2760000,20,15,5,2025-07-27,-24.26,0.757,75.0,45,High
202507,128,100,75.4,3644000,2746000,20,15,5,2025-07-28,-24.64,0.754,75.0,46,High
202508,128,100,76.3,3644000,2781000,20,15,5,2025-07-26,-23.68,0.763,75.0,44,High
202509,128,100,77.3,3644000,2815000,20,15,5,2025-07-25,-22.75,0.773,75.0,43,High
202510,128,100,75.6,3644000,2754000,20,15,5,2025-07-28,-24.43,0.756,75.0,46,High
202511,128,100,73.8,3644000,2691000,20,15,5,2025-07-31,-26.15,0.738,75.0,49,High
202512,128,100,73.0,3644000,2661000,20,15,5,2025-08-02,-26.99,0.73,75.0,51,High
202601,128,100,74.6,3644000,2718000,20,15,5,2025-07-30,-25.4,0.746,75.0,48,High
202602,128,100,73.0,3644000,2660000,20,15,5,2025-08-02,-27.01,0.73,75.0,51,High
202603,128,100,73.7,3644000,2687000,20,15,5,2025-07-31,-26.25,0.737,75.0,49,High
202604,128,100,71.0,3644000,2587000,20,14,6,2025-08-05,-29.0,0.71,70.0,54,High
202605,128,100,74.3,3644000,2706000,20,15,5,2025-07-30,-25.73,0.743,75.0,48,High
202606,128,100,72.8,3644000,2652000,20,15,5,2025-08-02,-27.22,0.728,75.0,51,High
202607,128,100,72.9,3644000,2657000,20,15,5,2025-08-02,-27.09,0.729,75.0,51,High
202608,128,100,73.6,3644000,2682000,20,15,5,2025-08-01,-26.41,0.736,75.0,50,High
202609,128,100,74.0,3644000,2696000,20,15,5,2025-07-31,-26.02,0.74,75.0,49,High
202610,128,100,68.7,3644000,2502000,20,14,6,2025-08-10,-31.34,0.687,70.0,59,High
202611,128,100,69.3,3644000,2524000,20,14,6,2025-08-09,-30.74,0.693,70.0,58,High
202612,128,100,70.7,3644000,2577000,20,14,6,2025-08-06,-29.29,0.707,70.0,55,High
202501,129,0,0,0,0,1,1,0,2025-12-25,0,0.801,100.0,21,Medium
202502,129,0,0,0,0,1,1,0,2025-12-26,0,0.789,100.0,22,High
202503,129,0,0,0,0,1,1,0,2025-12-25,0,0.795,100.0,21,High
202504,129,8.4,6.8,436000,353000,2,2,0,2025-12-24,-1.61,0.809,100.0,20,Medium
202505,129,21.4,16.8,1112000,871000,4,3,1,2025-12-27,-4.63,0.784,75.0,23,High
202506,129,34.0,27.0,1766000,1401000,7,6,1,2025-12-26,-7.03,0.793,85.7,22,High
202507,129,47.1,36.6,2441000,1896000,9,7,2,2025-12-27,-10.51,0.777,77.8,23,High
202508,129,60.1,46.5,3117000,2411000,12,9,3,2025-12-28,-13.62,0.773,75.0,24,High
202509,129,72.7,58.0,3771000,3008000,15,12,3,2025-12-25,-14.71,0.798,80.0,21,High
202510,129,85.7,65.2,4447000,3380000,17,13,4,2025-12-29,-20.56,0.76,76.5,25,High
202511,129,98.3,74.9,5101000,3886000,20,15,5,2025-12-29,-23.42,0.762,75.0,25,High
202512,129,100,74.6,5188000,3870000,20,15,5,2025-12-31,-25.41,0.746,75.0,27,High
202601,129,100,74.0,5188000,3839000,20,15,5,2025-12-31,-26.0,0.74,75.0,27,High
202602,129,100,76.2,5188000,3951000,20,15,5,2025-12-29,-23.85,0.762,75.0,25,High
202603,129,100,83.8,5188000,4348000,20,17,3,2025-12-21,-16.2,0.838,85.0,17,Medium
202604,129,100,84.8,5188000,4401000,20,17,3,2025-12-20,-15.17,0.848,85.0,16,Medium
202605,129,100,87.6,5188000,4546000,20,18,2,2025-12-17,-12.37,0.876,90.0,13,Medium
202606,129,100,88.9,5188000,4612000,20,18,2,2025-12-15,-11.11,0.889,90.0,11,Medium
202607,129,100,89.1,5188000,4623000,20,18,2,2025-12-15,-10.9,0.891,90.0,11,Medium
202608,129,100,93.2,5188000,4833000,20,19,1,2025-12-11,-6.85,0.932,95.0,7,Low
202609,129,100,93.3,5188000,4842000,20,19,1,2025-12-11,-6.67,0.933,95.0,7,Low
202610,129,100,95.0,5188000,4927000,20,19,1,2025-12-09,-5.03,0.95,95.0,5,Low
202611,129,100,97.0,5188000,5030000,20,19,1,2025-12-07,-3.05,0.97,95.0,3,Low
202612,129,100,99.0,5188000,5136000,20,20,0,2025-12-05,-1.0,0.99,100.0,1,Low
202501,130,12.5,9.5,346000,262000,2,2,0,2026-10-07,-3.04,0.757,100.0,68,High
202502,130,17.0,12.6,471000,348000,3,2,1,2026-10-12,-4.42,0.74,66.7,73,High
202503,130,22.0,16.4,608000,454000,4,3,1,2026-10-10,-5.55,0.747,75.0,71,High
202504,130,26.8,20.6,741000,570000,5,4,1,2026-10-04,-6.2,0.768,80.0,65,High
202505,130,31.7,23.9,879000,662000,6,5,1,2026-10-08,-7.85,0.753,83.3,69,High
202506,130,36.5,26.5,1012000,734000,7,5,2,2026-10-16,-10.05,0.725,71.4,77,High
202507,130,41.5,31.0,1150000,858000,8,6,2,2026-10-10,-10.54,0.746,75.0,71,High
202508,130,46.5,34.4,1287000,954000,9,7,2,2026-10-11,-12.03,0.741,77.8,72,High
202509,130,51.3,37.5,1421000,1039000,10,7,3,2026-10-14,-13.79,0.731,70.0,75,High
202510,130,56.2,41.7,1558000,1155000,11,8,3,2026-10-11,-14.55,0.741,72.7,72,High
202511,130,61.1,43.9,1691000,1216000,12,9,3,2026-10-17,-17.15,0.719,75.0,78,High
202512,130,66.0,47.8,1829000,1325000,13,9,4,2026-10-16,-18.19,0.725,69.2,77,High
202601,130,71.0,52.0,1967000,1439000,14,10,4,2026-10-14,-19.04,0.732,71.4,75,High
202602,130,75.5,53.2,2091000,1474000,15,11,4,2026-10-21,-22.26,0.705,73.3,82,High
202603,130,80.4,55.8,2228000,1546000,16,11,5,2026-10-24,-24.63,0.694,68.8,85,High
202604,130,85.3,60.2,2362000,1667000,17,12,5,2026-10-21,-25.08,0.706,70.6,82,High
202605,130,90.2,63.2,2499000,1750000,18,13,5,2026-10-23,-27.04,0.7,72.2,84,High
202606,130,95.0,65.4,2632000,1811000,19,13,6,2026-10-26,-29.65,0.688,68.4,87,High
202607,130,100,67.8,2770000,1879000,20,14,6,2026-10-29,-32.16,0.678,70.0,90,High
202608,130,100,70.8,2770000,1960000,20,14,6,2026-10-21,-29.25,0.708,70.0,82,High
202609,130,100,71.5,2770000,1979000,20,14,6,2026-10-19,-28.54,0.715,70.0,80,High
202610,130,100,68.0,2770000,1883000,20,14,6,2026-10-28,-32.01,0.68,70.0,89,High
202611,130,100,70.9,2770000,1965000,20,14,6,2026-10-20,-29.06,0.709,70.0,81,High
202612,130,100,67.7,2770000,1877000,20,14,6,2026-10-29,-32.26,0.677,70.0,90,High
202501,131,0,0,0,0,1,1,0,2026-10-04,0,1.01,100.0,0,Low
202502,131,0,0,0,0,1,1,0,2026-10-04,0,1.0,100.0,0,Low
202503,131,0,0,0,0,1,1,0,2026-10-10,0,0.966,100.0,6,Low
202504,131,0,0,0,0,1,1,0,2026-10-08,0,0.974,100.0,4,Low
202505,131,0,0,0,0,1,1,0,2026-10-05,0,0.993,100.0,1,Low
202506,131,0,0,0,0,1,1,0,2026-10-04,0,1.006,100.0,0,Low
202507,131,0,0,0,0,1,1,0,2026-10-08,0,0.977,100.0,4,Low
202508,131,5.5,5.5,55000,55000,1,1,0,2026-10-04,0.02,1.004,100.0,0,Low
202509,131,12.6,12.2,126000,122000,3,3,0,2026-10-09,-0.37,0.971,100.0,5,Low
202510,131,19.9,19.4,200000,195000,4,4,0,2026-10-08,-0.48,0.976,100.0,4,Low
202511,131,27.0,27.0,271000,271000,5,5,0,2026-10-04,-0.02,0.999,100.0,0,Low
202512,131,34.4,33.6,345000,338000,7,7,0,2026-10-07,-0.72,0.979,100.0,3,Low
202601,131,41.7,40.7,419000,409000,8,8,0,2026-10-08,-0.98,0.977,100.0,4,Low
202602,131,48.3,46.5,485000,467000,10,10,0,2026-10-11,-1.82,0.962,100.0,7,Low
202603,131,55.7,54.9,559000,552000,11,11,0,2026-10-06,-0.74,0.987,100.0,2,Low
202604,131,62.8,61.5,630000,617000,13,13,0,2026-10-07,-1.3,0.979,100.0,3,Low
202605,131,70.1,69.1,704000,694000,14,14,0,2026-10-06,-1.06,0.985,100.0,2,Low
202606,131,77.3,74.2,776000,745000,15,14,1,2026-10-11,-3.06,0.96,93.3,7,Low
202607,131,84.6,82.4,849000,827000,17,17,0,2026-10-08,-2.18,0.974,100.0,4,Low
202608,131,91.9,89.4,923000,898000,18,18,0,2026-10-09,-2.53,0.972,100.0,5,Low
202609,131,99.1,97.5,994000,979000,20,20,0,2026-10-06,-1.51,0.985,100.0,2,Low
202610,131,100,96.3,1004000,967000,20,19,1,2026-10-11,-3.69,0.963,95.0,7,Low
202611,131,100,98.4,1004000,988000,20,20,0,2026-10-07,-1.64,0.984,100.0,3,Low
202612,131,100,98.2,1004000,985000,20,20,0,2026-10-07,-1.84,0.982,100.0,3,Low
202501,132,26.3,19.5,857000,637000,5,4,1,2025-09-25,-6.76,0.743,80.0,32,High
202502,132,36.3,27.6,1186000,900000,7,5,2,2025-09-23,-8.76,0.759,71.4,30,High
202503,132,47.5,35.1,1550000,1146000,9,7,2,2025-09-25,-12.39,0.739,77.8,32,High
202504,132,58.3,41.9,1903000,1368000,12,9,3,2025-09-28,-16.38,0.719,75.0,35,High
202505,132,69.4,50.5,2267000,1648000,14,10,4,2025-09-27,-18.96,0.727,71.4,34,High
202506,132,80.2,56.7,2619000,1852000,16,11,5,2025-09-29,-23.48,0.707,68.8,36,High
202507,132,91.4,65.2,2983000,2130000,18,13,5,2025-09-28,-26.13,0.714,72.2,35,High
202508,132,100,74.3,3265000,2426000,20,15,5,2025-09-25,-25.7,0.743,75.0,32,High
202509,132,100,72.1,3265000,2354000,20,14,6,2025-09-27,-27.91,0.721,70.0,34,High
202510,132,100,70.3,3265000,2296000,20,14,6,2025-09-30,-29.68,0.703,70.0,37,High
202511,132,100,69.8,3265000,2280000,20,14,6,2025-09-30,-30.17,0.698,70.0,37,High
202512,132,100,69.0,3265000,2251000,20,14,6,2025-10-01,-31.05,0.69,70.0,38,High
202601,132,100,69.7,3265000,2275000,20,14,6,2025-09-30,-30.31,0.697,70.0,37,High
202602,132,100,69.7,3265000,2275000,20,14,6,2025-09-30,-30.32,0.697,70.0,37,High
202603,132,100,68.9,3265000,2251000,20,14,6,2025-10-01,-31.05,0.689,70.0,38,High
202604,132,100,67.0,3265000,2188000,20,13,7,2025-10-04,-32.98,0.67,65.0,41,High
202605,132,100,70.5,3265000,2303000,20,14,6,2025-09-29,-29.46,0.705,70.0,36,High
202606,132,100,67.4,3265000,2199000,20,13,7,2025-10-03,-32.64,0.674,65.0,40,High
202607,132,100,67.2,3265000,2193000,20,13,7,2025-10-04,-32.82,0.672,65.0,41,High
202608,132,100,67.6,3265000,2206000,20,14,6,2025-10-03,-32.43,0.676,70.0,40,High
202609,132,100,67.3,3265000,2196000,20,13,7,2025-10-03,-32.73,0.673,65.0,40,High
202610,132,100,66.7,3265000,2177000,20,13,7,2025-10-04,-33.34,0.667,65.0,41,High
202611,132,100,69.5,3265000,2271000,20,14,6,2025-10-01,-30.45,0.695,70.0,38,High
202612,132,100,64.9,3265000,2119000,20,13,7,2025-10-06,-35.1,0.649,65.0,43,High
202501,133,63.5,60.4,1451000,1381000,13,12,1,2025-08-30,-3.07,0.952,92.3,11,Low
202502,133,68.6,67.8,1568000,1550000,14,14,0,2025-08-21,-0.77,0.989,100.0,2,Low
202503,133,74.3,73.6,1697000,1681000,15,15,0,2025-08-21,-0.68,0.991,100.0,2,Low
202504,133,79.7,77.3,1822000,1766000,16,16,0,2025-08-26,-2.45,0.969,100.0,7,Low
202505,133,85.4,83.9,1951000,1916000,17,17,0,2025-08-23,-1.54,0.982,100.0,4,Low
202506,133,90.9,87.1,2077000,1991000,18,17,1,2025-08-29,-3.74,0.959,94.4,10,Low
202507,133,96.5,91.3,2206000,2087000,19,18,1,2025-09-01,-5.22,0.946,94.7,13,Low
202508,133,100,98.5,2285000,2250000,20,20,0,2025-08-22,-1.53,0.985,100.0,3,Low
202509,133,100,96.8,2285000,2211000,20,19,1,2025-08-26,-3.24,0.968,95.0,7,Low
202510,133,100,94.9,2285000,2168000,20,19,1,2025-08-31,-5.14,0.949,95.0,12,Low
202511,133,100,97.3,2285000,2224000,20,19,1,2025-08-25,-2.68,0.973,95.0,6,Low
202512,133,100,94.5,2285000,2159000,20,19,1,2025-09-01,-5.5,0.945,95.0,13,Low
202601,133,100,95.2,2285000,2176000,20,19,1,2025-08-30,-4.77,0.952,95.0,11,Low
202602,133,100,94.9,2285000,2170000,20,19,1,2025-08-31,-5.05,0.949,95.0,12,Low
202603,133,100,98.2,2285000,2244000,20,20,0,2025-08-23,-1.78,0.982,100.0,4,Low
202604,133,100,95.4,2285000,2179000,20,19,1,2025-08-30,-4.64,0.954,95.0,11,Low
202605,133,100,97.4,2285000,2226000,20,19,1,2025-08-25,-2.57,0.974,95.0,6,Low
202606,133,100,93.8,2285000,2143000,20,19,1,2025-09-03,-6.21,0.938,95.0,15,Low
202607,133,100,97.0,2285000,2217000,20,19,1,2025-08-26,-2.97,0.97,95.0,7,Low
202608,133,100,98.5,2285000,2251000,20,20,0,2025-08-22,-1.47,0.985,100.0,3,Low
202609,133,100,97.6,2285000,2231000,20,20,0,2025-08-24,-2.36,0.976,100.0,5,Low
202610,133,100,98.3,2285000,2246000,20,20,0,2025-08-23,-1.7,0.983,100.0,4,Low
202611,133,100,95.5,2285000,2182000,20,19,1,2025-08-30,-4.5,0.955,95.0,11,Low
202612,133,100,98.6,2285000,2254000,20,20,0,2025-08-22,-1.38,0.986,100.0,3,Low
202501,134,0,0,0,0,1,1,0,2026-08-13,0,0.981,100.0,3,Low
202502,134,0,0,0,0,1,1,0,2026-08-10,0,1.01,100.0,0,Low
202503,134,0,0,0,0,1,1,0,2026-08-12,0,0.986,100.0,2,Low
202504,134,0,0,0,0,1,1,0,2026-08-12,0,0.987,100.0,2,Low
202505,134,0,0,0,0,1,1,0,2026-08-13,0,0.977,100.0,3,Low
202506,134,0,0,0,0,1,1,0,2026-08-11,0,0.991,100.0,1,Low
202507,134,2.1,2.1,15000,16000,1,1,0,2026-08-10,0.03,1.013,100.0,0,Low
202508,134,10.2,10.3,75000,76000,2,2,0,2026-08-10,0.15,1.015,100.0,0,Low
202509,134,18.0,17.6,133000,130000,4,4,0,2026-08-13,-0.41,0.977,100.0,3,Low
202510,134,26.1,25.5,192000,187000,5,5,0,2026-08-14,-0.65,0.975,100.0,4,Low
202511,134,33.9,34.1,250000,251000,7,7,0,2026-08-10,0.15,1.004,100.0,0,Low
202512,134,42.0,41.9,309000,309000,8,8,0,2026-08-10,-0.11,0.997,100.0,0,Low
202601,134,50.1,50.0,369000,368000,10,10,0,2026-08-10,-0.17,0.997,100.0,0,Low
202602,134,57.4,56.5,423000,416000,11,11,0,2026-08-12,-0.97,0.983,100.0,2,Low
202603,134,65.5,66.0,482000,486000,13,13,0,2026-08-10,0.45,1.007,100.0,0,Low
202604,134,73.4,72.0,540000,530000,15,15,0,2026-08-13,-1.33,0.982,100.0,3,Low
202605,134,81.5,78.6,600000,578000,16,15,1,2026-08-16,-2.89,0.964,93.8,6,Low
202606,134,89.3,88.6,657000,652000,18,18,0,2026-08-11,-0.65,0.993,100.0,1,Low
202607,134,97.4,94.4,717000,695000,19,18,1,2026-08-15,-2.97,0.97,94.7,5,Low
202608,134,100,100,736000,737000,20,20,0,2026-08-10,0,1.002,100.0,0,Low
202609,134,100,96.9,736000,713000,20,19,1,2026-08-15,-3.14,0.969,95.0,5,Low
202610,134,100,98.0,736000,721000,20,20,0,2026-08-13,-2.03,0.98,100.0,3,Low
202611,134,100,99.0,736000,728000,20,20,0,2026-08-11,-1.03,0.99,100.0,1,Low
202612,134,100,99.0,736000,729000,20,20,0,2026-08-11,-0.98,0.99,100.0,1,Low
202501,135,29.7,29.6,1020000,1016000,6,6,0,2026-03-17,-0.13,0.996,100.0,1,Low
202502,135,34.5,34.3,1186000,1177000,7,7,0,2026-03-17,-0.25,0.993,100.0,1,Low
202503,135,39.9,40.2,1368000,1379000,8,8,0,2026-03-16,0.31,1.008,100.0,0,Low
202504,135,45.0,45.8,1545000,1572000,9,9,0,2026-03-16,0.78,1.017,100.0,0,Low
202505,135,50.3,50.2,1728000,1722000,10,10,0,2026-03-16,-0.17,0.997,100.0,0,Low
202506,135,55.5,56.0,1905000,1923000,11,11,0,2026-03-16,0.53,1.01,100.0,0,Low
202507,135,60.8,59.7,2088000,2050000,12,12,0,2026-03-20,-1.12,0.982,100.0,4,Low
202508,135,66.2,66.8,2271000,2293000,13,13,0,2026-03-16,0.64,1.01,100.0,0,Low
202509,135,71.3,71.8,2448000,2464000,14,14,0,2026-03-16,0.48,1.007,100.0,0,Low
202510,135,76.6,76.6,2631000,2631000,15,15,0,2026-03-16,0.01,1.0,100.0,0,Low
202511,135,81.8,81.0,2808000,2781000,16,16,0,2026-03-18,-0.77,0.991,100.0,2,Low
202512,135,87.1,88.3,2991000,3033000,17,17,0,2026-03-16,1.23,1.014,100.0,0,Low
202601,135,92.4,93.3,3173000,3204000,18,18,0,2026-03-16,0.88,1.009,100.0,0,Low
202602,135,97.3,95.7,3339000,3284000,19,19,0,2026-03-20,-1.59,0.984,100.0,4,Low
202603,135,100,100,3433000,3438000,20,20,0,2026-03-16,0,1.002,100.0,0,Low
202604,135,100,99.3,3433000,3409000,20,20,0,2026-03-17,-0.69,0.993,100.0,1,Low
202605,135,100,97.8,3433000,3358000,20,20,0,2026-03-21,-2.18,0.978,100.0,5,Low
202606,135,100,98.4,3433000,3377000,20,20,0,2026-03-20,-1.62,0.984,100.0,4,Low
202607,135,100,99.1,3433000,3402000,20,20,0,2026-03-18,-0.91,0.991,100.0,2,Low
202608,135,100,100,3433000,3454000,20,20,0,2026-03-16,0,1.006,100.0,0,Low
202609,135,100,98.0,3433000,3365000,20,20,0,2026-03-21,-1.99,0.98,100.0,5,Low
202610,135,100,100,3433000,3455000,20,20,0,2026-03-16,0,1.006,100.0,0,Low
202611,135,100,98.8,3433000,3392000,20,20,0,2026-03-19,-1.19,0.988,100.0,3,Low
202612,135,100,100,3433000,3490000,20,20,0,2026-03-16,0,1.017,100.0,0,Low
202501,136,56.7,54.6,9989000,9619000,11,11,0,2025-10-16,-2.1,0.963,100.0,9,Low
202502,136,61.6,58.4,10847000,10297000,12,11,1,2025-10-20,-3.12,0.949,91.7,13,Low
202503,136,67.0,63.7,11796000,11229000,13,12,1,2025-10-19,-3.22,0.952,92.3,12,Low
202504,136,72.2,67.6,12716000,11911000,14,13,1,2025-10-23,-4.57,0.937,92.9,16,Low
202505,136,77.6,72.4,13665000,12763000,16,15,1,2025-10-24,-5.12,0.934,93.8,17,Low
202506,136,82.8,76.1,14585000,13414000,17,16,1,2025-10-27,-6.64,0.92,94.1,20,Low
202507,136,88.2,81.9,15534000,14431000,18,17,1,2025-10-25,-6.27,0.929,94.4,18,Low
202508,136,93.6,87.9,16484000,15485000,19,18,1,2025-10-22,-5.67,0.939,94.7,15,Low
202509,136,98.8,91.1,17404000,16049000,20,18,2,2025-10-27,-7.69,0.922,90.0,20,Medium
202510,136,100,92.5,17618000,16297000,20,19,1,2025-10-26,-7.5,0.925,95.0,19,Low
202511,136,100,95.7,17618000,16855000,20,19,1,2025-10-18,-4.33,0.957,95.0,11,Low
202512,136,100,93.6,17618000,16493000,20,19,1,2025-10-23,-6.39,0.936,95.0,16,Low
202601,136,100,96.0,17618000,16914000,20,19,1,2025-10-17,-3.99,0.96,95.0,10,Low
202602,136,100,95.3,17618000,16788000,20,19,1,2025-10-19,-4.71,0.953,95.0,12,Low
202603,136,100,91.1,17618000,16055000,20,18,2,2025-10-29,-8.87,0.911,90.0,22,Medium
202604,136,100,91.8,17618000,16181000,20,18,2,2025-10-28,-8.16,0.918,90.0,21,Medium
202605,136,100,94.5,17618000,16648000,20,19,1,2025-10-21,-5.5,0.945,95.0,14,Low
202606,136,100,94.2,17618000,16596000,20,19,1,2025-10-22,-5.8,0.942,95.0,15,Low
202607,136,100,92.8,17618000,16352000,20,19,1,2025-10-25,-7.18,0.928,95.0,18,Low
202608,136,100,92.4,17618000,16280000,20,18,2,2025-10-26,-7.6,0.924,90.0,19,Medium
202609,136,100,94.3,17618000,16619000,20,19,1,2025-10-21,-5.67,0.943,95.0,14,Low
202610,136,100,91.7,17618000,16154000,20,18,2,2025-10-28,-8.31,0.917,90.0,21,Medium
202611,136,100,96.2,17618000,16940000,20,19,1,2025-10-16,-3.85,0.962,95.0,9,Low
202612,136,100,92.6,17618000,16318000,20,19,1,2025-10-26,-7.38,0.926,95.0,19,Low
202501,137,34.7,29.3,1677000,1417000,7,6,1,2025-08-19,-5.38,0.845,85.7,19,Medium
202502,137,44.8,36.2,2166000,1752000,9,7,2,2025-08-23,-8.55,0.809,77.8,23,Medium
202503,137,56.0,44.8,2708000,2166000,11,9,2,2025-08-24,-11.19,0.8,81.8,24,High
202504,137,66.8,53.0,3232000,2565000,13,10,3,2025-08-25,-13.78,0.794,76.9,25,High
202505,137,78.0,62.1,3773000,3006000,16,13,3,2025-08-25,-15.85,0.797,81.2,25,High
202506,137,88.8,71.0,4297000,3434000,18,14,4,2025-08-25,-17.84,0.799,77.8,25,High
202507,137,100,80.0,4839000,3872000,20,16,4,2025-08-24,-19.99,0.8,80.0,24,High
202508,137,100,81.8,4839000,3957000,20,16,4,2025-08-22,-18.24,0.818,80.0,22,High
202509,137,100,80.6,4839000,3900000,20,16,4,2025-08-24,-19.4,0.806,80.0,24,High
202510,137,100,81.8,4839000,3959000,20,16,4,2025-08-22,-18.18,0.818,80.0,22,High
202511,137,100,80.4,4839000,3890000,20,16,4,2025-08-24,-19.61,0.804,80.0,24,High
202512,137,100,78.9,4839000,3820000,20,16,4,2025-08-26,-21.06,0.789,80.0,26,High
202601,137,100,78.5,4839000,3799000,20,16,4,2025-08-26,-21.49,0.785,80.0,26,High
202602,137,100,78.7,4839000,3808000,20,16,4,2025-08-26,-21.3,0.787,80.0,26,High
202603,137,100,75.1,4839000,3636000,20,15,5,2025-08-30,-24.85,0.751,75.0,30,High
202604,137,100,75.9,4839000,3674000,20,15,5,2025-08-30,-24.07,0.759,75.0,30,High
202605,137,100,78.6,4839000,3802000,20,16,4,2025-08-26,-21.43,0.786,80.0,26,High
202606,137,100,77.3,4839000,3739000,20,15,5,2025-08-28,-22.73,0.773,75.0,28,High
202607,137,100,78.3,4839000,3787000,20,16,4,2025-08-27,-21.74,0.783,80.0,27,High
202608,137,100,75.9,4839000,3671000,20,15,5,2025-08-30,-24.13,0.759,75.0,30,High
202609,137,100,78.0,4839000,3773000,20,16,4,2025-08-27,-22.03,0.78,80.0,27,High
202610,137,100,74.2,4839000,3592000,20,15,5,2025-09-01,-25.78,0.742,75.0,32,High
202611,137,100,77.0,4839000,3727000,20,15,5,2025-08-28,-22.98,0.77,75.0,28,High
202612,137,100,74.2,4839000,3589000,20,15,5,2025-09-01,-25.83,0.742,75.0,32,High
202501,138,0,0,0,0,1,1,0,2026-05-31,0,0.824,100.0,26,Medium
202502,138,0,0,0,0,1,1,0,2026-06-01,0,0.813,100.0,27,Medium
202503,138,0,0,0,0,1,1,0,2026-06-05,0,0.787,100.0,31,High
202504,138,0,0,0,0,1,1,0,2026-06-04,0,0.799,100.0,30,High
202505,138,0,0,0,0,1,1,0,2026-06-10,0,0.76,100.0,36,High
202506,138,7.2,5.6,36000,28000,1,1,0,2026-06-07,-1.61,0.777,100.0,33,High
202507,138,16.5,12.5,83000,63000,3,2,1,2026-06-10,-3.98,0.759,66.7,36,High
202508,138,25.8,20.1,129000,100000,5,4,1,2026-06-07,-5.74,0.778,80.0,33,High
202509,138,34.8,27.2,174000,136000,7,5,2,2026-06-07,-7.68,0.779,71.4,33,High
202510,138,44.1,34.0,221000,170000,9,7,2,2026-06-08,-10.12,0.771,77.8,34,High
202511,138,53.2,40.9,266000,205000,11,8,3,2026-06-08,-12.22,0.77,72.7,34,High
202512,138,62.5,46.2,312000,231000,12,9,3,2026-06-12,-16.24,0.74,75.0,38,High
202601,138,71.8,53.2,359000,266000,14,10,4,2026-06-12,-18.55,0.742,71.4,38,High
202602,138,80.2,66.3,401000,331000,16,13,3,2026-05-30,-13.9,0.827,81.2,25,Medium
202603,138,89.5,75.7,447000,379000,18,15,3,2026-05-28,-13.77,0.846,83.3,23,Medium
202604,138,98.5,84.3,492000,422000,20,17,3,2026-05-26,-14.15,0.856,85.0,21,Medium
202605,138,100,88.4,500000,442000,20,18,2,2026-05-22,-11.61,0.884,90.0,17,Medium
202606,138,100,87.9,500000,440000,20,18,2,2026-05-23,-12.05,0.879,90.0,18,Medium
202607,138,100,91.9,500000,460000,20,18,2,2026-05-17,-8.08,0.919,90.0,12,Medium
202608,138,100,91.6,500000,458000,20,18,2,2026-05-17,-8.44,0.916,90.0,12,Medium
202609,138,100,95.2,500000,476000,20,19,1,2026-05-12,-4.77,0.952,95.0,7,Low
202610,138,100,97.9,500000,490000,20,20,0,2026-05-08,-2.07,0.979,100.0,3,Low
202611,138,100,98.5,500000,492000,20,20,0,2026-05-07,-1.55,0.985,100.0,2,Low
202612,138,100,96.9,500000,484000,20,19,1,2026-05-09,-3.12,0.969,95.0,4,Low
202501,139,0,0,0,0,1,1,0,2026-09-25,0,1.023,100.0,0,Low
202502,139,0,0,0,0,1,1,0,2026-09-27,0,0.988,100.0,2,Low
202503,139,0,0,0,0,1,1,0,2026-09-25,0,1.004,100.0,0,Low
202504,139,0,0,0,0,1,1,0,2026-09-29,0,0.98,100.0,4,Low
202505,139,0,0,0,0,1,1,0,2026-09-28,0,0.981,100.0,3,Low
202506,139,1.5,1.5,32000,33000,1,1,0,2026-09-25,0.02,1.013,100.0,0,Low
202507,139,8.3,8.4,174000,177000,2,2,0,2026-09-25,0.12,1.014,100.0,0,Low
202508,139,15.0,15.0,317000,316000,3,3,0,2026-09-25,-0.05,0.997,100.0,0,Low
202509,139,21.6,21.4,454000,450000,4,4,0,2026-09-26,-0.2,0.991,100.0,1,Low
202510,139,28.3,28.7,597000,605000,6,6,0,2026-09-25,0.38,1.013,100.0,0,Low
202511,139,34.9,35.0,734000,737000,7,7,0,2026-09-25,0.14,1.004,100.0,0,Low
202512,139,41.6,42.1,877000,887000,8,8,0,2026-09-25,0.49,1.012,100.0,0,Low
202601,139,48.4,48.5,1019000,1023000,10,10,0,2026-09-25,0.18,1.004,100.0,0,Low
202602,139,54.5,55.9,1148000,1177000,11,11,0,2026-09-25,1.4,1.026,100.0,0,Low
202603,139,61.2,62.5,1290000,1317000,12,12,0,2026-09-25,1.28,1.021,100.0,0,Low
202604,139,67.8,66.2,1428000,1395000,14,14,0,2026-09-29,-1.55,0.977,100.0,4,Low
202605,139,74.5,74.8,1570000,1577000,15,15,0,2026-09-25,0.33,1.004,100.0,0,Low
202606,139,81.0,80.4,1708000,1694000,16,16,0,2026-09-26,-0.65,0.992,100.0,1,Low
202607,139,87.8,88.5,1850000,1865000,18,18,0,2026-09-25,0.71,1.008,100.0,0,Low
202608,139,94.6,95.5,1992000,2013000,19,19,0,2026-09-25,0.97,1.01,100.0,0,Low
202609,139,100,99.3,2107000,2092000,20,20,0,2026-09-26,-0.69,0.993,100.0,1,Low
202610,139,100,100,2107000,2162000,20,20,0,2026-09-25,0,1.026,100.0,0,Low
202611,139,100,100,2107000,2110000,20,20,0,2026-09-25,0,1.001,100.0,0,Low
202612,139,100,100,2107000,2130000,20,20,0,2026-09-25,0,1.011,100.0,0,Low
202501,140,0,0,0,0,1,1,0,2026-10-07,0,0.978,100.0,3,Low
202502,140,0,0,0,0,1,1,0,2026-10-10,0,0.958,100.0,6,Low
202503,140,0,0,0,0,1,1,0,2026-10-06,0,0.985,100.0,2,Low
202504,140,0,0,0,0,1,1,0,2026-10-05,0,0.99,100.0,1,Low
202505,140,0,0,0,0,1,1,0,2026-10-07,0,0.975,100.0,3,Low
202506,140,0,0,0,0,1,1,0,2026-10-09,0,0.965,100.0,5,Low
202507,140,0,0,0,0,1,1,0,2026-10-07,0,0.975,100.0,3,Low
202508,140,0,0,0,0,1,1,0,2026-10-04,0,1.005,100.0,0,Low
202509,140,0,0,0,0,1,1,0,2026-10-09,0,0.967,100.0,5,Low
202510,140,4.2,4.1,191000,183000,1,1,0,2026-10-10,-0.17,0.959,100.0,6,Low
202511,140,12.7,12.7,574000,569000,3,3,0,2026-10-05,-0.1,0.992,100.0,1,Low
202512,140,21.5,21.4,969000,964000,4,4,0,2026-10-04,-0.11,0.995,100.0,0,Low
202601,140,30.3,29.2,1364000,1316000,6,6,0,2026-10-09,-1.07,0.965,100.0,5,Low
202602,140,38.2,36.6,1721000,1648000,8,8,0,2026-10-10,-1.62,0.958,100.0,6,Low
202603,140,47.0,46.9,2117000,2110000,9,9,0,2026-10-04,-0.15,0.997,100.0,0,Low
202604,140,55.5,54.0,2499000,2429000,11,11,0,2026-10-08,-1.57,0.972,100.0,4,Low
202605,140,64.3,62.5,2894000,2813000,13,13,0,2026-10-08,-1.82,0.972,100.0,4,Low
202606,140,72.8,70.1,3277000,3155000,15,14,1,2026-10-09,-2.71,0.963,93.3,5,Low
202607,140,81.6,80.8,3672000,3638000,16,16,0,2026-10-05,-0.76,0.991,100.0,1,Low
202608,140,90.4,88.9,4067000,3999000,18,18,0,2026-10-06,-1.52,0.983,100.0,2,Low
202609,140,98.9,95.1,4450000,4281000,20,19,1,2026-10-10,-3.76,0.962,95.0,6,Low
202610,140,100,95.7,4501000,4309000,20,19,1,2026-10-10,-4.27,0.957,95.0,6,Low
202611,140,100,99.8,4501000,4491000,20,20,0,2026-10-04,-0.23,0.998,100.0,0,Low
202612,140,100,98.2,4501000,4418000,20,20,0,2026-10-06,-1.84,0.982,100.0,2,Low
202501,141,0,0,0,0,1,1,0,2026-07-13,0,1.01,100.0,0,Low
202502,141,0,0,0,0,1,1,0,2026-07-13,0,0.993,100.0,0,Low
202503,141,0,0,0,0,1,1,0,2026-07-13,0,0.999,100.0,0,Low
202504,141,0,0,0,0,1,1,0,2026-07-13,0,1.007,100.0,0,Low
202505,141,0,0,0,0,1,1,0,2026-07-14,0,0.985,100.0,1,Low
202506,141,0,0,0,0,1,1,0,2026-07-15,0,0.98,100.0,2,Low
202507,141,0,0,0,0,1,1,0,2026-07-14,0,0.988,100.0,1,Low
202508,141,0,0,0,0,1,1,0,2026-07-13,0,1.021,100.0,0,Low
202509,141,0,0,0,0,1,1,0,2026-07-13,0,0.997,100.0,0,Low
202510,141,0,0,0,0,1,1,0,2026-07-13,0,1.009,100.0,0,Low
202511,141,2.2,2.1,200000,197000,1,1,0,2026-07-14,-0.03,0.988,100.0,1,Low
202512,141,15.7,15.3,1439000,1406000,3,3,0,2026-07-15,-0.36,0.977,100.0,2,Low
202601,141,29.1,28.9,2677000,2656000,6,6,0,2026-07-13,-0.24,0.992,100.0,0,Low
202602,141,41.3,41.3,3796000,3792000,8,8,0,2026-07-13,-0.05,0.999,100.0,0,Low
202603,141,54.8,53.0,5035000,4871000,11,11,0,2026-07-16,-1.79,0.967,100.0,3,Low
202604,141,67.8,67.8,6234000,6232000,14,14,0,2026-07-13,-0.02,1.0,100.0,0,Low
202605,141,81.3,78.9,7473000,7252000,16,16,0,2026-07-16,-2.4,0.97,100.0,3,Low
202606,141,94.3,92.2,8672000,8476000,19,19,0,2026-07-15,-2.12,0.978,100.0,2,Low
202607,141,100,100,9191000,9311000,20,20,0,2026-07-13,0,1.013,100.0,0,Low
202608,141,100,98.3,9191000,9032000,20,20,0,2026-07-14,-1.73,0.983,100.0,1,Low
202609,141,100,100,9191000,9349000,20,20,0,2026-07-13,0,1.017,100.0,0,Low
202610,141,100,99.3,9191000,9125000,20,20,0,2026-07-13,-0.72,0.993,100.0,0,Low
202611,141,100,97.7,9191000,8983000,20,20,0,2026-07-15,-2.26,0.977,100.0,2,Low
202612,141,100,99.4,9191000,9132000,20,20,0,2026-07-13,-0.64,0.994,100.0,0,Low
202501,142,0,0,0,0,1,1,0,2026-10-03,0,0.733,100.0,53,High
202502,142,0,0,0,0,1,1,0,2026-10-01,0,0.739,100.0,51,High
202503,142,0,0,0,0,1,1,0,2026-10-08,0,0.708,100.0,58,High
202504,142,0,0,0,0,1,1,0,2026-10-02,0,0.734,100.0,52,High
202505,142,0.9,0.7,14000,10000,1,1,0,2026-10-05,-0.25,0.72,100.0,55,High
202506,142,7.7,5.4,121000,84000,2,1,1,2026-10-09,-2.32,0.699,50.0,59,High
202507,142,14.7,10.6,231000,167000,3,2,1,2026-10-05,-4.11,0.721,66.7,55,High
202508,142,21.8,15.5,341000,242000,4,3,1,2026-10-07,-6.31,0.71,75.0,57,High
202509,142,28.6,19.6,448000,307000,6,4,2,2026-10-12,-8.98,0.686,66.7,62,High
202510,142,35.6,25.6,558000,401000,7,5,2,2026-10-05,-10.02,0.719,71.4,55,High
202511,142,42.4,29.3,664000,459000,8,6,2,2026-10-11,-13.13,0.69,75.0,61,High
202512,142,49.4,34.8,775000,546000,10,7,3,2026-10-08,-14.62,0.704,70.0,58,High
202601,142,56.5,38.3,885000,600000,11,7,4,2026-10-13,-18.15,0.679,63.6,63,High
202602,142,62.8,41.8,984000,655000,13,9,4,2026-10-16,-21.03,0.665,69.2,66,High
202603,142,69.8,46.0,1094000,721000,14,9,5,2026-10-17,-23.86,0.658,64.3,67,High
202604,142,76.6,52.3,1201000,819000,15,10,5,2026-10-13,-24.38,0.682,66.7,63,High
202605,142,83.7,56.3,1311000,882000,17,11,6,2026-10-14,-27.39,0.673,64.7,64,High
202606,142,90.5,61.1,1418000,958000,18,12,6,2026-10-14,-29.33,0.676,66.7,64,High
202607,142,97.5,64.1,1528000,1005000,20,13,7,2026-10-17,-33.36,0.658,65.0,67,High
202608,142,100,65.9,1567000,1033000,20,13,7,2026-10-17,-34.08,0.659,65.0,67,High
202609,142,100,65.1,1567000,1020000,20,13,7,2026-10-19,-34.89,0.651,65.0,69,High
202610,142,100,64.7,1567000,1014000,20,13,7,2026-10-20,-35.31,0.647,65.0,70,High
202611,142,100,63.9,1567000,1002000,20,13,7,2026-10-21,-36.06,0.639,65.0,71,High
202612,142,100,65.4,1567000,1025000,20,13,7,2026-10-18,-34.59,0.654,65.0,68,High
202501,143,0,0,0,0,1,1,0,2026-06-23,0,0.862,100.0,28,Medium
202502,143,2.0,1.7,96000,84000,1,1,0,2026-06-20,-0.24,0.877,100.0,25,Medium
202503,143,8.7,7.8,427000,383000,2,2,0,2026-06-16,-0.89,0.897,100.0,21,Medium
202504,143,15.2,13.2,747000,647000,3,3,0,2026-06-22,-2.02,0.867,100.0,27,Medium
202505,143,21.9,19.4,1077000,954000,4,4,0,2026-06-18,-2.52,0.885,100.0,23,Medium
202506,143,28.4,24.3,1398000,1197000,6,5,1,2026-06-24,-4.08,0.856,83.3,29,Medium
202507,143,35.1,30.4,1728000,1497000,7,6,1,2026-06-22,-4.7,0.866,85.7,27,Medium
202508,143,41.9,35.9,2059000,1764000,8,7,1,2026-06-24,-6.0,0.857,87.5,29,Medium
202509,143,48.4,41.3,2379000,2031000,10,9,1,2026-06-25,-7.08,0.854,90.0,30,Medium
202510,143,55.1,48.2,2710000,2372000,11,10,1,2026-06-20,-6.86,0.876,90.9,25,Medium
202511,143,61.6,51.3,3030000,2522000,12,10,2,2026-06-29,-10.32,0.832,83.3,34,Medium
202512,143,68.3,58.6,3360000,2884000,14,12,2,2026-06-24,-9.68,0.858,85.7,29,Medium
202601,143,75.1,63.4,3691000,3119000,15,13,2,2026-06-27,-11.64,0.845,86.7,32,Medium
202602,143,81.1,70.0,3990000,3442000,16,14,2,2026-06-23,-11.14,0.863,87.5,28,Medium
202603,143,87.9,72.0,4321000,3539000,18,15,3,2026-07-02,-15.9,0.819,83.3,37,Medium
202604,143,94.4,78.7,4641000,3871000,19,16,3,2026-06-29,-15.64,0.834,84.2,34,Medium
202605,143,100,84.1,4918000,4137000,20,17,3,2026-06-27,-15.88,0.841,85.0,32,Medium
202606,143,100,83.0,4918000,4084000,20,17,3,2026-06-30,-16.96,0.83,85.0,35,Medium
202607,143,100,83.9,4918000,4127000,20,17,3,2026-06-28,-16.08,0.839,85.0,33,Medium
202608,143,100,83.5,4918000,4107000,20,17,3,2026-06-29,-16.5,0.835,85.0,34,Medium
202609,143,100,83.2,4918000,4092000,20,17,3,2026-06-29,-16.79,0.832,85.0,34,Medium
202610,143,100,83.5,4918000,4107000,20,17,3,2026-06-29,-16.5,0.835,85.0,34,Medium
202611,143,100,82.3,4918000,4047000,20,16,4,2026-07-01,-17.7,0.823,80.0,36,High
202612,143,100,83.4,4918000,4100000,20,17,3,2026-06-29,-16.63,0.834,85.0,34,Medium
202501,144,0,0,0,0,1,1,0,2027-10-17,0,0.996,100.0,1,Low
202502,144,0,0,0,0,1,1,0,2027-10-22,0,0.982,100.0,6,Low
202503,144,0,0,0,0,1,1,0,2027-10-16,0,1.004,100.0,0,Low
202504,144,0,0,0,0,1,1,0,2027-10-26,0,0.971,100.0,10,Low
202505,144,0,0,0,0,1,1,0,2027-10-16,0,0.998,100.0,0,Low
202506,144,0,0,0,0,1,1,0,2027-10-16,0,1.0,100.0,0,Low
202507,144,0,0,0,0,1,1,0,2027-10-19,0,0.99,100.0,3,Low
202508,144,2.3,2.2,156000,153000,1,1,0,2027-10-22,-0.04,0.981,100.0,6,Low
202509,144,6.0,6.1,417000,420000,1,1,0,2027-10-16,0.05,1.008,100.0,0,Low
202510,144,9.9,9.8,686000,678000,2,2,0,2027-10-20,-0.12,0.988,100.0,4,Low
202511,144,13.7,13.8,946000,949000,3,3,0,2027-10-16,0.04,1.003,100.0,0,Low
202512,144,17.6,17.3,1215000,1194000,4,4,0,2027-10-22,-0.31,0.982,100.0,6,Low
202601,144,21.5,21.5,1484000,1478000,4,4,0,2027-10-17,-0.08,0.996,100.0,1,Low
202602,144,25.1,25.3,1727000,1745000,5,5,0,2027-10-16,0.26,1.01,100.0,0,Low
202603,144,29.0,28.4,1996000,1957000,6,6,0,2027-10-23,-0.57,0.98,100.0,7,Low
202604,144,32.7,32.3,2256000,2229000,7,7,0,2027-10-20,-0.4,0.988,100.0,4,Low
202605,144,36.6,36.7,2526000,2531000,7,7,0,2027-10-16,0.08,1.002,100.0,0,Low
202606,144,40.4,40.9,2786000,2819000,8,8,0,2027-10-16,0.48,1.012,100.0,0,Low
202607,144,44.3,43.4,3055000,2988000,9,9,0,2027-10-23,-0.98,0.978,100.0,7,Low
202608,144,48.2,48.3,3324000,3328000,10,10,0,2027-10-16,0.06,1.001,100.0,0,Low
202609,144,52.0,51.4,3584000,3543000,10,10,0,2027-10-20,-0.6,0.989,100.0,4,Low
202610,144,55.9,56.0,3853000,3862000,11,11,0,2027-10-16,0.13,1.002,100.0,0,Low
202611,144,59.7,58.6,4114000,4038000,12,12,0,2027-10-22,-1.1,0.982,100.0,6,Low
202612,144,63.6,63.6,4383000,4384000,13,13,0,2027-10-16,0.02,1.0,100.0,0,Low
202501,145,0,0,0,0,1,1,0,2027-09-28,0,1.022,100.0,0,Low
202502,145,0,0,0,0,1,1,0,2027-10-02,0,0.988,100.0,4,Low
202503,145,0,0,0,0,1,1,0,2027-09-30,0,0.994,100.0,2,Low
202504,145,0,0,0,0,1,1,0,2027-10-04,0,0.983,100.0,6,Low
202505,145,0,0,0,0,1,1,0,2027-09-28,0,1.002,100.0,0,Low
202506,145,0,0,0,0,1,1,0,2027-09-30,0,0.993,100.0,2,Low
202507,145,0,0,0,0,1,1,0,2027-09-28,0,1.006,100.0,0,Low
202508,145,3.4,3.5,125000,126000,1,1,0,2027-09-28,0.04,1.011,100.0,0,Low
202509,145,7.3,7.3,263000,265000,1,1,0,2027-09-28,0.04,1.006,100.0,0,Low
202510,145,11.2,11.4,406000,413000,2,2,0,2027-09-28,0.19,1.017,100.0,0,Low
202511,145,15.0,15.2,545000,550000,3,3,0,2027-09-28,0.14,1.009,100.0,0,Low
202512,145,19.0,19.0,688000,688000,4,4,0,2027-09-28,-0.01,1.0,100.0,0,Low
202601,145,22.9,23.1,831000,836000,5,5,0,2027-09-28,0.13,1.006,100.0,0,Low
202602,145,26.5,26.2,960000,950000,5,5,0,2027-10-01,-0.28,0.989,100.0,3,Low
202603,145,30.4,30.4,1103000,1103000,6,6,0,2027-09-28,0.0,1.0,100.0,0,Low
202604,145,34.3,34.7,1242000,1259000,7,7,0,2027-09-28,0.46,1.014,100.0,0,Low
202605,145,38.2,38.1,1385000,1381000,8,8,0,2027-09-29,-0.11,0.997,100.0,1,Low
202606,145,42.0,40.8,1523000,1480000,8,8,0,2027-10-08,-1.21,0.971,100.0,10,Low
202607,145,46.0,46.1,1667000,1672000,9,9,0,2027-09-28,0.15,1.003,100.0,0,Low
202608,145,49.9,49.3,1810000,1788000,10,10,0,2027-10-02,-0.61,0.988,100.0,4,Low
202609,145,53.8,53.0,1948000,1921000,11,11,0,2027-10-02,-0.74,0.986,100.0,4,Low
202610,145,57.7,58.1,2091000,2105000,12,12,0,2027-09-28,0.36,1.006,100.0,0,Low
202611,145,61.5,60.5,2230000,2191000,12,12,0,2027-10-04,-1.07,0.983,100.0,6,Low
202612,145,65.5,66.6,2373000,2412000,13,13,0,2027-09-28,1.07,1.016,100.0,0,Low
202501,146,34.8,30.5,722000,632000,7,6,1,2026-06-17,-4.31,0.876,85.7,39,Medium
202502,146,38.7,34.1,804000,707000,8,7,1,2026-06-16,-4.65,0.88,87.5,38,Medium
202503,146,43.1,36.7,894000,762000,9,8,1,2026-06-25,-6.37,0.852,88.9,47,Medium
202504,146,47.3,40.1,982000,833000,9,8,1,2026-06-26,-7.2,0.848,88.9,48,Medium
202505,146,51.7,44.4,1073000,922000,10,9,1,2026-06-22,-7.27,0.859,90.0,44,Medium
202506,146,55.9,46.8,1160000,972000,11,9,2,2026-06-29,-9.09,0.838,81.8,51,Medium
202507,146,60.3,50.9,1251000,1055000,12,10,2,2026-06-27,-9.42,0.844,83.3,49,Medium
202508,146,64.6,56.0,1341000,1162000,13,11,2,2026-06-20,-8.67,0.866,84.6,42,Medium
202509,146,68.9,58.1,1429000,1206000,14,12,2,2026-06-27,-10.77,0.844,85.7,49,Medium
202510,146,73.2,63.1,1520000,1308000,15,13,2,2026-06-22,-10.18,0.861,86.7,44,Medium
202511,146,77.5,64.9,1607000,1347000,15,13,2,2026-06-29,-12.57,0.838,86.7,51,Medium
202512,146,81.8,67.3,1698000,1396000,16,13,3,2026-07-04,-14.57,0.822,81.2,56,Medium
202601,146,86.2,73.0,1789000,1514000,17,14,3,2026-06-27,-13.24,0.846,82.4,49,Medium
202602,146,90.1,82.2,1870000,1706000,18,16,2,2026-06-06,-7.93,0.912,88.9,28,Medium
202603,146,94.5,86.0,1961000,1784000,19,17,2,2026-06-06,-8.53,0.91,89.5,28,Medium
202604,146,98.7,93.1,2049000,1931000,20,19,1,2026-05-27,-5.67,0.943,95.0,18,Low
202605,146,100,93.8,2075000,1947000,20,19,1,2026-05-28,-6.16,0.938,95.0,19,Low
202606,146,100,98.3,2075000,2039000,20,20,0,2026-05-14,-1.72,0.983,100.0,5,Low
202607,146,100,99.0,2075000,2054000,20,20,0,2026-05-12,-1.0,0.99,100.0,3,Low
202608,146,100,99.0,2075000,2054000,20,20,0,2026-05-12,-1.0,0.99,100.0,3,Low
202609,146,100,99.0,2075000,2054000,20,20,0,2026-05-12,-1.0,0.99,100.0,3,Low
202610,146,100,99.0,2075000,2054000,20,20,0,2026-05-12,-1.0,0.99,100.0,3,Low
202611,146,100,99.0,2075000,2054000,20,20,0,2026-05-12,-1.0,0.99,100.0,3,Low
202612,146,100,99.0,2075000,2054000,20,20,0,2026-05-12,-1.0,0.99,100.0,3,Low
202501,147,40.9,39.7,3228000,3136000,8,8,0,2026-04-09,-1.17,0.971,100.0,9,Low
202502,147,44.8,43.3,3537000,3420000,9,9,0,2026-04-10,-1.47,0.967,100.0,10,Low
202503,147,49.1,48.2,3878000,3805000,10,10,0,2026-04-06,-0.93,0.981,100.0,6,Low
202504,147,53.3,52.0,4209000,4104000,11,11,0,2026-04-08,-1.33,0.975,100.0,8,Low
202505,147,57.6,55.7,4550000,4398000,12,12,0,2026-04-10,-1.93,0.966,100.0,10,Low
202506,147,61.8,60.0,4881000,4742000,12,12,0,2026-04-09,-1.76,0.972,100.0,9,Low
202507,147,66.1,64.4,5223000,5089000,13,13,0,2026-04-08,-1.69,0.974,100.0,8,Low
202508,147,70.4,69.3,5564000,5472000,14,14,0,2026-04-05,-1.17,0.983,100.0,5,Low
202509,147,74.6,74.1,5895000,5857000,15,15,0,2026-04-02,-0.48,0.994,100.0,2,Low
202510,147,78.9,76.7,6236000,6063000,16,16,0,2026-04-08,-2.19,0.972,100.0,8,Low
202511,147,83.1,80.4,6567000,6355000,17,16,1,2026-04-10,-2.68,0.968,94.1,10,Low
202512,147,87.4,83.5,6908000,6597000,17,16,1,2026-04-14,-3.94,0.955,94.1,14,Low
202601,147,91.8,90.3,7250000,7136000,18,18,0,2026-04-05,-1.44,0.984,100.0,5,Low
202602,147,95.7,91.6,7558000,7238000,19,18,1,2026-04-13,-4.05,0.958,94.7,13,Low
202603,147,100,98.8,7900000,7808000,20,20,0,2026-04-03,-1.17,0.988,100.0,3,Low
202604,147,100,94.5,7900000,7465000,20,19,1,2026-04-17,-5.5,0.945,95.0,17,Low
202605,147,100,97.9,7900000,7734000,20,20,0,2026-04-06,-2.11,0.979,100.0,6,Low
202606,147,100,96.5,7900000,7621000,20,19,1,2026-04-11,-3.53,0.965,95.0,11,Low
202607,147,100,96.6,7900000,7632000,20,19,1,2026-04-10,-3.39,0.966,95.0,10,Low
202608,147,100,99.2,7900000,7834000,20,20,0,2026-04-02,-0.84,0.992,100.0,2,Low
202609,147,100,99.7,7900000,7877000,20,20,0,2026-03-31,-0.29,0.997,100.0,0,Low
202610,147,100,96.7,7900000,7637000,20,19,1,2026-04-10,-3.32,0.967,95.0,10,Low
202611,147,100,99.3,7900000,7847000,20,20,0,2026-04-02,-0.67,0.993,100.0,2,Low
202612,147,100,99.4,7900000,7853000,20,20,0,2026-04-01,-0.6,0.994,100.0,1,Low
202501,148,0,0,0,0,1,1,0,2026-10-14,0,0.76,100.0,41,High
202502,148,0,0,0,0,1,1,0,2026-10-14,0,0.758,100.0,41,High
202503,148,0,0,0,0,1,1,0,2026-10-19,0,0.729,100.0,46,High
202504,148,0,0,0,0,1,1,0,2026-10-15,0,0.753,100.0,42,High
202505,148,0,0,0,0,1,1,0,2026-10-17,0,0.738,100.0,44,High
202506,148,0,0,0,0,1,1,0,2026-10-18,0,0.735,100.0,45,High
202507,148,0,0,0,0,1,1,0,2026-10-15,0,0.75,100.0,42,High
202508,148,3.7,2.7,58000,44000,1,1,0,2026-10-15,-0.92,0.75,100.0,42,High
202509,148,11.5,8.6,184000,137000,2,1,1,2026-10-16,-2.94,0.745,50.0,43,High
202510,148,19.6,14.1,313000,225000,4,3,1,2026-10-21,-5.55,0.718,75.0,48,High
202511,148,27.5,19.5,439000,311000,5,4,1,2026-10-22,-7.98,0.71,80.0,49,High
202512,148,35.6,26.1,568000,417000,7,5,2,2026-10-18,-9.5,0.733,71.4,45,High
202601,148,43.7,31.4,698000,501000,9,6,3,2026-10-21,-12.3,0.719,66.7,48,High
202602,148,51.0,36.1,815000,576000,10,7,3,2026-10-23,-14.93,0.708,70.0,50,High
202603,148,59.2,42.5,944000,678000,12,9,3,2026-10-21,-16.69,0.718,75.0,48,High
202604,148,67.0,46.0,1070000,733000,13,9,4,2026-10-27,-21.06,0.686,69.2,54,High
202605,148,75.1,53.2,1199000,848000,15,11,4,2026-10-23,-21.97,0.708,73.3,50,High
202606,148,83.0,59.4,1324000,948000,17,12,5,2026-10-21,-23.61,0.715,70.6,48,High
202607,148,91.1,63.8,1454000,1019000,18,13,5,2026-10-24,-27.27,0.701,72.2,51,High
202608,148,99.2,71.1,1583000,1134000,20,14,6,2026-10-21,-28.15,0.716,70.0,48,High
202609,148,100,68.0,1596000,1085000,20,14,6,2026-10-27,-32.0,0.68,70.0,54,High
202610,148,100,71.5,1596000,1140000,20,14,6,2026-10-22,-28.54,0.715,70.0,49,High
202611,148,100,71.2,1596000,1137000,20,14,6,2026-10-22,-28.76,0.712,70.0,49,High
202612,148,100,69.4,1596000,1108000,20,14,6,2026-10-25,-30.6,0.694,70.0,52,High
202501,149,0,0,0,0,1,1,0,2028-07-10,0,0.991,100.0,3,Low
202502,149,0,0,0,0,1,1,0,2028-07-21,0,0.966,100.0,14,Low
202503,149,0,0,0,0,1,1,0,2028-07-15,0,0.979,100.0,8,Low
202504,149,0,0,0,0,1,1,0,2028-07-07,0,0.999,100.0,0,Low
202505,149,0,0,0,0,1,1,0,2028-07-07,0,0.999,100.0,0,Low
202506,149,0,0,0,0,1,1,0,2028-07-09,0,0.993,100.0,2,Low
202507,149,0,0,0,0,1,1,0,2028-07-26,0,0.953,100.0,19,Low
202508,149,0,0,0,0,1,1,0,2028-07-23,0,0.96,100.0,16,Low
202509,149,0,0,0,0,1,1,0,2028-07-24,0,0.958,100.0,17,Low
202510,149,0,0,0,0,1,1,0,2028-07-18,0,0.972,100.0,11,Low
202511,149,0,0,0,0,1,1,0,2028-07-08,0,0.997,100.0,1,Low
202512,149,0.8,0.7,44000,43000,1,1,0,2028-07-15,-0.02,0.98,100.0,8,Low
202601,149,4.1,4.0,237000,230000,1,1,0,2028-07-19,-0.13,0.969,100.0,12,Low
202602,149,7.1,6.8,412000,395000,1,1,0,2028-07-24,-0.3,0.958,100.0,17,Low
202603,149,10.5,10.3,606000,594000,2,2,0,2028-07-15,-0.21,0.98,100.0,8,Low
202604,149,13.7,13.4,793000,773000,3,3,0,2028-07-17,-0.35,0.974,100.0,10,Low
202605,149,17.1,16.2,987000,936000,3,3,0,2028-07-28,-0.87,0.949,100.0,21,Low
202606,149,20.3,19.3,1174000,1115000,4,4,0,2028-07-28,-1.03,0.949,100.0,21,Low
202607,149,23.7,23.0,1368000,1332000,5,5,0,2028-07-18,-0.63,0.973,100.0,11,Low
202608,149,27.0,26.5,1562000,1531000,5,5,0,2028-07-15,-0.53,0.981,100.0,8,Low
202609,149,30.2,28.8,1749000,1667000,6,6,0,2028-07-26,-1.42,0.953,100.0,19,Low
202610,149,33.6,33.1,1943000,1914000,7,7,0,2028-07-13,-0.5,0.985,100.0,6,Low
202611,149,36.8,36.8,2130000,2126000,7,7,0,2028-07-07,-0.07,0.998,100.0,0,Low
202612,149,40.2,39.2,2324000,2269000,8,8,0,2028-07-16,-0.94,0.977,100.0,9,Low
202501,150,22.1,22.1,2266000,2262000,4,4,0,2026-07-24,-0.04,0.998,100.0,0,Low
202502,150,26.2,25.1,2681000,2572000,5,5,0,2026-08-05,-1.07,0.959,100.0,12,Low
202503,150,30.6,29.1,3140000,2981000,6,6,0,2026-08-08,-1.56,0.949,100.0,15,Low
202504,150,35.0,33.3,3585000,3414000,7,7,0,2026-08-07,-1.66,0.952,100.0,14,Low
202505,150,39.5,38.4,4044000,3939000,8,8,0,2026-08-01,-1.02,0.974,100.0,8,Low
202506,150,43.8,42.5,4488000,4352000,9,9,0,2026-08-02,-1.33,0.97,100.0,9,Low
202507,150,48.3,46.0,4947000,4718000,10,10,0,2026-08-07,-2.24,0.954,100.0,14,Low
202508,150,52.7,50.0,5406000,5125000,11,10,1,2026-08-09,-2.75,0.948,90.9,16,Low
202509,150,57.1,54.5,5851000,5583000,11,10,1,2026-08-07,-2.62,0.954,90.9,14,Low
202510,150,61.6,59.1,6310000,6057000,12,12,0,2026-08-05,-2.47,0.96,100.0,12,Low
202511,150,65.9,64.9,6754000,6651000,13,13,0,2026-07-28,-1.01,0.985,100.0,4,Low
202512,150,70.4,69.8,7214000,7153000,14,14,0,2026-07-26,-0.59,0.992,100.0,2,Low
202601,150,74.9,72.1,7673000,7393000,15,14,1,2026-08-04,-2.73,0.963,93.3,11,Low
202602,150,78.9,74.3,8087000,7618000,16,15,1,2026-08-11,-4.58,0.942,93.8,18,Low
202603,150,83.4,79.2,8547000,8119000,17,16,1,2026-08-08,-4.17,0.95,94.1,15,Low
202604,150,87.7,86.2,8991000,8832000,18,18,0,2026-07-29,-1.55,0.982,100.0,5,Low
202605,150,92.2,88.5,9450000,9067000,18,17,1,2026-08-05,-3.74,0.959,94.4,12,Low
202606,150,96.5,94.6,9895000,9698000,19,19,0,2026-07-30,-1.92,0.98,100.0,6,Low
202607,150,100,98.5,10250000,10100000,20,20,0,2026-07-28,-1.46,0.985,100.0,4,Low
202608,150,100,94.5,10250000,9683000,20,19,1,2026-08-10,-5.54,0.945,95.0,17,Low
202609,150,100,96.3,10250000,9875000,20,19,1,2026-08-04,-3.66,0.963,95.0,11,Low
202610,150,100,95.9,10250000,9832000,20,19,1,2026-08-05,-4.08,0.959,95.0,12,Low
202611,150,100,96.0,10250000,9838000,20,19,1,2026-08-05,-4.02,0.96,95.0,12,Low
202612,150,100,95.9,10250000,9831000,20,19,1,2026-08-05,-4.09,0.959,95.0,12,Low
