period_id,project_id,financial_health_score,schedule_health_score,risk_health_score,resource_health_score,overall_health_score,health_status,strategic_importance_score,executive_attention_score,executive_attention_flag
202501,1,85.9,92.7,100,70.3,88.4,Healthy,96.5,41.3,No
202502,1,90.3,91.6,86.2,60.8,83.8,Healthy,96.5,44.3,No
202503,1,88.8,91.4,100,58.7,86.4,Healthy,96.5,42.6,No
202504,1,89.9,97.2,86.2,58.2,84.8,Healthy,96.5,43.6,No
202505,1,88.2,92.4,100,51.8,85.1,Healthy,96.5,43.4,No
202506,1,77.9,91.7,72.4,60.2,77.1,Watch,96.5,48.7,No
202507,1,84.8,96.1,100,61.3,87.3,Healthy,96.5,42.0,No
202508,1,80.2,94.9,100,65.9,86.7,Healthy,96.5,42.4,No
202509,1,84.8,90.1,100,70.7,87.4,Healthy,96.5,42.0,No
202510,1,88.1,94.7,100,70.9,89.6,Healthy,96.5,40.5,No
202511,1,81.5,89.5,100,69.4,86.1,Healthy,96.5,42.8,No
202512,1,88.2,91.0,100,61.5,86.7,Healthy,96.5,42.4,No
202601,1,86.5,93.6,100,60.5,86.8,Healthy,96.5,42.4,No
202602,1,89.4,87.8,100,46.1,82.9,Healthy,96.5,44.9,No
202603,1,84.9,93.1,100,44.1,83.0,Healthy,96.5,44.8,No
202604,1,80.3,88.5,100,40.8,79.8,Watch,96.5,46.9,No
202605,1,83.6,94.1,100,46.0,83.3,Healthy,96.5,44.6,No
202606,1,86.2,91.6,100,45.8,83.2,Healthy,96.5,44.7,No
202607,1,82.3,89.0,100,50.7,82.4,Healthy,96.5,45.2,No
202608,1,84.8,96.2,100,59.2,86.9,Healthy,96.5,42.3,No
202609,1,78.4,95.2,93.1,58.1,83.1,Healthy,96.5,44.8,No
202610,1,84.8,90.3,100,48.0,82.9,Healthy,96.5,44.9,No
202611,1,92.2,97.4,100,58.2,88.9,Healthy,96.5,41.0,No
202612,1,90.6,94.5,100,52.7,86.5,Healthy,96.5,42.5,No
202501,2,57.1,70.1,65.5,70.3,65.7,Watch,77.0,49.2,No
202502,2,62.5,66.6,65.5,60.8,64.1,At Risk,77.0,50.3,No
202503,2,60.6,66.7,81.6,58.7,67.3,Watch,77.0,48.2,No
202504,2,70.7,62.3,100,58.2,73.0,Watch,77.0,44.5,No
202505,2,61.8,61.5,100,51.8,69.3,Watch,77.0,46.9,No
202506,2,65.8,61.2,100,60.2,71.8,Watch,77.0,45.3,No
202507,2,56.8,60.1,100,61.3,69.5,Watch,77.0,46.8,No
202508,2,68.4,61.4,100,65.9,73.7,Watch,77.0,44.0,No
202509,2,67.1,63.9,100,70.7,75.1,Watch,77.0,43.1,No
202510,2,60.1,59.1,100,70.9,71.9,Watch,77.0,45.2,No
202511,2,59.4,57.7,65.5,69.4,62.4,At Risk,77.0,51.4,No
202512,2,64.6,72.4,55.2,61.5,64.0,At Risk,77.0,50.4,No
202601,2,63.0,74.3,100,60.5,75.1,Watch,77.0,43.1,No
202602,2,63.9,79.5,100,46.1,74.0,Watch,77.0,43.8,No
202603,2,66.6,80.4,100,44.1,74.6,Watch,77.0,43.5,No
202604,2,66.5,85.9,100,40.8,75.6,Watch,77.0,42.8,No
202605,2,66.8,85.1,77.0,46.0,70.7,Watch,77.0,46.0,No
202606,2,70.8,87.7,100,45.8,78.1,Watch,77.0,41.2,No
202607,2,72.0,90.9,100,50.7,80.4,Healthy,77.0,39.7,No
202608,2,71.3,93.2,100,59.2,82.6,Healthy,77.0,38.2,No
202609,2,74.0,93.2,100,58.1,83.1,Healthy,77.0,37.9,No
202610,2,75.6,93.2,65.5,48.0,72.8,Watch,77.0,44.6,No
202611,2,75.8,93.2,100,58.2,83.6,Healthy,77.0,37.6,No
202612,2,80.2,93.2,100,52.7,83.5,Healthy,77.0,37.6,No
202501,3,82.0,41.8,100,67.0,71.5,Watch,71.0,43.4,No
202502,3,82.0,43.0,100,56.7,69.7,Watch,71.0,44.5,No
202503,3,82.0,44.1,100,54.4,69.6,Watch,71.0,44.6,No
202504,3,82.0,43.9,100,47.1,68.1,Watch,71.0,45.6,No
202505,3,82.0,44.5,34.5,50.7,52.6,At Risk,71.0,55.6,No
202506,3,82.0,41.5,100,51.1,68.2,Watch,71.0,45.5,No
202507,3,82.0,36.8,100,59.2,68.4,Watch,71.0,45.4,No
202508,3,82.0,42.5,65.5,58.3,61.3,At Risk,71.0,50.0,No
202509,3,82.0,39.7,100,65.9,70.6,Watch,71.0,44.0,No
202510,3,82.0,40.8,0,64.8,45.7,Critical,71.0,60.1,Yes
202511,3,82.0,36.5,34.5,63.3,52.7,At Risk,71.0,55.6,No
202512,3,66.2,39.8,100,54.2,64.3,At Risk,71.0,48.0,No
202601,3,70.0,36.7,100,56.6,64.8,At Risk,71.0,47.7,No
202602,3,78.6,34.1,100,46.7,64.2,At Risk,71.0,48.1,No
202603,3,59.7,36.1,100,45.0,59.8,At Risk,71.0,51.0,No
202604,3,73.0,34.0,100,38.2,61.1,At Risk,71.0,50.1,No
202605,3,64.2,31.8,100,36.8,57.9,At Risk,71.0,52.2,No
202606,3,61.1,36.2,100,42.8,59.7,At Risk,71.0,51.1,No
202607,3,70.9,34.4,46.0,47.8,49.1,Critical,71.0,57.9,No
202608,3,71.8,34.7,100,52.4,63.8,At Risk,71.0,48.4,No
202609,3,66.6,28.6,100,54.0,61.0,At Risk,71.0,50.2,No
202610,3,74.2,27.6,100,51.9,62.2,At Risk,71.0,49.4,No
202611,3,59.9,31.2,100,54.7,60.3,At Risk,71.0,50.7,No
202612,3,78.4,29.7,100,48.1,63.1,At Risk,71.0,48.8,No
202501,4,82.0,50.1,100,93.9,79.3,Watch,84.0,42.9,No
202502,4,82.0,50.1,55.2,85.2,66.4,Watch,84.0,51.3,No
202503,4,82.0,51.1,100,77.4,76.3,Watch,84.0,44.8,No
202504,4,82.0,51.4,100,83.7,77.7,Watch,84.0,43.9,No
202505,4,82.0,48.4,31.0,75.5,57.9,At Risk,84.0,56.8,No
202506,4,61.6,51.2,100,87.7,73.3,Watch,84.0,46.8,No
202507,4,58.6,50.6,100,85.0,71.8,Watch,84.0,47.7,No
202508,4,62.2,47.4,100,94.7,73.7,Watch,84.0,46.5,No
202509,4,64.0,47.7,100,95.1,74.3,Watch,84.0,46.1,No
202510,4,57.1,48.4,100,95.3,72.9,Watch,84.0,47.0,No
202511,4,69.1,49.5,46.0,92.8,62.2,At Risk,84.0,54.0,No
202512,4,56.4,46.6,100,88.1,70.7,Watch,84.0,48.4,No
202601,4,63.4,59.3,100,86.5,75.9,Watch,84.0,45.0,No
202602,4,65.6,59.8,100,77.9,74.9,Watch,84.0,45.7,No
202603,4,63.7,63.9,100,75.2,75.1,Watch,84.0,45.6,No
202604,4,65.1,67.6,100,67.1,75.0,Watch,84.0,45.7,No
202605,4,66.5,71.7,100,69.6,77.0,Watch,84.0,44.3,No
202606,4,70.5,70.3,77.0,69.2,71.8,Watch,84.0,47.7,No
202607,4,72.7,74.3,100,73.1,80.1,Healthy,84.0,42.4,No
202608,4,73.5,81.3,100,82.9,84.4,Healthy,84.0,39.6,No
202609,4,71.4,84.3,100,79.8,84.1,Healthy,84.0,39.7,No
202610,4,76.0,81.8,100,86.8,85.9,Healthy,84.0,38.6,No
202611,4,73.5,84.9,100,82.4,85.3,Healthy,84.0,38.9,No
202612,4,75.1,85.7,100,78.5,85.2,Healthy,84.0,39.0,No
202501,5,82.0,94.0,100,93.9,92.5,Healthy,80.5,33.1,No
202502,5,82.0,93.4,86.2,85.2,87.1,Healthy,80.5,36.6,No
202503,5,82.0,88.6,100,77.4,87.6,Healthy,80.5,36.3,No
202504,5,82.0,89.5,100,83.7,89.1,Healthy,80.5,35.3,No
202505,5,82.0,89.4,100,75.5,87.4,Healthy,80.5,36.4,No
202506,5,82.0,89.4,100,87.7,89.9,Healthy,80.5,34.8,No
202507,5,82.0,91.9,100,85.0,90.1,Healthy,80.5,34.6,No
202508,5,92.5,95.1,100,94.7,95.6,Healthy,80.5,31.0,No
202509,5,90.4,93.9,100,95.1,94.8,Healthy,80.5,31.6,No
202510,5,78.1,92.4,100,95.3,91.3,Healthy,80.5,33.8,No
202511,5,82.1,93.0,100,92.8,92.0,Healthy,80.5,33.4,No
202512,5,79.6,95.5,100,88.1,91.2,Healthy,80.5,33.9,No
202601,5,82.9,91.5,100,86.5,90.5,Healthy,80.5,34.4,No
202602,5,82.2,90.9,90.8,77.9,86.1,Healthy,80.5,37.2,No
202603,5,83.2,88.5,95.4,75.2,86.2,Healthy,80.5,37.1,No
202604,5,92.6,91.9,100,67.1,89.1,Healthy,80.5,35.2,No
202605,5,89.0,95.7,100,69.6,89.9,Healthy,80.5,34.7,No
202606,5,83.2,93.9,100,69.2,87.8,Healthy,80.5,36.1,No
202607,5,87.7,96.0,100,73.1,90.3,Healthy,80.5,34.5,No
202608,5,93.0,95.1,100,82.9,93.4,Healthy,80.5,32.5,No
202609,5,77.3,94.3,100,79.8,88.6,Healthy,80.5,35.6,No
202610,5,92.5,93.9,100,86.8,93.6,Healthy,80.5,32.3,No
202611,5,92.3,90.4,100,82.4,91.7,Healthy,80.5,33.6,No
202612,5,77.3,91.2,100,78.5,87.4,Healthy,80.5,36.4,No
202501,6,82.0,90.4,81.6,64.8,81.0,Healthy,89.5,43.7,No
202502,6,82.0,91.0,100,55.9,84.0,Healthy,89.5,41.7,No
202503,6,82.0,89.2,100,52.9,82.8,Healthy,89.5,42.5,No
202504,6,82.0,88.4,100,50.4,82.1,Healthy,89.5,43.0,No
202505,6,82.0,85.8,100,49.5,81.1,Healthy,89.5,43.6,No
202506,6,82.0,87.8,100,54.1,82.7,Healthy,89.5,42.6,No
202507,6,82.0,91.4,100,54.2,83.8,Healthy,89.5,41.9,No
202508,6,82.0,92.3,100,59.0,85.0,Healthy,89.5,41.1,No
202509,6,59.2,92.9,100,66.7,81.0,Healthy,89.5,43.7,No
202510,6,60.2,91.3,100,63.5,80.1,Healthy,89.5,44.2,No
202511,6,66.8,92.5,100,64.5,82.3,Healthy,89.5,42.8,No
202512,6,59.4,88.8,100,55.3,77.5,Watch,89.5,45.9,No
202601,6,67.1,89.7,100,55.8,79.8,Watch,89.5,44.4,No
202602,6,49.1,92.1,100,41.5,73.2,Watch,89.5,48.8,No
202603,6,53.8,89.4,72.4,41.6,66.7,Watch,89.5,53.0,No
202604,6,55.4,89.6,65.5,37.7,64.6,At Risk,89.5,54.3,No
202605,6,51.9,85.0,100,37.2,70.9,Watch,89.5,50.2,No
202606,6,56.4,90.2,72.4,37.9,66.9,Watch,89.5,52.9,No
202607,6,66.8,86.0,100,42.9,76.1,Watch,89.5,46.9,No
202608,6,65.6,91.9,100,49.7,78.9,Watch,89.5,45.0,No
202609,6,54.6,88.6,100,54.3,76.1,Watch,89.5,46.9,No
202610,6,65.3,86.8,100,47.0,76.8,Watch,89.5,46.4,No
202611,6,54.7,86.0,100,53.8,75.3,Watch,89.5,47.4,No
202612,6,58.2,93.3,46.0,48.7,63.8,At Risk,89.5,54.9,No
202501,7,88.5,92.3,100,67.0,88.2,Healthy,76.5,34.4,No
202502,7,92.1,89.2,100,56.7,86.1,Healthy,76.5,35.8,No
202503,7,91.2,87.5,100,54.4,84.9,Healthy,76.5,36.6,No
202504,7,90.5,87.9,100,47.1,83.4,Healthy,76.5,37.6,No
202505,7,93.0,86.7,100,50.7,84.4,Healthy,76.5,36.9,No
202506,7,92.8,84.3,100,51.1,83.7,Healthy,76.5,37.4,No
202507,7,80.6,86.9,100,59.2,83.1,Healthy,76.5,37.8,No
202508,7,85.4,85.8,100,58.3,83.8,Healthy,76.5,37.3,No
202509,7,79.3,89.0,100,65.9,84.7,Healthy,76.5,36.7,No
202510,7,83.9,91.6,100,64.8,86.4,Healthy,76.5,35.6,No
202511,7,87.3,93.9,100,63.3,87.6,Healthy,76.5,34.8,No
202512,7,84.9,91.4,100,54.2,84.5,Healthy,76.5,36.9,No
202601,7,80.1,90.1,100,56.6,83.4,Healthy,76.5,37.6,No
202602,7,89.2,88.5,100,46.7,83.2,Healthy,76.5,37.7,No
202603,7,78.3,90.5,100,45.0,80.7,Healthy,76.5,39.3,No
202604,7,77.6,84.2,100,38.2,77.3,Watch,76.5,41.5,No
202605,7,81.9,84.4,100,36.8,78.1,Watch,76.5,41.0,No
202606,7,91.5,88.1,100,42.8,82.9,Healthy,76.5,37.9,No
202607,7,88.7,88.5,100,47.8,83.3,Healthy,76.5,37.7,No
202608,7,78.8,85.4,100,52.4,80.8,Healthy,76.5,39.2,No
202609,7,92.7,93.3,100,54.0,87.0,Healthy,76.5,35.2,No
202610,7,88.4,86.1,100,51.9,83.3,Healthy,76.5,37.6,No
202611,7,83.2,86.4,100,54.7,82.7,Healthy,76.5,38.0,No
202612,7,89.7,92.2,100,48.1,84.7,Healthy,76.5,36.7,No
202501,8,82.0,64.9,100,74.2,79.8,Watch,77.0,40.1,No
202502,8,82.0,61.6,100,67.6,77.5,Watch,77.0,41.6,No
202503,8,66.8,61.5,100,65.1,73.2,Watch,77.0,44.4,No
202504,8,71.2,55.7,100,64.3,72.4,Watch,77.0,44.9,No
202505,8,70.9,57.2,100,58.0,71.5,Watch,77.0,45.5,No
202506,8,58.5,60.8,100,63.5,70.6,Watch,77.0,46.1,No
202507,8,67.3,60.2,100,63.7,72.6,Watch,77.0,44.7,No
202508,8,72.2,57.4,100,73.2,74.9,Watch,77.0,43.3,No
202509,8,57.5,57.1,100,75.6,71.6,Watch,77.0,45.4,No
202510,8,72.2,56.6,100,74.3,74.9,Watch,77.0,43.3,No
202511,8,70.1,52.9,55.2,74.5,62.1,At Risk,77.0,51.6,No
202512,8,58.6,50.7,100,63.4,67.5,Watch,77.0,48.1,No
202601,8,64.3,55.1,100,60.0,69.6,Watch,77.0,46.7,No
202602,8,62.1,51.7,100,56.6,67.4,Watch,77.0,48.2,No
202603,8,58.5,50.0,100,51.0,64.8,At Risk,77.0,49.8,No
202604,8,64.8,63.6,54.0,46.9,58.2,At Risk,77.0,54.1,No
202605,8,64.0,71.2,100,49.6,72.3,Watch,77.0,45.0,No
202606,8,63.8,73.2,72.4,55.2,67.1,Watch,77.0,48.4,No
202607,8,68.4,74.0,100,54.8,75.2,Watch,77.0,43.0,No
202608,8,66.9,76.3,100,57.8,76.2,Watch,77.0,42.4,No
202609,8,70.7,80.9,100,64.0,79.8,Watch,77.0,40.1,No
202610,8,70.3,81.7,100,54.2,77.9,Watch,77.0,41.3,No
202611,8,71.5,89.3,100,62.5,82.2,Healthy,77.0,38.5,No
202612,8,70.7,92.8,65.5,55.4,73.0,Watch,77.0,44.5,No
202501,9,82.0,61.4,100,93.9,82.7,Healthy,75.5,37.7,No
202502,9,82.0,61.1,100,85.2,80.9,Healthy,75.5,38.9,No
202503,9,82.0,61.7,100,77.4,79.5,Watch,75.5,39.7,No
202504,9,82.0,58.1,77.0,83.7,73.9,Watch,75.5,43.4,No
202505,9,82.0,56.1,100,75.5,77.4,Watch,75.5,41.1,No
202506,9,82.0,57.7,100,87.7,80.3,Healthy,75.5,39.2,No
202507,9,82.0,60.2,100,85.0,80.6,Healthy,75.5,39.1,No
202508,9,82.0,59.1,100,94.7,82.2,Healthy,75.5,38.0,No
202509,9,82.0,58.1,100,95.1,81.9,Healthy,75.5,38.2,No
202510,9,82.0,56.8,100,95.3,81.6,Healthy,75.5,38.4,No
202511,9,82.0,52.3,100,92.8,79.8,Watch,75.5,39.6,No
202512,9,82.0,65.7,100,88.1,82.8,Healthy,75.5,37.6,No
202601,9,82.0,67.1,100,86.5,82.9,Healthy,75.5,37.5,No
202602,9,63.1,69.0,37.9,77.9,61.5,At Risk,75.5,51.4,No
202603,9,65.2,74.6,100,75.2,78.7,Watch,75.5,40.3,No
202604,9,67.1,78.2,100,67.1,78.7,Watch,75.5,40.3,No
202605,9,68.9,83.0,100,69.6,81.0,Healthy,75.5,38.8,No
202606,9,69.6,83.0,100,69.2,81.1,Healthy,75.5,38.7,No
202607,9,69.8,90.4,55.2,73.1,73.0,Watch,75.5,44.0,No
202608,9,73.7,92.6,100,82.9,87.8,Healthy,75.5,34.4,No
202609,9,76.6,91.7,100,79.8,87.6,Healthy,75.5,34.5,No
202610,9,75.9,91.2,100,86.8,88.7,Healthy,75.5,33.8,No
202611,9,76.5,90.3,100,82.4,87.7,Healthy,75.5,34.4,No
202612,9,77.0,93.2,77.0,78.5,82.2,Healthy,75.5,38.0,No
202501,10,82.0,86.0,100,67.0,84.7,Healthy,68.5,33.9,No
202502,10,52.2,92.1,100,56.7,77.0,Watch,68.5,38.9,No
202503,10,48.6,87.2,100,54.4,74.2,Watch,68.5,40.8,No
202504,10,51.3,86.3,100,47.1,73.1,Watch,68.5,41.4,No
202505,10,64.2,89.9,100,50.7,78.2,Watch,68.5,38.2,No
202506,10,55.8,87.6,100,51.1,75.4,Watch,68.5,39.9,No
202507,10,68.3,93.0,100,59.2,81.8,Healthy,68.5,35.8,No
202508,10,64.5,85.9,72.4,58.3,71.7,Watch,68.5,42.4,No
202509,10,67.0,86.7,100,65.9,80.9,Healthy,68.5,36.4,No
202510,10,65.9,88.0,55.2,64.8,69.6,Watch,68.5,43.7,No
202511,10,65.0,91.4,100,63.3,81.3,Healthy,68.5,36.1,No
202512,10,50.6,87.7,100,54.2,74.8,Watch,68.5,40.4,No
202601,10,47.5,88.5,100,56.6,74.8,Watch,68.5,40.4,No
202602,10,64.2,85.3,86.2,46.7,72.5,Watch,68.5,41.8,No
202603,10,50.4,88.4,100,45.0,73.1,Watch,68.5,41.5,No
202604,10,50.8,85.2,100,38.2,70.9,Watch,68.5,42.9,No
202605,10,62.3,88.4,100,36.8,74.5,Watch,68.5,40.6,No
202606,10,56.5,87.3,100,42.8,73.9,Watch,68.5,41.0,No
202607,10,56.7,90.6,100,47.8,75.9,Watch,68.5,39.6,No
202608,10,50.1,91.3,100,52.4,75.4,Watch,68.5,40.0,No
202609,10,62.5,86.9,100,54.0,77.5,Watch,68.5,38.6,No
202610,10,47.1,84.9,100,51.9,72.6,Watch,68.5,41.8,No
202611,10,67.0,91.1,100,54.7,80.0,Healthy,68.5,37.0,No
202612,10,48.4,85.0,100,48.1,72.2,Watch,68.5,42.0,No
202501,11,82.0,93.7,100,64.8,86.6,Healthy,79.5,36.6,No
202502,11,82.0,91.0,100,55.9,84.0,Healthy,79.5,38.2,No
202503,11,82.0,89.1,100,52.9,82.8,Healthy,79.5,39.0,No
202504,11,82.0,89.3,100,50.4,82.4,Healthy,79.5,39.3,No
202505,11,82.0,84.4,100,49.5,80.7,Healthy,79.5,40.4,No
202506,11,82.0,90.6,100,54.1,83.5,Healthy,79.5,38.6,No
202507,11,82.0,88.2,100,54.2,82.8,Healthy,79.5,39.0,No
202508,11,82.0,87.1,100,59.0,83.4,Healthy,79.5,38.6,No
202509,11,83.8,93.2,70.1,66.7,79.8,Watch,79.5,41.0,No
202510,11,86.1,91.6,100,63.5,86.7,Healthy,79.5,36.5,No
202511,11,92.6,91.1,100,64.5,88.4,Healthy,79.5,35.4,No
202512,11,86.5,85.8,100,55.3,83.4,Healthy,79.5,38.6,No
202601,11,78.5,92.4,100,55.8,83.5,Healthy,79.5,38.6,No
202602,11,83.9,86.8,100,41.5,80.3,Healthy,79.5,40.6,No
202603,11,91.5,84.1,100,41.6,81.4,Healthy,79.5,39.9,No
202604,11,82.6,89.5,100,37.7,80.0,Healthy,79.5,40.8,No
202605,11,91.6,91.6,100,37.2,82.8,Healthy,79.5,39.0,No
202606,11,92.3,91.7,100,37.9,83.2,Healthy,79.5,38.8,No
202607,11,82.1,90.7,100,42.9,81.3,Healthy,79.5,40.0,No
202608,11,91.0,84.7,100,49.7,83.1,Healthy,79.5,38.8,No
202609,11,79.7,84.9,100,54.3,81.3,Healthy,79.5,40.0,No
202610,11,83.5,92.5,100,47.0,83.0,Healthy,79.5,38.9,No
202611,11,77.3,92.8,100,53.8,82.9,Healthy,79.5,38.9,No
202612,11,77.5,86.9,100,48.7,80.2,Healthy,79.5,40.7,No
202501,12,89.1,98.4,100,96.1,96.0,Healthy,82.5,31.5,No
202502,12,88.9,95.4,90.8,82.9,90.1,Healthy,82.5,35.3,No
202503,12,84.5,98.2,100,78.8,91.3,Healthy,82.5,34.5,No
202504,12,93.1,99.1,100,85.8,95.2,Healthy,82.5,32.0,No
202505,12,89.9,100,100,78.5,93.2,Healthy,82.5,33.3,No
202506,12,79.5,97.2,100,85.4,91.1,Healthy,82.5,34.7,No
202507,12,84.3,100,100,90.0,94.1,Healthy,82.5,32.7,No
202508,12,80.1,99.8,100,98.5,94.7,Healthy,82.5,32.3,No
202509,12,82.8,100,100,99.3,95.5,Healthy,82.5,31.8,No
202510,12,78.6,94.4,100,99.3,92.8,Healthy,82.5,33.5,No
202511,12,90.6,100,100,92.2,96.1,Healthy,82.5,31.4,No
202512,12,92.5,100,100,88.9,95.9,Healthy,82.5,31.5,No
202601,12,82.6,94.4,95.4,85.1,89.8,Healthy,82.5,35.5,No
202602,12,80.9,98.6,100,80.7,90.9,Healthy,82.5,34.8,No
202603,12,80.3,95.9,100,72.4,88.3,Healthy,82.5,36.5,No
202604,12,88.0,98.1,100,66.0,89.6,Healthy,82.5,35.6,No
202605,12,88.8,100,86.2,74.8,88.7,Healthy,82.5,36.2,No
202606,12,91.8,95.2,100,67.6,90.0,Healthy,82.5,35.4,No
202607,12,84.1,94.2,100,75.2,89.3,Healthy,82.5,35.8,No
202608,12,92.4,100,100,84.5,95.0,Healthy,82.5,32.1,No
202609,12,82.1,98.1,100,79.1,90.8,Healthy,82.5,34.9,No
202610,12,80.5,94.2,100,81.3,89.6,Healthy,82.5,35.6,No
202611,12,91.2,95.3,100,83.4,93.1,Healthy,82.5,33.4,No
202612,12,84.5,100,100,75.0,91.1,Healthy,82.5,34.6,No
202501,13,89.3,93.8,100,92.2,93.9,Healthy,74.5,30.0,No
202502,13,86.5,99.5,100,85.9,93.7,Healthy,74.5,30.2,No
202503,13,91.6,98.6,100,77.9,93.1,Healthy,74.5,30.6,No
202504,13,79.3,100,100,81.8,91.2,Healthy,74.5,31.8,No
202505,13,81.7,96.0,100,77.1,89.6,Healthy,74.5,32.8,No
202506,13,82.4,94.5,100,85.1,91.0,Healthy,74.5,31.9,No
202507,13,80.7,100,100,85.3,92.2,Healthy,74.5,31.1,No
202508,13,82.2,99.6,86.2,90.1,90.0,Healthy,74.5,32.6,No
202509,13,77.3,99.5,100,92.1,92.6,Healthy,74.5,30.9,No
202510,13,88.1,97.8,100,98.2,96.0,Healthy,74.5,28.7,No
202511,13,80.2,94.7,100,92.4,91.9,Healthy,74.5,31.3,No
202512,13,91.8,100,100,88.2,95.6,Healthy,74.5,28.9,No
202601,13,78.7,92.1,100,83.8,89.1,Healthy,74.5,33.2,No
202602,13,89.0,94.9,100,73.3,90.4,Healthy,74.5,32.3,No
202603,13,92.0,92.4,100,71.9,90.1,Healthy,74.5,32.5,No
202604,13,77.8,92.1,100,67.7,85.6,Healthy,74.5,35.4,No
202605,13,91.5,98.0,100,69.7,91.2,Healthy,74.5,31.8,No
202606,13,85.2,95.1,100,67.9,88.4,Healthy,74.5,33.6,No
202607,13,79.4,93.8,100,71.8,87.4,Healthy,74.5,34.3,No
202608,13,87.0,96.4,100,81.9,92.1,Healthy,74.5,31.2,No
202609,13,88.9,98.6,79.3,80.4,87.7,Healthy,74.5,34.1,No
202610,13,89.5,99.5,100,83.0,93.8,Healthy,74.5,30.1,No
202611,13,77.4,99.9,100,78.0,89.9,Healthy,74.5,32.6,No
202612,13,91.6,98.9,86.2,72.5,88.6,Healthy,74.5,33.5,No
202501,14,82.0,98.0,100,96.1,94.1,Healthy,83.0,32.9,No
202502,14,82.0,100,100,82.9,92.1,Healthy,83.0,34.2,No
202503,14,82.0,97.5,100,78.8,90.5,Healthy,83.0,35.2,No
202504,14,82.0,96.5,100,85.8,91.6,Healthy,83.0,34.5,No
202505,14,82.0,94.6,100,78.5,89.6,Healthy,83.0,35.8,No
202506,14,82.0,93.1,100,85.4,90.5,Healthy,83.0,35.2,No
202507,14,82.0,93.4,100,90.0,91.5,Healthy,83.0,34.6,No
202508,14,90.5,95.3,100,98.5,95.9,Healthy,83.0,31.7,No
202509,14,90.8,97.6,100,99.3,96.8,Healthy,83.0,31.1,No
202510,14,80.3,93.4,100,99.3,93.0,Healthy,83.0,33.6,No
202511,14,77.5,93.5,100,92.2,90.9,Healthy,83.0,35.0,No
202512,14,88.1,96.4,100,88.9,93.7,Healthy,83.0,33.1,No
202601,14,84.1,94.4,100,85.1,91.4,Healthy,83.0,34.7,No
202602,14,85.1,100,81.6,80.7,87.8,Healthy,83.0,37.0,No
202603,14,81.6,97.3,100,72.4,89.1,Healthy,83.0,36.2,No
202604,14,85.1,93.0,100,66.0,87.4,Healthy,83.0,37.3,No
202605,14,81.7,100,100,74.8,90.4,Healthy,83.0,35.3,No
202606,14,90.9,95.9,100,67.6,90.0,Healthy,83.0,35.5,No
202607,14,83.3,93.0,100,75.2,88.8,Healthy,83.0,36.4,No
202608,14,89.2,94.1,100,84.5,92.5,Healthy,83.0,34.0,No
202609,14,89.6,96.2,100,79.1,92.1,Healthy,83.0,34.2,No
202610,14,90.9,94.2,100,81.3,92.2,Healthy,83.0,34.1,No
202611,14,91.8,96.8,100,83.4,93.7,Healthy,83.0,33.2,No
202612,14,84.9,99.7,100,75.0,91.2,Healthy,83.0,34.8,No
202501,15,82.0,93.4,100,92.2,92.0,Healthy,71.0,30.1,No
202502,15,82.0,97.7,100,85.9,92.0,Healthy,71.0,30.1,No
202503,15,50.7,97.4,100,77.9,82.5,Healthy,71.0,36.2,No
202504,15,47.2,96.4,46.0,81.8,68.6,Watch,71.0,45.3,No
202505,15,56.8,92.9,100,77.1,82.5,Healthy,71.0,36.2,No
202506,15,59.6,99.5,100,85.1,86.8,Healthy,71.0,33.5,No
202507,15,56.3,95.8,100,85.3,84.9,Healthy,71.0,34.7,No
202508,15,60.5,93.7,65.5,90.1,77.6,Watch,71.0,39.4,No
202509,15,56.7,94.3,100,92.1,85.9,Healthy,71.0,34.0,No
202510,15,55.3,95.3,100,98.2,87.0,Healthy,71.0,33.3,No
202511,15,61.8,95.9,100,92.4,87.7,Healthy,71.0,32.8,No
202512,15,54.9,95.2,100,88.2,84.9,Healthy,71.0,34.6,No
202601,15,60.0,92.5,72.4,83.8,77.6,Watch,71.0,39.4,No
202602,15,62.5,92.4,100,73.3,83.0,Healthy,71.0,35.9,No
202603,15,60.8,93.6,100,71.9,82.7,Healthy,71.0,36.1,No
202604,15,67.5,93.0,77.0,67.7,77.6,Watch,71.0,39.4,No
202605,15,62.9,96.3,100,69.7,83.5,Healthy,71.0,35.5,No
202606,15,64.7,94.0,100,67.9,83.0,Healthy,71.0,35.9,No
202607,15,59.4,91.8,100,71.8,81.8,Healthy,71.0,36.7,No
202608,15,61.3,94.2,100,81.9,85.0,Healthy,71.0,34.6,No
202609,15,63.2,96.7,100,80.4,85.9,Healthy,71.0,34.0,No
202610,15,65.8,98.5,100,83.0,87.6,Healthy,71.0,32.9,No
202611,15,64.2,97.9,100,78.0,86.0,Healthy,71.0,33.9,No
202612,15,65.0,98.9,65.5,72.5,76.8,Watch,71.0,39.9,No
202501,16,60.2,96.5,90.8,92.2,85.2,Healthy,79.0,37.3,No
202502,16,58.3,94.4,100,85.9,85.1,Healthy,79.0,37.3,No
202503,16,57.8,91.3,100,77.9,82.4,Healthy,79.0,39.1,No
202504,16,48.8,92.1,100,81.8,81.2,Healthy,79.0,39.9,No
202505,16,51.4,91.8,100,77.1,80.8,Healthy,79.0,40.1,No
202506,16,62.2,93.8,90.8,85.1,83.4,Healthy,79.0,38.4,No
202507,16,49.3,92.0,100,85.3,82.0,Healthy,79.0,39.4,No
202508,16,53.3,90.5,100,90.1,83.5,Healthy,79.0,38.4,No
202509,16,55.6,90.7,100,92.1,84.6,Healthy,79.0,37.7,No
202510,16,68.4,97.0,100,98.2,90.9,Healthy,79.0,33.6,No
202511,16,67.0,95.0,100,92.4,88.7,Healthy,79.0,35.0,No
202512,16,53.8,92.0,100,88.2,83.7,Healthy,79.0,38.3,No
202601,16,57.9,95.8,100,83.8,85.0,Healthy,79.0,37.4,No
202602,16,50.9,92.2,100,73.3,80.1,Healthy,79.0,40.6,No
202603,16,62.1,97.0,100,71.9,84.0,Healthy,79.0,38.1,No
202604,16,54.2,90.3,100,67.7,79.2,Watch,79.0,41.2,No
202605,16,49.6,95.8,100,69.7,80.1,Healthy,79.0,40.6,No
202606,16,66.3,91.3,72.4,67.9,75.6,Watch,79.0,43.5,No
202607,16,55.0,94.7,86.2,71.8,78.1,Watch,79.0,41.9,No
202608,16,61.4,94.3,100,81.9,85.0,Healthy,79.0,37.4,No
202609,16,60.6,95.7,100,80.4,85.0,Healthy,79.0,37.4,No
202610,16,65.4,94.9,100,83.0,86.4,Healthy,79.0,36.5,No
202611,16,47.6,90.7,100,78.0,79.7,Watch,79.0,40.8,No
202612,16,51.6,94.7,86.2,72.5,77.4,Watch,79.0,42.4,No
202501,17,82.0,97.5,100,70.3,88.8,Healthy,77.5,34.4,No
202502,17,82.0,91.0,86.2,60.8,81.5,Healthy,77.5,39.1,No
202503,17,82.0,90.8,100,58.7,84.5,Healthy,77.5,37.2,No
202504,17,82.0,96.4,100,58.2,86.1,Healthy,77.5,36.2,No
202505,17,82.0,89.7,100,51.8,82.8,Healthy,77.5,38.3,No
202506,17,84.5,96.8,100,60.2,87.2,Healthy,77.5,35.4,No
202507,17,89.9,92.3,100,61.3,87.4,Healthy,77.5,35.3,No
202508,17,91.1,96.7,100,65.9,89.9,Healthy,77.5,33.7,No
202509,17,82.9,91.5,100,70.7,87.3,Healthy,77.5,35.4,No
202510,17,92.0,94.1,100,70.9,90.4,Healthy,77.5,33.4,No
202511,17,79.3,91.6,100,69.4,86.2,Healthy,77.5,36.1,No
202512,17,80.2,96.8,100,61.5,86.4,Healthy,77.5,36.0,No
202601,17,89.7,93.3,86.2,60.5,84.1,Healthy,77.5,37.5,No
202602,17,83.2,93.4,100,46.1,83.0,Healthy,77.5,38.1,No
202603,17,89.2,92.9,100,44.1,84.0,Healthy,77.5,37.5,No
202604,17,85.3,95.4,100,40.8,83.1,Healthy,77.5,38.1,No
202605,17,90.7,94.5,100,46.0,85.2,Healthy,77.5,36.7,No
202606,17,92.9,89.6,100,45.8,84.3,Healthy,77.5,37.3,No
202607,17,82.8,92.1,100,50.7,83.5,Healthy,77.5,37.9,No
202608,17,79.7,95.2,100,59.2,85.3,Healthy,77.5,36.7,No
202609,17,82.6,98.2,100,58.1,86.7,Healthy,77.5,35.8,No
202610,17,81.9,97.7,90.8,48.0,82.1,Healthy,77.5,38.8,No
202611,17,88.8,91.9,100,58.2,86.4,Healthy,77.5,35.9,No
202612,17,86.7,95.1,100,52.7,85.7,Healthy,77.5,36.4,No
202501,18,88.2,100,100,70.3,91.1,Healthy,75.0,32.0,No
202502,18,86.6,100,100,60.8,88.8,Healthy,75.0,33.5,No
202503,18,89.9,98.5,100,58.7,88.8,Healthy,75.0,33.6,No
202504,18,81.8,97.9,100,58.2,86.5,Healthy,75.0,35.1,No
202505,18,80.2,95.8,100,51.8,84.1,Healthy,75.0,36.6,No
202506,18,86.5,97.2,100,60.2,87.8,Healthy,75.0,34.2,No
202507,18,90.3,100,100,61.3,89.8,Healthy,75.0,32.9,No
202508,18,89.5,100,100,65.9,90.6,Healthy,75.0,32.4,No
202509,18,90.0,100,100,70.7,91.6,Healthy,75.0,31.7,No
202510,18,81.3,99.5,100,70.9,89.4,Healthy,75.0,33.2,No
202511,18,91.9,99.4,100,69.4,91.7,Healthy,75.0,31.7,No
202512,18,84.6,99.0,100,61.5,88.2,Healthy,75.0,33.9,No
202601,18,89.0,100,100,60.5,89.4,Healthy,75.0,33.2,No
202602,18,84.6,97.5,100,46.1,84.6,Healthy,75.0,36.3,No
202603,18,91.2,100,100,44.1,86.6,Healthy,75.0,35.0,No
202604,18,77.5,99.4,100,40.8,82.4,Healthy,75.0,37.7,No
202605,18,82.6,98.8,100,46.0,84.5,Healthy,75.0,36.3,No
202606,18,81.7,100,100,45.8,84.6,Healthy,75.0,36.3,No
202607,18,83.4,100,100,50.7,86.0,Healthy,75.0,35.4,No
202608,18,91.6,96.2,100,59.2,88.6,Healthy,75.0,33.7,No
202609,18,79.6,99.0,100,58.1,86.2,Healthy,75.0,35.2,No
202610,18,80.9,98.3,100,48.0,84.3,Healthy,75.0,36.4,No
202611,18,86.6,99.7,100,58.2,88.2,Healthy,75.0,33.9,No
202612,18,85.5,100,100,52.7,86.9,Healthy,75.0,34.8,No
202501,19,83.6,88.9,100,96.1,91.8,Healthy,74.5,31.4,No
202502,19,79.8,93.1,100,82.9,89.5,Healthy,74.5,32.9,No
202503,19,83.4,91.5,100,78.8,89.1,Healthy,74.5,33.2,No
202504,19,79.7,92.4,100,85.8,89.8,Healthy,74.5,32.7,No
202505,19,89.3,88.5,100,78.5,89.6,Healthy,74.5,32.9,No
202506,19,83.0,92.6,90.8,85.4,88.3,Healthy,74.5,33.7,No
202507,19,83.6,93.4,100,90.0,91.9,Healthy,74.5,31.3,No
202508,19,84.3,95.5,100,98.5,94.4,Healthy,74.5,29.7,No
202509,19,81.3,93.3,100,99.3,93.2,Healthy,74.5,30.5,No
202510,19,84.5,89.0,100,99.3,92.7,Healthy,74.5,30.8,No
202511,19,85.7,94.8,100,92.2,93.3,Healthy,74.5,30.4,No
202512,19,84.4,96.6,100,88.9,92.8,Healthy,74.5,30.7,No
202601,19,77.5,89.8,100,85.1,88.3,Healthy,74.5,33.7,No
202602,19,90.2,88.0,100,80.7,90.1,Healthy,74.5,32.5,No
202603,19,83.7,93.6,100,72.4,88.5,Healthy,74.5,33.6,No
202604,19,78.1,90.9,100,66.0,85.0,Healthy,74.5,35.8,No
202605,19,92.9,94.4,100,74.8,91.5,Healthy,74.5,31.6,No
202606,19,88.7,94.9,100,67.6,89.2,Healthy,74.5,33.1,No
202607,19,81.2,88.7,100,75.2,87.0,Healthy,74.5,34.6,No
202608,19,91.2,88.7,100,84.5,91.3,Healthy,74.5,31.7,No
202609,19,89.7,93.3,100,79.1,91.2,Healthy,74.5,31.8,No
202610,19,90.3,96.4,100,81.3,92.7,Healthy,74.5,30.8,No
202611,19,91.2,90.6,100,83.4,91.7,Healthy,74.5,31.5,No
202612,19,81.9,89.2,100,75.0,87.2,Healthy,74.5,34.4,No
202501,20,91.8,100,100,70.3,92.0,Healthy,70.0,29.7,No
202502,20,87.4,95.9,100,60.8,87.8,Healthy,70.0,32.4,No
202503,20,85.3,95.3,100,58.7,86.7,Healthy,70.0,33.2,No
202504,20,83.3,98.2,100,58.2,86.9,Healthy,70.0,33.0,No
202505,20,87.5,100,100,51.8,87.2,Healthy,70.0,32.8,No
202506,20,92.9,96.6,100,60.2,89.3,Healthy,70.0,31.5,No
202507,20,89.6,100,100,61.3,89.7,Healthy,70.0,31.2,No
202508,20,92.9,100,100,65.9,91.4,Healthy,70.0,30.1,No
202509,20,85.0,100,100,70.7,90.4,Healthy,70.0,30.7,No
202510,20,90.7,100,100,70.9,91.9,Healthy,70.0,29.8,No
202511,20,91.9,100,100,69.4,91.9,Healthy,70.0,29.8,No
202512,20,80.9,100,100,61.5,87.5,Healthy,70.0,32.6,No
202601,20,91.7,98.1,100,60.5,89.5,Healthy,70.0,31.4,No
202602,20,81.0,98.0,100,46.1,83.8,Healthy,70.0,35.0,No
202603,20,90.1,95.0,100,44.1,84.8,Healthy,70.0,34.4,No
202604,20,78.4,98.8,100,40.8,82.4,Healthy,70.0,35.9,No
202605,20,83.2,100,100,46.0,85.0,Healthy,70.0,34.3,No
202606,20,83.8,94.4,100,45.8,83.4,Healthy,70.0,35.3,No
202607,20,80.0,100,100,50.7,85.1,Healthy,70.0,34.2,No
202608,20,89.1,100,100,59.2,89.1,Healthy,70.0,31.6,No
202609,20,88.4,96.3,100,58.1,87.6,Healthy,70.0,32.6,No
202610,20,82.9,97.5,100,48.0,84.6,Healthy,70.0,34.5,No
202611,20,85.4,98.7,100,58.2,87.6,Healthy,70.0,32.6,No
202612,20,92.7,98.6,100,52.7,88.3,Healthy,70.0,32.1,No
202501,21,93.1,98.5,100,70.3,91.9,Healthy,94.0,38.2,No
202502,21,78.7,96.9,100,60.8,85.9,Healthy,94.0,42.0,No
202503,21,91.2,92.6,100,58.7,87.3,Healthy,94.0,41.1,No
202504,21,89.6,95.4,86.2,58.2,84.2,Healthy,94.0,43.2,No
202505,21,86.8,95.7,100,51.8,85.8,Healthy,94.0,42.2,No
202506,21,92.0,91.7,93.1,60.2,85.8,Healthy,94.0,42.1,No
202507,21,91.6,95.2,100,61.3,88.7,Healthy,94.0,40.2,No
202508,21,90.9,92.7,100,65.9,88.7,Healthy,94.0,40.2,No
202509,21,79.9,91.0,100,70.7,86.4,Healthy,94.0,41.7,No
202510,21,82.9,93.7,100,70.9,88.0,Healthy,94.0,40.7,No
202511,21,85.8,95.9,100,69.4,89.1,Healthy,94.0,40.0,No
202512,21,92.9,94.7,100,61.5,88.9,Healthy,94.0,40.1,No
202601,21,87.5,93.0,100,60.5,86.9,Healthy,94.0,41.4,No
202602,21,86.4,90.3,100,46.1,82.9,Healthy,94.0,44.0,No
202603,21,90.7,89.8,100,44.1,83.4,Healthy,94.0,43.7,No
202604,21,77.4,88.2,100,40.8,79.0,Watch,94.0,46.6,No
202605,21,86.0,89.5,100,46.0,82.6,Healthy,94.0,44.2,No
202606,21,87.6,95.5,100,45.8,84.7,Healthy,94.0,42.8,No
202607,21,86.8,90.5,100,50.7,84.0,Healthy,94.0,43.3,No
202608,21,79.1,91.0,100,59.2,83.9,Healthy,94.0,43.4,No
202609,21,84.2,95.3,100,58.1,86.3,Healthy,94.0,41.8,No
202610,21,83.9,95.8,100,48.0,84.3,Healthy,94.0,43.1,No
202611,21,82.8,91.6,100,58.2,84.8,Healthy,94.0,42.8,No
202612,21,88.1,94.1,100,52.7,85.8,Healthy,94.0,42.1,No
202501,22,87.7,95.2,100,70.3,89.6,Healthy,71.5,31.8,No
202502,22,92.6,93.2,100,60.8,88.3,Healthy,71.5,32.7,No
202503,22,81.2,96.9,86.2,58.7,82.7,Healthy,71.5,36.3,No
202504,22,87.5,97.9,100,58.2,87.9,Healthy,71.5,32.9,No
202505,22,87.7,91.5,100,51.8,84.7,Healthy,71.5,34.9,No
202506,22,86.2,93.0,100,60.2,86.5,Healthy,71.5,33.8,No
202507,22,82.9,97.0,100,61.3,87.1,Healthy,71.5,33.4,No
202508,22,88.0,95.6,100,65.9,88.8,Healthy,71.5,32.3,No
202509,22,77.9,97.6,100,70.7,87.9,Healthy,71.5,32.9,No
202510,22,92.8,92.3,100,70.9,90.1,Healthy,71.5,31.5,No
202511,22,91.3,95.7,100,69.4,90.4,Healthy,71.5,31.2,No
202512,22,79.4,95.2,100,61.5,85.7,Healthy,71.5,34.3,No
202601,22,81.0,92.5,100,60.5,85.1,Healthy,71.5,34.7,No
202602,22,87.6,93.1,100,46.1,84.1,Healthy,71.5,35.4,No
202603,22,82.3,93.6,100,44.1,82.5,Healthy,71.5,36.4,No
202604,22,79.0,96.1,100,40.8,81.7,Healthy,71.5,36.9,No
202605,22,91.9,93.3,100,46.0,85.2,Healthy,71.5,34.7,No
202606,22,93.1,92.1,100,45.8,85.1,Healthy,71.5,34.7,No
202607,22,83.6,95.0,100,50.7,84.5,Healthy,71.5,35.1,No
202608,22,84.1,95.0,100,59.2,86.4,Healthy,71.5,33.9,No
202609,22,91.5,94.6,100,58.1,87.9,Healthy,71.5,32.9,No
202610,22,82.8,95.5,100,48.0,83.9,Healthy,71.5,35.5,No
202611,22,92.2,90.9,100,58.2,87.0,Healthy,71.5,33.5,No
202612,22,91.2,89.7,100,52.7,85.3,Healthy,71.5,34.6,No
202501,23,82.0,46.5,100,74.2,74.3,Watch,83.0,45.8,No
202502,23,82.0,47.0,55.2,67.6,61.9,At Risk,83.0,53.8,No
202503,23,82.0,50.3,100,65.1,73.6,Watch,83.0,46.2,No
202504,23,82.0,42.8,100,64.3,71.2,Watch,83.0,47.8,No
202505,23,64.9,48.6,100,58.0,67.4,Watch,83.0,50.2,No
202506,23,73.1,47.4,34.5,63.5,53.8,At Risk,83.0,59.1,Yes
202507,23,70.5,41.6,100,63.7,67.8,Watch,83.0,50.0,No
202508,23,77.8,45.7,100,73.2,72.8,Watch,83.0,46.7,No
202509,23,60.2,41.8,100,75.6,67.7,Watch,83.0,50.0,No
202510,23,74.8,44.5,100,74.3,71.9,Watch,83.0,47.3,No
202511,23,61.8,44.3,100,74.5,68.7,Watch,83.0,49.4,No
202512,23,76.8,40.8,100,63.4,69.1,Watch,83.0,49.1,No
202601,23,59.7,38.7,100,60.0,63.5,At Risk,83.0,52.8,No
202602,23,76.0,41.0,100,56.6,67.6,Watch,83.0,50.1,No
202603,23,76.2,35.8,100,51.0,65.0,At Risk,83.0,51.8,No
202604,23,78.6,36.7,46.0,46.9,51.5,At Risk,83.0,60.6,Yes
202605,23,69.9,41.1,34.5,49.6,48.4,Critical,83.0,62.6,Yes
202606,23,71.4,40.0,100,55.2,65.9,Watch,83.0,51.2,No
202607,23,68.7,36.8,100,54.8,64.2,At Risk,83.0,52.3,No
202608,23,78.2,34.2,100,57.8,66.4,Watch,83.0,50.9,No
202609,23,62.2,33.9,100,64.0,63.5,At Risk,83.0,52.8,No
202610,23,69.8,35.4,55.2,54.2,52.7,At Risk,83.0,59.8,Yes
202611,23,74.9,37.0,100,62.5,67.3,Watch,83.0,50.3,No
202612,23,64.8,37.5,100,55.4,63.5,At Risk,83.0,52.7,No
202501,24,82.0,94.1,100,70.3,87.8,Healthy,77.0,34.9,No
202502,24,82.0,89.6,100,60.8,84.6,Healthy,77.0,37.0,No
202503,24,82.0,92.1,100,58.7,84.9,Healthy,77.0,36.8,No
202504,24,82.0,88.8,100,58.2,83.8,Healthy,77.0,37.5,No
202505,24,82.0,91.0,100,51.8,83.1,Healthy,77.0,37.9,No
202506,24,82.0,93.4,100,60.2,85.6,Healthy,77.0,36.3,No
202507,24,82.0,95.2,100,61.3,86.3,Healthy,77.0,35.8,No
202508,24,82.0,89.7,100,65.9,85.6,Healthy,77.0,36.3,No
202509,24,82.0,92.5,100,70.7,87.4,Healthy,77.0,35.2,No
202510,24,82.0,95.4,100,70.9,88.3,Healthy,77.0,34.6,No
202511,24,82.0,92.2,100,69.4,87.0,Healthy,77.0,35.4,No
202512,24,82.0,89.4,100,61.5,84.6,Healthy,77.0,37.0,No
202601,24,82.0,89.6,100,60.5,84.5,Healthy,77.0,37.0,No
202602,24,89.7,93.5,100,46.1,84.7,Healthy,77.0,36.9,No
202603,24,89.2,92.9,100,44.1,84.0,Healthy,77.0,37.4,No
202604,24,86.1,93.6,100,40.8,82.8,Healthy,77.0,38.1,No
202605,24,89.1,91.2,100,46.0,83.8,Healthy,77.0,37.5,No
202606,24,92.8,86.1,100,45.8,83.2,Healthy,77.0,37.9,No
202607,24,88.5,93.5,100,50.7,85.3,Healthy,77.0,36.5,No
202608,24,82.7,87.1,100,59.2,83.7,Healthy,77.0,37.6,No
202609,24,81.4,93.5,100,58.1,85.0,Healthy,77.0,36.7,No
202610,24,90.0,88.5,100,48.0,83.7,Healthy,77.0,37.6,No
202611,24,84.2,90.8,100,58.2,84.9,Healthy,77.0,36.8,No
202612,24,80.5,89.9,86.2,52.7,79.2,Watch,77.0,40.5,No
202501,25,52.4,91.5,100,64.8,78.5,Watch,68.0,37.8,No
202502,25,53.5,88.8,79.3,55.9,71.0,Watch,68.0,42.6,No
202503,25,61.9,90.2,86.2,52.9,74.7,Watch,68.0,40.3,No
202504,25,54.4,92.8,100,50.4,76.5,Watch,68.0,39.1,No
202505,25,62.8,87.1,86.2,49.5,73.3,Watch,68.0,41.2,No
202506,25,62.4,92.8,72.4,54.1,72.3,Watch,68.0,41.8,No
202507,25,60.7,93.0,100,54.2,78.9,Watch,68.0,37.5,No
202508,25,64.3,88.8,100,59.0,79.5,Watch,68.0,37.1,No
202509,25,62.9,93.3,100,66.7,82.0,Healthy,68.0,35.5,No
202510,25,55.7,87.2,100,63.5,77.8,Watch,68.0,38.2,No
202511,25,62.8,92.4,100,64.5,81.3,Healthy,68.0,35.9,No
202512,25,55.1,92.1,100,55.3,77.5,Watch,68.0,38.4,No
202601,25,67.5,87.3,100,55.8,79.2,Watch,68.0,37.3,No
202602,25,60.3,87.4,100,41.5,74.6,Watch,68.0,40.3,No
202603,25,48.6,86.5,100,41.6,71.4,Watch,68.0,42.4,No
202604,25,55.2,89.9,90.8,37.7,71.0,Watch,68.0,42.7,No
202605,25,50.0,92.2,100,37.2,72.6,Watch,68.0,41.6,No
202606,25,54.0,85.2,100,37.9,71.6,Watch,68.0,42.2,No
202607,25,60.1,87.7,100,42.9,74.9,Watch,68.0,40.1,No
202608,25,51.3,89.6,100,49.7,74.6,Watch,68.0,40.3,No
202609,25,55.1,86.5,100,54.3,75.6,Watch,68.0,39.7,No
202610,25,55.0,87.3,79.3,47.0,69.1,Watch,68.0,43.9,No
202611,25,62.2,86.1,100,53.8,77.1,Watch,68.0,38.7,No
202612,25,47.3,90.9,100,48.7,73.8,Watch,68.0,40.8,No
202501,26,82.0,61.5,100,92.2,82.4,Healthy,74.0,37.3,No
202502,26,82.0,61.8,0,85.9,56.2,At Risk,74.0,54.4,No
202503,26,82.0,56.8,46.0,77.9,64.6,At Risk,74.0,48.9,No
202504,26,82.0,56.7,100,81.8,78.9,Watch,74.0,39.6,No
202505,26,82.0,59.3,100,77.1,78.7,Watch,74.0,39.7,No
202506,26,82.0,58.7,81.6,85.1,75.5,Watch,74.0,41.8,No
202507,26,82.0,60.5,100,85.3,80.7,Healthy,74.0,38.4,No
202508,26,82.0,54.2,100,90.1,79.8,Watch,74.0,39.0,No
202509,26,82.0,52.4,100,92.1,79.7,Watch,74.0,39.1,No
202510,26,82.0,53.7,100,98.2,81.3,Healthy,74.0,38.1,No
202511,26,82.0,57.2,100,92.4,81.1,Healthy,74.0,38.2,No
202512,26,82.0,51.5,100,88.2,78.6,Watch,74.0,39.8,No
202601,26,64.7,54.9,100,83.8,74.4,Watch,74.0,42.5,No
202602,26,69.2,55.7,100,73.3,73.7,Watch,74.0,43.0,No
202603,26,62.8,67.2,100,71.9,75.2,Watch,74.0,42.0,No
202604,26,62.8,67.2,77.0,67.7,68.6,Watch,74.0,46.3,No
202605,26,63.8,68.5,100,69.7,75.4,Watch,74.0,41.9,No
202606,26,68.3,75.3,72.4,67.9,71.4,Watch,74.0,44.5,No
202607,26,70.2,80.9,77.0,71.8,75.4,Watch,74.0,41.9,No
202608,26,70.0,82.4,100,81.9,83.6,Healthy,74.0,36.6,No
202609,26,70.7,85.6,100,80.4,84.4,Healthy,74.0,36.0,No
202610,26,71.1,90.0,100,83.0,86.4,Healthy,74.0,34.8,No
202611,26,71.5,91.4,100,78.0,85.9,Healthy,74.0,35.1,No
202612,26,75.1,93.2,100,72.5,86.2,Healthy,74.0,34.8,No
202501,27,85.9,100,100,74.2,91.3,Healthy,94.5,38.7,No
202502,27,84.3,100,100,67.6,89.6,Healthy,94.5,39.9,No
202503,27,83.0,100,100,65.1,88.8,Healthy,94.5,40.4,No
202504,27,83.2,99.0,95.4,64.3,87.2,Healthy,94.5,41.4,No
202505,27,86.9,100,100,58.0,88.3,Healthy,94.5,40.7,No
202506,27,81.5,98.6,100,63.5,87.7,Healthy,94.5,41.1,No
202507,27,88.3,97.0,100,63.7,88.9,Healthy,94.5,40.3,No
202508,27,84.7,100,100,73.2,90.8,Healthy,94.5,39.0,No
202509,27,82.3,100,100,75.6,90.7,Healthy,94.5,39.1,No
202510,27,89.9,95.9,100,74.3,91.1,Healthy,94.5,38.9,No
202511,27,92.8,100,86.2,74.5,89.7,Healthy,94.5,39.8,No
202512,27,81.5,99.2,100,63.4,87.8,Healthy,94.5,41.0,No
202601,27,84.0,100,100,60.0,88.0,Healthy,94.5,40.9,No
202602,27,91.8,97.5,100,56.6,88.5,Healthy,94.5,40.5,No
202603,27,83.8,100,100,51.0,86.1,Healthy,94.5,42.1,No
202604,27,82.8,93.8,100,46.9,83.2,Healthy,94.5,44.0,No
202605,27,85.8,94.8,100,49.6,84.8,Healthy,94.5,42.9,No
202606,27,83.3,100,100,55.2,86.9,Healthy,94.5,41.6,No
202607,27,81.2,96.0,93.1,54.8,83.3,Healthy,94.5,43.9,No
202608,27,88.7,97.8,100,57.8,88.1,Healthy,94.5,40.8,No
202609,27,86.1,99.5,100,64.0,89.2,Healthy,94.5,40.1,No
202610,27,83.1,100,100,54.2,86.6,Healthy,94.5,41.8,No
202611,27,82.9,98.0,100,62.5,87.6,Healthy,94.5,41.1,No
202612,27,84.5,100,100,55.4,87.2,Healthy,94.5,41.4,No
202501,28,82.5,93.0,100,96.1,92.7,Healthy,69.0,28.9,No
202502,28,86.9,98.4,100,82.9,92.8,Healthy,69.0,28.8,No
202503,28,82.0,97.7,100,78.8,90.6,Healthy,69.0,30.3,No
202504,28,88.0,98.9,100,85.8,93.8,Healthy,69.0,28.2,No
202505,28,84.7,90.4,100,78.5,89.0,Healthy,69.0,31.3,No
202506,28,87.2,90.5,100,85.4,91.0,Healthy,69.0,30.0,No
202507,28,89.3,91.4,100,90.0,92.7,Healthy,69.0,28.9,No
202508,28,90.2,95.9,100,98.5,96.0,Healthy,69.0,26.8,No
202509,28,83.6,96.6,100,99.3,94.7,Healthy,69.0,27.6,No
202510,28,89.6,96.6,100,99.3,96.3,Healthy,69.0,26.6,No
202511,28,85.7,99.0,90.8,92.2,92.3,Healthy,69.0,29.2,No
202512,28,85.4,98.6,100,88.9,93.7,Healthy,69.0,28.2,No
202601,28,91.9,94.7,100,85.1,93.4,Healthy,69.0,28.4,No
202602,28,90.5,92.8,100,80.7,91.6,Healthy,69.0,29.6,No
202603,28,93.2,90.7,100,72.4,90.0,Healthy,69.0,30.7,No
202604,28,88.7,95.5,100,66.0,89.0,Healthy,69.0,31.3,No
202605,28,83.1,94.8,100,74.8,89.2,Healthy,69.0,31.2,No
202606,28,82.2,95.0,100,67.6,87.6,Healthy,69.0,32.2,No
202607,28,85.9,98.4,100,75.2,91.1,Healthy,69.0,30.0,No
202608,28,78.3,90.6,100,84.5,88.7,Healthy,69.0,31.5,No
202609,28,88.0,96.6,86.2,79.1,88.3,Healthy,69.0,31.7,No
202610,28,87.3,99.1,100,81.3,92.8,Healthy,69.0,28.8,No
202611,28,90.7,90.9,100,83.4,91.6,Healthy,69.0,29.6,No
202612,28,81.6,94.3,100,75.0,88.7,Healthy,69.0,31.5,No
202501,29,89.8,97.1,100,96.1,95.8,Healthy,66.0,25.8,No
202502,29,92.9,98.2,100,82.9,94.3,Healthy,66.0,26.8,No
202503,29,83.3,100,100,78.8,91.6,Healthy,66.0,28.6,No
202504,29,82.2,100,100,85.8,92.7,Healthy,66.0,27.8,No
202505,29,92.7,100,100,78.5,93.9,Healthy,66.0,27.1,No
202506,29,81.9,99.9,100,85.4,92.5,Healthy,66.0,28.0,No
202507,29,81.2,98.1,100,90.0,92.7,Healthy,66.0,27.8,No
202508,29,88.4,100,100,98.5,96.8,Healthy,66.0,25.2,No
202509,29,92.7,100,100,99.3,98.0,Healthy,66.0,24.4,No
202510,29,80.8,99.6,100,99.3,94.9,Healthy,66.0,26.4,No
202511,29,87.7,98.1,86.2,92.2,91.4,Healthy,66.0,28.7,No
202512,29,81.9,97.8,100,88.9,92.6,Healthy,66.0,27.9,No
202601,29,92.4,100,100,85.1,95.1,Healthy,66.0,26.3,No
202602,29,80.2,96.4,100,80.7,90.1,Healthy,66.0,29.5,No
202603,29,80.5,100,100,72.4,89.6,Healthy,66.0,29.9,No
202604,29,92.9,98.8,100,66.0,91.1,Healthy,66.0,28.9,No
202605,29,91.9,99.0,100,74.8,92.6,Healthy,66.0,27.9,No
202606,29,93.1,100,100,67.6,91.8,Healthy,66.0,28.4,No
202607,29,93.0,100,90.8,75.2,91.0,Healthy,66.0,29.0,No
202608,29,87.3,100,100,84.5,93.7,Healthy,66.0,27.2,No
202609,29,80.7,100,100,79.1,91.0,Healthy,66.0,29.0,No
202610,29,87.7,100,100,81.3,93.2,Healthy,66.0,27.5,No
202611,29,81.1,97.0,100,83.4,91.0,Healthy,66.0,28.9,No
202612,29,90.6,100,100,75.0,92.7,Healthy,66.0,27.9,No
202501,30,68.2,94.6,100,96.1,89.7,Healthy,67.0,30.2,No
202502,30,48.3,91.1,100,82.9,81.0,Healthy,67.0,35.8,No
202503,30,54.4,97.1,100,78.8,83.5,Healthy,67.0,34.2,No
202504,30,49.6,90.7,100,85.8,81.7,Healthy,67.0,35.3,No
202505,30,68.3,95.3,100,78.5,86.4,Healthy,67.0,32.3,No
202506,30,55.8,93.0,100,85.4,83.9,Healthy,67.0,33.9,No
202507,30,48.5,90.9,100,90.0,82.4,Healthy,67.0,34.9,No
202508,30,65.7,93.3,100,98.5,89.1,Healthy,67.0,30.5,No
202509,30,47.0,97.6,100,99.3,85.9,Healthy,67.0,32.6,No
202510,30,65.2,91.3,100,99.3,88.5,Healthy,67.0,30.9,No
202511,30,56.5,92.4,100,92.2,85.3,Healthy,67.0,33.0,No
202512,30,57.1,94.9,100,88.9,85.5,Healthy,67.0,32.9,No
202601,30,48.5,94.3,34.5,85.1,66.1,Watch,67.0,45.5,No
202602,30,50.4,92.9,72.4,80.7,74.7,Watch,67.0,39.9,No
202603,30,54.3,94.9,100,72.4,81.5,Healthy,67.0,35.5,No
202604,30,51.2,90.7,100,66.0,78.2,Watch,67.0,37.6,No
202605,30,49.4,97.6,72.4,74.8,74.7,Watch,67.0,39.9,No
202606,30,48.4,91.9,100,67.6,78.2,Watch,67.0,37.6,No
202607,30,53.4,93.3,100,75.2,81.4,Healthy,67.0,35.5,No
202608,30,64.1,97.8,100,84.5,87.3,Healthy,67.0,31.7,No
202609,30,48.8,90.7,77.0,79.1,74.5,Watch,67.0,40.0,No
202610,30,57.0,95.9,100,81.3,84.3,Healthy,67.0,33.7,No
202611,30,47.7,95.9,100,83.4,82.4,Healthy,67.0,34.9,No
202612,30,68.4,92.1,100,75.0,84.7,Healthy,67.0,33.4,No
202501,31,88.1,85.7,100,67.0,86.2,Healthy,71.5,34.0,No
202502,31,89.6,86.6,100,56.7,84.7,Healthy,71.5,35.0,No
202503,31,81.7,83.8,100,54.4,81.5,Healthy,71.5,37.1,No
202504,31,86.8,90.5,100,47.1,83.3,Healthy,71.5,35.9,No
202505,31,82.9,91.6,100,50.7,83.4,Healthy,71.5,35.8,No
202506,31,91.5,90.6,100,51.1,85.3,Healthy,71.5,34.6,No
202507,31,91.8,86.2,100,59.2,85.6,Healthy,71.5,34.4,No
202508,31,92.3,86.6,100,58.3,85.7,Healthy,71.5,34.3,No
202509,31,84.8,88.7,100,65.9,86.0,Healthy,71.5,34.1,No
202510,31,87.9,93.0,100,64.8,87.8,Healthy,71.5,32.9,No
202511,31,88.7,89.9,90.8,63.3,84.5,Healthy,71.5,35.1,No
202512,31,78.8,88.3,90.8,54.2,79.7,Watch,71.5,38.2,No
202601,31,87.7,90.1,86.2,56.6,81.8,Healthy,71.5,36.8,No
202602,31,86.0,85.7,100,46.7,81.6,Healthy,71.5,37.0,No
202603,31,86.4,92.0,86.2,45.0,79.7,Watch,71.5,38.2,No
202604,31,90.1,90.7,100,38.2,82.4,Healthy,71.5,36.5,No
202605,31,90.5,83.0,100,36.8,79.9,Watch,71.5,38.1,No
202606,31,88.8,85.1,100,42.8,81.3,Healthy,71.5,37.2,No
202607,31,90.8,85.4,100,47.8,82.8,Healthy,71.5,36.2,No
202608,31,85.2,88.9,100,52.4,83.5,Healthy,71.5,35.8,No
202609,31,85.3,85.5,100,54.0,82.8,Healthy,71.5,36.2,No
202610,31,81.9,83.8,100,51.9,81.0,Healthy,71.5,37.4,No
202611,31,77.3,88.9,100,54.7,81.9,Healthy,71.5,36.8,No
202612,31,80.6,86.8,100,48.1,80.8,Healthy,71.5,37.5,No
202501,32,67.1,98.3,100,92.2,89.7,Healthy,92.5,39.1,No
202502,32,46.9,98.5,100,85.9,83.4,Healthy,92.5,43.1,No
202503,32,61.7,91.5,65.5,77.9,74.8,Watch,92.5,48.7,No
202504,32,51.7,95.7,100,81.8,83.0,Healthy,92.5,43.4,No
202505,32,68.0,98.0,100,77.1,86.8,Healthy,92.5,40.9,No
202506,32,55.8,96.4,100,85.1,84.9,Healthy,92.5,42.2,No
202507,32,69.1,96.1,100,85.3,88.2,Healthy,92.5,40.1,No
202508,32,53.0,91.7,81.6,90.1,79.2,Watch,92.5,45.9,No
202509,32,68.3,94.9,100,92.1,89.0,Healthy,92.5,39.5,No
202510,32,50.9,96.4,100,98.2,86.3,Healthy,92.5,41.3,No
202511,32,62.5,96.3,44.8,92.4,74.2,Watch,92.5,49.2,No
202512,32,50.2,93.3,100,88.2,83.2,Healthy,92.5,43.3,No
202601,32,60.9,96.0,100,83.8,85.8,Healthy,92.5,41.6,No
202602,32,59.3,94.3,72.4,73.3,75.9,Watch,92.5,48.1,No
202603,32,64.8,97.8,100,71.9,84.9,Healthy,92.5,42.2,No
202604,32,59.6,97.6,55.2,67.7,71.5,Watch,92.5,50.9,No
202605,32,55.9,90.1,100,69.7,79.9,Watch,92.5,45.4,No
202606,32,54.5,89.9,100,67.9,79.2,Watch,92.5,45.9,No
202607,32,54.0,90.2,100,71.8,79.9,Watch,92.5,45.4,No
202608,32,61.7,91.0,100,81.9,84.1,Healthy,92.5,42.7,No
202609,32,69.2,95.8,100,80.4,87.1,Healthy,92.5,40.8,No
202610,32,61.6,94.3,100,83.0,85.3,Healthy,92.5,41.9,No
202611,32,58.9,96.7,100,78.0,84.3,Healthy,92.5,42.6,No
202612,32,60.6,96.5,100,72.5,83.6,Healthy,92.5,43.0,No
202501,33,62.6,64.2,100,70.3,74.0,Watch,73.5,42.6,No
202502,33,72.6,64.0,55.2,60.8,63.3,At Risk,73.5,49.6,No
202503,33,75.0,62.1,100,58.7,74.1,Watch,73.5,42.5,No
202504,33,75.7,56.4,100,58.2,72.5,Watch,73.5,43.6,No
202505,33,72.7,59.2,100,51.8,71.3,Watch,73.5,44.4,No
202506,33,78.3,57.4,100,60.2,73.8,Watch,73.5,42.7,No
202507,33,67.8,55.6,100,61.3,70.9,Watch,73.5,44.7,No
202508,33,67.6,58.7,100,65.9,72.7,Watch,73.5,43.5,No
202509,33,74.1,61.5,100,70.7,76.1,Watch,73.5,41.2,No
202510,33,76.0,53.8,100,70.9,74.3,Watch,73.5,42.4,No
202511,33,60.0,52.2,100,69.4,69.6,Watch,73.5,45.5,No
202512,33,64.2,51.5,0,61.5,43.8,Critical,73.5,62.3,Yes
202601,33,74.9,56.5,100,60.5,72.8,Watch,73.5,43.4,No
202602,33,76.9,55.1,100,46.1,70.0,Watch,73.5,45.2,No
202603,33,66.9,53.1,100,44.1,66.5,Watch,73.5,47.5,No
202604,33,77.9,46.1,100,40.8,66.5,Watch,73.5,47.5,No
202605,33,77.0,47.3,0,46.0,42.7,Critical,73.5,63.0,Yes
202606,33,66.5,51.7,100,45.8,66.3,Watch,73.5,47.6,No
202607,33,60.7,46.3,100,50.7,64.2,At Risk,73.5,49.0,No
202608,33,60.6,48.7,46.0,59.2,53.1,At Risk,73.5,56.2,No
202609,33,78.0,52.7,72.4,58.1,65.0,Watch,73.5,48.5,No
202610,33,60.7,46.4,34.5,48.0,47.3,Critical,73.5,60.0,Yes
202611,33,62.6,45.7,100,58.2,66.0,Watch,73.5,47.8,No
202612,33,74.2,50.5,100,52.7,69.2,Watch,73.5,45.7,No
202501,34,64.8,64.5,100,67.0,74.0,Watch,67.0,40.4,No
202502,34,66.1,59.5,100,56.7,70.7,Watch,67.0,42.5,No
202503,34,75.6,64.6,100,54.4,74.1,Watch,67.0,40.3,No
202504,34,66.2,61.5,34.5,47.1,53.0,At Risk,67.0,54.0,No
202505,34,63.2,56.3,100,50.7,67.8,Watch,67.0,44.4,No
202506,34,74.6,61.4,46.0,51.1,58.8,At Risk,67.0,50.2,No
202507,34,72.0,58.4,100,59.2,72.4,Watch,67.0,41.4,No
202508,34,72.1,59.8,100,58.3,72.6,Watch,67.0,41.2,No
202509,34,65.6,57.3,46.0,65.9,58.3,At Risk,67.0,50.6,No
202510,34,67.0,60.2,100,64.8,72.8,Watch,67.0,41.2,No
202511,34,76.1,62.0,100,63.3,75.3,Watch,67.0,39.5,No
202512,34,70.2,57.6,100,54.2,70.7,Watch,67.0,42.5,No
202601,34,71.3,59.8,100,56.6,72.1,Watch,67.0,41.6,No
202602,34,71.7,51.1,46.0,46.7,54.1,At Risk,67.0,53.3,No
202603,34,73.7,52.7,100,45.0,68.2,Watch,67.0,44.1,No
202604,34,72.6,50.8,100,38.2,66.0,Watch,67.0,45.5,No
202605,34,65.8,48.6,100,36.8,63.4,At Risk,67.0,47.3,No
202606,34,78.7,52.1,100,42.8,68.9,Watch,67.0,43.7,No
202607,34,60.8,53.2,100,47.8,65.7,Watch,67.0,45.7,No
202608,34,71.2,53.2,18.4,52.4,48.8,Critical,67.0,56.7,No
202609,34,74.3,53.2,100,54.0,70.3,Watch,67.0,42.7,No
202610,34,65.6,53.5,100,51.9,67.8,Watch,67.0,44.4,No
202611,34,72.6,49.4,100,54.7,68.9,Watch,67.0,43.7,No
202612,34,73.6,48.9,100,48.1,67.7,Watch,67.0,44.4,No
202501,35,82.0,61.9,100,67.0,77.5,Watch,80.5,42.8,No
202502,35,82.0,59.2,100,56.7,74.6,Watch,80.5,44.7,No
202503,35,82.0,60.3,100,54.4,74.5,Watch,80.5,44.8,No
202504,35,82.0,54.6,100,47.1,71.3,Watch,80.5,46.8,No
202505,35,82.0,57.8,72.4,50.7,66.1,Watch,80.5,50.2,No
202506,35,82.0,56.7,55.2,51.1,61.5,At Risk,80.5,53.2,No
202507,35,82.0,56.7,100,59.2,74.3,Watch,80.5,44.9,No
202508,35,82.0,51.3,77.0,58.3,66.8,Watch,80.5,49.8,No
202509,35,82.0,51.5,100,65.9,74.1,Watch,80.5,45.0,No
202510,35,82.0,55.4,65.5,64.8,66.4,Watch,80.5,50.0,No
202511,35,82.0,54.9,55.2,63.3,63.4,At Risk,80.5,52.0,No
202512,35,82.0,48.0,65.5,54.2,62.1,At Risk,80.5,52.8,No
202601,35,82.0,62.7,100,56.6,75.6,Watch,80.5,44.0,No
202602,35,64.9,65.5,100,46.7,70.2,Watch,80.5,47.5,No
202603,35,64.4,67.1,100,45.0,70.2,Watch,80.5,47.5,No
202604,35,65.0,75.4,100,38.2,71.5,Watch,80.5,46.7,No
202605,35,66.9,73.5,100,36.8,71.1,Watch,80.5,46.9,No
202606,35,69.7,81.2,100,42.8,75.3,Watch,80.5,44.2,No
202607,35,71.9,84.7,100,47.8,77.9,Watch,80.5,42.5,No
202608,35,74.2,85.5,100,52.4,79.7,Watch,80.5,41.4,No
202609,35,71.2,88.8,100,54.0,80.2,Healthy,80.5,41.0,No
202610,35,76.6,93.2,77.0,51.9,76.8,Watch,80.5,43.3,No
202611,35,76.5,88.8,100,54.7,81.7,Healthy,80.5,40.1,No
202612,35,78.2,91.0,100,48.1,81.5,Healthy,80.5,40.2,No
202501,36,90.9,96.7,100,70.3,90.8,Healthy,100,41.0,No
202502,36,88.6,98.3,100,60.8,88.8,Healthy,100,42.3,No
202503,36,80.8,90.2,93.1,58.7,82.3,Healthy,100,46.5,No
202504,36,92.6,91.8,100,58.2,87.4,Healthy,100,43.2,No
202505,36,84.7,91.4,100,51.8,83.9,Healthy,100,45.4,No
202506,36,82.0,92.1,100,60.2,85.1,Healthy,100,44.7,No
202507,36,90.6,92.5,100,61.3,87.7,Healthy,100,43.0,No
202508,36,80.2,95.8,100,65.9,87.0,Healthy,100,43.5,No
202509,36,78.1,95.4,100,70.7,87.3,Healthy,100,43.3,No
202510,36,88.0,96.2,100,70.9,90.0,Healthy,100,41.5,No
202511,36,84.2,98.6,100,69.4,89.5,Healthy,100,41.8,No
202512,36,83.0,95.2,90.8,61.5,84.3,Healthy,100,45.2,No
202601,36,81.5,93.5,100,60.5,85.5,Healthy,100,44.4,No
202602,36,82.8,95.6,100,46.1,83.6,Healthy,100,45.7,No
202603,36,89.5,95.7,100,44.1,84.9,Healthy,100,44.8,No
202604,36,89.0,89.0,100,40.8,82.1,Healthy,100,46.6,No
202605,36,82.0,95.4,100,46.0,83.3,Healthy,100,45.8,No
202606,36,91.1,96.4,100,45.8,85.8,Healthy,100,44.2,No
202607,36,91.1,93.6,100,50.7,86.0,Healthy,100,44.1,No
202608,36,92.8,91.2,100,59.2,87.4,Healthy,100,43.2,No
202609,36,81.9,97.9,100,58.1,86.5,Healthy,100,43.8,No
202610,36,83.2,93.3,100,48.0,83.4,Healthy,100,45.8,No
202611,36,87.6,92.9,100,58.2,86.4,Healthy,100,43.8,No
202612,36,91.0,97.5,100,52.7,87.5,Healthy,100,43.1,No
202501,37,82.0,91.1,100,64.8,85.8,Healthy,60.5,30.4,No
202502,37,82.0,89.6,100,55.9,83.6,Healthy,60.5,31.9,No
202503,37,82.4,87.4,100,52.9,82.4,Healthy,60.5,32.6,No
202504,37,82.2,89.0,100,50.4,82.3,Healthy,60.5,32.7,No
202505,37,81.0,91.6,100,49.5,82.6,Healthy,60.5,32.5,No
202506,37,91.7,86.1,100,54.1,84.6,Healthy,60.5,31.2,No
202507,37,83.2,92.5,100,54.2,84.4,Healthy,60.5,31.3,No
202508,37,82.3,86.6,100,59.0,83.3,Healthy,60.5,32.0,No
202509,37,90.8,86.4,93.1,66.7,85.3,Healthy,60.5,30.8,No
202510,37,85.2,89.9,100,63.5,86.0,Healthy,60.5,30.3,No
202511,37,77.8,88.4,100,64.5,83.9,Healthy,60.5,31.7,No
202512,37,79.4,93.6,100,55.3,84.0,Healthy,60.5,31.6,No
202601,37,88.3,93.2,100,55.8,86.2,Healthy,60.5,30.1,No
202602,37,86.6,92.4,100,41.5,82.7,Healthy,60.5,32.4,No
202603,37,89.8,91.3,100,41.6,83.2,Healthy,60.5,32.1,No
202604,37,79.0,87.5,100,37.7,78.5,Watch,60.5,35.1,No
202605,37,93.2,89.2,100,37.2,82.5,Healthy,60.5,32.5,No
202606,37,82.9,88.2,72.4,37.9,72.9,Watch,60.5,38.8,No
202607,37,87.5,87.7,100,42.9,81.8,Healthy,60.5,33.0,No
202608,37,86.9,85.2,100,49.7,82.2,Healthy,60.5,32.7,No
202609,37,77.9,94.2,100,54.3,83.6,Healthy,60.5,31.8,No
202610,37,84.3,90.8,100,47.0,82.7,Healthy,60.5,32.4,No
202611,37,79.4,91.9,100,53.8,83.2,Healthy,60.5,32.1,No
202612,37,84.9,92.9,100,48.7,83.9,Healthy,60.5,31.7,No
202501,38,82.0,88.7,100,92.2,90.5,Healthy,90.0,37.6,No
202502,38,82.0,87.8,100,85.9,89.0,Healthy,90.0,38.6,No
202503,38,82.0,87.9,100,77.9,87.5,Healthy,90.0,39.7,No
202504,38,82.0,84.8,100,81.8,87.3,Healthy,90.0,39.8,No
202505,38,82.0,85.6,100,77.1,86.6,Healthy,90.0,40.2,No
202506,38,82.0,87.0,72.4,85.1,81.7,Healthy,90.0,43.4,No
202507,38,82.0,89.1,100,85.3,89.3,Healthy,90.0,38.5,No
202508,38,82.0,88.6,100,90.1,90.1,Healthy,90.0,37.9,No
202509,38,82.0,91.8,100,92.1,91.5,Healthy,90.0,37.0,No
202510,38,59.4,86.5,100,98.2,85.4,Healthy,90.0,41.0,No
202511,38,54.5,90.8,100,92.4,84.3,Healthy,90.0,41.7,No
202512,38,67.0,92.4,100,88.2,87.1,Healthy,90.0,39.9,No
202601,38,49.2,92.1,100,83.8,81.7,Healthy,90.0,43.4,No
202602,38,54.0,86.2,100,73.3,79.0,Watch,90.0,45.1,No
202603,38,63.3,91.2,55.2,71.9,71.4,Watch,90.0,50.1,No
202604,38,59.8,87.0,100,67.7,79.6,Watch,90.0,44.8,No
202605,38,53.3,88.0,100,69.7,78.7,Watch,90.0,45.4,No
202606,38,65.8,91.6,100,67.9,82.5,Healthy,90.0,42.9,No
202607,38,49.9,88.6,100,71.8,78.4,Watch,90.0,45.5,No
202608,38,59.9,89.1,100,81.9,83.1,Healthy,90.0,42.5,No
202609,38,54.8,90.8,81.6,80.4,77.4,Watch,90.0,46.2,No
202610,38,50.4,90.8,55.2,83.0,70.2,Watch,90.0,50.9,No
202611,38,65.0,92.4,100,78.0,84.6,Healthy,90.0,41.5,No
202612,38,49.1,85.9,90.8,72.5,75.2,Watch,90.0,47.6,No
202501,39,80.0,97.7,100,92.2,92.8,Healthy,88.5,35.7,No
202502,39,89.6,97.1,100,85.9,93.7,Healthy,88.5,35.1,No
202503,39,79.2,99.5,100,77.9,90.3,Healthy,88.5,37.3,No
202504,39,78.9,100,100,81.8,91.1,Healthy,88.5,36.8,No
202505,39,92.8,93.8,100,77.1,91.8,Healthy,88.5,36.3,No
202506,39,83.6,94.4,100,85.1,91.2,Healthy,88.5,36.7,No
202507,39,83.6,98.7,100,85.3,92.6,Healthy,88.5,35.8,No
202508,39,80.6,94.6,100,90.1,91.5,Healthy,88.5,36.5,No
202509,39,78.8,98.4,100,92.1,92.6,Healthy,88.5,35.8,No
202510,39,86.8,97.2,100,98.2,95.5,Healthy,88.5,33.9,No
202511,39,91.2,94.8,100,92.4,94.7,Healthy,88.5,34.4,No
202512,39,81.7,97.5,100,88.2,92.3,Healthy,88.5,36.0,No
202601,39,83.9,95.5,100,83.8,91.4,Healthy,88.5,36.6,No
202602,39,86.2,95.3,100,73.3,89.8,Healthy,88.5,37.6,No
202603,39,82.1,93.4,90.8,71.9,85.6,Healthy,88.5,40.3,No
202604,39,90.6,100,100,67.7,91.2,Healthy,88.5,36.7,No
202605,39,87.0,99.3,100,69.7,90.5,Healthy,88.5,37.2,No
202606,39,85.9,93.7,100,67.9,88.2,Healthy,88.5,38.7,No
202607,39,81.2,96.5,86.2,71.8,85.2,Healthy,88.5,40.6,No
202608,39,91.5,99.9,100,81.9,94.2,Healthy,88.5,34.7,No
202609,39,83.0,98.9,100,80.4,91.5,Healthy,88.5,36.5,No
202610,39,78.2,95.3,100,83.0,89.7,Healthy,88.5,37.6,No
202611,39,88.1,95.2,100,78.0,91.2,Healthy,88.5,36.7,No
202612,39,88.1,98.7,100,72.5,91.1,Healthy,88.5,36.7,No
202501,40,53.4,91.2,79.3,70.3,74.6,Watch,82.0,45.2,No
202502,40,49.7,90.1,100,60.8,76.6,Watch,82.0,43.9,No
202503,40,48.1,93.2,100,58.7,76.7,Watch,82.0,43.8,No
202504,40,66.7,92.0,100,58.2,80.9,Healthy,82.0,41.1,No
202505,40,68.5,84.9,100,51.8,78.0,Watch,82.0,43.0,No
202506,40,54.9,90.3,100,60.2,77.9,Watch,82.0,43.1,No
202507,40,57.9,92.1,72.4,61.3,72.5,Watch,82.0,46.6,No
202508,40,55.4,91.2,100,65.9,79.4,Watch,82.0,42.1,No
202509,40,52.9,87.2,86.2,70.7,75.1,Watch,82.0,44.9,No
202510,40,63.3,92.2,86.2,70.9,79.2,Watch,82.0,42.2,No
202511,40,54.6,86.8,100,69.4,78.6,Watch,82.0,42.6,No
202512,40,50.0,86.3,100,61.5,75.7,Watch,82.0,44.5,No
202601,40,62.3,85.9,100,60.5,78.5,Watch,82.0,42.7,No
202602,40,55.8,90.2,100,46.1,75.2,Watch,82.0,44.8,No
202603,40,52.2,91.1,72.4,44.1,67.3,Watch,82.0,49.9,No
202604,40,65.4,85.9,100,40.8,75.3,Watch,82.0,44.8,No
202605,40,66.6,85.2,100,46.0,76.4,Watch,82.0,44.0,No
202606,40,60.4,87.2,77.0,45.8,69.7,Watch,82.0,48.4,No
202607,40,66.2,87.0,100,50.7,77.8,Watch,82.0,43.1,No
202608,40,57.7,93.3,100,59.2,79.3,Watch,82.0,42.2,No
202609,40,56.7,92.0,100,58.1,78.4,Watch,82.0,42.7,No
202610,40,54.9,88.7,100,48.0,74.9,Watch,82.0,45.0,No
202611,40,55.0,89.7,100,58.2,77.3,Watch,82.0,43.5,No
202612,40,54.8,84.8,100,52.7,74.7,Watch,82.0,45.2,No
202501,41,86.0,99.9,100,96.1,95.7,Healthy,81.0,31.2,No
202502,41,81.1,99.3,100,82.9,91.6,Healthy,81.0,33.8,No
202503,41,84.5,95.3,100,78.8,90.5,Healthy,81.0,34.5,No
202504,41,93.2,95.0,100,85.8,93.9,Healthy,81.0,32.3,No
202505,41,81.3,95.8,100,78.5,89.8,Healthy,81.0,35.0,No
202506,41,88.9,97.5,100,85.4,93.6,Healthy,81.0,32.5,No
202507,41,81.4,94.9,100,90.0,91.8,Healthy,81.0,33.7,No
202508,41,84.2,93.9,100,98.5,93.9,Healthy,81.0,32.3,No
202509,41,87.2,100,100,99.3,96.7,Healthy,81.0,30.5,No
202510,41,91.8,95.1,100,99.3,96.3,Healthy,81.0,30.7,No
202511,41,90.4,95.4,100,92.2,94.7,Healthy,81.0,31.8,No
202512,41,80.2,92.5,100,88.9,90.6,Healthy,81.0,34.5,No
202601,41,90.9,99.0,100,85.1,94.4,Healthy,81.0,32.0,No
202602,41,92.6,97.7,100,80.7,93.6,Healthy,81.0,32.5,No
202603,41,87.9,97.5,100,72.4,90.7,Healthy,81.0,34.4,No
202604,41,79.1,95.7,97.7,66.0,86.1,Healthy,81.0,37.4,No
202605,41,81.6,94.0,100,74.8,88.6,Healthy,81.0,35.8,No
202606,41,87.9,91.4,100,67.6,87.9,Healthy,81.0,36.2,No
202607,41,81.1,94.3,100,75.2,88.6,Healthy,81.0,35.8,No
202608,41,89.9,95.1,100,84.5,92.9,Healthy,81.0,33.0,No
202609,41,89.5,100,100,79.1,93.2,Healthy,81.0,32.8,No
202610,41,81.8,92.9,100,81.3,89.6,Healthy,81.0,35.1,No
202611,41,81.0,95.6,100,83.4,90.6,Healthy,81.0,34.5,No
202612,41,86.0,95.8,100,75.0,90.3,Healthy,81.0,34.7,No
202501,42,82.0,95.6,100,70.3,88.3,Healthy,78.5,35.1,No
202502,42,82.0,96.3,100,60.8,86.5,Healthy,78.5,36.2,No
202503,42,82.0,92.5,100,58.7,85.0,Healthy,78.5,37.2,No
202504,42,82.0,97.7,100,58.2,86.4,Healthy,78.5,36.3,No
202505,42,82.0,95.0,100,51.8,84.3,Healthy,78.5,37.7,No
202506,42,82.0,99.6,100,60.2,87.4,Healthy,78.5,35.7,No
202507,42,82.0,94.9,100,61.3,86.2,Healthy,78.5,36.4,No
202508,42,82.0,93.1,100,65.9,86.6,Healthy,78.5,36.2,No
202509,42,82.0,96.7,100,70.7,88.7,Healthy,78.5,34.8,No
202510,42,82.0,92.9,100,70.9,87.5,Healthy,78.5,35.6,No
202511,42,82.0,92.9,90.8,69.4,85.0,Healthy,78.5,37.3,No
202512,42,82.0,92.7,100,61.5,85.6,Healthy,78.5,36.8,No
202601,42,82.0,95.9,100,60.5,86.4,Healthy,78.5,36.3,No
202602,42,85.9,92.0,100,46.1,83.3,Healthy,78.5,38.3,No
202603,42,84.4,91.5,100,44.1,82.4,Healthy,78.5,38.9,No
202604,42,81.4,90.5,100,40.8,80.7,Healthy,78.5,40.1,No
202605,42,81.7,89.7,100,46.0,81.5,Healthy,78.5,39.5,No
202606,42,86.1,97.1,100,45.8,84.8,Healthy,78.5,37.3,No
202607,42,79.8,94.5,100,50.7,83.4,Healthy,78.5,38.2,No
202608,42,78.9,92.2,100,59.2,84.2,Healthy,78.5,37.7,No
202609,42,82.7,95.4,100,58.1,85.9,Healthy,78.5,36.6,No
202610,42,85.5,95.7,100,48.0,84.7,Healthy,78.5,37.4,No
202611,42,91.3,96.2,100,58.2,88.3,Healthy,78.5,35.1,No
202612,42,85.3,92.7,79.3,52.7,79.5,Watch,78.5,40.8,No
202501,43,86.6,98.1,100,70.3,90.1,Healthy,69.5,30.7,No
202502,43,79.5,98.6,100,60.8,86.6,Healthy,69.5,33.0,No
202503,43,83.7,100,86.2,58.7,84.2,Healthy,69.5,34.6,No
202504,43,86.9,96.1,100,58.2,87.2,Healthy,69.5,32.6,No
202505,43,87.1,98.2,100,51.8,86.6,Healthy,69.5,33.1,No
202506,43,85.7,94.6,100,60.2,86.8,Healthy,69.5,32.9,No
202507,43,79.3,100,100,61.3,87.1,Healthy,69.5,32.7,No
202508,43,81.2,100,100,65.9,88.5,Healthy,69.5,31.8,No
202509,43,92.1,100,100,70.7,92.2,Healthy,69.5,29.4,No
202510,43,85.8,100,100,70.9,90.6,Healthy,69.5,30.4,No
202511,43,86.9,100,100,69.4,90.6,Healthy,69.5,30.4,No
202512,43,78.6,96.0,100,61.5,85.7,Healthy,69.5,33.6,No
202601,43,86.0,95.9,100,60.5,87.4,Healthy,69.5,32.5,No
202602,43,90.7,100,86.2,46.1,83.4,Healthy,69.5,35.1,No
202603,43,80.4,94.9,100,44.1,82.4,Healthy,69.5,35.8,No
202604,43,80.5,98.3,100,40.8,82.8,Healthy,69.5,35.5,No
202605,43,88.5,100,100,46.0,86.3,Healthy,69.5,33.2,No
202606,43,84.8,100,100,45.8,85.3,Healthy,69.5,33.8,No
202607,43,82.8,100,100,50.7,85.8,Healthy,69.5,33.5,No
202608,43,81.0,96.1,100,59.2,85.9,Healthy,69.5,33.5,No
202609,43,82.6,98.3,100,58.1,86.7,Healthy,69.5,32.9,No
202610,43,89.1,99.6,100,48.0,86.7,Healthy,69.5,33.0,No
202611,43,90.8,99.2,100,58.2,89.1,Healthy,69.5,31.4,No
202612,43,81.6,95.8,100,52.7,84.7,Healthy,69.5,34.3,No
202501,44,74.2,45.7,100,67.0,70.7,Watch,93.0,51.6,No
202502,44,71.0,45.2,100,56.7,67.6,Watch,93.0,53.6,No
202503,44,62.3,38.8,100,54.4,63.1,At Risk,93.0,56.5,No
202504,44,68.7,35.5,100,47.1,62.2,At Risk,93.0,57.1,No
202505,44,76.4,40.0,100,50.7,66.2,Watch,93.0,54.5,No
202506,44,78.0,39.7,0,51.1,41.6,Critical,93.0,70.5,Yes
202507,44,60.7,41.5,100,59.2,64.5,At Risk,93.0,55.6,No
202508,44,68.6,37.5,100,58.3,65.1,Watch,93.0,55.3,No
202509,44,73.3,41.3,100,65.9,68.9,Watch,93.0,52.8,No
202510,44,70.0,40.9,1.2,64.8,43.0,Critical,93.0,69.6,Yes
202511,44,62.8,34.8,100,63.3,63.8,At Risk,93.0,56.1,No
202512,44,72.0,39.4,100,54.2,65.7,Watch,93.0,54.9,No
202601,44,77.3,37.7,100,56.6,67.0,Watch,93.0,54.0,No
202602,44,62.5,32.2,100,46.7,59.6,At Risk,93.0,58.8,Yes
202603,44,65.9,35.4,100,45.0,61.1,At Risk,93.0,57.9,No
202604,44,76.6,30.1,100,38.2,60.8,At Risk,93.0,58.0,Yes
202605,44,66.3,29.8,100,36.8,57.9,At Risk,93.0,59.9,Yes
202606,44,72.3,27.6,46.0,42.8,46.4,Critical,93.0,67.4,Yes
202607,44,70.5,35.0,100,47.8,62.7,At Risk,93.0,56.8,No
202608,44,66.6,32.9,100,52.4,62.0,At Risk,93.0,57.2,No
202609,44,65.0,27.8,100,54.0,60.4,At Risk,93.0,58.3,Yes
202610,44,67.8,33.4,0,51.9,37.4,Critical,93.0,73.3,Yes
202611,44,77.1,27.6,100,54.7,63.5,At Risk,93.0,56.3,No
202612,44,77.6,26.6,0,48.1,37.0,Critical,93.0,73.5,Yes
202501,45,68.2,56.2,100,70.3,73.0,Watch,76.0,44.2,No
202502,45,73.8,54.5,100,60.8,72.0,Watch,76.0,44.8,No
202503,45,75.2,49.7,46.0,58.7,57.0,At Risk,76.0,54.6,No
202504,45,73.4,53.0,55.2,58.2,59.7,At Risk,76.0,52.8,No
202505,45,67.6,47.4,100,51.8,66.5,Watch,76.0,48.4,No
202506,45,76.9,48.9,100,60.2,70.9,Watch,76.0,45.5,No
202507,45,71.9,48.7,72.4,61.3,62.9,At Risk,76.0,50.7,No
202508,45,66.3,44.8,100,65.9,68.2,Watch,76.0,47.3,No
202509,45,66.7,49.9,46.0,70.7,57.3,At Risk,76.0,54.3,No
202510,45,66.0,46.6,72.4,70.9,62.8,At Risk,76.0,50.8,No
202511,45,75.6,49.3,100,69.4,72.6,Watch,76.0,44.4,No
202512,45,67.0,48.0,100,61.5,68.5,Watch,76.0,47.1,No
202601,45,76.9,43.2,100,60.5,69.3,Watch,76.0,46.6,No
202602,45,71.5,46.0,100,46.1,65.9,Watch,76.0,48.8,No
202603,45,63.6,40.0,100,44.1,61.7,At Risk,76.0,51.5,No
202604,45,66.2,39.6,100,40.8,61.6,At Risk,76.0,51.6,No
202605,45,72.6,42.5,46.0,46.0,51.6,At Risk,76.0,58.1,Yes
202606,45,73.6,43.3,72.4,45.8,58.6,At Risk,76.0,53.5,No
202607,45,62.8,42.2,100,50.7,63.5,At Risk,76.0,50.3,No
202608,45,76.0,42.8,100,59.2,68.7,Watch,76.0,47.0,No
202609,45,62.6,42.4,100,58.1,65.0,At Risk,76.0,49.4,No
202610,45,75.5,41.4,72.4,48.0,59.0,At Risk,76.0,53.3,No
202611,45,64.7,36.7,100,58.2,63.8,At Risk,76.0,50.1,No
202612,45,73.6,39.5,100,52.7,65.8,Watch,76.0,48.8,No
202501,46,82.0,100,100,70.3,89.6,Healthy,89.5,38.1,No
202502,46,82.0,95.6,100,60.8,86.3,Healthy,89.5,40.2,No
202503,46,82.0,100,100,58.7,87.2,Healthy,89.5,39.6,No
202504,46,88.2,96.0,100,58.2,87.5,Healthy,89.5,39.5,No
202505,46,85.7,100,100,51.8,86.8,Healthy,89.5,39.9,No
202506,46,80.5,100,100,60.2,87.2,Healthy,89.5,39.7,No
202507,46,83.4,97.1,100,61.3,87.3,Healthy,89.5,39.6,No
202508,46,82.7,96.4,100,65.9,87.8,Healthy,89.5,39.3,No
202509,46,78.3,96.7,100,70.7,87.7,Healthy,89.5,39.3,No
202510,46,80.9,97.7,100,70.9,88.7,Healthy,89.5,38.7,No
202511,46,92.4,98.5,100,69.4,91.5,Healthy,89.5,36.8,No
202512,46,84.3,99.4,100,61.5,88.2,Healthy,89.5,39.0,No
202601,46,90.8,100,95.4,60.5,88.7,Healthy,89.5,38.7,No
202602,46,83.0,98.3,100,46.1,84.4,Healthy,89.5,41.4,No
202603,46,80.9,100,100,44.1,84.1,Healthy,89.5,41.7,No
202604,46,85.2,100,100,40.8,84.5,Healthy,89.5,41.4,No
202605,46,80.0,97.9,95.4,46.0,82.4,Healthy,89.5,42.7,No
202606,46,84.5,98.8,100,45.8,84.9,Healthy,89.5,41.1,No
202607,46,78.2,100,100,50.7,84.7,Healthy,89.5,41.3,No
202608,46,82.0,99.7,100,59.2,87.3,Healthy,89.5,39.6,No
202609,46,90.0,100,100,58.1,89.1,Healthy,89.5,38.4,No
202610,46,86.1,98.9,100,48.0,85.8,Healthy,89.5,40.6,No
202611,46,90.7,99.0,100,58.2,89.0,Healthy,89.5,38.5,No
202612,46,88.1,100,100,52.7,87.6,Healthy,89.5,39.4,No
202501,47,82.0,99.0,100,64.8,88.2,Healthy,80.0,35.7,No
202502,47,82.0,96.2,100,55.9,85.5,Healthy,80.0,37.4,No
202503,47,82.0,90.2,100,52.9,83.1,Healthy,80.0,39.0,No
202504,47,82.0,91.5,100,50.4,83.0,Healthy,80.0,39.0,No
202505,47,82.0,93.0,100,49.5,83.3,Healthy,80.0,38.8,No
202506,47,82.0,98.2,100,54.1,85.8,Healthy,80.0,37.2,No
202507,47,92.5,90.9,100,54.2,86.2,Healthy,80.0,36.9,No
202508,47,84.8,93.7,100,59.0,86.1,Healthy,80.0,37.0,No
202509,47,79.3,95.7,100,66.7,86.9,Healthy,80.0,36.5,No
202510,47,93.1,91.0,79.3,63.5,83.1,Healthy,80.0,39.0,No
202511,47,89.8,91.9,100,64.5,87.9,Healthy,80.0,35.9,No
202512,47,81.7,95.9,100,55.3,85.3,Healthy,80.0,37.6,No
202601,47,86.6,92.3,100,55.8,85.5,Healthy,80.0,37.4,No
202602,47,82.6,96.5,100,41.5,82.9,Healthy,80.0,39.1,No
202603,47,86.0,94.0,100,41.6,83.0,Healthy,80.0,39.0,No
202604,47,81.5,90.2,100,37.7,80.0,Watch,80.0,41.0,No
202605,47,90.3,94.7,93.1,37.2,81.7,Healthy,80.0,39.9,No
202606,47,91.2,91.1,100,37.9,82.7,Healthy,80.0,39.2,No
202607,47,89.8,91.3,100,42.9,83.4,Healthy,80.0,38.8,No
202608,47,86.3,92.7,100,49.7,84.3,Healthy,80.0,38.2,No
202609,47,88.8,97.8,100,54.3,87.4,Healthy,80.0,36.2,No
202610,47,89.0,91.8,100,47.0,84.2,Healthy,80.0,38.3,No
202611,47,91.8,90.6,100,53.8,85.9,Healthy,80.0,37.2,No
202612,47,86.6,95.4,86.2,48.7,81.6,Healthy,80.0,40.0,No
202501,48,73.5,71.3,100,70.3,78.9,Watch,50.5,31.4,No
202502,48,67.7,70.4,100,60.8,75.2,Watch,50.5,33.8,No
202503,48,67.2,73.5,46.0,58.7,62.1,At Risk,50.5,42.3,No
202504,48,74.9,67.3,46.0,58.2,62.0,At Risk,50.5,42.3,No
202505,48,60.7,67.0,100,51.8,70.6,Watch,50.5,36.8,No
202506,48,74.0,67.7,100,60.2,75.8,Watch,50.5,33.4,No
202507,48,66.7,66.2,100,61.3,73.8,Watch,50.5,34.7,No
202508,48,71.0,69.4,100,65.9,76.7,Watch,50.5,32.8,No
202509,48,74.2,68.3,79.3,70.7,73.0,Watch,50.5,35.2,No
202510,48,72.2,70.0,100,70.9,78.2,Watch,50.5,31.8,No
202511,48,73.9,67.3,58.6,69.4,67.2,Watch,50.5,39.0,No
202512,48,71.9,66.9,100,61.5,75.3,Watch,50.5,33.7,No
202601,48,61.4,63.7,100,60.5,71.6,Watch,50.5,36.2,No
202602,48,76.1,58.4,100,46.1,70.7,Watch,50.5,36.7,No
202603,48,60.6,63.3,100,44.1,68.0,Watch,50.5,38.5,No
202604,48,68.4,60.0,100,40.8,68.3,Watch,50.5,38.3,No
202605,48,77.4,61.3,100,46.0,71.9,Watch,50.5,35.9,No
202606,48,77.2,62.4,65.5,45.8,63.5,At Risk,50.5,41.4,No
202607,48,77.7,59.3,100,50.7,72.4,Watch,50.5,35.6,No
202608,48,75.0,56.9,100,59.2,72.6,Watch,50.5,35.5,No
202609,48,66.5,57.0,100,58.1,70.3,Watch,50.5,37.0,No
202610,48,65.5,60.3,100,48.0,69.1,Watch,50.5,37.8,No
202611,48,68.6,61.2,79.3,58.2,67.0,Watch,50.5,39.1,No
202612,48,65.3,56.9,100,52.7,68.9,Watch,50.5,37.9,No
202501,49,81.3,95.1,100,70.3,87.9,Healthy,86.5,38.1,No
202502,49,93.2,96.6,100,60.8,89.4,Healthy,86.5,37.1,No
202503,49,86.4,93.8,100,58.7,86.5,Healthy,86.5,39.1,No
202504,49,92.8,92.7,100,58.2,87.7,Healthy,86.5,38.3,No
202505,49,88.6,92.5,100,51.8,85.2,Healthy,86.5,39.9,No
202506,49,90.4,98.0,97.7,60.2,88.4,Healthy,86.5,37.8,No
202507,49,81.1,100,100,61.3,87.6,Healthy,86.5,38.4,No
202508,49,80.8,94.5,100,65.9,86.7,Healthy,86.5,38.9,No
202509,49,85.7,99.0,100,70.7,90.3,Healthy,86.5,36.6,No
202510,49,83.2,98.2,100,70.9,89.4,Healthy,86.5,37.1,No
202511,49,85.7,93.8,100,69.4,88.5,Healthy,86.5,37.8,No
202512,49,78.8,99.1,100,61.5,86.7,Healthy,86.5,38.9,No
202601,49,82.0,95.2,100,60.5,86.2,Healthy,86.5,39.3,No
202602,49,80.5,94.3,100,46.1,82.6,Healthy,86.5,41.6,No
202603,49,92.3,93.7,100,44.1,85.0,Healthy,86.5,40.0,No
202604,49,80.4,93.4,100,40.8,81.3,Healthy,86.5,42.4,No
202605,49,81.1,97.7,100,46.0,83.8,Healthy,86.5,40.8,No
202606,49,82.7,100,100,45.8,84.8,Healthy,86.5,40.1,No
202607,49,88.6,94.7,100,50.7,85.7,Healthy,86.5,39.6,No
202608,49,81.9,96.8,100,59.2,86.3,Healthy,86.5,39.2,No
202609,49,85.0,100,100,58.1,87.9,Healthy,86.5,38.2,No
202610,49,86.2,100,100,48.0,86.2,Healthy,86.5,39.3,No
202611,49,86.1,99.6,100,58.2,88.0,Healthy,86.5,38.0,No
202612,49,87.6,94.7,100,52.7,85.8,Healthy,86.5,39.5,No
202501,50,82.0,94.4,100,70.3,87.9,Healthy,69.5,32.2,No
202502,50,82.0,91.9,100,60.8,85.2,Healthy,69.5,33.9,No
202503,50,82.0,95.4,90.8,58.7,83.6,Healthy,69.5,35.0,No
202504,50,82.0,91.4,100,58.2,84.6,Healthy,69.5,34.3,No
202505,50,82.0,97.7,100,51.8,85.2,Healthy,69.5,34.0,No
202506,50,82.0,95.7,100,60.2,86.2,Healthy,69.5,33.3,No
202507,50,82.0,99.1,100,61.3,87.5,Healthy,69.5,32.4,No
202508,50,82.0,94.4,100,65.9,87.0,Healthy,69.5,32.8,No
202509,50,82.0,97.9,100,70.7,89.0,Healthy,69.5,31.5,No
202510,50,80.5,93.9,100,70.9,87.5,Healthy,69.5,32.5,No
202511,50,88.7,97.0,100,69.4,90.2,Healthy,69.5,30.7,No
202512,50,81.0,93.9,100,61.5,85.7,Healthy,69.5,33.6,No
202601,50,89.4,92.7,100,60.5,87.2,Healthy,69.5,32.6,No
202602,50,80.7,94.1,100,46.1,82.6,Healthy,69.5,35.6,No
202603,50,88.7,95.1,100,44.1,84.5,Healthy,69.5,34.4,No
202604,50,77.2,92.1,100,40.8,80.1,Healthy,69.5,37.3,No
202605,50,77.6,92.0,100,46.0,81.2,Healthy,69.5,36.5,No
202606,50,91.8,97.7,100,45.8,86.4,Healthy,69.5,33.2,No
202607,50,80.4,98.7,72.4,50.7,77.9,Watch,69.5,38.7,No
202608,50,85.8,99.5,95.4,59.2,87.0,Healthy,69.5,32.8,No
202609,50,90.5,90.9,100,58.1,86.5,Healthy,69.5,33.1,No
202610,50,89.0,93.7,100,48.0,85.0,Healthy,69.5,34.1,No
202611,50,88.4,96.9,100,58.2,87.8,Healthy,69.5,32.2,No
202612,50,90.7,92.4,100,52.7,85.9,Healthy,69.5,33.5,No
202501,51,82.0,86.5,100,93.9,90.2,Healthy,89.0,37.5,No
202502,51,82.0,85.9,100,85.2,88.3,Healthy,89.0,38.8,No
202503,51,82.0,88.2,100,77.4,87.5,Healthy,89.0,39.3,No
202504,51,82.0,88.0,100,83.7,88.7,Healthy,89.0,38.5,No
202505,51,82.0,88.3,100,75.5,87.1,Healthy,89.0,39.5,No
202506,51,82.0,86.4,100,87.7,89.0,Healthy,89.0,38.3,No
202507,51,82.0,91.4,100,85.0,89.9,Healthy,89.0,37.7,No
202508,51,79.0,85.3,100,94.7,89.3,Healthy,89.0,38.1,No
202509,51,93.0,86.0,100,95.1,93.1,Healthy,89.0,35.6,No
202510,51,82.2,90.3,100,95.3,91.7,Healthy,89.0,36.6,No
202511,51,92.5,93.7,100,92.8,94.8,Healthy,89.0,34.5,No
202512,51,81.5,85.8,100,88.1,88.7,Healthy,89.0,38.5,No
202601,51,78.4,90.1,100,86.5,88.9,Healthy,89.0,38.3,No
202602,51,83.5,90.7,100,77.9,88.7,Healthy,89.0,38.5,No
202603,51,82.1,92.8,100,75.2,88.4,Healthy,89.0,38.7,No
202604,51,88.3,85.0,95.4,67.1,84.8,Healthy,89.0,41.0,No
202605,51,90.2,85.4,100,69.6,87.1,Healthy,89.0,39.6,No
202606,51,81.2,89.9,100,69.2,86.1,Healthy,89.0,40.2,No
202607,51,86.0,85.8,100,73.1,86.8,Healthy,89.0,39.7,No
202608,51,81.1,89.7,100,82.9,88.8,Healthy,89.0,38.4,No
202609,51,79.8,90.2,100,79.8,88.0,Healthy,89.0,39.0,No
202610,51,83.4,93.8,100,86.8,91.4,Healthy,89.0,36.8,No
202611,51,84.7,91.6,100,82.4,90.1,Healthy,89.0,37.6,No
202612,51,79.1,88.6,86.2,78.5,83.6,Healthy,89.0,41.8,No
202501,52,82.0,92.6,81.6,67.0,82.1,Healthy,78.0,38.9,No
202502,52,82.0,94.3,55.2,56.7,73.9,Watch,78.0,44.3,No
202503,52,82.0,95.6,79.3,54.4,79.9,Watch,78.0,40.4,No
202504,52,82.0,97.6,55.2,47.1,73.0,Watch,78.0,44.8,No
202505,52,82.0,97.3,46.0,50.7,71.3,Watch,78.0,45.9,No
202506,52,82.0,91.4,100,51.1,83.1,Healthy,78.0,38.3,No
202507,52,82.0,94.8,100,59.2,85.8,Healthy,78.0,36.5,No
202508,52,82.0,92.2,100,58.3,84.8,Healthy,78.0,37.2,No
202509,52,82.0,94.4,100,65.9,87.0,Healthy,78.0,35.8,No
202510,52,82.0,91.7,100,64.8,86.0,Healthy,78.0,36.4,No
202511,52,82.0,94.3,100,63.3,86.4,Healthy,78.0,36.1,No
202512,52,82.0,95.4,100,54.2,85.0,Healthy,78.0,37.1,No
202601,52,67.6,96.4,100,56.6,82.1,Healthy,78.0,38.9,No
202602,52,66.2,95.1,100,46.7,79.4,Watch,78.0,40.7,No
202603,52,58.9,90.8,100,45.0,76.0,Watch,78.0,42.9,No
202604,52,54.1,92.6,100,38.2,74.0,Watch,78.0,44.2,No
202605,52,60.2,90.9,100,36.8,74.7,Watch,78.0,43.8,No
202606,52,59.1,95.1,100,42.8,76.9,Watch,78.0,42.3,No
202607,52,47.0,94.2,100,47.8,74.6,Watch,78.0,43.8,No
202608,52,48.5,94.6,100,52.4,76.0,Watch,78.0,42.9,No
202609,52,54.5,92.0,100,54.0,77.0,Watch,78.0,42.2,No
202610,52,53.9,97.6,72.4,51.9,71.3,Watch,78.0,46.0,No
202611,52,61.0,91.2,100,54.7,78.6,Watch,78.0,41.2,No
202612,52,52.0,97.0,100,48.1,76.7,Watch,78.0,42.4,No
202501,53,77.5,50.4,100,67.0,72.9,Watch,60.5,38.8,No
202502,53,72.6,48.8,100,56.7,69.1,Watch,60.5,41.2,No
202503,53,72.7,48.2,100,54.4,68.5,Watch,60.5,41.6,No
202504,53,63.9,43.0,100,47.1,63.3,At Risk,60.5,45.0,No
202505,53,75.7,45.4,100,50.7,67.7,Watch,60.5,42.2,No
202506,53,70.9,48.3,100,51.1,67.4,Watch,60.5,42.3,No
202507,53,68.5,45.6,100,59.2,67.6,Watch,60.5,42.2,No
202508,53,61.0,48.7,100,58.3,66.5,Watch,60.5,42.9,No
202509,53,72.5,46.6,100,65.9,70.3,Watch,60.5,40.5,No
202510,53,69.5,44.8,34.5,64.8,52.4,At Risk,60.5,52.1,No
202511,53,69.3,45.8,100,63.3,68.7,Watch,60.5,41.5,No
202512,53,75.2,45.3,100,54.2,68.2,Watch,60.5,41.8,No
202601,53,63.8,42.8,100,56.6,65.1,Watch,60.5,43.9,No
202602,53,61.3,40.9,100,46.7,61.9,At Risk,60.5,45.9,No
202603,53,71.2,36.3,100,45.0,62.7,At Risk,60.5,45.4,No
202604,53,69.7,34.7,100,38.2,60.5,At Risk,60.5,46.9,No
202605,53,60.4,36.0,100,36.8,58.3,At Risk,60.5,48.3,No
202606,53,77.6,38.4,46.0,42.8,51.0,At Risk,60.5,53.0,No
202607,53,70.6,34.0,100,47.8,62.4,At Risk,60.5,45.6,No
202608,53,78.5,35.1,100,52.4,65.6,Watch,60.5,43.5,No
202609,53,75.0,35.3,65.5,54.0,56.5,At Risk,60.5,49.4,No
202610,53,69.0,34.5,100,51.9,63.0,At Risk,60.5,45.2,No
202611,53,69.5,38.6,100,54.7,64.9,At Risk,60.5,44.0,No
202612,53,65.7,38.9,100,48.1,62.7,At Risk,60.5,45.4,No
202501,54,64.4,53.4,79.3,64.8,64.9,At Risk,53.5,41.5,No
202502,54,65.7,48.3,100,55.9,67.1,Watch,53.5,40.1,No
202503,54,66.0,50.2,100,52.9,67.1,Watch,53.5,40.1,No
202504,54,68.4,49.9,100,50.4,67.1,Watch,53.5,40.1,No
202505,54,62.2,51.4,100,49.5,65.9,Watch,53.5,40.9,No
202506,54,68.6,45.1,100,54.1,66.5,Watch,53.5,40.5,No
202507,54,57.2,50.0,100,54.2,65.1,Watch,53.5,41.4,No
202508,54,60.9,44.6,100,59.0,65.4,Watch,53.5,41.2,No
202509,54,70.4,45.4,100,66.7,69.5,Watch,53.5,38.5,No
202510,54,60.1,47.7,100,63.5,67.0,Watch,53.5,40.2,No
202511,54,61.9,42.7,100,64.5,66.2,Watch,53.5,40.7,No
202512,54,62.3,44.0,81.6,55.3,60.3,At Risk,53.5,44.6,No
202601,54,70.7,40.5,79.3,55.8,60.8,At Risk,53.5,44.2,No
202602,54,62.8,54.3,100,41.5,65.3,Watch,53.5,41.3,No
202603,54,66.4,56.6,100,41.6,66.9,Watch,53.5,40.2,No
202604,54,66.0,63.1,100,37.7,68.0,Watch,53.5,39.5,No
202605,54,68.9,63.6,100,37.2,68.7,Watch,53.5,39.0,No
202606,54,68.9,69.4,100,37.9,70.6,Watch,53.5,37.8,No
202607,54,69.0,74.4,55.2,42.9,62.0,At Risk,53.5,43.5,No
202608,54,68.7,78.5,100,49.7,75.7,Watch,53.5,34.6,No
202609,54,73.9,79.4,100,54.3,78.1,Watch,53.5,32.9,No
202610,54,71.7,80.9,100,47.0,76.6,Watch,53.5,33.9,No
202611,54,72.4,85.5,100,53.8,79.5,Watch,53.5,32.0,No
202612,54,74.7,83.6,100,48.7,78.5,Watch,53.5,32.7,No
202501,55,82.0,68.4,100,70.3,80.1,Healthy,94.0,45.8,No
202502,55,82.0,72.3,100,60.8,79.4,Watch,94.0,46.3,No
202503,55,82.0,66.4,100,58.7,77.1,Watch,94.0,47.8,No
202504,55,82.0,67.6,100,58.2,77.4,Watch,94.0,47.6,No
202505,55,82.0,62.9,100,51.8,74.7,Watch,94.0,49.3,No
202506,55,82.0,62.6,34.5,60.2,59.9,At Risk,94.0,58.9,Yes
202507,55,68.6,66.8,100,61.3,74.5,Watch,94.0,49.5,No
202508,55,62.1,65.0,100,65.9,73.2,Watch,94.0,50.3,No
202509,55,56.9,61.5,100,70.7,71.8,Watch,94.0,51.2,No
202510,55,72.1,66.8,100,70.9,77.2,Watch,94.0,47.7,No
202511,55,67.6,63.3,100,69.4,74.8,Watch,94.0,49.3,No
202512,55,62.8,75.0,55.2,61.5,64.3,At Risk,94.0,56.1,No
202601,55,66.5,79.4,100,60.5,77.5,Watch,94.0,47.5,No
202602,55,63.6,80.2,100,46.1,74.2,Watch,94.0,49.7,No
202603,55,68.7,81.2,100,44.1,75.3,Watch,94.0,48.9,No
202604,55,66.3,84.8,77.0,40.8,69.4,Watch,94.0,52.8,No
202605,55,67.2,86.6,100,46.0,77.0,Watch,94.0,47.9,No
202606,55,69.7,93.2,65.5,45.8,70.9,Watch,94.0,51.8,No
202607,55,70.0,93.2,55.2,50.7,69.4,Watch,94.0,52.8,No
202608,55,72.5,93.2,65.5,59.2,74.3,Watch,94.0,49.6,No
202609,55,74.4,93.2,100,58.1,83.2,Healthy,94.0,43.8,No
202610,55,76.3,93.2,100,48.0,81.6,Healthy,94.0,44.8,No
202611,55,78.4,93.2,100,58.2,84.2,Healthy,94.0,43.2,No
202612,55,78.2,93.2,77.0,52.7,77.3,Watch,94.0,47.7,No
202501,56,82.0,97.0,100,96.1,93.8,Healthy,70.5,28.7,No
202502,56,82.0,95.7,100,82.9,90.8,Healthy,70.5,30.7,No
202503,56,82.9,98.7,100,78.8,91.1,Healthy,70.5,30.5,No
202504,56,89.3,96.6,100,85.8,93.4,Healthy,70.5,28.9,No
202505,56,78.5,92.8,100,78.5,88.2,Healthy,70.5,32.4,No
202506,56,83.5,94.5,90.8,85.4,89.0,Healthy,70.5,31.8,No
202507,56,87.8,97.1,100,90.0,94.1,Healthy,70.5,28.5,No
202508,56,89.9,98.3,100,98.5,96.6,Healthy,70.5,26.9,No
202509,56,91.8,98.0,100,99.3,97.2,Healthy,70.5,26.5,No
202510,56,88.2,93.0,100,99.3,94.8,Healthy,70.5,28.1,No
202511,56,79.4,95.2,100,92.2,91.8,Healthy,70.5,30.0,No
202512,56,89.3,95.6,100,88.9,93.8,Healthy,70.5,28.7,No
202601,56,87.9,93.5,100,85.1,92.0,Healthy,70.5,29.8,No
202602,56,86.4,97.1,100,80.7,91.9,Healthy,70.5,30.0,No
202603,56,83.1,92.8,100,72.4,88.1,Healthy,70.5,32.4,No
202604,56,84.9,92.6,100,66.0,87.2,Healthy,70.5,33.0,No
202605,56,86.6,95.7,100,74.8,90.3,Healthy,70.5,31.0,No
202606,56,91.0,97.7,100,67.6,90.6,Healthy,70.5,30.8,No
202607,56,91.7,100,100,75.2,93.0,Healthy,70.5,29.2,No
202608,56,85.1,95.5,100,84.5,91.8,Healthy,70.5,30.0,No
202609,56,92.2,100,100,79.1,93.9,Healthy,70.5,28.7,No
202610,56,87.3,95.8,100,81.3,91.8,Healthy,70.5,30.0,No
202611,56,86.8,99.6,100,83.4,93.3,Healthy,70.5,29.1,No
202612,56,83.2,96.2,100,75.0,89.7,Healthy,70.5,31.4,No
202501,57,84.2,99.3,90.8,70.3,87.6,Healthy,74.5,34.1,No
202502,57,78.6,97.9,100,60.8,86.2,Healthy,74.5,35.1,No
202503,57,79.9,99.1,100,58.7,86.4,Healthy,74.5,34.9,No
202504,57,87.4,97.5,100,58.2,87.8,Healthy,74.5,34.0,No
202505,57,86.8,100.0,100,51.8,87.0,Healthy,74.5,34.5,No
202506,57,79.4,99.8,100,60.2,86.8,Healthy,74.5,34.6,No
202507,57,81.2,100,100,61.3,87.6,Healthy,74.5,34.2,No
202508,57,83.0,100,100,65.9,88.9,Healthy,74.5,33.3,No
202509,57,78.4,100,100,70.7,88.7,Healthy,74.5,33.4,No
202510,57,77.6,97.9,100,70.9,87.9,Healthy,74.5,33.9,No
202511,57,86.1,100,100,69.4,90.4,Healthy,74.5,32.3,No
202512,57,78.4,100,100,61.5,86.9,Healthy,74.5,34.6,No
202601,57,86.1,97.9,100,60.5,88.0,Healthy,74.5,33.9,No
202602,57,89.8,100,100,46.1,86.7,Healthy,74.5,34.7,No
202603,57,89.5,99.3,100,44.1,86.0,Healthy,74.5,35.2,No
202604,57,86.9,97.6,100,40.8,84.1,Healthy,74.5,36.4,No
202605,57,80.1,97.1,100,46.0,83.3,Healthy,74.5,36.9,No
202606,57,92.9,100,100,45.8,87.4,Healthy,74.5,34.3,No
202607,57,83.2,98.1,100,50.7,85.3,Healthy,74.5,35.6,No
202608,57,87.5,100,100,59.2,88.7,Healthy,74.5,33.4,No
202609,57,81.9,100,100,58.1,87.1,Healthy,74.5,34.5,No
202610,57,78.8,100,100,48.0,84.3,Healthy,74.5,36.3,No
202611,57,89.2,100,100,58.2,89.0,Healthy,74.5,33.3,No
202612,57,87.7,100,100,52.7,87.4,Healthy,74.5,34.2,No
202501,58,82.0,95.0,100,67.0,87.4,Healthy,74.5,34.3,No
202502,58,82.0,96.9,100,56.7,85.9,Healthy,74.5,35.2,No
202503,58,82.0,94.9,100,54.4,84.9,Healthy,74.5,35.9,No
202504,58,82.0,92.7,100,47.1,82.7,Healthy,74.5,37.3,No
202505,58,82.0,97.2,55.2,50.7,73.6,Watch,74.5,43.2,No
202506,58,82.0,95.5,100,51.1,84.4,Healthy,74.5,36.2,No
202507,58,82.0,97.5,58.6,59.2,76.2,Watch,74.5,41.5,No
202508,58,82.0,95.5,100,58.3,85.8,Healthy,74.5,35.3,No
202509,58,82.0,98.6,100,65.9,88.3,Healthy,74.5,33.7,No
202510,58,82.0,99.0,100,64.8,88.1,Healthy,74.5,33.8,No
202511,58,55.7,98.2,100,63.3,81.1,Healthy,74.5,38.4,No
202512,58,56.4,92.4,100,54.2,77.7,Watch,74.5,40.6,No
202601,58,60.2,93.7,72.4,56.6,72.6,Watch,74.5,43.9,No
202602,58,57.1,97.1,100,46.7,77.8,Watch,74.5,40.5,No
202603,58,58.6,91.1,65.5,45.0,67.4,Watch,74.5,47.3,No
202604,58,63.0,94.9,100,38.2,76.9,Watch,74.5,41.1,No
202605,58,49.2,91.1,100,36.8,72.0,Watch,74.5,44.3,No
202606,58,67.2,91.1,100,42.8,77.7,Watch,74.5,40.6,No
202607,58,55.3,93.9,100,47.8,76.5,Watch,74.5,41.3,No
202608,58,62.2,91.3,100,52.4,78.4,Watch,74.5,40.1,No
202609,58,62.4,92.4,100,54.0,79.1,Watch,74.5,39.6,No
202610,58,57.7,96.3,55.2,51.9,67.5,Watch,74.5,47.2,No
202611,58,66.5,98.0,100,54.7,82.0,Healthy,74.5,37.8,No
202612,58,51.1,91.1,100,48.1,74.7,Watch,74.5,42.5,No
202501,59,82.0,100,100,74.2,90.3,Healthy,88.0,37.1,No
202502,59,82.0,100,100,67.6,89.0,Healthy,88.0,37.9,No
202503,59,82.0,97.9,100,65.1,87.9,Healthy,88.0,38.7,No
202504,59,82.0,100,100,64.3,88.4,Healthy,88.0,38.4,No
202505,59,82.0,100,100,58.0,87.1,Healthy,88.0,39.2,No
202506,59,82.0,96.7,100,63.5,87.2,Healthy,88.0,39.1,No
202507,59,82.0,100,100,63.7,88.2,Healthy,88.0,38.4,No
202508,59,82.0,97.3,100,73.2,89.3,Healthy,88.0,37.7,No
202509,59,82.0,98.8,100,75.6,90.3,Healthy,88.0,37.1,No
202510,59,82.6,98.1,100,74.3,90.0,Healthy,88.0,37.3,No
202511,59,78.7,99.1,100,74.5,89.3,Healthy,88.0,37.8,No
202512,59,89.2,97.2,100,63.4,89.1,Healthy,88.0,37.9,No
202601,59,78.8,100,100,60.0,86.7,Healthy,88.0,39.5,No
202602,59,84.0,96.2,100,56.6,86.2,Healthy,88.0,39.8,No
202603,59,87.2,95.6,100,51.0,85.7,Healthy,88.0,40.1,No
202604,59,80.2,93.4,81.6,46.9,77.9,Watch,88.0,45.2,No
202605,59,90.4,99.0,100,49.6,87.2,Healthy,88.0,39.1,No
202606,59,77.5,96.8,100,55.2,84.4,Healthy,88.0,40.9,No
202607,59,91.2,100,100,54.8,88.8,Healthy,88.0,38.1,No
202608,59,82.8,100,100,57.8,87.3,Healthy,88.0,39.1,No
202609,59,82.3,95.8,100,64.0,87.1,Healthy,88.0,39.2,No
202610,59,81.9,100,100,54.2,86.3,Healthy,88.0,39.7,No
202611,59,81.7,100,100,62.5,87.9,Healthy,88.0,38.7,No
202612,59,81.6,98.6,100,55.4,86.1,Healthy,88.0,39.9,No
202501,60,64.4,89.2,100,74.2,82.7,Healthy,91.0,43.1,No
202502,60,61.3,90.2,100,67.6,80.9,Healthy,91.0,44.3,No
202503,60,55.1,90.3,100,65.1,78.9,Watch,91.0,45.6,No
202504,60,46.9,94.3,100,64.3,77.9,Watch,91.0,46.2,No
202505,60,58.4,86.3,100,58.0,77.1,Watch,91.0,46.7,No
202506,60,50.6,92.5,100,63.5,78.1,Watch,91.0,46.1,No
202507,60,63.6,87.5,79.3,63.7,74.7,Watch,91.0,48.3,No
202508,60,65.2,94.5,100,73.2,84.3,Healthy,91.0,42.1,No
202509,60,66.6,93.0,100,75.6,84.7,Healthy,91.0,41.8,No
202510,60,66.1,87.9,100,74.3,82.8,Healthy,91.0,43.1,No
202511,60,52.0,91.5,100,74.5,80.3,Healthy,91.0,44.6,No
202512,60,54.1,90.8,100,63.4,78.5,Watch,91.0,45.9,No
202601,60,49.4,90.3,81.6,60.0,71.8,Watch,91.0,50.2,No
202602,60,67.7,91.0,100,56.6,80.6,Healthy,91.0,44.5,No
202603,60,63.3,89.7,100,51.0,78.0,Watch,91.0,46.2,No
202604,60,47.8,92.8,100,46.9,74.2,Watch,91.0,48.6,No
202605,60,50.6,87.3,100,49.6,73.8,Watch,91.0,48.9,No
202606,60,66.4,88.4,100,55.2,79.1,Watch,91.0,45.4,No
202607,60,60.1,93.6,100,54.8,79.1,Watch,91.0,45.4,No
202608,60,65.2,92.2,100,57.8,80.5,Healthy,91.0,44.5,No
202609,60,66.5,89.5,100,64.0,81.3,Healthy,91.0,44.0,No
202610,60,58.9,89.1,86.2,54.2,73.8,Watch,91.0,48.9,No
202611,60,51.6,87.7,79.3,62.5,71.5,Watch,91.0,50.4,No
202612,60,68.4,91.4,100,55.4,80.6,Healthy,91.0,44.5,No
202501,61,82.0,95.0,95.4,67.0,86.3,Healthy,75.0,35.2,No
202502,61,82.0,90.3,100,56.7,83.9,Healthy,75.0,36.7,No
202503,61,82.5,90.9,100,54.4,83.8,Healthy,75.0,36.8,No
202504,61,82.8,88.4,100,47.1,81.6,Healthy,75.0,38.2,No
202505,61,88.5,92.1,100,50.7,84.9,Healthy,75.0,36.1,No
202506,61,92.6,88.0,86.2,51.1,81.3,Healthy,75.0,38.4,No
202507,61,87.9,93.5,100,59.2,86.9,Healthy,75.0,34.8,No
202508,61,77.4,87.2,100,58.3,82.2,Healthy,75.0,37.8,No
202509,61,91.9,90.9,100,65.9,88.4,Healthy,75.0,33.8,No
202510,61,82.5,88.7,100,64.8,85.2,Healthy,75.0,35.9,No
202511,61,85.9,90.8,100,63.3,86.4,Healthy,75.0,35.1,No
202512,61,80.3,85.6,100,54.2,81.6,Healthy,75.0,38.2,No
202601,61,82.9,86.8,100,56.6,83.1,Healthy,75.0,37.3,No
202602,61,92.6,86.9,100,46.7,83.6,Healthy,75.0,36.9,No
202603,61,91.5,92.0,100,45.0,84.5,Healthy,75.0,36.3,No
202604,61,92.5,87.4,100,38.2,82.0,Healthy,75.0,38.0,No
202605,61,81.6,84.4,100,36.8,78.1,Watch,75.0,40.5,No
202606,61,79.6,87.1,100,42.8,79.6,Watch,75.0,39.5,No
202607,61,78.4,91.1,100,47.8,81.5,Healthy,75.0,38.3,No
202608,61,91.0,87.7,100,52.4,84.6,Healthy,75.0,36.3,No
202609,61,90.1,90.5,100,54.0,85.5,Healthy,75.0,35.7,No
202610,61,84.9,92.1,100,51.9,84.2,Healthy,75.0,36.5,No
202611,61,77.7,90.5,100,54.7,82.5,Healthy,75.0,37.6,No
202612,61,77.6,89.8,100,48.1,81.0,Healthy,75.0,38.6,No
202501,62,81.8,92.1,100,96.1,92.3,Healthy,87.5,35.6,No
202502,62,87.0,100,100,82.9,93.3,Healthy,87.5,35.0,No
202503,62,83.4,96.2,100,78.8,90.5,Healthy,87.5,36.8,No
202504,62,82.0,93.0,100,85.8,90.6,Healthy,87.5,36.8,No
202505,62,92.0,92.8,100,78.5,91.5,Healthy,87.5,36.1,No
202506,62,82.5,93.3,72.4,85.4,83.8,Healthy,87.5,41.2,No
202507,62,91.2,97.6,100,90.0,95.1,Healthy,87.5,33.8,No
202508,62,79.0,94.9,100,98.5,92.9,Healthy,87.5,35.2,No
202509,62,80.7,94.0,100,99.3,93.2,Healthy,87.5,35.0,No
202510,62,92.7,96.4,100,99.3,96.9,Healthy,87.5,32.6,No
202511,62,81.7,99.7,100,92.2,93.8,Healthy,87.5,34.7,No
202512,62,92.9,97.1,100,88.9,95.1,Healthy,87.5,33.8,No
202601,62,77.9,93.2,100,85.1,89.5,Healthy,87.5,37.5,No
202602,62,81.4,92.3,100,80.7,89.1,Healthy,87.5,37.7,No
202603,62,81.3,92.1,100,72.4,87.4,Healthy,87.5,38.8,No
202604,62,77.8,94.8,100,66.0,86.1,Healthy,87.5,39.7,No
202605,62,91.8,92.2,100,74.8,90.5,Healthy,87.5,36.8,No
202606,62,85.0,99.3,100,67.6,89.6,Healthy,87.5,37.4,No
202607,62,87.0,97.3,90.8,75.2,88.7,Healthy,87.5,38.0,No
202608,62,92.9,94.1,100,84.5,93.4,Healthy,87.5,34.9,No
202609,62,78.1,95.8,100,79.1,89.1,Healthy,87.5,37.7,No
202610,62,83.8,99.9,100,81.3,92.2,Healthy,87.5,35.7,No
202611,62,90.6,93.2,100,83.4,92.3,Healthy,87.5,35.6,No
202612,62,78.5,92.9,100,75.0,87.5,Healthy,87.5,38.8,No
202501,63,53.1,93.6,100,92.2,84.8,Healthy,67.5,33.5,No
202502,63,66.6,97.0,100,85.9,87.9,Healthy,67.5,31.5,No
202503,63,48.0,92.3,100,77.9,80.3,Healthy,67.5,36.4,No
202504,63,65.0,99.9,100,81.8,87.6,Healthy,67.5,31.7,No
202505,63,49.1,92.6,100,77.1,80.5,Healthy,67.5,36.3,No
202506,63,65.2,93.0,100,85.1,86.2,Healthy,67.5,32.6,No
202507,63,54.7,94.0,100,85.3,83.9,Healthy,67.5,34.1,No
202508,63,48.4,96.0,100,90.1,83.9,Healthy,67.5,34.1,No
202509,63,58.2,99.3,46.0,92.1,74.3,Watch,67.5,40.3,No
202510,63,51.7,96.3,100,98.2,86.4,Healthy,67.5,32.4,No
202511,63,52.9,97.6,100,92.4,86.0,Healthy,67.5,32.7,No
202512,63,47.1,93.3,100,88.2,82.4,Healthy,67.5,35.0,No
202601,63,49.9,93.2,81.6,83.8,77.6,Watch,67.5,38.2,No
202602,63,47.4,92.6,100,73.3,79.3,Watch,67.5,37.1,No
202603,63,63.7,98.6,79.3,71.9,79.7,Watch,67.5,36.8,No
202604,63,52.6,96.3,79.3,67.7,75.4,Watch,67.5,39.6,No
202605,63,60.2,95.9,65.5,69.7,74.1,Watch,67.5,40.4,No
202606,63,55.6,95.0,100,67.9,81.0,Healthy,67.5,36.0,No
202607,63,48.7,92.5,100,71.8,79.3,Watch,67.5,37.1,No
202608,63,59.4,99.4,100,81.9,86.0,Healthy,67.5,32.7,No
202609,63,50.0,97.8,72.4,80.4,76.0,Watch,67.5,39.2,No
202610,63,48.2,94.5,100,83.0,82.0,Healthy,67.5,35.3,No
202611,63,58.3,93.1,100,78.0,83.1,Healthy,67.5,34.6,No
202612,63,51.0,93.4,100,72.5,80.3,Healthy,67.5,36.4,No
202501,64,67.9,71.3,100,67.0,76.7,Watch,63.5,37.3,No
202502,64,59.8,71.5,100,56.7,72.8,Watch,63.5,39.9,No
202503,64,78.2,69.3,100,54.4,76.2,Watch,63.5,37.7,No
202504,64,74.7,67.8,100,47.1,73.4,Watch,63.5,39.5,No
202505,64,75.1,68.7,100,50.7,74.5,Watch,63.5,38.8,No
202506,64,67.5,66.9,100,51.1,72.2,Watch,63.5,40.3,No
202507,64,62.2,68.8,100,59.2,73.0,Watch,63.5,39.8,No
202508,64,78.0,65.1,100,58.3,75.7,Watch,63.5,38.0,No
202509,64,61.7,65.2,100,65.9,73.1,Watch,63.5,39.7,No
202510,64,78.1,62.9,100,64.8,76.4,Watch,63.5,37.6,No
202511,64,74.0,66.6,100,63.3,76.1,Watch,63.5,37.7,No
202512,64,60.1,62.3,100,54.2,69.5,Watch,63.5,42.0,No
202601,64,68.5,63.0,100,56.6,72.3,Watch,63.5,40.2,No
202602,64,65.6,65.1,100,46.7,70.3,Watch,63.5,41.5,No
202603,64,61.2,59.2,100,45.0,67.1,Watch,63.5,43.6,No
202604,64,62.6,61.5,65.5,38.2,58.1,At Risk,63.5,49.5,No
202605,64,67.4,56.2,100,36.8,66.1,Watch,63.5,44.3,No
202606,64,61.8,59.5,100,42.8,66.9,Watch,63.5,43.8,No
202607,64,74.0,63.2,100,47.8,72.0,Watch,63.5,40.4,No
202608,64,74.1,57.2,100,52.4,71.2,Watch,63.5,41.0,No
202609,64,67.9,62.1,34.5,54.0,55.0,At Risk,63.5,51.5,No
202610,64,68.4,56.6,100,51.9,69.5,Watch,63.5,42.1,No
202611,64,65.2,61.1,31.0,54.7,53.3,At Risk,63.5,52.6,No
202612,64,69.1,57.5,72.4,48.1,62.3,At Risk,63.5,46.8,No
202501,65,88.6,90.6,100,93.9,93.1,Healthy,55.0,23.7,No
202502,65,78.6,91.0,100,85.2,89.0,Healthy,55.0,26.4,No
202503,65,90.4,89.5,100,77.4,89.9,Healthy,55.0,25.8,No
202504,65,85.3,92.0,100,83.7,90.7,Healthy,55.0,25.3,No
202505,65,87.4,89.2,100,75.5,88.7,Healthy,55.0,26.6,No
202506,65,91.5,91.3,100,87.7,92.8,Healthy,55.0,23.9,No
202507,65,89.3,94.0,100,85.0,92.5,Healthy,55.0,24.1,No
202508,65,88.1,92.4,100,94.7,93.7,Healthy,55.0,23.4,No
202509,65,78.2,95.1,100,95.1,92.1,Healthy,55.0,24.4,No
202510,65,92.9,95.9,100,95.3,96.0,Healthy,55.0,21.8,No
202511,65,93.2,91.2,100,92.8,94.2,Healthy,55.0,23.0,No
202512,65,89.3,88.2,100,88.1,91.4,Healthy,55.0,24.8,No
202601,65,78.2,96.5,100,86.5,90.8,Healthy,55.0,25.2,No
202602,65,89.0,89.3,86.2,77.9,86.2,Healthy,55.0,28.2,No
202603,65,91.4,93.0,100,75.2,90.8,Healthy,55.0,25.2,No
202604,65,88.6,96.0,100,67.1,89.4,Healthy,55.0,26.2,No
202605,65,84.0,93.0,100,69.6,87.8,Healthy,55.0,27.2,No
202606,65,84.6,91.6,86.2,69.2,84.0,Healthy,55.0,29.6,No
202607,65,84.2,95.4,100,73.1,89.3,Healthy,55.0,26.2,No
202608,65,88.0,89.3,100,82.9,90.4,Healthy,55.0,25.5,No
202609,65,87.5,89.1,100,79.8,89.6,Healthy,55.0,26.0,No
202610,65,92.4,95.8,100,86.8,94.2,Healthy,55.0,23.0,No
202611,65,92.0,94.4,100,82.4,92.8,Healthy,55.0,23.9,No
202612,65,86.2,91.0,100,78.5,89.5,Healthy,55.0,26.0,No
202501,66,82.0,93.3,100,92.2,91.9,Healthy,57.5,25.4,No
202502,66,82.0,94.1,100,85.9,90.9,Healthy,57.5,26.0,No
202503,66,82.0,93.1,100,77.9,89.0,Healthy,57.5,27.3,No
202504,66,82.0,93.8,100,81.8,90.0,Healthy,57.5,26.6,No
202505,66,82.0,93.2,100,77.1,88.9,Healthy,57.5,27.3,No
202506,66,82.0,98.2,95.4,85.1,90.8,Healthy,57.5,26.1,No
202507,66,82.0,95.0,100,85.3,91.1,Healthy,57.5,25.9,No
202508,66,82.0,98.8,100,90.1,93.2,Healthy,57.5,24.6,No
202509,66,82.0,96.8,100,92.1,93.0,Healthy,57.5,24.7,No
202510,66,82.0,90.8,100,98.2,92.4,Healthy,57.5,25.1,No
202511,66,82.0,92.8,90.8,92.4,89.5,Healthy,57.5,26.9,No
202512,66,82.0,94.8,100,88.2,91.6,Healthy,57.5,25.6,No
202601,66,82.0,93.3,100,83.8,90.2,Healthy,57.5,26.5,No
202602,66,83.2,93.9,100,73.3,88.7,Healthy,57.5,27.5,No
202603,66,78.7,92.3,100,71.9,86.8,Healthy,57.5,28.7,No
202604,66,79.9,98.0,100,67.7,87.9,Healthy,57.5,28.0,No
202605,66,78.7,90.9,100,69.7,85.9,Healthy,57.5,29.3,No
202606,66,87.7,92.5,100,67.9,88.2,Healthy,57.5,27.8,No
202607,66,82.4,96.7,100,71.8,89.0,Healthy,57.5,27.3,No
202608,66,79.9,95.8,86.2,81.9,86.7,Healthy,57.5,28.8,No
202609,66,90.2,98.1,100,80.4,93.1,Healthy,57.5,24.6,No
202610,66,79.2,98.1,100,83.0,90.8,Healthy,57.5,26.1,No
202611,66,87.4,91.0,100,78.0,89.8,Healthy,57.5,26.8,No
202612,66,90.2,95.2,100,72.5,90.6,Healthy,57.5,26.2,No
202501,67,80.8,91.2,100,92.2,91.0,Healthy,89.0,37.0,No
202502,67,93.0,88.3,100,85.9,91.9,Healthy,89.0,36.4,No
202503,67,80.3,90.7,90.8,77.9,85.6,Healthy,89.0,40.5,No
202504,67,82.5,90.4,100,81.8,89.1,Healthy,89.0,38.2,No
202505,67,86.9,88.3,95.4,77.1,87.5,Healthy,89.0,39.3,No
202506,67,89.7,89.1,100,85.1,91.2,Healthy,89.0,36.9,No
202507,67,91.0,90.2,86.2,85.3,88.4,Healthy,89.0,38.7,No
202508,67,77.8,92.1,100,90.1,90.1,Healthy,89.0,37.6,No
202509,67,81.6,95.2,100,92.1,92.4,Healthy,89.0,36.1,No
202510,67,88.5,87.5,100,98.2,93.0,Healthy,89.0,35.7,No
202511,67,89.8,87.6,100,92.4,92.2,Healthy,89.0,36.2,No
202512,67,85.1,88.0,100,88.2,90.3,Healthy,89.0,37.4,No
202601,67,91.3,89.9,100,83.8,91.6,Healthy,89.0,36.6,No
202602,67,80.5,91.3,100,73.3,87.2,Healthy,89.0,39.5,No
202603,67,80.9,93.6,100,71.9,87.7,Healthy,89.0,39.1,No
202604,67,90.0,90.9,95.4,67.7,87.2,Healthy,89.0,39.5,No
202605,67,82.1,86.8,100,69.7,85.5,Healthy,89.0,40.6,No
202606,67,90.5,92.3,90.8,67.9,86.6,Healthy,89.0,39.9,No
202607,67,85.4,90.2,100,71.8,87.8,Healthy,89.0,39.1,No
202608,67,87.7,91.2,100,81.9,90.7,Healthy,89.0,37.2,No
202609,67,89.6,89.1,100,80.4,90.2,Healthy,89.0,37.5,No
202610,67,91.3,89.0,100,83.0,91.1,Healthy,89.0,36.9,No
202611,67,80.0,96.1,100,78.0,89.4,Healthy,89.0,38.0,No
202612,67,88.5,94.2,100,72.5,89.9,Healthy,89.0,37.7,No
202501,68,72.0,67.7,65.5,70.3,68.8,Watch,75.0,46.6,No
202502,68,68.4,66.4,100,60.8,74.2,Watch,75.0,43.0,No
202503,68,59.0,67.9,65.5,58.7,63.2,At Risk,75.0,50.1,No
202504,68,64.8,64.8,100,58.2,72.3,Watch,75.0,44.3,No
202505,68,63.7,65.3,100,51.8,70.9,Watch,75.0,45.2,No
202506,68,68.1,59.8,65.5,60.2,63.4,At Risk,75.0,50.1,No
202507,68,61.8,60.5,100,61.3,70.9,Watch,75.0,45.2,No
202508,68,66.6,65.1,100,65.9,74.4,Watch,75.0,42.9,No
202509,68,64.9,61.7,100,70.7,73.9,Watch,75.0,43.2,No
202510,68,64.5,60.6,100,70.9,73.5,Watch,75.0,43.5,No
202511,68,65.4,61.5,100,69.4,73.7,Watch,75.0,43.4,No
202512,68,56.7,59.7,100,61.5,69.4,Watch,75.0,46.1,No
202601,68,67.4,58.9,65.5,60.5,63.0,At Risk,75.0,50.3,No
202602,68,62.8,68.6,81.6,46.1,65.9,Watch,75.0,48.4,No
202603,68,65.0,76.0,100,44.1,72.9,Watch,75.0,43.9,No
202604,68,66.5,74.6,100,40.8,72.2,Watch,75.0,44.3,No
202605,68,68.0,78.5,46.0,46.0,61.2,At Risk,75.0,51.5,No
202606,68,66.0,86.2,37.9,45.8,61.0,At Risk,75.0,51.6,No
202607,68,71.4,85.4,100,50.7,78.6,Watch,75.0,40.2,No
202608,68,68.6,87.9,100,59.2,80.4,Healthy,75.0,39.0,No
202609,68,71.5,92.2,100,58.1,82.2,Healthy,75.0,37.8,No
202610,68,73.1,93.2,46.0,48.0,67.3,Watch,75.0,47.5,No
202611,68,73.8,93.2,100,58.2,83.1,Healthy,75.0,37.3,No
202612,68,75.5,93.2,100,52.7,82.4,Healthy,75.0,37.7,No
202501,69,65.2,67.3,100,67.0,74.9,Watch,64.0,38.7,No
202502,69,67.0,60.7,100,56.7,71.3,Watch,64.0,41.1,No
202503,69,60.6,59.4,100,54.4,68.9,Watch,64.0,42.6,No
202504,69,67.4,59.2,100,47.1,69.0,Watch,64.0,42.5,No
202505,69,58.1,62.2,100,50.7,68.3,Watch,64.0,43.0,No
202506,69,56.6,62.8,100,51.1,68.2,Watch,64.0,43.1,No
202507,69,71.8,57.0,81.6,59.2,67.3,Watch,64.0,43.6,No
202508,69,70.4,62.8,65.5,58.3,64.5,At Risk,64.0,45.5,No
202509,69,64.3,58.2,100,65.9,71.7,Watch,64.0,40.8,No
202510,69,63.7,56.2,100,64.8,70.7,Watch,64.0,41.4,No
202511,69,64.6,60.9,100,63.3,72.1,Watch,64.0,40.6,No
202512,69,60.8,58.1,42.5,54.2,54.1,At Risk,64.0,52.2,No
202601,69,59.7,55.4,100,56.6,67.9,Watch,64.0,43.3,No
202602,69,62.8,69.4,100,46.7,70.9,Watch,64.0,41.3,No
202603,69,65.4,72.9,100,45.0,72.2,Watch,64.0,40.5,No
202604,69,64.9,75.9,100,38.2,71.6,Watch,64.0,40.8,No
202605,69,68.4,77.4,72.4,36.8,65.8,Watch,64.0,44.6,No
202606,69,69.4,83.2,100,42.8,75.9,Watch,64.0,38.1,No
202607,69,71.1,81.7,100,47.8,76.8,Watch,64.0,37.5,No
202608,69,70.9,88.8,72.4,52.4,73.0,Watch,64.0,40.0,No
202609,69,73.9,93.2,100,54.0,82.2,Healthy,64.0,33.9,No
202610,69,71.7,93.2,100,51.9,81.3,Healthy,64.0,34.6,No
202611,69,75.9,93.2,72.4,54.7,76.0,Watch,64.0,38.0,No
202612,69,77.4,93.2,100,48.1,81.9,Healthy,64.0,34.1,No
202501,70,82.0,49.3,100,93.9,79.1,Watch,83.5,42.8,No
202502,70,82.0,49.4,100,85.2,77.4,Watch,83.5,43.9,No
202503,70,70.2,52.3,100,77.4,73.7,Watch,83.5,46.3,No
202504,70,64.7,49.3,100,83.7,72.7,Watch,83.5,47.0,No
202505,70,63.9,52.9,65.5,75.5,63.3,At Risk,83.5,53.1,No
202506,70,70.3,49.2,100,87.7,74.9,Watch,83.5,45.6,No
202507,70,64.2,50.8,72.4,85.0,66.4,Watch,83.5,51.1,No
202508,70,58.5,44.0,55.2,94.7,60.6,At Risk,83.5,54.9,No
202509,70,57.2,46.5,77.0,95.1,66.5,Watch,83.5,51.0,No
202510,70,62.8,44.5,100,95.3,73.1,Watch,83.5,46.7,No
202511,70,62.1,47.1,100,92.8,73.2,Watch,83.5,46.6,No
202512,70,70.1,42.7,100,88.1,72.9,Watch,83.5,46.8,No
202601,70,64.7,42.4,100,86.5,71.2,Watch,83.5,47.9,No
202602,70,63.8,59.3,100,77.9,74.3,Watch,83.5,45.9,No
202603,70,65.6,60.9,100,75.2,74.7,Watch,83.5,45.7,No
202604,70,66.4,60.4,100,67.1,73.1,Watch,83.5,46.7,No
202605,70,66.9,67.4,100,69.6,75.8,Watch,83.5,44.9,No
202606,70,67.4,69.8,100,69.2,76.6,Watch,83.5,44.4,No
202607,70,69.1,70.0,100,73.1,77.9,Watch,83.5,43.6,No
202608,70,72.8,74.0,81.6,82.9,77.4,Watch,83.5,43.9,No
202609,70,70.1,77.8,100,79.8,81.8,Healthy,83.5,41.0,No
202610,70,73.5,79.3,100,86.8,84.5,Healthy,83.5,39.3,No
202611,70,76.7,84.5,46.0,82.4,72.5,Watch,83.5,47.1,No
202612,70,76.6,85.4,100,78.5,85.5,Healthy,83.5,38.7,No
202501,71,87.3,100,100,70.3,90.9,Healthy,54.5,25.0,No
202502,71,90.0,99.5,100,60.8,89.5,Healthy,54.5,25.9,No
202503,71,89.0,97.5,100,58.7,88.2,Healthy,54.5,26.7,No
202504,71,85.6,99.3,86.2,58.2,84.4,Healthy,54.5,29.2,No
202505,71,92.7,100,100,51.8,88.5,Healthy,54.5,26.5,No
202506,71,77.5,100,100,60.2,86.4,Healthy,54.5,27.9,No
202507,71,81.3,100,100,61.3,87.6,Healthy,54.5,27.1,No
202508,71,92.9,100,100,65.9,91.4,Healthy,54.5,24.7,No
202509,71,86.1,96.1,100,70.7,89.5,Healthy,54.5,25.9,No
202510,71,83.8,96.6,100,70.9,89.1,Healthy,54.5,26.2,No
202511,71,91.0,99.6,100,69.4,91.5,Healthy,54.5,24.6,No
202512,71,81.6,100,86.2,61.5,84.3,Healthy,54.5,29.3,No
202601,71,87.1,97.8,100,60.5,88.2,Healthy,54.5,26.7,No
202602,71,82.8,95.4,100,46.1,83.5,Healthy,54.5,29.8,No
202603,71,80.3,93.8,100,44.1,82.0,Healthy,54.5,30.8,No
202604,71,89.3,95.0,100,40.8,84.0,Healthy,54.5,29.5,No
202605,71,82.1,96.3,100,46.0,83.6,Healthy,54.5,29.7,No
202606,71,83.3,96.8,100,45.8,84.0,Healthy,54.5,29.5,No
202607,71,82.7,100,100,50.7,85.8,Healthy,54.5,28.3,No
202608,71,84.0,97.5,79.3,59.2,81.9,Healthy,54.5,30.8,No
202609,71,82.9,99.0,100,58.1,87.0,Healthy,54.5,27.5,No
202610,71,81.0,98.1,100,48.0,84.3,Healthy,54.5,29.3,No
202611,71,87.6,95.3,100,58.2,87.1,Healthy,54.5,27.4,No
202612,71,88.3,95.1,86.2,52.7,82.7,Healthy,54.5,30.3,No
202501,72,83.6,98.8,100,96.1,94.8,Healthy,71.5,28.4,No
202502,72,91.6,100,100,82.9,94.5,Healthy,71.5,28.6,No
202503,72,88.3,100,100,78.8,92.8,Healthy,71.5,29.7,No
202504,72,92.0,98.1,100,85.8,94.6,Healthy,71.5,28.6,No
202505,72,82.9,100,100,78.5,91.4,Healthy,71.5,30.6,No
202506,72,85.7,100,100,85.4,93.5,Healthy,71.5,29.2,No
202507,72,91.1,98.7,100,90.0,95.4,Healthy,71.5,28.0,No
202508,72,80.7,100,86.2,98.5,91.4,Healthy,71.5,30.6,No
202509,72,79.6,100,100,99.3,94.8,Healthy,71.5,28.4,No
202510,72,86.7,100,100,99.3,96.5,Healthy,71.5,27.3,No
202511,72,86.2,99.6,100,92.2,94.9,Healthy,71.5,28.4,No
202512,72,92.7,97.7,100,88.9,95.3,Healthy,71.5,28.1,No
202601,72,92.3,100,100,85.1,95.1,Healthy,71.5,28.2,No
202602,72,91.8,100,100,80.7,94.1,Healthy,71.5,28.9,No
202603,72,85.8,97.0,100,72.4,90.0,Healthy,71.5,31.5,No
202604,72,92.7,100,100,66.0,91.4,Healthy,71.5,30.6,No
202605,72,86.8,98.1,100,74.8,91.1,Healthy,71.5,30.8,No
202606,72,87.7,99.2,100,67.6,90.2,Healthy,71.5,31.4,No
202607,72,93.3,100,100,75.2,93.4,Healthy,71.5,29.3,No
202608,72,88.4,97.1,86.2,84.5,89.7,Healthy,71.5,31.7,No
202609,72,89.5,98.7,100,79.1,92.8,Healthy,71.5,29.7,No
202610,72,90.0,100,100,81.3,93.8,Healthy,71.5,29.1,No
202611,72,90.6,100,100,83.4,94.3,Healthy,71.5,28.7,No
202612,72,90.3,100,86.2,75.0,89.1,Healthy,71.5,32.1,No
202501,73,82.0,53.6,100,67.0,75.0,Watch,69.0,40.4,No
202502,73,82.0,50.2,100,56.7,71.9,Watch,69.0,42.4,No
202503,73,82.0,49.3,100,54.4,71.2,Watch,69.0,42.9,No
202504,73,82.0,44.6,100,47.1,68.3,Watch,69.0,44.7,No
202505,73,82.0,46.3,65.5,50.7,60.9,At Risk,69.0,49.6,No
202506,73,82.0,48.0,100,51.1,70.1,Watch,69.0,43.6,No
202507,73,62.7,46.2,100,59.2,66.4,Watch,69.0,46.0,No
202508,73,74.7,49.7,55.2,58.3,59.0,At Risk,69.0,50.8,No
202509,73,73.5,44.8,100,65.9,70.0,Watch,69.0,43.7,No
202510,73,69.7,50.4,100,64.8,70.5,Watch,69.0,43.3,No
202511,73,61.2,46.1,100,63.3,66.8,Watch,69.0,45.7,No
202512,73,74.2,47.0,100,54.2,68.5,Watch,69.0,44.6,No
202601,73,66.8,43.1,65.5,56.6,57.3,At Risk,69.0,51.9,No
202602,73,75.7,46.9,34.5,46.7,50.9,At Risk,69.0,56.0,No
202603,73,69.7,41.0,100,45.0,63.7,At Risk,69.0,47.7,No
202604,73,68.3,37.5,100,38.2,61.0,At Risk,69.0,49.5,No
202605,73,62.2,41.8,100,36.8,60.5,At Risk,69.0,49.9,No
202606,73,64.0,41.6,46.0,42.8,48.6,Critical,69.0,57.6,No
202607,73,71.5,40.3,100,47.8,64.5,At Risk,69.0,47.2,No
202608,73,66.5,42.7,100,52.4,64.9,At Risk,69.0,47.0,No
202609,73,60.0,36.6,100,54.0,61.8,At Risk,69.0,49.0,No
202610,73,73.6,37.6,100,51.9,65.1,Watch,69.0,46.9,No
202611,73,66.9,37.8,100,54.7,64.0,At Risk,69.0,47.6,No
202612,73,63.3,40.1,55.2,48.1,51.3,At Risk,69.0,55.8,No
202501,74,54.3,91.5,100,64.8,79.0,Watch,69.0,37.8,No
202502,74,61.0,86.9,100,55.9,77.5,Watch,69.0,38.8,No
202503,74,49.4,87.9,100,52.9,74.3,Watch,69.0,40.9,No
202504,74,47.7,86.9,65.5,50.4,64.4,At Risk,69.0,47.3,No
202505,74,63.9,89.0,100,49.5,77.6,Watch,69.0,38.7,No
202506,74,59.4,86.7,81.6,54.1,72.1,Watch,69.0,42.3,No
202507,74,65.1,90.3,100,54.2,79.2,Watch,69.0,37.7,No
202508,74,65.6,89.2,79.3,59.0,74.8,Watch,69.0,40.6,No
202509,74,65.2,88.2,100,66.7,81.1,Healthy,69.0,36.4,No
202510,74,57.7,87.8,100,63.5,78.5,Watch,69.0,38.1,No
202511,74,46.9,87.6,100,64.5,75.9,Watch,69.0,39.8,No
202512,74,55.1,87.9,100,55.3,76.2,Watch,69.0,39.6,No
202601,74,54.7,90.0,100,55.8,76.8,Watch,69.0,39.2,No
202602,74,61.0,89.6,100,41.5,75.4,Watch,69.0,40.1,No
202603,74,53.1,86.6,65.5,41.6,64.0,At Risk,69.0,47.6,No
202604,74,52.0,86.3,100,37.7,71.4,Watch,69.0,42.7,No
202605,74,62.7,89.3,100,37.2,74.9,Watch,69.0,40.5,No
202606,74,69.2,90.6,100,37.9,77.0,Watch,69.0,39.1,No
202607,74,65.3,87.1,100,42.9,76.0,Watch,69.0,39.7,No
202608,74,58.0,89.5,100,49.7,76.3,Watch,69.0,39.6,No
202609,74,66.5,88.9,100,54.3,79.2,Watch,69.0,37.7,No
202610,74,59.9,89.7,86.2,47.0,72.8,Watch,69.0,41.8,No
202611,74,52.0,91.8,90.8,53.8,74.0,Watch,69.0,41.0,No
202612,74,68.2,92.7,100,48.7,79.6,Watch,69.0,37.4,No
202501,75,82.0,89.9,100,92.2,90.9,Healthy,79.0,33.5,No
202502,75,82.0,92.8,100,85.9,90.5,Healthy,79.0,33.8,No
202503,75,82.0,92.2,100,77.9,88.8,Healthy,79.0,35.0,No
202504,75,82.0,87.3,100,81.8,88.0,Healthy,79.0,35.4,No
202505,75,82.0,87.8,79.3,77.1,82.1,Healthy,79.0,39.3,No
202506,75,82.0,90.7,100,85.1,89.7,Healthy,79.0,34.3,No
202507,75,82.0,93.5,100,85.3,90.6,Healthy,79.0,33.8,No
202508,75,79.2,88.5,100,90.1,89.4,Healthy,79.0,34.6,No
202509,75,79.9,90.1,100,92.1,90.4,Healthy,79.0,33.9,No
202510,75,80.5,88.0,100,98.2,91.2,Healthy,79.0,33.4,No
202511,75,86.6,92.6,100,92.4,92.9,Healthy,79.0,32.3,No
202512,75,87.4,92.2,100,88.2,92.2,Healthy,79.0,32.7,No
202601,75,88.4,93.9,100,83.8,92.0,Healthy,79.0,32.8,No
202602,75,85.5,87.5,100,73.3,87.3,Healthy,79.0,35.9,No
202603,75,80.0,89.7,100,71.9,86.3,Healthy,79.0,36.6,No
202604,75,78.8,86.3,93.1,67.7,82.4,Healthy,79.0,39.1,No
202605,75,82.3,92.1,100,69.7,87.2,Healthy,79.0,36.0,No
202606,75,87.8,93.5,100,67.9,88.6,Healthy,79.0,35.1,No
202607,75,83.7,93.0,100,71.8,88.2,Healthy,79.0,35.3,No
202608,75,78.2,89.3,100,81.9,87.7,Healthy,79.0,35.6,No
202609,75,78.4,90.3,100,80.4,87.8,Healthy,79.0,35.6,No
202610,75,87.1,92.6,100,83.0,91.1,Healthy,79.0,33.4,No
202611,75,86.1,94.4,100,78.0,90.4,Healthy,79.0,33.9,No
202612,75,87.6,91.9,100,72.5,89.0,Healthy,79.0,34.8,No
202501,76,82.0,100,100,93.9,94.3,Healthy,72.5,29.1,No
202502,76,82.0,100,100,85.2,92.5,Healthy,72.5,30.2,No
202503,76,82.0,100,100,77.4,91.0,Healthy,72.5,31.2,No
202504,76,82.0,100,100,83.7,92.2,Healthy,72.5,30.4,No
202505,76,82.0,100,100,75.5,90.6,Healthy,72.5,31.5,No
202506,76,82.0,97.6,100,87.7,92.3,Healthy,72.5,30.4,No
202507,76,82.0,100,100,85.0,92.5,Healthy,72.5,30.3,No
202508,76,82.0,100,100,94.7,94.4,Healthy,72.5,29.0,No
202509,76,91.4,98.9,100,95.1,96.5,Healthy,72.5,27.6,No
202510,76,82.6,97.3,100,95.3,93.9,Healthy,72.5,29.3,No
202511,76,83.5,100,100,92.8,94.4,Healthy,72.5,29.0,No
202512,76,79.9,99.2,100,88.1,92.3,Healthy,72.5,30.3,No
202601,76,78.8,100,100,86.5,92.0,Healthy,72.5,30.6,No
202602,76,78.6,100,90.8,77.9,87.9,Healthy,72.5,33.2,No
202603,76,89.1,100,100,75.2,92.3,Healthy,72.5,30.4,No
202604,76,81.9,100,86.2,67.1,85.4,Healthy,72.5,34.8,No
202605,76,87.9,99.9,100,69.6,90.9,Healthy,72.5,31.3,No
202606,76,81.8,98.3,100,69.2,88.8,Healthy,72.5,32.7,No
202607,76,77.8,98.5,100,73.1,88.6,Healthy,72.5,32.8,No
202608,76,85.2,100,100,82.9,92.9,Healthy,72.5,30.0,No
202609,76,91.0,100,100,79.8,93.7,Healthy,72.5,29.5,No
202610,76,87.2,100,100,86.8,94.2,Healthy,72.5,29.2,No
202611,76,79.8,100,86.2,82.4,88.0,Healthy,72.5,33.2,No
202612,76,91.5,96.7,100,78.5,92.6,Healthy,72.5,30.2,No
202501,77,79.0,98.3,100,96.1,93.4,Healthy,60.5,25.4,No
202502,77,86.9,90.9,100,82.9,90.6,Healthy,60.5,27.3,No
202503,77,80.7,94.7,100,78.8,89.3,Healthy,60.5,28.1,No
202504,77,81.1,91.9,100,85.8,90.0,Healthy,60.5,27.7,No
202505,77,85.0,95.7,100,78.5,90.7,Healthy,60.5,27.2,No
202506,77,90.9,98.7,100,85.4,94.4,Healthy,60.5,24.8,No
202507,77,89.8,94.3,100,90.0,93.7,Healthy,60.5,25.3,No
202508,77,78.7,98.0,100,98.5,93.8,Healthy,60.5,25.2,No
202509,77,85.6,92.7,100,99.3,94.1,Healthy,60.5,25.0,No
202510,77,82.6,95.6,100,99.3,94.2,Healthy,60.5,25.0,No
202511,77,91.8,97.2,100,92.2,95.6,Healthy,60.5,24.1,No
202512,77,90.1,91.4,100,88.9,92.7,Healthy,60.5,25.9,No
202601,77,92.7,98.1,100,85.1,94.6,Healthy,60.5,24.7,No
202602,77,84.0,91.1,100,80.7,89.4,Healthy,60.5,28.0,No
202603,77,78.1,97.1,100,72.4,88.1,Healthy,60.5,28.9,No
202604,77,84.7,91.0,95.4,66.0,85.5,Healthy,60.5,30.6,No
202605,77,88.9,97.7,100,74.8,91.5,Healthy,60.5,26.7,No
202606,77,81.0,98.3,100,67.6,88.2,Healthy,60.5,28.8,No
202607,77,84.5,92.1,100,75.2,88.8,Healthy,60.5,28.5,No
202608,77,78.3,93.2,86.2,84.5,86.0,Healthy,60.5,30.3,No
202609,77,91.8,93.6,100,79.1,91.9,Healthy,60.5,26.5,No
202610,77,82.7,98.2,100,81.3,91.4,Healthy,60.5,26.8,No
202611,77,85.5,99.1,100,83.4,92.8,Healthy,60.5,25.9,No
202612,77,82.0,92.0,100,75.0,88.1,Healthy,60.5,28.9,No
202501,78,72.5,51.9,100,96.1,77.9,Watch,84.0,43.7,No
202502,78,75.1,55.9,34.5,82.9,60.7,At Risk,84.0,54.9,No
202503,78,67.9,55.8,100,78.8,74.5,Watch,84.0,46.0,No
202504,78,59.9,54.8,100,85.8,73.6,Watch,84.0,46.6,No
202505,78,61.8,50.0,100,78.5,71.2,Watch,84.0,48.1,No
202506,78,68.7,53.9,34.5,85.4,59.1,At Risk,84.0,56.0,No
202507,78,60.9,49.4,100,90.0,73.0,Watch,84.0,46.9,No
202508,78,60.6,53.7,100,98.5,75.9,Watch,84.0,45.0,No
202509,78,78.4,51.9,100,99.3,80.0,Healthy,84.0,42.4,No
202510,78,72.8,52.2,100,99.3,78.7,Watch,84.0,43.2,No
202511,78,63.9,49.4,72.4,92.2,67.3,Watch,84.0,50.6,No
202512,78,63.3,50.9,65.5,88.9,65.3,Watch,84.0,52.0,No
202601,78,59.6,50.9,46.0,85.1,58.7,At Risk,84.0,56.2,No
202602,78,67.7,47.2,100,80.7,72.2,Watch,84.0,47.5,No
202603,78,74.2,48.0,34.5,72.4,56.0,At Risk,84.0,58.0,No
202604,78,76.0,45.6,100,66.0,70.9,Watch,84.0,48.3,No
202605,78,61.4,50.9,100,74.8,70.6,Watch,84.0,48.5,No
202606,78,59.9,47.0,100,67.6,67.6,Watch,84.0,50.5,No
202607,78,71.3,47.7,34.5,75.2,55.8,At Risk,84.0,58.1,Yes
202608,78,62.8,41.7,100,84.5,70.1,Watch,84.0,48.8,No
202609,78,67.0,41.2,100,79.1,69.9,Watch,84.0,49.0,No
202610,78,63.0,42.9,34.5,81.3,53.5,At Risk,84.0,59.6,Yes
202611,78,72.2,45.0,100,83.4,73.2,Watch,84.0,46.8,No
202612,78,64.3,40.7,55.2,75.0,57.1,At Risk,84.0,57.3,No
202501,79,82.0,100,100,96.1,94.7,Healthy,88.5,34.4,No
202502,79,82.0,100,81.6,82.9,87.5,Healthy,88.5,39.1,No
202503,79,92.7,100,100,78.8,93.9,Healthy,88.5,34.9,No
202504,79,78.5,98.5,100,85.8,91.3,Healthy,88.5,36.6,No
202505,79,87.9,100,100,78.5,92.7,Healthy,88.5,35.7,No
202506,79,89.8,100,100,85.4,94.5,Healthy,88.5,34.5,No
202507,79,93.1,96.0,100,90.0,95.1,Healthy,88.5,34.2,No
202508,79,80.6,100,100,98.5,94.8,Healthy,88.5,34.3,No
202509,79,78.9,99.0,100,99.3,94.3,Healthy,88.5,34.7,No
202510,79,78.2,95.1,100,99.3,92.9,Healthy,88.5,35.6,No
202511,79,87.3,99.2,100,92.2,95.0,Healthy,88.5,34.2,No
202512,79,86.1,95.1,100,88.9,92.8,Healthy,88.5,35.6,No
202601,79,80.2,100,100,85.1,92.1,Healthy,88.5,36.1,No
202602,79,92.4,97.5,100,80.7,93.5,Healthy,88.5,35.2,No
202603,79,89.5,100,100,72.4,91.8,Healthy,88.5,36.3,No
202604,79,77.6,98.6,100,66.0,87.2,Healthy,88.5,39.3,No
202605,79,88.9,95.7,100,74.8,90.9,Healthy,88.5,36.9,No
202606,79,80.7,96.3,100,67.6,87.6,Healthy,88.5,39.1,No
202607,79,90.6,96.9,100,75.2,91.8,Healthy,88.5,36.3,No
202608,79,82.4,98.5,100,84.5,92.1,Healthy,88.5,36.1,No
202609,79,86.6,95.3,100,79.1,91.1,Healthy,88.5,36.8,No
202610,79,86.2,96.4,100,81.3,91.7,Healthy,88.5,36.4,No
202611,79,87.6,100,100,83.4,93.6,Healthy,88.5,35.1,No
202612,79,84.9,100,100,75.0,91.2,Healthy,88.5,36.7,No
202501,80,82.0,96.1,100,96.1,93.5,Healthy,81.5,32.7,No
202502,80,82.0,97.9,100,82.9,91.5,Healthy,81.5,34.1,No
202503,80,82.0,92.6,100,78.8,89.0,Healthy,81.5,35.7,No
202504,80,82.0,94.3,100,85.8,90.9,Healthy,81.5,34.4,No
202505,80,82.0,92.2,100,78.5,88.9,Healthy,81.5,35.8,No
202506,80,82.0,98.2,100,85.4,92.0,Healthy,81.5,33.7,No
202507,80,82.0,94.1,100,90.0,91.7,Healthy,81.5,33.9,No
202508,80,82.0,92.6,100,98.5,93.0,Healthy,81.5,33.1,No
202509,80,82.0,98.2,100,99.3,94.8,Healthy,81.5,31.9,No
202510,80,82.0,100,100,99.3,95.4,Healthy,81.5,31.5,No
202511,80,82.0,93.7,100,92.2,92.1,Healthy,81.5,33.7,No
202512,80,82.0,94.5,100,88.9,91.6,Healthy,81.5,34.0,No
202601,80,82.6,94.4,100,85.1,91.0,Healthy,81.5,34.4,No
202602,80,90.7,96.4,100,80.7,92.7,Healthy,81.5,33.2,No
202603,80,93.1,94.9,90.8,72.4,88.9,Healthy,81.5,35.7,No
202604,80,84.0,93.8,100,66.0,87.3,Healthy,81.5,36.8,No
202605,80,89.1,93.3,100,74.8,90.2,Healthy,81.5,34.9,No
202606,80,88.5,98.3,100,67.6,90.1,Healthy,81.5,34.9,No
202607,80,80.9,97.6,100,75.2,89.6,Healthy,81.5,35.3,No
202608,80,85.0,97.3,100,84.5,92.3,Healthy,81.5,33.5,No
202609,80,83.1,97.7,100,79.1,90.9,Healthy,81.5,34.4,No
202610,80,88.2,96.4,100,81.3,92.2,Healthy,81.5,33.6,No
202611,80,90.7,97.1,100,83.4,93.5,Healthy,81.5,32.8,No
202612,80,83.9,100,100,75.0,91.0,Healthy,81.5,34.4,No
202501,81,92.0,90.1,100,93.9,93.8,Healthy,76.0,30.6,No
202502,81,85.1,90.5,100,85.2,90.4,Healthy,76.0,32.8,No
202503,81,84.1,87.1,86.2,77.4,84.2,Healthy,76.0,36.9,No
202504,81,93.0,93.7,100,83.7,93.1,Healthy,76.0,31.1,No
202505,81,77.7,90.6,100,75.5,86.7,Healthy,76.0,35.3,No
202506,81,87.2,86.4,79.3,87.7,85.1,Healthy,76.0,36.3,No
202507,81,83.3,94.8,100,85.0,91.3,Healthy,76.0,32.3,No
202508,81,84.3,94.7,100,94.7,93.4,Healthy,76.0,30.9,No
202509,81,78.7,93.8,100,95.1,91.9,Healthy,76.0,31.9,No
202510,81,91.1,92.2,100,95.3,94.5,Healthy,76.0,30.2,No
202511,81,82.9,95.1,100,92.8,92.8,Healthy,76.0,31.3,No
202512,81,79.7,94.2,100,88.1,90.8,Healthy,76.0,32.6,No
202601,81,81.3,90.0,100,86.5,89.6,Healthy,76.0,33.4,No
202602,81,91.6,86.6,100,77.9,89.4,Healthy,76.0,33.5,No
202603,81,84.7,94.1,100,75.2,89.4,Healthy,76.0,33.5,No
202604,81,85.9,91.5,100,67.1,87.3,Healthy,76.0,34.8,No
202605,81,78.5,88.8,100,69.6,85.2,Healthy,76.0,36.2,No
202606,81,79.3,89.1,100,69.2,85.4,Healthy,76.0,36.1,No
202607,81,91.3,91.9,100,73.1,90.0,Healthy,76.0,33.1,No
202608,81,84.2,91.8,100,82.9,90.2,Healthy,76.0,33.0,No
202609,81,85.0,90.9,100,79.8,89.5,Healthy,76.0,33.4,No
202610,81,80.7,94.5,95.4,86.8,89.7,Healthy,76.0,33.3,No
202611,81,89.1,92.3,100,82.4,91.4,Healthy,76.0,32.2,No
202612,81,86.3,88.0,100,78.5,88.7,Healthy,76.0,34.0,No
202501,82,82.0,50.6,100,70.3,74.8,Watch,60.0,37.4,No
202502,82,82.0,46.2,100,60.8,71.5,Watch,60.0,39.5,No
202503,82,82.0,43.7,46.0,58.7,56.9,At Risk,60.0,49.0,No
202504,82,82.0,48.8,100,58.2,71.8,Watch,60.0,39.3,No
202505,82,65.0,43.1,100,51.8,64.5,At Risk,60.0,44.1,No
202506,82,75.5,48.1,34.5,60.2,54.0,At Risk,60.0,50.9,No
202507,82,69.1,44.9,100,61.3,68.0,Watch,60.0,41.8,No
202508,82,75.5,43.3,100,65.9,70.0,Watch,60.0,40.5,No
202509,82,62.9,45.6,100,70.7,68.5,Watch,60.0,41.4,No
202510,82,60.1,45.7,46.0,70.9,54.4,At Risk,60.0,50.6,No
202511,82,63.3,41.2,34.5,69.4,50.7,At Risk,60.0,53.1,No
202512,82,61.6,39.2,100,61.5,64.4,At Risk,60.0,44.1,No
202601,82,77.3,41.4,100,60.5,68.9,Watch,60.0,41.2,No
202602,82,64.5,42.0,100,46.1,62.9,At Risk,60.0,45.1,No
202603,82,60.9,33.7,100,44.1,59.2,At Risk,60.0,47.5,No
202604,82,67.9,40.5,100,40.8,62.3,At Risk,60.0,45.5,No
202605,82,78.1,33.4,100,46.0,63.8,At Risk,60.0,44.6,No
202606,82,70.0,33.2,46.0,45.8,48.1,Critical,60.0,54.7,No
202607,82,69.5,38.0,100,50.7,63.9,At Risk,60.0,44.5,No
202608,82,67.2,36.9,100,59.2,64.7,At Risk,60.0,43.9,No
202609,82,61.4,36.6,65.5,58.1,54.3,At Risk,60.0,50.7,No
202610,82,66.8,33.3,100,48.0,61.3,At Risk,60.0,46.2,No
202611,82,73.5,35.1,100,58.2,65.6,Watch,60.0,43.4,No
202612,82,61.7,36.8,100,52.7,62.0,At Risk,60.0,45.7,No
202501,83,89.5,98.9,100,74.2,91.9,Healthy,63.0,27.3,No
202502,83,78.9,99.9,100,67.6,88.2,Healthy,63.0,29.7,No
202503,83,85.8,99.4,100,65.1,89.3,Healthy,63.0,29.0,No
202504,83,86.3,94.6,100,64.3,87.8,Healthy,63.0,30.0,No
202505,83,87.9,100,100,58.0,88.6,Healthy,63.0,29.5,No
202506,83,81.7,100,100,63.5,88.1,Healthy,63.0,29.8,No
202507,83,77.3,96.7,100,63.7,86.1,Healthy,63.0,31.1,No
202508,83,78.6,98.1,93.1,73.2,87.0,Healthy,63.0,30.5,No
202509,83,91.1,96.3,100,75.6,91.8,Healthy,63.0,27.4,No
202510,83,87.2,99.0,100,74.3,91.4,Healthy,63.0,27.7,No
202511,83,82.9,98.0,100,74.5,90.0,Healthy,63.0,28.5,No
202512,83,85.7,100,100,63.4,89.1,Healthy,63.0,29.1,No
202601,83,91.7,96.7,100,60.0,88.9,Healthy,63.0,29.2,No
202602,83,92.0,98.7,100,56.6,88.9,Healthy,63.0,29.3,No
202603,83,86.0,93.7,100,51.0,84.8,Healthy,63.0,31.9,No
202604,83,85.2,93.5,100,46.9,83.7,Healthy,63.0,32.6,No
202605,83,84.2,93.2,100,49.6,83.9,Healthy,63.0,32.5,No
202606,83,88.5,93.8,100,55.2,86.3,Healthy,63.0,30.9,No
202607,83,91.0,97.2,100,54.8,87.9,Healthy,63.0,29.9,No
202608,83,91.5,93.0,100,57.8,87.4,Healthy,63.0,30.3,No
202609,83,91.6,94.3,100,64.0,89.0,Healthy,63.0,29.2,No
202610,83,91.6,100,100,54.2,88.7,Healthy,63.0,29.4,No
202611,83,86.6,100,100,62.5,89.2,Healthy,63.0,29.1,No
202612,83,83.1,100,90.8,55.4,84.6,Healthy,63.0,32.1,No
202501,84,82.0,93.8,100,93.9,92.4,Healthy,94.0,37.8,No
202502,84,82.0,93.5,100,85.2,90.6,Healthy,94.0,39.0,No
202503,84,82.0,92.7,100,77.4,88.8,Healthy,94.0,40.2,No
202504,84,82.0,91.7,100,83.7,89.8,Healthy,94.0,39.6,No
202505,84,82.0,94.7,100,75.5,89.0,Healthy,94.0,40.0,No
202506,84,82.0,97.5,100,87.7,92.3,Healthy,94.0,37.9,No
202507,84,82.0,99.3,100,85.0,92.3,Healthy,94.0,37.9,No
202508,84,82.0,94.8,86.2,94.7,89.4,Healthy,94.0,39.8,No
202509,84,82.4,94.0,90.8,95.1,90.5,Healthy,94.0,39.1,No
202510,84,92.4,95.2,100,95.3,95.7,Healthy,94.0,35.7,No
202511,84,88.6,100,100,92.8,95.7,Healthy,94.0,35.7,No
202512,84,81.2,96.5,100,88.1,91.9,Healthy,94.0,38.2,No
202601,84,84.2,98.4,100,86.5,92.9,Healthy,94.0,37.5,No
202602,84,80.5,98.1,100,77.9,90.1,Healthy,94.0,39.3,No
202603,84,83.9,92.3,100,75.2,88.7,Healthy,94.0,40.2,No
202604,84,85.0,95.4,100,67.1,88.3,Healthy,94.0,40.5,No
202605,84,78.7,98.9,100,69.6,88.3,Healthy,94.0,40.5,No
202606,84,87.3,99.6,90.8,69.2,88.2,Healthy,94.0,40.5,No
202607,84,90.2,99.2,100,73.1,91.9,Healthy,94.0,38.2,No
202608,84,80.3,95.5,90.8,82.9,88.0,Healthy,94.0,40.7,No
202609,84,92.6,93.7,100,79.8,92.2,Healthy,94.0,38.0,No
202610,84,87.4,94.3,100,86.8,92.5,Healthy,94.0,37.8,No
202611,84,84.0,92.8,100,82.4,90.3,Healthy,94.0,39.2,No
202612,84,88.3,92.0,100,78.5,90.4,Healthy,94.0,39.2,No
202501,85,82.0,86.5,100,92.2,89.9,Healthy,80.0,34.6,No
202502,85,83.3,87.6,100,85.9,89.3,Healthy,80.0,35.0,No
202503,85,81.7,86.4,100,77.9,86.9,Healthy,80.0,36.5,No
202504,85,78.1,95.0,100,81.8,89.4,Healthy,80.0,34.9,No
202505,85,80.3,92.1,100,77.1,88.1,Healthy,80.0,35.7,No
202506,85,86.7,88.5,100,85.1,90.2,Healthy,80.0,34.4,No
202507,85,86.0,94.7,100,85.3,91.9,Healthy,80.0,33.2,No
202508,85,88.9,94.4,100,90.1,93.6,Healthy,80.0,32.2,No
202509,85,78.5,89.6,100,92.1,90.0,Healthy,80.0,34.5,No
202510,85,82.0,86.7,100,98.2,91.1,Healthy,80.0,33.8,No
202511,85,86.3,88.5,90.8,92.4,89.3,Healthy,80.0,35.0,No
202512,85,79.5,90.9,100,88.2,89.8,Healthy,80.0,34.6,No
202601,85,77.5,87.8,100,83.8,87.5,Healthy,80.0,36.1,No
202602,85,77.4,91.4,100,73.3,86.4,Healthy,80.0,36.8,No
202603,85,83.9,91.2,95.4,71.9,86.6,Healthy,80.0,36.7,No
202604,85,91.6,88.7,100,67.7,88.1,Healthy,80.0,35.8,No
202605,85,86.9,94.5,90.8,69.7,86.7,Healthy,80.0,36.6,No
202606,85,90.3,93.1,100,67.9,89.1,Healthy,80.0,35.1,No
202607,85,88.7,90.6,100,71.8,88.7,Healthy,80.0,35.3,No
202608,85,79.8,89.9,100,81.9,88.3,Healthy,80.0,35.6,No
202609,85,90.9,87.5,90.8,80.4,87.8,Healthy,80.0,36.0,No
202610,85,78.4,87.4,100,83.0,87.4,Healthy,80.0,36.2,No
202611,85,86.1,92.7,100,78.0,89.9,Healthy,80.0,34.6,No
202612,85,92.6,94.7,100,72.5,91.1,Healthy,80.0,33.8,No
202501,86,81.1,100,100,67.0,88.7,Healthy,89.0,38.5,No
202502,86,89.1,97.6,100,56.7,87.9,Healthy,89.0,39.0,No
202503,86,78.7,98.8,100,54.4,85.2,Healthy,89.0,40.8,No
202504,86,86.1,100,100,47.1,86.0,Healthy,89.0,40.3,No
202505,86,78.9,100,100,50.7,84.9,Healthy,89.0,41.0,No
202506,86,78.3,100,100,51.1,84.8,Healthy,89.0,41.0,No
202507,86,90.8,97.3,100,59.2,88.7,Healthy,89.0,38.5,No
202508,86,91.1,97.6,100,58.3,88.7,Healthy,89.0,38.5,No
202509,86,88.2,100,79.3,65.9,85.1,Healthy,89.0,40.9,No
202510,86,82.1,99.9,100,64.8,88.5,Healthy,89.0,38.7,No
202511,86,89.9,97.5,100,63.3,89.4,Healthy,89.0,38.1,No
202512,86,87.1,100,100,54.2,87.6,Healthy,89.0,39.2,No
202601,86,79.6,96.9,100,56.6,85.3,Healthy,89.0,40.7,No
202602,86,80.2,95.3,100,46.7,83.0,Healthy,89.0,42.2,No
202603,86,82.6,99.5,100,45.0,84.5,Healthy,89.0,41.2,No
202604,86,79.9,93.6,100,38.2,80.7,Healthy,89.0,43.7,No
202605,86,90.0,94.1,100,36.8,83.1,Healthy,89.0,42.1,No
202606,86,88.0,97.9,100,42.8,84.9,Healthy,89.0,41.0,No
202607,86,83.3,98.4,100,47.8,84.9,Healthy,89.0,41.0,No
202608,86,87.5,97.6,100,52.4,86.6,Healthy,89.0,39.8,No
202609,86,85.3,98.0,100,54.0,86.5,Healthy,89.0,39.9,No
202610,86,81.9,100,100,51.9,85.9,Healthy,89.0,40.3,No
202611,86,84.7,98.3,100,54.7,86.6,Healthy,89.0,39.9,No
202612,86,90.1,100,100,48.1,87.2,Healthy,89.0,39.5,No
202501,87,82.0,95.1,100,67.0,87.4,Healthy,100,43.2,No
202502,87,88.8,94.7,100,56.7,86.9,Healthy,100,43.5,No
202503,87,86.7,96.5,100,54.4,86.5,Healthy,100,43.8,No
202504,87,82.3,98.5,100,47.1,84.5,Healthy,100,45.0,No
202505,87,77.7,95.0,100,50.7,83.1,Healthy,100,46.0,No
202506,87,87.1,96.7,100,51.1,86.0,Healthy,100,44.1,No
202507,87,80.6,98.9,100,59.2,86.7,Healthy,100,43.7,No
202508,87,89.3,97.6,81.6,58.3,83.7,Healthy,100,45.6,No
202509,87,91.9,100,100,65.9,91.2,Healthy,100,40.7,No
202510,87,91.7,97.4,100,64.8,90.1,Healthy,100,41.4,No
202511,87,82.9,100,100,63.3,88.4,Healthy,100,42.6,No
202512,87,77.5,100,100,54.2,85.2,Healthy,100,44.6,No
202601,87,82.6,100,100,56.6,87.0,Healthy,100,43.5,No
202602,87,84.1,94.3,100,46.7,83.7,Healthy,100,45.6,No
202603,87,77.4,100,100,45.0,83.4,Healthy,100,45.8,No
202604,87,83.0,95.5,100,38.2,82.0,Healthy,100,46.7,No
202605,87,85.4,92.1,100,36.8,81.3,Healthy,100,47.1,No
202606,87,81.4,98.3,100,42.8,83.4,Healthy,100,45.8,No
202607,87,87.3,98.7,100,47.8,86.0,Healthy,100,44.1,No
202608,87,78.9,100,100,52.4,85.2,Healthy,100,44.6,No
202609,87,77.6,95.9,100,54.0,84.0,Healthy,100,45.4,No
202610,87,86.4,93.9,100,51.9,85.1,Healthy,100,44.7,No
202611,87,82.3,99.5,100,54.7,86.4,Healthy,100,43.9,No
202612,87,80.8,96.1,100,48.1,83.7,Healthy,100,45.6,No
202501,88,82.0,100,100,74.2,90.3,Healthy,86.5,36.6,No
202502,88,82.0,100,100,67.6,89.0,Healthy,86.5,37.4,No
202503,88,82.0,100,100,65.1,88.5,Healthy,86.5,37.7,No
202504,88,82.0,99.3,100,64.3,88.2,Healthy,86.5,38.0,No
202505,88,89.2,100,100,58.0,88.9,Healthy,86.5,37.5,No
202506,88,83.9,100,100,63.5,88.7,Healthy,86.5,37.6,No
202507,88,87.2,100,100,63.7,89.5,Healthy,86.5,37.1,No
202508,88,84.3,97.5,100,73.2,90.0,Healthy,86.5,36.8,No
202509,88,85.8,100,100,75.6,91.6,Healthy,86.5,35.8,No
202510,88,81.7,100,100,74.3,90.3,Healthy,86.5,36.6,No
202511,88,77.7,97.8,100,74.5,88.7,Healthy,86.5,37.6,No
202512,88,80.9,100,100,63.4,87.9,Healthy,86.5,38.1,No
202601,88,82.3,99.5,100,60.0,87.4,Healthy,86.5,38.4,No
202602,88,87.6,100,100,56.6,88.2,Healthy,86.5,37.9,No
202603,88,87.6,99.3,100,51.0,86.9,Healthy,86.5,38.8,No
202604,88,86.0,100,100,46.9,85.9,Healthy,86.5,39.4,No
202605,88,91.2,98.6,100,49.6,87.3,Healthy,86.5,38.5,No
202606,88,82.6,97.3,100,55.2,85.9,Healthy,86.5,39.5,No
202607,88,84.8,100,100,54.8,87.2,Healthy,86.5,38.6,No
202608,88,85.3,99.6,100,57.8,87.8,Healthy,86.5,38.2,No
202609,88,89.7,100,93.1,64.0,88.5,Healthy,86.5,37.7,No
202610,88,83.9,99.9,100,54.2,86.8,Healthy,86.5,38.9,No
202611,88,91.0,99.8,100,62.5,90.2,Healthy,86.5,36.6,No
202612,88,81.9,97.6,100,55.4,85.8,Healthy,86.5,39.5,No
202501,89,82.0,95.5,100,93.9,92.9,Healthy,98.5,39.1,No
202502,89,82.0,100,100,85.2,92.5,Healthy,98.5,39.3,No
202503,89,82.0,97.6,100,77.4,90.3,Healthy,98.5,40.8,No
202504,89,82.0,100,86.2,83.7,88.8,Healthy,98.5,41.8,No
202505,89,82.0,98.8,100,75.5,90.2,Healthy,98.5,40.8,No
202506,89,82.0,100,100,87.7,93.0,Healthy,98.5,39.0,No
202507,89,82.0,95.9,100,85.0,91.3,Healthy,98.5,40.2,No
202508,89,82.0,99.0,100,94.7,94.2,Healthy,98.5,38.3,No
202509,89,82.0,94.5,100,95.1,92.9,Healthy,98.5,39.1,No
202510,89,82.0,96.0,100,95.3,93.4,Healthy,98.5,38.8,No
202511,89,82.0,100,100,92.8,94.1,Healthy,98.5,38.3,No
202512,89,82.0,96.1,100,88.1,91.9,Healthy,98.5,39.7,No
202601,89,88.4,100,100,86.5,94.4,Healthy,98.5,38.1,No
202602,89,89.9,100,100,77.9,93.0,Healthy,98.5,39.0,No
202603,89,82.1,100,100,75.2,90.6,Healthy,98.5,40.6,No
202604,89,87.7,95.7,86.2,67.1,85.6,Healthy,98.5,43.8,No
202605,89,82.0,97.7,86.2,69.6,85.3,Healthy,98.5,44.0,No
202606,89,82.6,94.1,100,69.2,87.7,Healthy,98.5,42.5,No
202607,89,88.3,97.9,100,73.1,91.1,Healthy,98.5,40.3,No
202608,89,88.8,100,100,82.9,93.8,Healthy,98.5,38.5,No
202609,89,91.5,96.9,100,79.8,92.9,Healthy,98.5,39.1,No
202610,89,85.6,98.8,100,86.8,93.4,Healthy,98.5,38.8,No
202611,89,91.5,98.9,79.3,82.4,88.9,Healthy,98.5,41.7,No
202612,89,88.8,100,100,78.5,92.9,Healthy,98.5,39.1,No
202501,90,84.7,97.0,100,70.3,89.4,Healthy,78.0,34.2,No
202502,90,92.6,98.4,100,60.8,89.8,Healthy,78.0,33.9,No
202503,90,87.0,99.0,100,58.7,88.2,Healthy,78.0,35.0,No
202504,90,81.0,96.2,100,58.2,85.7,Healthy,78.0,36.6,No
202505,90,80.6,95.7,100,51.8,84.2,Healthy,78.0,37.6,No
202506,90,85.7,95.5,100,60.2,87.1,Healthy,78.0,35.7,No
202507,90,85.2,99.1,100,61.3,88.3,Healthy,78.0,34.9,No
202508,90,85.7,100,100,65.9,89.6,Healthy,78.0,34.1,No
202509,90,80.9,99.4,100,70.7,89.2,Healthy,78.0,34.3,No
202510,90,83.5,100,100,70.9,90.1,Healthy,78.0,33.8,No
202511,90,90.8,95.5,100,69.4,90.3,Healthy,78.0,33.6,No
202512,90,91.7,95.2,95.4,61.5,87.6,Healthy,78.0,35.3,No
202601,90,91.0,99.9,100,60.5,89.8,Healthy,78.0,33.9,No
202602,90,87.8,95.8,100,46.1,84.9,Healthy,78.0,37.1,No
202603,90,86.5,96.9,100,44.1,84.5,Healthy,78.0,37.4,No
202604,90,86.4,100,100,40.8,84.7,Healthy,78.0,37.2,No
202605,90,82.8,94.6,100,46.0,83.3,Healthy,78.0,38.2,No
202606,90,87.2,100,100,45.8,86.0,Healthy,78.0,36.4,No
202607,90,77.6,94.7,100,50.7,83.0,Healthy,78.0,38.4,No
202608,90,85.7,100,86.2,59.2,84.8,Healthy,78.0,37.2,No
202609,90,81.6,100,100,58.1,87.0,Healthy,78.0,35.7,No
202610,90,92.0,100,100,48.0,87.6,Healthy,78.0,35.4,No
202611,90,79.5,97.3,100,58.2,85.7,Healthy,78.0,36.6,No
202612,90,85.0,98.7,100,52.7,86.4,Healthy,78.0,36.2,No
202501,91,65.3,87.7,44.8,74.2,68.7,Watch,86.5,50.7,No
202502,91,56.8,87.9,100,67.6,79.1,Watch,86.5,43.9,No
202503,91,54.8,89.4,100,65.1,78.6,Watch,86.5,44.2,No
202504,91,64.7,86.4,42.5,64.3,65.6,Watch,86.5,52.6,No
202505,91,67.5,86.0,100,58.0,79.3,Watch,86.5,43.7,No
202506,91,49.4,89.0,100,63.5,76.8,Watch,86.5,45.4,No
202507,91,68.2,90.5,100,63.7,81.9,Healthy,86.5,42.0,No
202508,91,48.0,94.4,100,73.2,80.0,Watch,86.5,43.3,No
202509,91,53.1,94.0,100,75.6,81.6,Healthy,86.5,42.2,No
202510,91,62.3,90.2,100,74.3,82.5,Healthy,86.5,41.6,No
202511,91,51.8,87.2,100,74.5,79.0,Watch,86.5,43.9,No
202512,91,58.0,91.1,100,63.4,79.5,Watch,86.5,43.6,No
202601,91,55.8,86.3,100,60.0,76.8,Watch,86.5,45.3,No
202602,91,68.3,85.2,100,56.6,79.0,Watch,86.5,43.9,No
202603,91,54.9,91.9,100,51.0,76.5,Watch,86.5,45.6,No
202604,91,57.7,88.6,100,46.9,75.4,Watch,86.5,46.3,No
202605,91,67.2,87.3,79.3,49.6,72.7,Watch,86.5,48.0,No
202606,91,53.1,87.7,100,55.2,75.6,Watch,86.5,46.1,No
202607,91,50.0,92.3,86.2,54.8,72.7,Watch,86.5,48.0,No
202608,91,47.2,86.4,100,57.8,74.3,Watch,86.5,47.0,No
202609,91,47.6,90.0,100,64.0,76.7,Watch,86.5,45.4,No
202610,91,54.9,89.7,100,54.2,76.5,Watch,86.5,45.6,No
202611,91,65.3,89.7,100,62.5,80.7,Healthy,86.5,42.8,No
202612,91,58.7,91.1,65.5,55.4,69.4,Watch,86.5,50.1,No
202501,92,82.0,55.3,100,70.3,76.2,Watch,84.0,44.9,No
202502,92,69.9,54.0,100,60.8,70.8,Watch,84.0,48.4,No
202503,92,57.5,48.5,100,58.7,65.7,Watch,84.0,51.7,No
202504,92,68.9,51.9,100,58.2,69.5,Watch,84.0,49.2,No
202505,92,67.2,49.5,100,51.8,67.0,Watch,84.0,50.8,No
202506,92,71.9,46.4,55.2,60.2,57.7,At Risk,84.0,56.9,No
202507,92,56.7,50.3,100,61.3,66.5,Watch,84.0,51.2,No
202508,92,57.9,45.5,100,65.9,66.3,Watch,84.0,51.3,No
202509,92,56.9,52.4,100,70.7,69.1,Watch,84.0,49.5,No
202510,92,60.4,46.5,100,70.9,68.2,Watch,84.0,50.1,No
202511,92,57.3,46.6,100,69.4,67.2,Watch,84.0,50.7,No
202512,92,66.1,44.3,100,61.5,67.1,Watch,84.0,50.8,No
202601,92,63.6,42.9,100,60.5,65.9,Watch,84.0,51.6,No
202602,92,61.9,46.0,100,46.1,63.5,At Risk,84.0,53.1,No
202603,92,70.6,44.0,46.0,44.1,51.2,At Risk,84.0,61.1,Yes
202604,92,64.3,58.0,100,40.8,66.6,Watch,84.0,51.1,No
202605,92,62.8,57.7,100,46.0,67.2,Watch,84.0,50.7,No
202606,92,66.8,63.4,100,45.8,69.9,Watch,84.0,49.0,No
202607,92,64.3,64.4,65.5,50.7,61.9,At Risk,84.0,54.1,No
202608,92,68.1,69.9,100,59.2,74.8,Watch,84.0,45.8,No
202609,92,67.0,72.0,65.5,58.1,66.3,Watch,84.0,51.3,No
202610,92,68.3,75.5,100,48.0,74.3,Watch,84.0,46.1,No
202611,92,73.0,80.1,65.5,58.2,70.3,Watch,84.0,48.7,No
202612,92,71.8,81.8,100,52.7,78.0,Watch,84.0,43.7,No
202501,93,82.0,87.1,100,67.0,85.0,Healthy,78.5,37.2,No
202502,93,82.0,86.6,100,56.7,82.8,Healthy,78.5,38.6,No
202503,93,82.0,84.6,100,54.4,81.8,Healthy,78.5,39.3,No
202504,93,82.0,89.9,100,47.1,81.9,Healthy,78.5,39.2,No
202505,93,82.0,87.7,100,50.7,81.9,Healthy,78.5,39.2,No
202506,93,82.0,83.8,100,51.1,80.8,Healthy,78.5,39.9,No
202507,93,82.0,86.7,100,59.2,83.3,Healthy,78.5,38.3,No
202508,93,82.0,85.0,63.2,58.3,73.5,Watch,78.5,44.7,No
202509,93,82.0,88.0,100,65.9,85.1,Healthy,78.5,37.2,No
202510,93,82.0,87.3,100,64.8,84.7,Healthy,78.5,37.4,No
202511,93,51.2,90.9,100,63.3,77.7,Watch,78.5,41.9,No
202512,93,49.9,90.0,100,54.2,75.3,Watch,78.5,43.5,No
202601,93,55.9,89.3,81.6,56.6,72.5,Watch,78.5,45.4,No
202602,93,59.2,84.7,100,46.7,74.6,Watch,78.5,44.0,No
202603,93,58.8,88.9,100,45.0,75.4,Watch,78.5,43.5,No
202604,93,59.1,90.4,100,38.2,74.5,Watch,78.5,44.0,No
202605,93,48.0,84.9,100,36.8,69.8,Watch,78.5,47.1,No
202606,93,47.0,88.0,100,42.8,71.7,Watch,78.5,45.9,No
202607,93,47.2,83.4,72.4,47.8,64.4,At Risk,78.5,50.6,No
202608,93,50.2,87.1,100,52.4,74.2,Watch,78.5,44.3,No
202609,93,51.3,86.5,100,54.0,74.6,Watch,78.5,44.0,No
202610,93,54.5,87.9,100,51.9,75.4,Watch,78.5,43.5,No
202611,93,56.1,87.7,100,54.7,76.3,Watch,78.5,42.9,No
202612,93,57.6,88.7,100,48.1,75.6,Watch,78.5,43.3,No
202501,94,82.0,93.0,100,74.2,88.2,Healthy,65.0,30.4,No
202502,94,82.0,87.5,100,67.6,85.3,Healthy,65.0,32.3,No
202503,94,82.0,91.5,100,65.1,86.0,Healthy,65.0,31.9,No
202504,94,82.0,90.1,100,64.3,85.4,Healthy,65.0,32.2,No
202505,94,82.0,88.9,100,58.0,83.8,Healthy,65.0,33.3,No
202506,94,82.0,88.3,100,63.5,84.7,Healthy,65.0,32.7,No
202507,94,82.0,89.9,100,63.7,85.2,Healthy,65.0,32.4,No
202508,94,82.0,88.4,100,73.2,86.7,Healthy,65.0,31.4,No
202509,94,90.4,87.2,100,75.6,88.9,Healthy,65.0,30.0,No
202510,94,92.9,92.7,100,74.3,90.9,Healthy,65.0,28.7,No
202511,94,82.3,89.0,90.8,74.5,84.9,Healthy,65.0,32.6,No
202512,94,88.3,90.5,100,63.4,86.9,Healthy,65.0,31.3,No
202601,94,79.2,91.3,100,60.0,84.2,Healthy,65.0,33.0,No
202602,94,77.7,90.2,100,56.6,82.8,Healthy,65.0,33.9,No
202603,94,86.6,87.4,100,51.0,83.1,Healthy,65.0,33.8,No
202604,94,84.5,84.7,100,46.9,80.9,Healthy,65.0,35.2,No
202605,94,89.2,91.2,72.4,49.6,77.7,Watch,65.0,37.3,No
202606,94,82.8,92.4,100,55.2,84.5,Healthy,65.0,32.8,No
202607,94,81.2,88.5,100,54.8,82.8,Healthy,65.0,33.9,No
202608,94,89.3,90.6,100,57.8,86.1,Healthy,65.0,31.8,No
202609,94,89.6,86.0,100,64.0,86.0,Healthy,65.0,31.8,No
202610,94,85.1,93.8,100,54.2,85.2,Healthy,65.0,32.3,No
202611,94,92.0,88.6,100,62.5,87.1,Healthy,65.0,31.1,No
202612,94,82.7,87.3,100,55.4,82.9,Healthy,65.0,33.8,No
202501,95,84.6,95.7,100,96.1,94.1,Healthy,60.0,24.8,No
202502,95,89.4,96.3,100,82.9,92.8,Healthy,60.0,25.7,No
202503,95,87.4,99.8,100,78.8,92.5,Healthy,60.0,25.9,No
202504,95,91.5,100,100,85.8,95.0,Healthy,60.0,24.2,No
202505,95,88.5,97.9,100,78.5,92.2,Healthy,60.0,26.1,No
202506,95,87.9,100,100,85.4,94.0,Healthy,60.0,24.9,No
202507,95,78.6,98.0,100,90.0,92.0,Healthy,60.0,26.2,No
202508,95,81.8,96.8,100,98.5,94.2,Healthy,60.0,24.8,No
202509,95,88.2,96.3,100,99.3,95.8,Healthy,60.0,23.7,No
202510,95,80.1,100,100,99.3,94.9,Healthy,60.0,24.3,No
202511,95,86.6,100,100,92.2,95.1,Healthy,60.0,24.2,No
202512,95,81.5,99.1,100,88.9,92.9,Healthy,60.0,25.6,No
202601,95,87.1,96.9,100,85.1,92.9,Healthy,60.0,25.6,No
202602,95,82.9,100,100,80.7,91.9,Healthy,60.0,26.3,No
202603,95,84.5,100,100,72.4,90.6,Healthy,60.0,27.1,No
202604,95,80.0,95.9,100,66.0,87.0,Healthy,60.0,29.5,No
202605,95,89.0,100,100,74.8,92.2,Healthy,60.0,26.1,No
202606,95,78.2,100,100,67.6,88.1,Healthy,60.0,28.8,No
202607,95,88.0,100,100,75.2,92.0,Healthy,60.0,26.2,No
202608,95,81.3,100,100,84.5,92.2,Healthy,60.0,26.1,No
202609,95,83.0,97.4,90.8,79.1,88.5,Healthy,60.0,28.5,No
202610,95,86.7,99.8,100,81.3,92.9,Healthy,60.0,25.6,No
202611,95,91.1,100,100,83.4,94.5,Healthy,60.0,24.6,No
202612,95,89.4,95.3,100,75.0,91.0,Healthy,60.0,26.9,No
202501,96,49.5,94.2,100,74.2,80.5,Healthy,84.5,42.3,No
202502,96,49.9,96.1,100,67.6,79.8,Watch,84.5,42.7,No
202503,96,68.6,99.1,100,65.1,84.9,Healthy,84.5,39.4,No
202504,96,68.8,96.5,100,64.3,84.0,Healthy,84.5,40.0,No
202505,96,62.3,93.3,55.2,58.0,69.0,Watch,84.5,49.7,No
202506,96,49.8,96.0,100,63.5,79.0,Watch,84.5,43.3,No
202507,96,69.0,93.5,100,63.7,83.0,Healthy,84.5,40.6,No
202508,96,56.3,92.2,100,73.2,81.4,Healthy,84.5,41.7,No
202509,96,49.4,94.9,100,75.6,80.9,Healthy,84.5,42.0,No
202510,96,67.1,93.6,100,74.3,84.7,Healthy,84.5,39.5,No
202511,96,57.4,93.1,100,74.5,82.2,Healthy,84.5,41.2,No
202512,96,64.7,96.2,100,63.4,82.7,Healthy,84.5,40.8,No
202601,96,49.3,92.9,100,60.0,77.2,Watch,84.5,44.4,No
202602,96,60.3,91.2,100,56.6,78.8,Watch,84.5,43.4,No
202603,96,67.7,91.4,86.2,51.0,76.1,Watch,84.5,45.1,No
202604,96,52.5,93.7,100,46.9,75.6,Watch,84.5,45.4,No
202605,96,53.5,92.3,81.6,49.6,71.4,Watch,84.5,48.2,No
202606,96,55.1,97.3,100,55.2,79.0,Watch,84.5,43.2,No
202607,96,60.0,96.2,100,54.8,79.8,Watch,84.5,42.7,No
202608,96,59.2,96.9,100,57.8,80.4,Healthy,84.5,42.3,No
202609,96,61.7,93.1,100,64.0,81.1,Healthy,84.5,41.8,No
202610,96,59.7,97.1,100,54.2,79.9,Watch,84.5,42.6,No
202611,96,63.5,93.4,100,62.5,81.4,Healthy,84.5,41.7,No
202612,96,59.0,96.0,51.7,55.4,67.6,Watch,84.5,50.7,No
202501,97,82.0,88.3,100,70.3,86.1,Healthy,63.5,31.3,No
202502,97,82.0,88.1,100,60.8,84.1,Healthy,63.5,32.6,No
202503,97,82.0,91.1,100,58.7,84.6,Healthy,63.5,32.2,No
202504,97,82.0,88.6,100,58.2,83.7,Healthy,63.5,32.8,No
202505,97,82.0,85.0,100,51.8,81.3,Healthy,63.5,34.3,No
202506,97,82.0,85.0,100,60.2,83.1,Healthy,63.5,33.2,No
202507,97,82.0,92.8,100,61.3,85.6,Healthy,63.5,31.6,No
202508,97,82.0,86.7,100,65.9,84.7,Healthy,63.5,32.2,No
202509,97,82.0,87.8,100,70.7,86.0,Healthy,63.5,31.3,No
202510,97,82.0,86.7,100,70.9,85.7,Healthy,63.5,31.5,No
202511,97,82.0,89.2,100,69.4,86.1,Healthy,63.5,31.2,No
202512,97,82.0,87.2,100,61.5,84.0,Healthy,63.5,32.7,No
202601,97,82.0,86.7,100,60.5,83.6,Healthy,63.5,32.9,No
202602,97,66.8,90.6,72.4,46.1,71.2,Watch,63.5,41.0,No
202603,97,53.6,87.9,100,44.1,73.6,Watch,63.5,39.4,No
202604,97,69.1,89.1,100,40.8,77.2,Watch,63.5,37.1,No
202605,97,66.8,90.2,100,46.0,78.0,Watch,63.5,36.6,No
202606,97,64.3,88.7,100,45.8,76.8,Watch,63.5,37.3,No
202607,97,64.8,89.9,79.3,50.7,73.1,Watch,63.5,39.7,No
202608,97,61.6,87.3,100,59.2,78.4,Watch,63.5,36.2,No
202609,97,51.4,85.2,100,58.1,75.0,Watch,63.5,38.5,No
202610,97,61.1,92.2,100,48.0,77.5,Watch,63.5,36.8,No
202611,97,65.0,91.1,100,58.2,80.2,Healthy,63.5,35.1,No
202612,97,47.9,86.9,79.3,52.7,68.4,Watch,63.5,42.8,No
202501,98,88.4,98.8,100,70.3,90.8,Healthy,55.5,25.4,No
202502,98,90.6,100,100,60.8,89.8,Healthy,55.5,26.0,No
202503,98,87.2,100,100,58.7,88.5,Healthy,55.5,26.9,No
202504,98,80.6,100,100,58.2,86.8,Healthy,55.5,28.0,No
202505,98,85.7,96.3,100,51.8,85.7,Healthy,55.5,28.8,No
202506,98,89.2,100,100,60.2,89.3,Healthy,55.5,26.4,No
202507,98,78.5,99.6,100,61.3,86.8,Healthy,55.5,28.0,No
202508,98,85.1,97.2,100,65.9,88.6,Healthy,55.5,26.8,No
202509,98,92.2,100,100,70.7,92.2,Healthy,55.5,24.5,No
202510,98,90.7,97.5,100,70.9,91.1,Healthy,55.5,25.2,No
202511,98,81.0,100,100,69.4,89.1,Healthy,55.5,26.5,No
202512,98,82.6,100,100,61.5,87.9,Healthy,55.5,27.3,No
202601,98,82.2,98.5,100,60.5,87.2,Healthy,55.5,27.7,No
202602,98,77.5,100,100,46.1,83.6,Healthy,55.5,30.1,No
202603,98,87.2,100,100,44.1,85.6,Healthy,55.5,28.8,No
202604,98,86.5,99.2,100,40.8,84.5,Healthy,55.5,29.5,No
202605,98,90.6,100,100,46.0,86.9,Healthy,55.5,28.0,No
202606,98,87.4,100,100,45.8,86.0,Healthy,55.5,28.5,No
202607,98,86.8,99.4,95.4,50.7,85.5,Healthy,55.5,28.9,No
202608,98,88.9,100,100,59.2,89.1,Healthy,55.5,26.5,No
202609,98,84.9,98.8,100,58.1,87.5,Healthy,55.5,27.6,No
202610,98,92.4,100,100,48.0,87.7,Healthy,55.5,27.4,No
202611,98,92.3,100,100,58.2,89.7,Healthy,55.5,26.1,No
202612,98,81.7,95.2,100,52.7,84.5,Healthy,55.5,29.5,No
202501,99,68.4,42.4,100,74.2,69.6,Watch,78.5,47.2,No
202502,99,61.2,42.9,65.5,67.6,58.1,At Risk,78.5,54.7,No
202503,99,78.0,40.9,100,65.1,69.8,Watch,78.5,47.1,No
202504,99,61.5,43.3,0,64.3,41.2,Critical,78.5,65.7,Yes
202505,99,67.3,35.7,100,58.0,64.2,At Risk,78.5,50.8,No
202506,99,69.1,43.7,100,63.5,68.1,Watch,78.5,48.2,No
202507,99,64.7,39.3,100,63.7,65.7,Watch,78.5,49.8,No
202508,99,62.4,43.8,46.0,73.2,54.9,At Risk,78.5,56.8,No
202509,99,65.0,43.9,34.5,75.6,53.2,At Risk,78.5,57.9,No
202510,99,61.4,35.9,100,74.3,66.0,Watch,78.5,49.6,No
202511,99,75.6,40.2,100,74.5,70.9,Watch,78.5,46.4,No
202512,99,76.2,38.1,100,63.4,68.2,Watch,78.5,48.2,No
202601,99,77.1,35.3,46.0,60.0,53.4,At Risk,78.5,57.8,No
202602,99,70.7,32.8,100,56.6,63.9,At Risk,78.5,51.0,No
202603,99,65.0,31.8,100,51.0,61.0,At Risk,78.5,52.8,No
202604,99,73.2,34.7,100,46.9,63.1,At Risk,78.5,51.5,No
202605,99,59.6,29.4,100,49.6,58.7,At Risk,78.5,54.3,No
202606,99,71.6,29.2,100,55.2,62.7,At Risk,78.5,51.7,No
202607,99,59.7,35.0,100,54.8,61.4,At Risk,78.5,52.6,No
202608,99,70.6,32.4,46.0,57.8,50.4,At Risk,78.5,59.7,Yes
202609,99,67.3,30.7,100,64.0,63.8,At Risk,78.5,51.0,No
202610,99,75.3,31.1,100,54.2,64.0,At Risk,78.5,50.9,No
202611,99,74.9,31.8,46.0,62.5,52.3,At Risk,78.5,58.5,Yes
202612,99,74.8,26.6,100,55.4,62.8,At Risk,78.5,51.7,No
202501,100,82.0,66.1,100,96.1,84.6,Healthy,65.0,32.8,No
202502,100,82.0,66.6,100,82.9,82.1,Healthy,65.0,34.4,No
202503,100,82.0,62.1,100,78.8,79.9,Watch,65.0,35.8,No
202504,100,70.8,66.9,100,85.8,79.9,Watch,65.0,35.8,No
202505,100,70.5,64.3,100,78.5,77.6,Watch,65.0,37.3,No
202506,100,78.2,65.3,100,85.4,81.2,Healthy,65.0,35.0,No
202507,100,61.7,60.0,100,90.0,76.4,Watch,65.0,38.1,No
202508,100,60.9,63.9,65.5,98.5,70.4,Watch,65.0,42.0,No
202509,100,77.6,63.2,100,99.3,83.2,Healthy,65.0,33.7,No
202510,100,60.0,59.4,100,99.3,77.7,Watch,65.0,37.3,No
202511,100,66.2,63.3,100,92.2,79.0,Watch,65.0,36.4,No
202512,100,78.7,56.8,100,88.9,79.5,Watch,65.0,36.1,No
202601,100,65.9,61.1,100,85.1,76.8,Watch,65.0,37.8,No
202602,100,68.2,56.0,46.0,80.7,61.5,At Risk,65.0,47.8,No
202603,100,74.7,58.0,100,72.4,75.5,Watch,65.0,38.7,No
202604,100,67.7,58.4,100,66.0,72.6,Watch,65.0,40.5,No
202605,100,70.1,58.9,34.5,74.8,58.8,At Risk,65.0,49.5,No
202606,100,75.8,53.5,100,67.6,73.5,Watch,65.0,40.0,No
202607,100,67.3,56.0,100,75.2,73.7,Watch,65.0,39.9,No
202608,100,77.3,57.1,100,84.5,78.4,Watch,65.0,36.8,No
202609,100,72.2,50.6,11.5,79.1,51.9,At Risk,65.0,54.0,No
202610,100,77.9,54.2,100,81.3,77.0,Watch,65.0,37.7,No
202611,100,64.7,52.4,100,83.4,73.6,Watch,65.0,39.9,No
202612,100,66.8,50.3,100,75.0,71.8,Watch,65.0,41.1,No
202501,101,82.0,92.2,100,93.9,91.9,Healthy,51.5,23.3,No
202502,101,82.0,94.6,100,85.2,90.9,Healthy,51.5,23.9,No
202503,101,82.0,94.1,100,77.4,89.2,Healthy,51.5,25.0,No
202504,101,82.0,94.2,100,83.7,90.5,Healthy,51.5,24.2,No
202505,101,82.0,94.4,100,75.5,88.9,Healthy,51.5,25.2,No
202506,101,82.0,87.6,100,87.7,89.3,Healthy,51.5,25.0,No
202507,101,82.0,93.5,100,85.0,90.6,Healthy,51.5,24.2,No
202508,101,82.0,89.1,100,94.7,91.2,Healthy,51.5,23.8,No
202509,101,61.1,92.8,55.2,95.1,76.0,Watch,51.5,33.7,No
202510,101,64.2,90.9,100,95.3,87.4,Healthy,51.5,26.2,No
202511,101,56.1,94.5,100,92.8,85.9,Healthy,51.5,27.2,No
202512,101,66.8,93.6,100,88.1,87.4,Healthy,51.5,26.2,No
202601,101,57.4,94.9,100,86.5,85.1,Healthy,51.5,27.7,No
202602,101,51.9,91.7,79.3,77.9,75.9,Watch,51.5,33.7,No
202603,101,48.4,90.9,100,75.2,79.4,Watch,51.5,31.4,No
202604,101,51.5,88.2,100,67.1,77.7,Watch,51.5,32.5,No
202605,101,65.3,92.3,79.3,69.6,77.7,Watch,51.5,32.5,No
202606,101,55.6,91.1,100,69.2,80.1,Healthy,51.5,31.0,No
202607,101,50.1,90.9,72.4,73.1,72.5,Watch,51.5,35.9,No
202608,101,49.8,87.8,86.2,82.9,76.9,Watch,51.5,33.0,No
202609,101,49.4,88.8,72.4,79.8,73.1,Watch,51.5,35.5,No
202610,101,57.1,93.6,100,86.8,84.7,Healthy,51.5,28.0,No
202611,101,64.4,94.0,100,82.4,85.8,Healthy,51.5,27.3,No
202612,101,68.6,93.7,79.3,78.5,80.8,Healthy,51.5,30.5,No
202501,102,82.0,91.1,86.2,92.2,87.8,Healthy,75.5,34.3,No
202502,102,82.0,92.7,100,85.9,90.5,Healthy,75.5,32.6,No
202503,102,56.2,95.2,100,77.9,83.2,Healthy,75.5,37.3,No
202504,102,60.3,97.8,100,81.8,85.8,Healthy,75.5,35.7,No
202505,102,67.8,95.3,100,77.1,86.0,Healthy,75.5,35.6,No
202506,102,61.3,96.0,100,85.1,86.1,Healthy,75.5,35.4,No
202507,102,48.1,95.3,100,85.3,82.7,Healthy,75.5,37.7,No
202508,102,65.6,93.8,55.2,90.1,76.4,Watch,75.5,41.8,No
202509,102,67.3,96.6,100,92.1,89.2,Healthy,75.5,33.4,No
202510,102,53.3,92.2,100,98.2,85.6,Healthy,75.5,35.8,No
202511,102,63.5,95.6,100,92.4,88.0,Healthy,75.5,34.2,No
202512,102,63.0,97.9,77.0,88.2,82.0,Healthy,75.5,38.1,No
202601,102,61.3,95.7,100,83.8,85.8,Healthy,75.5,35.7,No
202602,102,63.0,98.0,55.2,73.3,73.6,Watch,75.5,43.6,No
202603,102,57.8,91.2,79.3,71.9,76.0,Watch,75.5,42.0,No
202604,102,67.6,94.5,100,67.7,83.8,Healthy,75.5,37.0,No
202605,102,58.3,91.9,100,69.7,81.1,Healthy,75.5,38.7,No
202606,102,59.7,93.6,100,67.9,81.6,Healthy,75.5,38.4,No
202607,102,59.2,93.0,100,71.8,82.1,Healthy,75.5,38.1,No
202608,102,60.7,95.0,100,81.9,85.1,Healthy,75.5,36.1,No
202609,102,68.2,94.4,100,80.4,86.4,Healthy,75.5,35.2,No
202610,102,61.6,91.2,100,83.0,84.4,Healthy,75.5,36.6,No
202611,102,58.6,92.3,72.4,78.0,76.0,Watch,75.5,42.0,No
202612,102,60.7,94.9,100,72.5,83.2,Healthy,75.5,37.4,No
202501,103,82.0,100,100,64.8,88.5,Healthy,73.0,33.1,No
202502,103,82.0,99.4,100,55.9,86.5,Healthy,73.0,34.3,No
202503,103,82.0,100,100,52.9,86.1,Healthy,73.0,34.6,No
202504,103,82.0,100,100,50.4,85.6,Healthy,73.0,34.9,No
202505,103,82.0,100,79.3,49.5,80.2,Healthy,73.0,38.4,No
202506,103,82.0,95.2,100,54.1,84.9,Healthy,73.0,35.4,No
202507,103,82.0,97.1,100,54.2,85.5,Healthy,73.0,35.0,No
202508,103,82.0,99.3,100,59.0,87.1,Healthy,73.0,33.9,No
202509,103,87.5,94.9,100,66.7,88.7,Healthy,73.0,32.9,No
202510,103,84.6,97.3,100,63.5,88.0,Healthy,73.0,33.3,No
202511,103,88.6,100,100,64.5,90.0,Healthy,73.0,32.0,No
202512,103,84.2,97.5,100,55.3,86.4,Healthy,73.0,34.4,No
202601,103,90.9,98.4,86.2,55.8,85.0,Healthy,73.0,35.3,No
202602,103,81.5,100,100,41.5,83.7,Healthy,73.0,36.2,No
202603,103,85.3,94.1,100,41.6,82.9,Healthy,73.0,36.7,No
202604,103,78.7,92.8,100,37.7,80.0,Healthy,73.0,38.5,No
202605,103,89.0,100,100,37.2,84.7,Healthy,73.0,35.5,No
202606,103,86.1,93.5,100,37.9,82.2,Healthy,73.0,37.2,No
202607,103,78.7,96.4,100,42.9,82.2,Healthy,73.0,37.1,No
202608,103,87.1,93.7,100,49.7,84.8,Healthy,73.0,35.4,No
202609,103,84.3,96.9,100,54.3,86.0,Healthy,73.0,34.7,No
202610,103,89.9,98.6,100,47.0,86.5,Healthy,73.0,34.4,No
202611,103,80.4,96.5,100,53.8,84.8,Healthy,73.0,35.4,No
202612,103,83.2,100,100,48.7,85.5,Healthy,73.0,34.9,No
202501,104,90.7,94.6,100,93.9,94.8,Healthy,56.0,23.0,No
202502,104,78.4,93.5,100,85.2,89.7,Healthy,56.0,26.3,No
202503,104,89.8,97.1,100,77.4,92.1,Healthy,56.0,24.8,No
202504,104,83.2,93.7,100,83.7,90.7,Healthy,56.0,25.7,No
202505,104,84.7,94.8,100,75.5,89.7,Healthy,56.0,26.3,No
202506,104,84.9,95.0,100,87.7,92.2,Healthy,56.0,24.6,No
202507,104,83.5,89.8,100,85.0,89.8,Healthy,56.0,26.2,No
202508,104,91.4,90.8,90.8,94.7,91.7,Healthy,56.0,25.0,No
202509,104,90.7,94.1,100,95.1,94.9,Healthy,56.0,22.9,No
202510,104,93.0,96.3,100,95.3,96.2,Healthy,56.0,22.1,No
202511,104,88.2,97.9,100,92.8,95.0,Healthy,56.0,22.9,No
202512,104,92.0,93.9,100,88.1,93.8,Healthy,56.0,23.6,No
202601,104,89.5,91.0,100,86.5,92.0,Healthy,56.0,24.8,No
202602,104,78.7,93.2,100,77.9,88.2,Healthy,56.0,27.3,No
202603,104,78.9,89.3,100,75.2,86.5,Healthy,56.0,28.3,No
202604,104,92.6,94.6,100,67.1,89.9,Healthy,56.0,26.1,No
202605,104,80.7,90.8,100,69.6,86.3,Healthy,56.0,28.5,No
202606,104,81.3,93.4,100,69.2,87.2,Healthy,56.0,27.9,No
202607,104,88.4,94.6,81.6,73.1,85.5,Healthy,56.0,29.0,No
202608,104,79.1,96.5,100,82.9,90.3,Healthy,56.0,25.9,No
202609,104,77.3,92.8,100,79.8,88.1,Healthy,56.0,27.3,No
202610,104,80.8,90.5,100,86.8,89.7,Healthy,56.0,26.3,No
202611,104,87.2,93.0,100,82.4,91.2,Healthy,56.0,25.3,No
202612,104,77.6,91.8,100,78.5,87.6,Healthy,56.0,27.6,No
202501,105,82.0,93.1,100,74.2,88.3,Healthy,72.5,33.0,No
202502,105,82.0,88.8,100,67.6,85.7,Healthy,72.5,34.7,No
202503,105,85.8,90.9,100,65.1,86.7,Healthy,72.5,34.0,No
202504,105,93.0,88.5,100,64.3,87.7,Healthy,72.5,33.4,No
202505,105,79.5,91.0,100,58.0,83.8,Healthy,72.5,35.9,No
202506,105,92.0,88.5,100,63.5,87.3,Healthy,72.5,33.7,No
202507,105,84.1,87.6,100,63.7,85.1,Healthy,72.5,35.1,No
202508,105,77.7,91.4,86.2,73.2,83.0,Healthy,72.5,36.4,No
202509,105,91.0,86.0,100,75.6,88.7,Healthy,72.5,32.7,No
202510,105,86.4,88.9,100,74.3,88.1,Healthy,72.5,33.1,No
202511,105,79.2,91.1,100,74.5,87.0,Healthy,72.5,33.8,No
202512,105,77.4,88.9,100,63.4,83.7,Healthy,72.5,36.0,No
202601,105,89.7,87.0,100,60.0,85.5,Healthy,72.5,34.8,No
202602,105,92.0,87.5,86.2,56.6,82.1,Healthy,72.5,37.0,No
202603,105,92.2,87.3,100,51.0,84.4,Healthy,72.5,35.5,No
202604,105,79.0,88.3,100,46.9,80.7,Healthy,72.5,38.0,No
202605,105,81.0,89.6,100,49.6,82.1,Healthy,72.5,37.0,No
202606,105,78.2,87.4,100,55.2,81.8,Healthy,72.5,37.2,No
202607,105,92.4,84.6,100,54.8,84.5,Healthy,72.5,35.5,No
202608,105,91.2,91.6,100,57.8,86.8,Healthy,72.5,33.9,No
202609,105,83.1,87.4,100,64.0,84.8,Healthy,72.5,35.3,No
202610,105,77.5,93.0,100,54.2,83.1,Healthy,72.5,36.4,No
202611,105,88.4,94.0,100,62.5,87.8,Healthy,72.5,33.3,No
202612,105,81.1,92.6,100,55.4,84.1,Healthy,72.5,35.7,No
202501,106,84.3,96.6,95.4,67.0,87.3,Healthy,77.5,35.4,No
202502,106,78.5,100,100,56.7,86.0,Healthy,77.5,36.3,No
202503,106,83.0,100,100,54.4,86.6,Healthy,77.5,35.8,No
202504,106,91.9,94.8,100,47.1,85.8,Healthy,77.5,36.3,No
202505,106,82.2,100,100,50.7,85.7,Healthy,77.5,36.4,No
202506,106,81.2,99.9,100,51.1,85.5,Healthy,77.5,36.6,No
202507,106,90.0,96.6,100,59.2,88.3,Healthy,77.5,34.7,No
202508,106,85.6,98.0,100,58.3,87.5,Healthy,77.5,35.3,No
202509,106,88.3,98.8,100,65.9,89.9,Healthy,77.5,33.7,No
202510,106,84.9,100,100,64.8,89.2,Healthy,77.5,34.2,No
202511,106,89.2,96.9,100,63.3,89.0,Healthy,77.5,34.3,No
202512,106,86.2,100,100,54.2,87.4,Healthy,77.5,35.3,No
202601,106,84.9,97.3,100,56.6,86.7,Healthy,77.5,35.8,No
202602,106,86.0,96.1,100,46.7,84.7,Healthy,77.5,37.1,No
202603,106,80.9,100,100,45.0,84.2,Healthy,77.5,37.4,No
202604,106,91.1,95.1,100,38.2,84.0,Healthy,77.5,37.6,No
202605,106,79.5,93.7,100,36.8,80.3,Healthy,77.5,39.9,No
202606,106,83.6,96.4,100,42.8,83.4,Healthy,77.5,37.9,No
202607,106,90.1,95.3,100,47.8,85.7,Healthy,77.5,36.4,No
202608,106,90.1,98.0,100,52.4,87.4,Healthy,77.5,35.3,No
202609,106,81.1,98.3,100,54.0,85.6,Healthy,77.5,36.5,No
202610,106,92.8,100,100,51.9,88.6,Healthy,77.5,34.5,No
202611,106,80.8,100,100,54.7,86.1,Healthy,77.5,36.1,No
202612,106,91.7,97.0,100,48.1,86.7,Healthy,77.5,35.8,No
202501,107,82.0,64.2,100,70.3,78.8,Watch,71.0,38.6,No
202502,107,82.0,64.9,100,60.8,77.1,Watch,71.0,39.7,No
202503,107,82.0,63.9,100,58.7,76.4,Watch,71.0,40.2,No
202504,107,57.3,64.8,47.1,58.2,57.2,At Risk,71.0,52.7,No
202505,107,69.8,61.0,72.4,51.8,64.2,At Risk,71.0,48.1,No
202506,107,61.3,61.6,100,60.2,70.8,Watch,71.0,43.8,No
202507,107,67.8,62.2,100,61.3,72.9,Watch,71.0,42.5,No
202508,107,60.8,58.7,100,65.9,71.0,Watch,71.0,43.7,No
202509,107,61.0,64.8,100,70.7,73.8,Watch,71.0,41.9,No
202510,107,69.0,59.2,100,70.9,74.2,Watch,71.0,41.6,No
202511,107,58.5,60.9,81.6,69.4,67.2,Watch,71.0,46.2,No
202512,107,69.5,61.8,100,61.5,73.2,Watch,71.0,42.3,No
202601,107,69.3,61.0,100,60.5,72.7,Watch,71.0,42.6,No
202602,107,62.3,55.8,100,46.1,66.5,Watch,71.0,46.6,No
202603,107,62.8,69.0,100,44.1,70.2,Watch,71.0,44.2,No
202604,107,63.8,73.1,46.0,40.8,57.5,At Risk,71.0,52.4,No
202605,107,63.6,77.3,100,46.0,73.3,Watch,71.0,42.2,No
202606,107,64.4,80.3,100,45.8,74.4,Watch,71.0,41.5,No
202607,107,69.2,86.1,100,50.7,78.3,Watch,71.0,39.0,No
202608,107,68.7,87.9,100,59.2,80.4,Healthy,71.0,37.6,No
202609,107,69.8,91.6,100,58.1,81.5,Healthy,71.0,36.8,No
202610,107,71.5,93.2,100,48.0,80.4,Healthy,71.0,37.6,No
202611,107,72.4,93.2,55.2,58.2,71.5,Watch,71.0,43.4,No
202612,107,74.0,93.2,100,52.7,82.0,Healthy,71.0,36.6,No
202501,108,82.0,88.9,100,93.9,90.9,Healthy,72.0,31.1,No
202502,108,82.0,93.1,100,85.2,90.5,Healthy,72.0,31.4,No
202503,108,82.0,96.3,100,77.4,89.9,Healthy,72.0,31.8,No
202504,108,82.0,90.7,100,83.7,89.5,Healthy,72.0,32.0,No
202505,108,82.0,90.8,100,75.5,87.9,Healthy,72.0,33.1,No
202506,108,82.0,90.1,100,87.7,90.1,Healthy,72.0,31.6,No
202507,108,90.3,94.9,100,85.0,93.0,Healthy,72.0,29.7,No
202508,108,78.5,89.4,100,94.7,90.4,Healthy,72.0,31.4,No
202509,108,92.3,96.7,100,95.1,96.1,Healthy,72.0,27.7,No
202510,108,79.9,88.5,100,95.3,90.6,Healthy,72.0,31.3,No
202511,108,90.8,94.2,100,92.8,94.5,Healthy,72.0,28.8,No
202512,108,87.4,93.9,100,88.1,92.6,Healthy,72.0,30.0,No
202601,108,77.4,92.5,100,86.5,89.4,Healthy,72.0,32.1,No
202602,108,81.5,94.7,100,77.9,89.4,Healthy,72.0,32.1,No
202603,108,90.7,94.3,100,75.2,91.0,Healthy,72.0,31.1,No
202604,108,84.0,87.2,100,67.1,85.6,Healthy,72.0,34.6,No
202605,108,82.5,88.4,100,69.6,86.1,Healthy,72.0,34.3,No
202606,108,86.2,92.6,100,69.2,88.2,Healthy,72.0,32.9,No
202607,108,80.8,93.0,100,73.1,87.7,Healthy,72.0,33.2,No
202608,108,82.0,89.7,100,82.9,89.0,Healthy,72.0,32.4,No
202609,108,81.3,95.4,100,79.8,89.9,Healthy,72.0,31.8,No
202610,108,86.1,90.7,100,86.8,91.1,Healthy,72.0,31.0,No
202611,108,78.1,94.8,100,82.4,89.4,Healthy,72.0,32.1,No
202612,108,77.4,93.9,100,78.5,88.2,Healthy,72.0,32.9,No
202501,109,82.0,59.6,100,96.1,82.6,Healthy,100,46.3,No
202502,109,61.1,66.6,100,82.9,76.8,Watch,100,50.1,No
202503,109,75.9,60.3,46.0,78.8,64.3,At Risk,100,58.2,Yes
202504,109,78.1,60.6,34.5,85.8,63.5,At Risk,100,58.7,Yes
202505,109,59.7,60.5,100,78.5,73.8,Watch,100,52.1,No
202506,109,62.2,59.2,34.5,85.4,59.0,At Risk,100,61.6,Yes
202507,109,62.4,56.5,100,90.0,75.5,Watch,100,50.9,No
202508,109,78.1,56.2,65.5,98.5,72.5,Watch,100,52.9,No
202509,109,73.9,56.4,100,99.3,80.2,Healthy,100,47.9,No
202510,109,69.3,59.8,100,99.3,80.1,Healthy,100,47.9,No
202511,109,72.2,60.6,100,92.2,79.7,Watch,100,48.2,No
202512,109,72.8,54.6,100,88.9,77.4,Watch,100,49.7,No
202601,109,77.1,54.7,100,85.1,77.7,Watch,100,49.5,No
202602,109,69.7,59.2,65.5,80.7,67.7,Watch,100,56.0,No
202603,109,65.1,55.4,100,72.4,72.4,Watch,100,53.0,No
202604,109,63.8,53.0,100,66.0,70.1,Watch,100,54.5,No
202605,109,64.0,50.7,100,74.8,71.2,Watch,100,53.7,No
202606,109,78.5,51.4,100,67.6,73.5,Watch,100,52.2,No
202607,109,72.2,49.6,100,75.2,73.0,Watch,100,52.6,No
202608,109,70.7,52.0,100,84.5,75.2,Watch,100,51.1,No
202609,109,72.8,55.4,34.5,79.1,59.3,At Risk,100,61.5,Yes
202610,109,68.7,56.0,11.5,81.3,53.1,At Risk,100,65.5,Yes
202611,109,77.5,48.6,100,83.4,75.6,Watch,100,50.8,No
202612,109,59.7,51.8,100,75.0,70.5,Watch,100,54.2,No
202501,110,82.0,73.4,81.6,93.9,81.7,Healthy,58.5,32.4,No
202502,110,82.0,73.4,79.3,85.2,79.4,Watch,58.5,33.9,No
202503,110,82.0,70.7,81.6,77.4,77.6,Watch,58.5,35.0,No
202504,110,82.0,68.9,100,83.7,82.9,Healthy,58.5,31.6,No
202505,110,82.0,73.0,100,75.5,82.5,Healthy,58.5,31.8,No
202506,110,82.0,72.2,100,87.7,84.7,Healthy,58.5,30.4,No
202507,110,82.0,71.5,79.3,85.0,78.8,Watch,58.5,34.3,No
202508,110,82.0,69.3,55.2,94.7,74.0,Watch,58.5,37.4,No
202509,110,82.0,65.6,100,95.1,84.2,Healthy,58.5,30.7,No
202510,110,82.0,70.0,100,95.3,85.6,Healthy,58.5,29.8,No
202511,110,82.0,65.6,100,92.8,83.7,Healthy,58.5,31.0,No
202512,110,82.0,67.4,100,88.1,83.3,Healthy,58.5,31.3,No
202601,110,82.0,68.1,100,86.5,83.2,Healthy,58.5,31.4,No
202602,110,63.6,78.6,100,77.9,80.1,Healthy,58.5,33.4,No
202603,110,63.5,79.7,100,75.2,79.8,Watch,58.5,33.6,No
202604,110,65.6,81.8,72.4,67.1,72.4,Watch,58.5,38.4,No
202605,110,68.9,86.4,100,69.6,82.1,Healthy,58.5,32.1,No
202606,110,69.1,89.3,100,69.2,82.9,Healthy,58.5,31.6,No
202607,110,68.1,93.2,100,73.1,84.6,Healthy,58.5,30.5,No
202608,110,70.2,93.2,54.0,82.9,75.6,Watch,58.5,36.3,No
202609,110,70.1,93.2,100,79.8,86.5,Healthy,58.5,29.3,No
202610,110,75.2,93.2,100,86.8,89.1,Healthy,58.5,27.6,No
202611,110,73.0,93.2,100,82.4,87.7,Healthy,58.5,28.5,No
202612,110,76.2,93.2,100,78.5,87.7,Healthy,58.5,28.5,No
202501,111,77.4,93.8,100,92.2,90.9,Healthy,73.0,31.4,No
202502,111,82.4,94.5,100,85.9,91.1,Healthy,73.0,31.3,No
202503,111,84.6,91.3,100,77.9,89.1,Healthy,73.0,32.6,No
202504,111,91.1,93.6,100,81.8,92.2,Healthy,73.0,30.6,No
202505,111,90.5,97.2,100,77.1,92.2,Healthy,73.0,30.6,No
202506,111,84.8,95.5,100,85.1,91.9,Healthy,73.0,30.8,No
202507,111,91.6,91.5,100,85.3,92.4,Healthy,73.0,30.5,No
202508,111,85.8,97.7,100,90.1,93.8,Healthy,73.0,29.6,No
202509,111,84.0,91.7,100,92.1,91.9,Healthy,73.0,30.8,No
202510,111,85.7,97.9,100,98.2,95.4,Healthy,73.0,28.5,No
202511,111,81.4,91.2,100,92.4,91.2,Healthy,73.0,31.3,No
202512,111,90.7,93.4,100,88.2,93.3,Healthy,73.0,29.9,No
202601,111,77.7,94.3,100,83.8,89.5,Healthy,73.0,32.4,No
202602,111,80.8,94.7,100,73.3,88.3,Healthy,73.0,33.2,No
202603,111,82.4,90.0,100,71.9,87.0,Healthy,73.0,34.0,No
202604,111,92.1,93.5,100,67.7,89.6,Healthy,73.0,32.3,No
202605,111,80.0,94.6,100,69.7,87.3,Healthy,73.0,33.8,No
202606,111,79.6,90.1,100,67.9,85.5,Healthy,73.0,35.0,No
202607,111,86.9,92.5,100,71.8,88.9,Healthy,73.0,32.8,No
202608,111,77.4,91.3,100,81.9,88.1,Healthy,73.0,33.3,No
202609,111,81.6,90.7,100,80.4,88.7,Healthy,73.0,32.9,No
202610,111,86.0,94.0,90.8,83.0,89.0,Healthy,73.0,32.7,No
202611,111,89.3,91.1,100,78.0,90.3,Healthy,73.0,31.9,No
202612,111,78.4,90.0,100,72.5,86.1,Healthy,73.0,34.6,No
202501,112,82.0,98.9,100,92.2,93.6,Healthy,93.0,36.7,No
202502,112,82.0,91.5,100,85.9,90.1,Healthy,93.0,39.0,No
202503,112,82.0,92.7,100,77.9,88.9,Healthy,93.0,39.8,No
202504,112,82.0,99.1,100,81.8,91.6,Healthy,93.0,38.0,No
202505,112,82.0,92.5,100,77.1,88.7,Healthy,93.0,39.9,No
202506,112,82.0,91.9,100,85.1,90.1,Healthy,93.0,39.0,No
202507,112,78.4,93.4,100,85.3,89.7,Healthy,93.0,39.3,No
202508,112,92.4,92.2,100,90.1,93.8,Healthy,93.0,36.6,No
202509,112,87.7,100,100,92.1,95.4,Healthy,93.0,35.6,No
202510,112,93.1,96.8,100,98.2,97.0,Healthy,93.0,34.5,No
202511,112,86.2,94.3,100,92.4,93.3,Healthy,93.0,36.9,No
202512,112,77.9,94.6,100,88.2,90.5,Healthy,93.0,38.7,No
202601,112,85.5,97.9,100,83.8,92.5,Healthy,93.0,37.4,No
202602,112,85.3,94.7,100,73.3,89.4,Healthy,93.0,39.4,No
202603,112,77.5,94.8,100,71.9,87.2,Healthy,93.0,40.9,No
202604,112,83.5,92.6,100,67.7,87.2,Healthy,93.0,40.9,No
202605,112,86.6,98.5,100,69.7,90.1,Healthy,93.0,39.0,No
202606,112,91.4,97.3,60.9,67.9,80.8,Healthy,93.0,45.0,No
202607,112,80.8,92.1,100,71.8,87.2,Healthy,93.0,40.9,No
202608,112,91.5,98.4,100,81.9,93.8,Healthy,93.0,36.6,No
202609,112,83.1,94.6,100,80.4,90.3,Healthy,93.0,38.9,No
202610,112,87.3,94.0,100,83.0,91.6,Healthy,93.0,38.0,No
202611,112,82.1,93.5,100,78.0,89.2,Healthy,93.0,39.6,No
202612,112,86.9,98.8,100,72.5,90.9,Healthy,93.0,38.5,No
202501,113,92.2,94.5,100,74.2,91.2,Healthy,83.5,34.9,No
202502,113,93.0,94.0,86.2,67.6,86.5,Healthy,83.5,38.0,No
202503,113,87.8,92.5,100,65.1,87.7,Healthy,83.5,37.2,No
202504,113,88.0,92.0,93.1,64.3,85.7,Healthy,83.5,38.5,No
202505,113,91.3,94.4,100,58.0,87.7,Healthy,83.5,37.2,No
202506,113,80.1,89.5,100,63.5,84.6,Healthy,83.5,39.3,No
202507,113,90.5,92.9,100,63.7,88.2,Healthy,83.5,36.9,No
202508,113,87.6,93.8,100,73.2,89.7,Healthy,83.5,35.9,No
202509,113,85.5,90.5,100,75.6,88.7,Healthy,83.5,36.6,No
202510,113,83.2,96.0,100,74.3,89.5,Healthy,83.5,36.1,No
202511,113,82.4,90.9,100,74.5,87.8,Healthy,83.5,37.2,No
202512,113,92.8,87.4,100,63.4,87.1,Healthy,83.5,37.6,No
202601,113,81.1,88.1,79.3,60.0,78.5,Watch,83.5,43.2,No
202602,113,79.4,90.0,100,56.6,83.2,Healthy,83.5,40.2,No
202603,113,90.2,93.2,100,51.0,85.7,Healthy,83.5,38.5,No
202604,113,92.3,88.2,100,46.9,83.9,Healthy,83.5,39.7,No
202605,113,82.7,91.0,100,49.6,82.9,Healthy,83.5,40.3,No
202606,113,82.9,93.6,100,55.2,84.9,Healthy,83.5,39.1,No
202607,113,91.0,91.4,100,54.8,86.1,Healthy,83.5,38.2,No
202608,113,92.0,90.1,100,57.8,86.6,Healthy,83.5,37.9,No
202609,113,86.3,88.6,100,64.0,86.0,Healthy,83.5,38.3,No
202610,113,86.1,90.5,100,54.2,84.5,Healthy,83.5,39.3,No
202611,113,79.6,92.5,100,62.5,85.2,Healthy,83.5,38.9,No
202612,113,85.4,89.8,100,55.4,84.4,Healthy,83.5,39.4,No
202501,114,82.0,85.4,90.8,96.1,88.0,Healthy,78.0,35.1,No
202502,114,82.0,91.1,100,82.9,89.4,Healthy,78.0,34.2,No
202503,114,82.0,91.3,100,78.8,88.6,Healthy,78.0,34.7,No
202504,114,82.0,86.1,79.3,85.8,83.3,Healthy,78.0,38.2,No
202505,114,82.0,86.1,100,78.5,87.0,Healthy,78.0,35.7,No
202506,114,82.0,91.7,100,85.4,90.1,Healthy,78.0,33.7,No
202507,114,82.0,87.9,100,90.0,89.9,Healthy,78.0,33.9,No
202508,114,82.0,89.2,100,98.5,91.9,Healthy,78.0,32.5,No
202509,114,82.0,90.4,100,99.3,92.5,Healthy,78.0,32.2,No
202510,114,82.0,85.5,100,99.3,91.0,Healthy,78.0,33.1,No
202511,114,82.0,86.0,100,92.2,89.7,Healthy,78.0,34.0,No
202512,114,82.0,88.4,79.3,88.9,84.6,Healthy,78.0,37.3,No
202601,114,56.0,89.4,100,85.1,82.8,Healthy,78.0,38.5,No
202602,114,59.8,90.7,90.8,80.7,81.0,Healthy,78.0,39.7,No
202603,114,47.7,90.1,100,72.4,78.4,Watch,78.0,41.3,No
202604,114,56.7,88.3,100,66.0,78.9,Watch,78.0,41.0,No
202605,114,56.5,84.9,100,74.8,79.6,Watch,78.0,40.6,No
202606,114,66.5,88.2,86.2,67.6,78.2,Watch,78.0,41.5,No
202607,114,52.2,85.1,100,75.2,78.6,Watch,78.0,41.2,No
202608,114,57.3,91.8,100,84.5,83.8,Healthy,78.0,37.9,No
202609,114,56.2,90.3,100,79.1,82.0,Healthy,78.0,39.0,No
202610,114,55.1,85.4,100,81.3,80.7,Healthy,78.0,39.9,No
202611,114,59.8,90.8,100,83.4,83.9,Healthy,78.0,37.8,No
202612,114,66.8,84.8,100,75.0,82.1,Healthy,78.0,38.9,No
202501,115,68.8,42.1,72.4,70.3,62.0,At Risk,68.5,48.7,No
202502,115,63.4,41.2,46.0,60.8,51.9,At Risk,68.5,55.2,No
202503,115,71.9,39.3,79.3,58.7,61.3,At Risk,68.5,49.1,No
202504,115,70.3,38.4,46.0,58.2,52.2,At Risk,68.5,55.0,No
202505,115,67.1,38.9,100,51.8,63.8,At Risk,68.5,47.5,No
202506,115,75.9,42.7,34.5,60.2,52.4,At Risk,68.5,54.9,No
202507,115,77.0,38.3,100,61.3,68.0,Watch,68.5,44.8,No
202508,115,69.2,37.1,100,65.9,66.6,Watch,68.5,45.7,No
202509,115,66.7,40.5,100,70.7,68.0,Watch,68.5,44.8,No
202510,115,77.9,39.2,46.0,70.9,56.9,At Risk,68.5,52.0,No
202511,115,64.5,42.8,79.3,69.4,62.7,At Risk,68.5,48.2,No
202512,115,76.6,33.5,65.5,61.5,57.9,At Risk,68.5,51.3,No
202601,115,62.9,40.3,100,60.5,64.9,At Risk,68.5,46.8,No
202602,115,75.5,32.1,100,46.1,62.7,At Risk,68.5,48.2,No
202603,115,66.2,33.0,100,44.1,60.3,At Risk,68.5,49.8,No
202604,115,65.0,30.8,100,40.8,58.7,At Risk,68.5,50.9,No
202605,115,73.6,36.0,100,46.0,63.4,At Risk,68.5,47.8,No
202606,115,67.4,31.1,100,45.8,60.3,At Risk,68.5,49.8,No
202607,115,63.3,32.5,100,50.7,60.7,At Risk,68.5,49.5,No
202608,115,77.4,36.5,100,59.2,67.1,Watch,68.5,45.3,No
202609,115,59.7,35.8,100,58.1,62.3,At Risk,68.5,48.5,No
202610,115,65.5,32.2,100,48.0,60.6,At Risk,68.5,49.6,No
202611,115,60.6,29.6,100,58.2,60.7,At Risk,68.5,49.5,No
202612,115,67.0,32.8,100,52.7,62.1,At Risk,68.5,48.6,No
202501,116,89.7,86.5,100,70.3,87.5,Healthy,57.0,28.1,No
202502,116,79.5,90.3,100,60.8,84.1,Healthy,57.0,30.3,No
202503,116,88.4,90.0,100,58.7,85.8,Healthy,57.0,29.2,No
202504,116,84.9,88.4,100,58.2,84.4,Healthy,57.0,30.1,No
202505,116,90.3,84.8,100,51.8,83.4,Healthy,57.0,30.8,No
202506,116,91.0,90.8,100,60.2,87.0,Healthy,57.0,28.4,No
202507,116,81.0,86.0,100,61.3,83.3,Healthy,57.0,30.8,No
202508,116,79.9,91.8,100,65.9,85.7,Healthy,57.0,29.3,No
202509,116,83.3,94.6,100,70.7,88.3,Healthy,57.0,27.5,No
202510,116,82.4,89.7,100,70.9,86.7,Healthy,57.0,28.6,No
202511,116,90.9,86.5,100,69.4,87.6,Healthy,57.0,28.0,No
202512,116,89.1,87.3,100,61.5,85.8,Healthy,57.0,29.2,No
202601,116,80.1,91.6,100,60.5,84.6,Healthy,57.0,30.0,No
202602,116,91.7,90.3,90.8,46.1,81.9,Healthy,57.0,31.7,No
202603,116,79.2,91.5,100,44.1,81.1,Healthy,57.0,32.3,No
202604,116,92.8,91.5,100,40.8,83.8,Healthy,57.0,30.5,No
202605,116,92.7,85.7,100,46.0,83.1,Healthy,57.0,30.9,No
202606,116,88.7,89.2,100,45.8,83.1,Healthy,57.0,31.0,No
202607,116,80.8,88.4,100,50.7,81.9,Healthy,57.0,31.7,No
202608,116,78.9,92.6,100,59.2,84.3,Healthy,57.0,30.1,No
202609,116,87.5,85.3,90.8,58.1,81.8,Healthy,57.0,31.8,No
202610,116,80.6,85.0,100,48.0,80.2,Healthy,57.0,32.8,No
202611,116,91.9,91.6,100,58.2,87.1,Healthy,57.0,28.3,No
202612,116,89.6,90.8,100,52.7,85.2,Healthy,57.0,29.6,No
202501,117,82.0,95.0,93.1,96.1,91.5,Healthy,80.5,33.7,No
202502,117,77.9,91.6,100,82.9,88.5,Healthy,80.5,35.6,No
202503,117,84.6,91.2,100,78.8,89.3,Healthy,80.5,35.1,No
202504,117,83.1,91.5,100,85.8,90.4,Healthy,80.5,34.4,No
202505,117,88.4,90.4,93.1,78.5,88.2,Healthy,80.5,35.8,No
202506,117,85.4,98.1,100,85.4,92.9,Healthy,80.5,32.8,No
202507,117,82.1,97.4,100,90.0,92.7,Healthy,80.5,32.9,No
202508,117,91.3,90.7,100,98.5,94.7,Healthy,80.5,31.6,No
202509,117,93.0,96.9,100,99.3,97.2,Healthy,80.5,30.0,No
202510,117,81.9,98.9,100,99.3,95.0,Healthy,80.5,31.4,No
202511,117,81.9,95.8,100,92.2,92.7,Healthy,80.5,32.9,No
202512,117,86.9,99.0,100,88.9,94.2,Healthy,80.5,31.9,No
202601,117,78.3,91.5,100,85.1,89.1,Healthy,80.5,35.3,No
202602,117,80.5,94.3,77.0,80.7,83.8,Healthy,80.5,38.7,No
202603,117,90.4,97.0,100,72.4,91.2,Healthy,80.5,33.9,No
202604,117,93.0,92.2,100,66.0,89.1,Healthy,80.5,35.2,No
202605,117,90.6,95.3,100,74.8,91.2,Healthy,80.5,33.9,No
202606,117,87.5,97.1,100,67.6,89.5,Healthy,80.5,35.0,No
202607,117,85.3,99.3,100,75.2,91.2,Healthy,80.5,33.9,No
202608,117,90.2,98.8,100,84.5,94.1,Healthy,80.5,32.0,No
202609,117,85.3,91.8,100,79.1,89.7,Healthy,80.5,34.9,No
202610,117,88.7,92.1,100,81.3,91.1,Healthy,80.5,34.0,No
202611,117,85.0,99.1,100,83.4,92.6,Healthy,80.5,33.0,No
202612,117,86.0,92.6,100,75.0,89.3,Healthy,80.5,35.2,No
202501,118,82.0,70.9,100,64.8,79.7,Watch,68.0,37.0,No
202502,118,82.0,66.1,100,55.9,76.5,Watch,68.0,39.1,No
202503,118,82.0,66.1,100,52.9,75.9,Watch,68.0,39.5,No
202504,118,82.0,66.5,100,50.4,75.5,Watch,68.0,39.7,No
202505,118,82.0,62.6,100,49.5,74.2,Watch,68.0,40.6,No
202506,118,82.0,63.5,65.5,54.1,66.7,Watch,68.0,45.4,No
202507,118,82.0,60.7,100,54.2,74.6,Watch,68.0,40.3,No
202508,118,82.0,61.4,100,59.0,75.7,Watch,68.0,39.6,No
202509,118,82.0,65.2,100,66.7,78.4,Watch,68.0,37.8,No
202510,118,82.0,62.7,100,63.5,77.0,Watch,68.0,38.7,No
202511,118,82.0,62.6,100,64.5,77.2,Watch,68.0,38.6,No
202512,118,82.0,63.1,100,55.3,75.5,Watch,68.0,39.7,No
202601,118,76.8,56.6,55.2,55.8,61.1,At Risk,68.0,49.1,No
202602,118,74.8,53.5,34.5,41.5,51.7,At Risk,68.0,55.2,No
202603,118,63.8,53.3,100,41.6,65.3,Watch,68.0,46.4,No
202604,118,74.5,54.9,100,37.7,67.6,Watch,68.0,44.9,No
202605,118,70.0,53.2,100,37.2,65.9,Watch,68.0,46.0,No
202606,118,65.6,58.4,100,37.9,66.5,Watch,68.0,45.6,No
202607,118,74.3,54.8,46.0,42.9,55.1,At Risk,68.0,53.0,No
202608,118,62.9,53.0,72.4,49.7,59.7,At Risk,68.0,50.0,No
202609,118,63.6,51.7,72.4,54.3,60.4,At Risk,68.0,49.5,No
202610,118,73.0,53.3,34.5,47.0,52.3,At Risk,68.0,54.8,No
202611,118,63.9,55.6,100,53.8,68.4,Watch,68.0,44.3,No
202612,118,61.1,56.7,100,48.7,67.0,Watch,68.0,45.2,No
202501,119,82.0,97.0,100,70.3,88.7,Healthy,72.0,32.6,No
202502,119,82.0,100,100,60.8,87.7,Healthy,72.0,33.2,No
202503,119,82.0,98.1,100,58.7,86.7,Healthy,72.0,33.9,No
202504,119,82.0,96.6,86.2,58.2,82.7,Healthy,72.0,36.5,No
202505,119,82.0,95.8,100,51.8,84.6,Healthy,72.0,35.2,No
202506,119,81.1,97.6,86.2,60.2,83.1,Healthy,72.0,36.2,No
202507,119,78.1,98.2,100,61.3,86.2,Healthy,72.0,34.1,No
202508,119,89.2,96.2,100,65.9,89.3,Healthy,72.0,32.1,No
202509,119,90.6,97.2,100,70.7,91.0,Healthy,72.0,31.1,No
202510,119,80.7,100,100,70.9,89.4,Healthy,72.0,32.1,No
202511,119,90.9,100,100,69.4,91.6,Healthy,72.0,30.6,No
202512,119,90.2,96.8,100,61.5,88.9,Healthy,72.0,32.4,No
202601,119,84.0,100,95.4,60.5,87.0,Healthy,72.0,33.7,No
202602,119,88.6,100,100,46.1,86.4,Healthy,72.0,34.1,No
202603,119,86.6,94.8,100,44.1,83.9,Healthy,72.0,35.7,No
202604,119,86.2,100,72.4,40.8,77.8,Watch,72.0,39.6,No
202605,119,83.1,100,100,46.0,85.0,Healthy,72.0,35.0,No
202606,119,86.7,100,100,45.8,85.8,Healthy,72.0,34.4,No
202607,119,83.3,95.6,100,50.7,84.7,Healthy,72.0,35.2,No
202608,119,84.3,97.9,100,59.2,87.3,Healthy,72.0,33.5,No
202609,119,89.8,100,100,58.1,89.1,Healthy,72.0,32.3,No
202610,119,83.6,95.2,100,48.0,84.0,Healthy,72.0,35.6,No
202611,119,86.2,98.1,100,58.2,87.6,Healthy,72.0,33.2,No
202612,119,85.7,97.5,100,52.7,86.2,Healthy,72.0,34.2,No
202501,120,82.0,95.3,95.4,67.0,86.4,Healthy,72.5,34.2,No
202502,120,82.0,94.3,100,56.7,85.1,Healthy,72.5,35.0,No
202503,120,82.0,88.0,100,54.4,82.8,Healthy,72.5,36.6,No
202504,120,82.0,93.3,100,47.1,82.9,Healthy,72.5,36.5,No
202505,120,82.0,89.1,100,50.7,82.4,Healthy,72.5,36.8,No
202506,120,82.0,89.0,100,51.1,82.4,Healthy,72.5,36.8,No
202507,120,82.0,91.4,100,59.2,84.8,Healthy,72.5,35.3,No
202508,120,82.0,92.2,100,58.3,84.8,Healthy,72.5,35.2,No
202509,120,82.0,91.8,100,65.9,86.2,Healthy,72.5,34.3,No
202510,120,82.0,94.3,100,64.8,86.7,Healthy,72.5,34.0,No
202511,120,82.0,88.4,100,63.3,84.7,Healthy,72.5,35.3,No
202512,120,82.0,92.2,100,54.2,84.0,Healthy,72.5,35.8,No
202601,120,82.0,93.4,100,56.6,84.8,Healthy,72.5,35.2,No
202602,120,92.3,87.3,100,46.7,83.6,Healthy,72.5,36.0,No
202603,120,86.1,93.4,100,45.0,83.5,Healthy,72.5,36.1,No
202604,120,91.2,88.3,100,38.2,81.9,Healthy,72.5,37.1,No
202605,120,90.1,91.2,72.4,36.8,75.3,Watch,72.5,41.4,No
202606,120,84.9,88.6,100,42.8,81.4,Healthy,72.5,37.5,No
202607,120,80.3,88.0,100,47.8,81.0,Healthy,72.5,37.7,No
202608,120,90.3,92.1,100,52.4,85.7,Healthy,72.5,34.7,No
202609,120,87.6,93.4,100,54.0,85.7,Healthy,72.5,34.7,No
202610,120,80.9,88.9,100,51.9,82.3,Healthy,72.5,36.9,No
202611,120,85.2,92.9,100,54.7,85.1,Healthy,72.5,35.0,No
202612,120,87.4,89.9,100,48.1,83.4,Healthy,72.5,36.1,No
202501,121,72.3,63.8,46.0,70.3,62.8,At Risk,85.5,54.1,No
202502,121,68.6,60.5,100,60.8,72.5,Watch,85.5,47.8,No
202503,121,57.3,54.9,46.0,58.7,54.0,At Risk,85.5,59.8,Yes
202504,121,65.0,56.1,100,58.2,69.7,Watch,85.5,49.6,No
202505,121,67.7,54.7,100,51.8,68.7,Watch,85.5,50.3,No
202506,121,61.5,52.6,100,60.2,68.2,Watch,85.5,50.6,No
202507,121,64.2,53.5,100,61.3,69.4,Watch,85.5,49.8,No
202508,121,67.4,56.9,100,65.9,72.1,Watch,85.5,48.1,No
202509,121,60.7,53.9,100,70.7,70.5,Watch,85.5,49.1,No
202510,121,70.7,52.8,100,70.9,72.7,Watch,85.5,47.7,No
202511,121,59.9,51.1,100,69.4,69.2,Watch,85.5,50.0,No
202512,121,58.8,51.3,100,61.5,67.4,Watch,85.5,51.1,No
202601,121,62.3,52.6,46.0,60.5,54.9,At Risk,85.5,59.2,Yes
202602,121,63.4,48.2,65.5,46.1,55.9,At Risk,85.5,58.6,Yes
202603,121,63.3,63.1,100,44.1,68.6,Watch,85.5,50.3,No
202604,121,66.1,64.6,100,40.8,69.1,Watch,85.5,50.0,No
202605,121,65.9,71.4,65.5,46.0,63.5,At Risk,85.5,53.7,No
202606,121,68.3,75.3,77.0,45.8,68.1,Watch,85.5,50.7,No
202607,121,66.0,74.9,100,50.7,74.1,Watch,85.5,46.8,No
202608,121,68.9,78.9,11.5,59.2,55.6,At Risk,85.5,58.8,Yes
202609,121,68.7,83.0,100,58.1,78.7,Watch,85.5,43.8,No
202610,121,71.7,86.4,100,48.0,78.4,Watch,85.5,44.0,No
202611,121,72.4,93.0,100,58.2,82.7,Healthy,85.5,41.2,No
202612,121,73.1,93.2,100,52.7,81.8,Healthy,85.5,41.8,No
202501,122,82.0,96.9,100,74.2,89.4,Healthy,52.5,25.3,No
202502,122,82.0,99.2,100,67.6,88.8,Healthy,52.5,25.7,No
202503,122,82.0,91.6,100,65.1,86.0,Healthy,52.5,27.5,No
202504,122,82.0,94.6,95.4,64.3,85.6,Healthy,52.5,27.7,No
202505,122,82.0,95.4,100,58.0,85.7,Healthy,52.5,27.7,No
202506,122,82.0,93.9,100,63.5,86.4,Healthy,52.5,27.2,No
202507,122,82.0,95.3,100,63.7,86.8,Healthy,52.5,26.9,No
202508,122,82.0,95.6,100,73.2,88.8,Healthy,52.5,25.6,No
202509,122,82.0,97.2,90.8,75.6,87.5,Healthy,52.5,26.5,No
202510,122,82.0,95.2,100,74.3,88.9,Healthy,52.5,25.6,No
202511,122,81.4,91.7,100,74.5,87.8,Healthy,52.5,26.3,No
202512,122,85.7,98.8,100,63.4,88.7,Healthy,52.5,25.7,No
202601,122,78.4,91.5,100,60.0,84.1,Healthy,52.5,28.7,No
202602,122,84.3,98.3,100,56.6,86.9,Healthy,52.5,26.9,No
202603,122,88.4,93.0,100,51.0,85.2,Healthy,52.5,28.0,No
202604,122,81.9,96.6,90.8,46.9,81.5,Healthy,52.5,30.4,No
202605,122,81.5,92.3,100,49.6,83.0,Healthy,52.5,29.4,No
202606,122,83.8,95.8,100,55.2,85.7,Healthy,52.5,27.7,No
202607,122,84.8,98.5,100,54.8,86.7,Healthy,52.5,27.0,No
202608,122,90.0,96.3,100,57.8,88.0,Healthy,52.5,26.2,No
202609,122,84.0,95.7,100,64.0,87.5,Healthy,52.5,26.5,No
202610,122,89.5,96.5,100,54.2,87.2,Healthy,52.5,26.7,No
202611,122,83.0,98.0,100,62.5,87.6,Healthy,52.5,26.4,No
202612,122,85.3,96.2,100,55.4,86.3,Healthy,52.5,27.3,No
202501,123,82.0,100,100,92.2,93.9,Healthy,75.0,30.2,No
202502,123,82.0,100,90.8,85.9,90.4,Healthy,75.0,32.5,No
202503,123,82.0,97.3,100,77.9,90.3,Healthy,75.0,32.6,No
202504,123,82.0,97.6,97.7,81.8,90.6,Healthy,75.0,32.4,No
202505,123,82.0,97.1,100,77.1,90.1,Healthy,75.0,32.7,No
202506,123,82.0,100,100,85.1,92.5,Healthy,75.0,31.1,No
202507,123,82.0,96.7,100,85.3,91.6,Healthy,75.0,31.7,No
202508,123,82.0,98.5,100,90.1,93.1,Healthy,75.0,30.7,No
202509,123,88.5,95.7,100,92.1,94.3,Healthy,75.0,30.0,No
202510,123,91.2,95.0,100,98.2,96.0,Healthy,75.0,28.9,No
202511,123,80.9,95.3,100,92.4,92.3,Healthy,75.0,31.3,No
202512,123,90.3,99.9,100,88.2,95.2,Healthy,75.0,29.4,No
202601,123,87.8,95.4,100,83.8,92.3,Healthy,75.0,31.2,No
202602,123,92.5,100,100,73.3,92.8,Healthy,75.0,30.9,No
202603,123,84.7,97.7,100,71.9,89.9,Healthy,75.0,32.8,No
202604,123,85.7,97.6,100,67.7,89.2,Healthy,75.0,33.2,No
202605,123,77.9,100,100,69.7,88.4,Healthy,75.0,33.8,No
202606,123,78.4,96.9,100,67.9,87.3,Healthy,75.0,34.5,No
202607,123,88.8,94.9,100,71.8,90.0,Healthy,75.0,32.7,No
202608,123,81.3,94.8,100,81.9,90.1,Healthy,75.0,32.7,No
202609,123,77.8,98.6,100,80.4,90.1,Healthy,75.0,32.7,No
202610,123,91.9,100,100,83.0,94.6,Healthy,75.0,29.8,No
202611,123,78.7,98.9,100,78.0,89.9,Healthy,75.0,32.8,No
202612,123,79.0,98.8,100,72.5,88.9,Healthy,75.0,33.5,No
202501,124,83.5,97.5,100,64.8,88.1,Healthy,73.0,33.3,No
202502,124,84.2,100,100,55.9,87.2,Healthy,73.0,33.8,No
202503,124,77.5,98.3,100,52.9,84.4,Healthy,73.0,35.7,No
202504,124,88.7,97.7,100,50.4,86.6,Healthy,73.0,34.3,No
202505,124,84.1,92.3,100,49.5,83.6,Healthy,73.0,36.2,No
202506,124,85.0,92.2,100,54.1,84.7,Healthy,73.0,35.5,No
202507,124,78.6,98.5,100,54.2,85.0,Healthy,73.0,35.3,No
202508,124,89.5,95.0,100,59.0,87.7,Healthy,73.0,33.6,No
202509,124,86.5,100,95.4,66.7,88.8,Healthy,73.0,32.8,No
202510,124,78.2,94.9,100,63.5,85.7,Healthy,73.0,34.8,No
202511,124,85.3,97.3,100,64.5,88.4,Healthy,73.0,33.1,No
202512,124,88.9,98.0,100,55.3,87.7,Healthy,73.0,33.5,No
202601,124,78.7,93.9,100,55.8,84.0,Healthy,73.0,35.9,No
202602,124,82.0,93.7,100,41.5,81.9,Healthy,73.0,37.3,No
202603,124,92.8,91.5,100,41.6,84.0,Healthy,73.0,36.0,No
202604,124,92.3,91.1,100,37.7,82.9,Healthy,73.0,36.6,No
202605,124,84.5,99.4,100,37.2,83.4,Healthy,73.0,36.4,No
202606,124,86.0,93.5,100,37.9,82.1,Healthy,73.0,37.2,No
202607,124,84.9,95.9,100,42.9,83.6,Healthy,73.0,36.2,No
202608,124,82.3,96.8,100,49.7,84.6,Healthy,73.0,35.6,No
202609,124,87.2,93.4,100,54.3,85.7,Healthy,73.0,34.9,No
202610,124,87.0,97.3,100,47.0,85.3,Healthy,73.0,35.1,No
202611,124,88.2,95.0,100,53.8,86.3,Healthy,73.0,34.4,No
202612,124,81.4,97.1,100,48.7,84.2,Healthy,73.0,35.8,No
202501,125,54.2,88.3,100,70.3,79.1,Watch,61.0,34.9,No
202502,125,55.7,84.6,100,60.8,76.5,Watch,61.0,36.6,No
202503,125,47.0,83.9,72.4,58.7,66.7,Watch,61.0,43.0,No
202504,125,59.8,88.9,100,58.2,78.3,Watch,61.0,35.5,No
202505,125,55.6,91.3,72.4,51.8,69.7,Watch,61.0,41.0,No
202506,125,53.0,85.9,100,60.2,76.1,Watch,61.0,36.9,No
202507,125,54.7,88.0,100,61.3,77.3,Watch,61.0,36.1,No
202508,125,66.2,90.8,100,65.9,82.0,Healthy,61.0,33.1,No
202509,125,57.6,89.7,100,70.7,80.4,Healthy,61.0,34.1,No
202510,125,54.0,87.2,100,70.9,78.8,Watch,61.0,35.1,No
202511,125,57.1,91.2,65.5,69.4,71.9,Watch,61.0,39.6,No
202512,125,52.4,85.1,100,61.5,75.9,Watch,61.0,37.0,No
202601,125,59.0,89.6,100,60.5,78.7,Watch,61.0,35.2,No
202602,125,56.6,90.5,100,46.1,75.5,Watch,61.0,37.3,No
202603,125,53.3,86.2,100,44.1,73.0,Watch,61.0,38.9,No
202604,125,58.7,84.1,100,40.8,73.1,Watch,61.0,38.9,No
202605,125,57.8,90.1,100,46.0,75.7,Watch,61.0,37.2,No
202606,125,57.8,85.1,100,45.8,74.1,Watch,61.0,38.2,No
202607,125,65.6,87.2,100,50.7,77.7,Watch,61.0,35.8,No
202608,125,56.4,90.3,81.6,59.2,73.4,Watch,61.0,38.6,No
202609,125,61.6,89.3,100,58.1,78.8,Watch,61.0,35.1,No
202610,125,57.2,89.3,100,48.0,75.7,Watch,61.0,37.2,No
202611,125,60.0,87.4,100,58.2,77.9,Watch,61.0,35.7,No
202612,125,67.4,83.4,100,52.7,77.4,Watch,61.0,36.0,No
202501,126,82.0,95.9,86.2,64.8,83.8,Healthy,73.5,36.3,No
202502,126,82.0,96.1,100,55.9,85.5,Healthy,73.5,35.2,No
202503,126,82.0,90.6,81.6,52.9,78.7,Watch,73.5,39.6,No
202504,126,79.5,90.4,100,50.4,82.1,Healthy,73.5,37.4,No
202505,126,92.9,96.7,100,49.5,87.1,Healthy,73.5,34.1,No
202506,126,82.2,91.5,100,54.1,83.8,Healthy,73.5,36.3,No
202507,126,88.8,89.2,100,54.2,84.8,Healthy,73.5,35.6,No
202508,126,78.8,94.7,100,59.0,84.9,Healthy,73.5,35.5,No
202509,126,81.8,91.1,100,66.7,86.1,Healthy,73.5,34.8,No
202510,126,82.8,91.8,100,63.5,85.9,Healthy,73.5,34.9,No
202511,126,78.0,90.3,100,64.5,84.5,Healthy,73.5,35.8,No
202512,126,80.8,91.4,100,55.3,83.7,Healthy,73.5,36.3,No
202601,126,89.4,92.6,79.3,55.8,81.1,Healthy,73.5,38.0,No
202602,126,89.7,87.8,100,41.5,82.1,Healthy,73.5,37.4,No
202603,126,83.7,93.1,100,41.6,82.2,Healthy,73.5,37.3,No
202604,126,85.5,88.6,100,37.7,80.5,Healthy,73.5,38.4,No
202605,126,91.8,92.9,100,37.2,83.3,Healthy,73.5,36.6,No
202606,126,93.0,95.6,100,37.9,84.5,Healthy,73.5,35.8,No
202607,126,82.7,88.8,100,42.9,80.9,Healthy,73.5,38.1,No
202608,126,90.8,94.7,100,49.7,86.0,Healthy,73.5,34.8,No
202609,126,84.0,97.1,100,54.3,86.0,Healthy,73.5,34.8,No
202610,126,86.5,91.9,100,47.0,83.6,Healthy,73.5,36.4,No
202611,126,84.1,94.9,86.2,53.8,81.8,Healthy,73.5,37.6,No
202612,126,84.2,93.4,100,48.7,83.8,Healthy,73.5,36.3,No
202501,127,87.8,99.1,100,93.9,95.5,Healthy,74.0,28.9,No
202502,127,87.9,99.3,100,85.2,93.8,Healthy,74.0,29.9,No
202503,127,82.0,92.7,100,77.4,88.8,Healthy,74.0,33.2,No
202504,127,81.9,92.5,90.8,83.7,87.7,Healthy,74.0,33.9,No
202505,127,91.2,98.4,100,75.5,92.4,Healthy,74.0,30.8,No
202506,127,80.3,90.8,100,87.7,89.9,Healthy,74.0,32.5,No
202507,127,85.5,96.3,100,85.0,92.3,Healthy,74.0,30.9,No
202508,127,84.2,91.8,100,94.7,92.5,Healthy,74.0,30.8,No
202509,127,85.5,96.1,100,95.1,94.3,Healthy,74.0,29.6,No
202510,127,82.3,93.0,100,95.3,92.5,Healthy,74.0,30.8,No
202511,127,80.9,91.4,100,92.8,91.2,Healthy,74.0,31.6,No
202512,127,86.3,97.4,100,88.1,93.4,Healthy,74.0,30.2,No
202601,127,91.7,99.5,100,86.5,95.1,Healthy,74.0,29.1,No
202602,127,90.1,93.9,100,77.9,91.3,Healthy,74.0,31.6,No
202603,127,83.6,94.1,100,75.2,89.2,Healthy,74.0,32.9,No
202604,127,89.6,94.7,100,67.1,89.2,Healthy,74.0,32.9,No
202605,127,92.7,95.4,100,69.6,90.7,Healthy,74.0,32.0,No
202606,127,89.0,94.2,100,69.2,89.3,Healthy,74.0,32.8,No
202607,127,85.0,92.0,100,73.1,88.5,Healthy,74.0,33.4,No
202608,127,88.2,99.6,100,82.9,93.5,Healthy,74.0,30.1,No
202609,127,83.5,94.3,100,79.8,90.1,Healthy,74.0,32.3,No
202610,127,82.9,93.7,100,86.8,91.2,Healthy,74.0,31.6,No
202611,127,82.8,93.5,100,82.4,90.2,Healthy,74.0,32.2,No
202612,127,88.9,91.1,90.8,78.5,87.9,Healthy,74.0,33.7,No
202501,128,78.2,57.4,100,70.3,75.8,Watch,85.5,45.6,No
202502,128,62.9,51.1,100,60.8,68.2,Watch,85.5,50.6,No
202503,128,63.5,55.9,100,58.7,69.4,Watch,85.5,49.8,No
202504,128,59.7,52.9,100,58.2,67.4,Watch,85.5,51.1,No
202505,128,61.8,51.0,100,51.8,66.1,Watch,85.5,51.9,No
202506,128,73.6,51.3,100,60.2,70.8,Watch,85.5,48.9,No
202507,128,74.2,50.7,100,61.3,71.0,Watch,85.5,48.8,No
202508,128,64.3,52.4,0,65.9,45.0,Critical,85.5,65.7,Yes
202509,128,78.2,54.1,100,70.7,74.9,Watch,85.5,46.2,No
202510,128,71.6,51.0,100,70.9,72.4,Watch,85.5,47.9,No
202511,128,76.9,47.9,100,69.4,72.5,Watch,85.5,47.8,No
202512,128,63.8,46.4,100,61.5,67.2,Watch,85.5,51.3,No
202601,128,74.4,49.3,100,60.5,70.5,Watch,85.5,49.1,No
202602,128,76.1,46.4,55.2,46.1,56.0,At Risk,85.5,58.6,Yes
202603,128,73.4,47.7,46.0,44.1,53.0,At Risk,85.5,60.5,Yes
202604,128,75.6,42.8,100,40.8,64.9,At Risk,85.5,52.7,No
202605,128,64.2,48.7,46.0,46.0,51.4,At Risk,85.5,61.5,Yes
202606,128,78.7,46.0,34.5,45.8,51.3,At Risk,85.5,61.6,Yes
202607,128,73.9,46.2,100,50.7,67.5,Watch,85.5,51.1,No
202608,128,76.1,47.5,100,59.2,70.1,Watch,85.5,49.4,No
202609,128,67.4,48.2,100,58.1,67.9,Watch,85.5,50.8,No
202610,128,75.7,38.6,100,48.0,65.1,Watch,85.5,52.6,No
202611,128,67.0,39.7,100,58.2,65.3,Watch,85.5,52.5,No
202612,128,60.3,42.3,34.5,52.7,46.9,Critical,85.5,64.4,Yes
202501,129,82.0,59.3,100,70.3,77.3,Watch,81.0,43.1,No
202502,129,82.0,56.9,100,60.8,74.8,Watch,81.0,44.8,No
202503,129,82.0,58.2,100,58.7,74.7,Watch,81.0,44.8,No
202504,129,68.4,60.6,72.4,58.2,65.0,Watch,81.0,51.1,No
202505,129,63.6,56.1,72.4,51.8,61.2,At Risk,81.0,53.6,No
202506,129,71.0,57.8,100,60.2,72.1,Watch,81.0,46.5,No
202507,129,67.4,54.8,100,61.3,70.5,Watch,81.0,47.5,No
202508,129,63.8,54.2,100,65.9,70.4,Watch,81.0,47.6,No
202509,129,66.3,58.6,100,70.7,73.3,Watch,81.0,45.7,No
202510,129,58.6,51.8,100,70.9,69.4,Watch,81.0,48.3,No
202511,129,68.0,52.1,100,69.4,71.5,Watch,81.0,46.9,No
202512,129,66.4,49.3,100,61.5,68.7,Watch,81.0,48.7,No
202601,129,71.0,48.2,100,60.5,69.3,Watch,81.0,48.3,No
202602,129,71.1,52.1,100,46.1,67.6,Watch,81.0,49.4,No
202603,129,64.2,65.8,100,44.1,69.6,Watch,81.0,48.1,No
202604,129,65.5,67.7,79.3,40.8,64.7,At Risk,81.0,51.3,No
202605,129,66.2,72.7,100,46.0,72.6,Watch,81.0,46.2,No
202606,129,65.1,75.0,100,45.8,72.9,Watch,81.0,45.9,No
202607,129,69.0,75.4,100,50.7,75.0,Watch,81.0,44.6,No
202608,129,69.6,82.7,100,59.2,79.0,Watch,81.0,42.0,No
202609,129,72.8,83.0,100,58.1,79.7,Watch,81.0,41.5,No
202610,129,71.8,85.9,100,48.0,78.3,Watch,81.0,42.4,No
202611,129,70.7,89.5,55.2,58.2,70.0,Watch,81.0,47.9,No
202612,129,75.8,93.2,100,52.7,82.5,Healthy,81.0,39.8,No
202501,130,68.2,51.2,100,70.3,71.5,Watch,55.5,38.0,No
202502,130,68.7,48.2,100,60.8,68.8,Watch,55.5,39.7,No
202503,130,70.6,49.5,100,58.7,69.2,Watch,55.5,39.4,No
202504,130,60.3,53.3,100,58.2,67.7,Watch,55.5,40.4,No
202505,130,71.3,50.5,100,51.8,68.3,Watch,55.5,40.0,No
202506,130,66.0,45.5,100,60.2,67.2,Watch,55.5,40.8,No
202507,130,63.5,49.3,100,61.3,67.9,Watch,55.5,40.3,No
202508,130,69.5,48.4,100,65.9,70.1,Watch,55.5,38.9,No
202509,130,75.1,46.6,100,70.7,71.9,Watch,55.5,37.7,No
202510,130,78.0,48.4,100,70.9,73.2,Watch,55.5,36.8,No
202511,130,67.3,44.4,65.5,69.4,60.4,At Risk,55.5,45.2,No
202512,130,67.3,45.4,100,61.5,67.8,Watch,55.5,40.4,No
202601,130,73.4,46.7,65.5,60.5,60.9,At Risk,55.5,44.9,No
202602,130,66.6,41.9,100,46.1,63.4,At Risk,55.5,43.2,No
202603,130,76.3,39.9,100,44.1,64.9,At Risk,55.5,42.3,No
202604,130,77.4,42.0,100,40.8,65.1,Watch,55.5,42.1,No
202605,130,64.9,41.1,100,46.0,62.7,At Risk,55.5,43.6,No
202606,130,66.4,38.8,100,45.8,62.4,At Risk,55.5,43.9,No
202607,130,62.4,37.1,100,50.7,61.9,At Risk,55.5,44.2,No
202608,130,78.5,42.4,55.2,59.2,58.0,At Risk,55.5,46.8,No
202609,130,75.4,43.6,100,58.1,68.6,Watch,55.5,39.9,No
202610,130,66.1,37.4,46.0,48.0,48.8,Critical,55.5,52.7,No
202611,130,67.0,42.7,100,58.2,66.2,Watch,55.5,41.4,No
202612,130,59.7,36.9,55.2,52.7,50.3,At Risk,55.5,51.7,No
202501,131,82.0,96.8,100,70.3,88.6,Healthy,80.5,35.6,No
202502,131,82.0,95.1,100,60.8,86.2,Healthy,80.5,37.2,No
202503,131,82.0,88.9,100,58.7,83.9,Healthy,80.5,38.6,No
202504,131,82.0,90.4,100,58.2,84.3,Healthy,80.5,38.4,No
202505,131,82.0,93.7,100,51.8,84.0,Healthy,80.5,38.6,No
202506,131,82.0,96.1,100,60.2,86.4,Healthy,80.5,37.0,No
202507,131,82.0,90.9,100,61.3,85.0,Healthy,80.5,37.9,No
202508,131,87.1,95.7,100,65.9,88.7,Healthy,80.5,35.5,No
202509,131,87.6,89.7,100,70.7,88.0,Healthy,80.5,36.0,No
202510,131,77.6,90.7,100,70.9,85.8,Healthy,80.5,37.4,No
202511,131,90.5,94.9,100,69.4,90.0,Healthy,80.5,34.7,No
202512,131,79.2,91.2,100,61.5,84.5,Healthy,80.5,38.3,No
202601,131,78.7,90.8,100,60.5,84.0,Healthy,80.5,38.6,No
202602,131,83.0,88.2,100,46.1,81.4,Healthy,80.5,40.2,No
202603,131,81.6,92.6,95.4,44.1,80.8,Healthy,80.5,40.6,No
202604,131,87.7,91.3,100,40.8,82.5,Healthy,80.5,39.6,No
202605,131,90.6,92.3,100,46.0,84.5,Healthy,80.5,38.2,No
202606,131,80.3,87.9,100,45.8,80.6,Healthy,80.5,40.8,No
202607,131,88.8,90.4,100,50.7,84.4,Healthy,80.5,38.3,No
202608,131,80.1,90.0,100,59.2,83.9,Healthy,80.5,38.7,No
202609,131,92.9,92.3,100,58.1,87.5,Healthy,80.5,36.3,No
202610,131,81.5,88.4,100,48.0,81.5,Healthy,80.5,40.2,No
202611,131,86.4,92.0,100,58.2,85.8,Healthy,80.5,37.4,No
202612,131,86.0,91.7,100,52.7,84.5,Healthy,80.5,38.2,No
202501,132,67.1,48.7,65.5,70.3,61.8,At Risk,74.0,50.7,No
202502,132,70.3,51.6,46.0,60.8,56.7,At Risk,74.0,54.0,No
202503,132,77.1,48.0,100,58.7,70.4,Watch,74.0,45.1,No
202504,132,60.6,44.4,100,58.2,65.1,Watch,74.0,48.6,No
202505,132,74.2,45.8,100,51.8,67.7,Watch,74.0,46.9,No
202506,132,67.0,42.3,100,60.2,66.5,Watch,74.0,47.7,No
202507,132,62.2,43.5,100,61.3,65.9,Watch,74.0,48.1,No
202508,132,64.3,48.7,100,65.9,68.9,Watch,74.0,46.1,No
202509,132,65.0,44.8,100,70.7,68.8,Watch,74.0,46.2,No
202510,132,76.8,41.6,100,70.9,70.9,Watch,74.0,44.8,No
202511,132,76.6,40.7,46.0,69.4,56.7,At Risk,74.0,54.0,No
202512,132,64.6,39.1,100,61.5,65.2,Watch,74.0,48.5,No
202601,132,76.3,40.4,100,60.5,68.3,Watch,74.0,46.5,No
202602,132,75.7,40.4,34.5,46.1,48.9,Critical,74.0,59.1,Yes
202603,132,65.5,39.1,100,44.1,61.9,At Risk,74.0,50.6,No
202604,132,60.8,35.6,100,40.8,59.1,At Risk,74.0,52.5,No
202605,132,75.3,42.0,100,46.0,65.6,Watch,74.0,48.2,No
202606,132,60.9,36.2,46.0,45.8,46.8,Critical,74.0,60.5,Yes
202607,132,59.9,35.9,100,50.7,60.9,At Risk,74.0,51.3,No
202608,132,66.4,36.6,100,59.2,64.4,At Risk,74.0,49.0,No
202609,132,61.3,36.1,46.0,58.1,49.3,Critical,74.0,58.9,Yes
202610,132,76.0,35.0,100,48.0,64.1,At Risk,74.0,49.2,No
202611,132,77.2,40.2,46.0,58.2,54.5,At Risk,74.0,55.5,No
202612,132,67.3,31.8,100,52.7,61.9,At Risk,74.0,50.7,No
202501,133,82.9,86.3,100,64.8,84.6,Healthy,94.0,42.9,No
202502,133,83.5,93.0,100,55.9,84.9,Healthy,94.0,42.7,No
202503,133,81.6,93.3,100,52.9,84.0,Healthy,94.0,43.3,No
202504,133,87.8,89.5,100,50.4,83.9,Healthy,94.0,43.4,No
202505,133,85.6,91.7,100,49.5,83.8,Healthy,94.0,43.4,No
202506,133,89.0,87.6,100,54.1,84.3,Healthy,94.0,43.1,No
202507,133,80.1,85.3,100,54.2,81.5,Healthy,94.0,44.9,No
202508,133,92.9,92.2,100,59.0,87.7,Healthy,94.0,40.9,No
202509,133,85.3,89.2,100,66.7,86.4,Healthy,94.0,41.7,No
202510,133,77.9,85.7,100,63.5,82.9,Healthy,94.0,44.0,No
202511,133,86.6,90.2,86.2,64.5,83.1,Healthy,94.0,43.9,No
202512,133,80.3,85.1,100,55.3,81.7,Healthy,94.0,44.8,No
202601,133,87.0,86.4,100,55.8,83.8,Healthy,94.0,43.4,No
202602,133,84.2,85.9,79.3,41.5,74.9,Watch,94.0,49.2,No
202603,133,77.6,91.8,100,41.6,80.3,Healthy,94.0,45.7,No
202604,133,92.5,86.6,100,37.7,81.6,Healthy,94.0,44.8,No
202605,133,79.8,90.4,100,37.2,79.5,Watch,94.0,46.2,No
202606,133,79.6,83.8,100,37.9,77.6,Watch,94.0,47.4,No
202607,133,88.2,89.7,100,42.9,82.5,Healthy,94.0,44.3,No
202608,133,80.1,92.4,100,49.7,82.7,Healthy,94.0,44.2,No
202609,133,87.8,90.8,100,54.3,85.0,Healthy,94.0,42.6,No
202610,133,83.4,91.9,100,47.0,82.8,Healthy,94.0,44.1,No
202611,133,84.5,86.9,100,53.8,83.0,Healthy,94.0,44.0,No
202612,133,81.8,92.5,100,48.7,82.9,Healthy,94.0,44.0,No
202501,134,82.0,91.6,100,74.2,87.8,Healthy,63.5,30.1,No
202502,134,82.0,96.7,100,67.6,88.0,Healthy,63.5,30.0,No
202503,134,82.0,92.5,100,65.1,86.3,Healthy,63.5,31.1,No
202504,134,82.0,92.6,100,64.3,86.2,Healthy,63.5,31.2,No
202505,134,82.0,90.9,100,58.0,84.4,Healthy,63.5,32.4,No
202506,134,82.0,93.5,100,63.5,86.3,Healthy,63.5,31.2,No
202507,134,80.8,97.3,100,63.7,87.1,Healthy,63.5,30.6,No
202508,134,82.1,97.6,100,73.2,89.5,Healthy,63.5,29.1,No
202509,134,79.8,90.9,100,75.6,87.3,Healthy,63.5,30.4,No
202510,134,81.7,90.5,100,74.3,87.4,Healthy,63.5,30.4,No
202511,134,81.8,95.8,86.2,74.5,85.6,Healthy,63.5,31.6,No
202512,134,78.1,94.5,100,63.4,85.6,Healthy,63.5,31.6,No
202601,134,86.8,94.4,79.3,60.0,81.8,Healthy,63.5,34.0,No
202602,134,88.3,92.0,100,56.6,86.0,Healthy,63.5,31.3,No
202603,134,93.0,96.2,100,51.0,87.3,Healthy,63.5,30.5,No
202604,134,81.4,91.7,100,46.9,82.3,Healthy,63.5,33.8,No
202605,134,81.4,88.6,100,49.6,81.9,Healthy,63.5,34.0,No
202606,134,82.8,93.7,100,55.2,84.8,Healthy,63.5,32.1,No
202607,134,78.1,89.5,100,54.8,82.3,Healthy,63.5,33.7,No
202608,134,85.1,95.3,100,57.8,86.4,Healthy,63.5,31.0,No
202609,134,83.2,89.3,100,64.0,85.4,Healthy,63.5,31.7,No
202610,134,80.3,91.4,81.6,54.2,78.7,Watch,63.5,36.1,No
202611,134,93.2,93.1,100,62.5,88.7,Healthy,63.5,29.5,No
202612,134,77.9,93.2,100,55.4,83.5,Healthy,63.5,32.9,No
202501,135,52.9,94.2,100,64.8,79.5,Watch,72.0,38.6,No
202502,135,57.4,93.7,86.2,55.9,75.2,Watch,72.0,41.3,No
202503,135,59.0,96.4,100,52.9,79.2,Watch,72.0,38.7,No
202504,135,52.0,98.1,100,50.4,77.5,Watch,72.0,39.8,No
202505,135,53.6,94.4,100,49.5,76.6,Watch,72.0,40.4,No
202506,135,64.3,96.7,100,54.1,80.9,Healthy,72.0,37.6,No
202507,135,53.2,91.7,100,54.2,76.7,Watch,72.0,40.4,No
202508,135,55.4,96.7,100,59.0,79.7,Watch,72.0,38.4,No
202509,135,51.8,96.2,100,66.7,80.2,Healthy,72.0,38.1,No
202510,135,68.5,95.0,100,63.5,83.3,Healthy,72.0,36.0,No
202511,135,64.5,93.3,55.2,64.5,70.8,Watch,72.0,44.2,No
202512,135,49.9,97.5,100,55.3,77.8,Watch,72.0,39.6,No
202601,135,56.6,96.7,81.6,55.8,74.7,Watch,72.0,41.6,No
202602,135,52.9,92.1,100,41.5,74.1,Watch,72.0,42.0,No
202603,135,68.4,95.3,65.5,41.6,70.4,Watch,72.0,44.5,No
202604,135,63.5,93.8,100,37.7,76.5,Watch,72.0,40.4,No
202605,135,61.1,91.1,46.0,37.2,61.5,At Risk,72.0,50.2,No
202606,135,68.9,92.1,81.6,37.9,72.8,Watch,72.0,42.9,No
202607,135,55.5,93.4,100,42.9,75.5,Watch,72.0,41.1,No
202608,135,66.6,96.1,100,49.7,80.4,Healthy,72.0,37.9,No
202609,135,54.0,91.4,100,54.3,76.8,Watch,72.0,40.3,No
202610,135,63.1,96.2,100,47.0,79.0,Watch,72.0,38.8,No
202611,135,66.2,92.9,100,53.8,80.2,Healthy,72.0,38.1,No
202612,135,59.0,98.0,100,48.7,78.9,Watch,72.0,38.9,No
202501,136,68.9,88.3,100,70.3,82.8,Healthy,59.5,32.0,No
202502,136,58.3,85.9,100,60.8,77.5,Watch,59.5,35.4,No
202503,136,47.1,86.3,100,58.7,74.4,Watch,59.5,37.5,No
202504,136,50.5,83.6,100,58.2,74.4,Watch,59.5,37.5,No
202505,136,65.3,83.1,100,51.8,76.6,Watch,59.5,36.0,No
202506,136,62.5,80.6,100,60.2,76.8,Watch,59.5,35.9,No
202507,136,52.0,82.2,65.5,61.3,66.3,Watch,59.5,42.7,No
202508,136,64.9,84.1,100,65.9,79.6,Watch,59.5,34.1,No
202509,136,52.2,81.0,100,70.7,76.5,Watch,59.5,36.1,No
202510,136,49.9,81.5,72.4,70.9,69.2,Watch,59.5,40.8,No
202511,136,54.3,87.2,81.6,69.4,74.0,Watch,59.5,37.7,No
202512,136,61.6,83.5,100,61.5,77.7,Watch,59.5,35.3,No
202601,136,67.8,87.8,100,60.5,80.4,Healthy,59.5,33.6,No
202602,136,53.8,86.5,100,46.1,73.6,Watch,59.5,38.0,No
202603,136,63.1,79.0,100,44.1,73.3,Watch,59.5,38.2,No
202604,136,54.6,80.3,100,40.8,70.9,Watch,59.5,39.7,No
202605,136,63.7,85.1,100,46.0,75.7,Watch,59.5,36.6,No
202606,136,52.3,84.6,72.4,45.8,65.7,Watch,59.5,43.1,No
202607,136,64.4,82.1,100,50.7,75.8,Watch,59.5,36.5,No
202608,136,53.5,81.3,100,59.2,74.6,Watch,59.5,37.3,No
202609,136,52.5,84.8,100,58.1,75.2,Watch,59.5,37.0,No
202610,136,48.8,80.0,100,48.0,70.8,Watch,59.5,39.8,No
202611,136,67.3,88.1,100,58.2,79.9,Watch,59.5,33.9,No
202612,136,64.2,81.7,100,52.7,76.1,Watch,59.5,36.4,No
202501,137,66.2,67.1,100,74.2,76.5,Watch,59.5,36.1,No
202502,137,78.7,60.6,100,67.6,76.4,Watch,59.5,36.2,No
202503,137,67.8,59.0,100,65.1,72.7,Watch,59.5,38.6,No
202504,137,63.4,57.9,100,64.3,71.1,Watch,59.5,39.6,No
202505,137,68.2,58.4,100,58.0,71.2,Watch,59.5,39.6,No
202506,137,61.3,58.8,100,63.5,70.7,Watch,59.5,39.9,No
202507,137,73.9,59.0,100,63.7,73.9,Watch,59.5,37.8,No
202508,137,71.5,62.2,100,73.2,76.2,Watch,59.5,36.3,No
202509,137,70.6,60.1,46.0,75.6,62.3,At Risk,59.5,45.3,No
202510,137,70.0,62.3,100,74.3,76.0,Watch,59.5,36.4,No
202511,137,61.6,59.7,100,74.5,73.2,Watch,59.5,38.2,No
202512,137,67.9,57.1,100,63.4,71.8,Watch,59.5,39.2,No
202601,137,74.7,56.3,0,60.0,47.6,Critical,59.5,54.9,No
202602,137,76.3,56.7,100,56.6,72.4,Watch,59.5,38.8,No
202603,137,67.2,50.3,100,51.0,67.1,Watch,59.5,42.2,No
202604,137,62.4,51.7,100,46.9,65.5,Watch,59.5,43.3,No
202605,137,65.3,56.4,46.0,49.6,54.7,At Risk,59.5,50.3,No
202606,137,61.4,54.1,100,55.2,67.6,Watch,59.5,41.9,No
202607,137,66.9,55.9,100,54.8,69.4,Watch,59.5,40.7,No
202608,137,76.4,51.6,72.4,57.8,64.2,At Risk,59.5,44.1,No
202609,137,60.9,55.3,0,64.0,44.6,Critical,59.5,56.8,No
202610,137,72.1,48.6,46.0,54.2,54.9,At Risk,59.5,50.1,No
202611,137,68.2,53.6,100,62.5,70.6,Watch,59.5,39.9,No
202612,137,73.0,48.5,100,55.4,68.9,Watch,59.5,41.1,No
202501,138,82.0,63.2,65.5,74.2,70.7,Watch,75.5,45.5,No
202502,138,82.0,61.4,100,67.6,77.4,Watch,75.5,41.1,No
202503,138,82.0,56.7,100,65.1,75.5,Watch,75.5,42.3,No
202504,138,82.0,58.9,100,64.3,76.0,Watch,75.5,42.0,No
202505,138,82.0,51.7,46.0,58.0,59.1,At Risk,75.5,53.0,No
202506,138,62.7,54.8,100,63.5,69.8,Watch,75.5,46.0,No
202507,138,62.7,51.7,100,63.7,68.9,Watch,75.5,46.6,No
202508,138,67.8,55.0,100,73.2,73.1,Watch,75.5,43.9,No
202509,138,60.2,55.3,100,75.6,71.8,Watch,75.5,44.8,No
202510,138,58.0,53.7,46.0,74.3,57.0,At Risk,75.5,54.4,No
202511,138,69.5,53.6,100,74.5,73.4,Watch,75.5,43.7,No
202512,138,63.2,48.2,100,63.4,67.9,Watch,75.5,47.3,No
202601,138,64.0,48.5,65.5,60.0,58.9,At Risk,75.5,53.1,No
202602,138,63.1,63.8,100,56.6,71.2,Watch,75.5,45.1,No
202603,138,62.8,67.3,34.5,51.0,54.7,At Risk,75.5,55.9,No
202604,138,63.4,69.1,100,46.9,71.0,Watch,75.5,45.3,No
202605,138,67.8,74.1,100,49.6,74.1,Watch,75.5,43.2,No
202606,138,66.3,73.3,100,55.2,74.6,Watch,75.5,42.9,No
202607,138,70.7,80.5,65.5,54.8,69.1,Watch,75.5,46.5,No
202608,138,70.6,79.8,100,57.8,78.2,Watch,75.5,40.6,No
202609,138,71.2,86.4,100,64.0,81.5,Healthy,75.5,38.4,No
202610,138,73.2,91.3,100,54.2,81.5,Healthy,75.5,38.4,No
202611,138,72.4,92.2,100,62.5,83.3,Healthy,75.5,37.3,No
202612,138,77.8,89.4,100,55.4,82.3,Healthy,75.5,37.9,No
202501,139,82.0,99.1,100,96.1,94.5,Healthy,86.0,33.7,No
202502,139,82.0,92.9,100,82.9,89.9,Healthy,86.0,36.6,No
202503,139,82.0,95.7,100,78.8,90.0,Healthy,86.0,36.6,No
202504,139,82.0,91.5,100,85.8,90.1,Healthy,86.0,36.5,No
202505,139,82.0,91.7,100,78.5,88.7,Healthy,86.0,37.4,No
202506,139,88.1,97.3,100,85.4,93.3,Healthy,86.0,34.5,No
202507,139,86.4,97.6,100,90.0,93.9,Healthy,86.0,34.1,No
202508,139,83.4,94.4,100,98.5,93.9,Healthy,86.0,34.1,No
202509,139,89.9,93.3,100,99.3,95.3,Healthy,86.0,33.1,No
202510,139,87.5,97.4,100,99.3,96.0,Healthy,86.0,32.7,No
202511,139,92.6,95.7,100,92.2,95.3,Healthy,86.0,33.1,No
202512,139,78.6,97.1,100,88.9,91.6,Healthy,86.0,35.6,No
202601,139,92.9,95.7,100,85.1,94.0,Healthy,86.0,34.0,No
202602,139,80.0,99.6,100,80.7,91.0,Healthy,86.0,35.9,No
202603,139,85.7,98.8,86.2,72.4,87.1,Healthy,86.0,38.5,No
202604,139,89.9,90.9,100,66.0,87.9,Healthy,86.0,37.9,No
202605,139,91.0,95.8,93.1,74.8,89.7,Healthy,86.0,36.8,No
202606,139,88.7,93.5,100,67.6,88.7,Healthy,86.0,37.4,No
202607,139,84.1,96.5,100,75.2,90.0,Healthy,86.0,36.6,No
202608,139,90.5,96.9,100,84.5,93.6,Healthy,86.0,34.3,No
202609,139,89.0,93.7,100,79.1,91.2,Healthy,86.0,35.8,No
202610,139,93.2,99.7,90.8,81.3,92.2,Healthy,86.0,35.2,No
202611,139,77.7,95.2,100,83.4,89.7,Healthy,86.0,36.8,No
202612,139,80.6,96.9,100,75.0,89.2,Healthy,86.0,37.1,No
202501,140,82.0,91.1,100,70.3,86.9,Healthy,73.0,34.1,No
202502,140,82.0,87.4,100,60.8,83.9,Healthy,73.0,36.0,No
202503,140,82.0,92.3,100,58.7,84.9,Healthy,73.0,35.3,No
202504,140,82.0,93.2,90.8,58.2,82.8,Healthy,73.0,36.7,No
202505,140,82.0,90.5,100,51.8,83.0,Healthy,73.0,36.6,No
202506,140,82.0,88.7,100,60.2,84.1,Healthy,73.0,35.9,No
202507,140,82.0,90.5,100,61.3,84.9,Healthy,73.0,35.3,No
202508,140,82.0,95.9,100,65.9,87.4,Healthy,73.0,33.7,No
202509,140,82.0,89.0,100,70.7,86.3,Healthy,73.0,34.4,No
202510,140,86.7,87.7,100,70.9,87.1,Healthy,73.0,33.9,No
202511,140,89.4,93.6,100,69.4,89.3,Healthy,73.0,32.5,No
202512,140,81.5,94.1,100,61.5,85.9,Healthy,73.0,34.7,No
202601,140,89.6,88.6,100,60.5,86.1,Healthy,73.0,34.6,No
202602,140,84.9,87.4,100,46.1,81.7,Healthy,73.0,37.5,No
202603,140,91.5,94.4,100,44.1,85.0,Healthy,73.0,35.3,No
202604,140,80.3,89.9,100,40.8,80.2,Healthy,73.0,38.4,No
202605,140,87.5,89.9,100,46.0,83.1,Healthy,73.0,36.6,No
202606,140,77.6,88.3,100,45.8,80.1,Healthy,73.0,38.5,No
202607,140,91.4,93.3,100,50.7,86.0,Healthy,73.0,34.7,No
202608,140,87.0,92.0,100,59.2,86.2,Healthy,73.0,34.5,No
202609,140,87.8,88.2,100,58.1,85.0,Healthy,73.0,35.3,No
202610,140,79.7,87.3,86.2,48.0,77.3,Watch,73.0,40.3,No
202611,140,91.0,94.6,100,58.2,87.8,Healthy,73.0,33.5,No
202612,140,91.9,91.7,100,52.7,86.0,Healthy,73.0,34.6,No
202501,141,82.0,96.9,100,70.3,88.6,Healthy,72.5,32.8,No
202502,141,82.0,93.7,100,60.8,85.8,Healthy,72.5,34.6,No
202503,141,82.0,94.7,100,58.7,85.7,Healthy,72.5,34.7,No
202504,141,82.0,96.3,72.4,58.2,79.2,Watch,72.5,38.9,No
202505,141,82.0,92.3,100,51.8,83.6,Healthy,72.5,36.1,No
202506,141,82.0,91.4,100,60.2,84.9,Healthy,72.5,35.2,No
202507,141,82.0,92.8,100,61.3,85.6,Healthy,72.5,34.7,No
202508,141,82.0,98.8,100,65.9,88.3,Healthy,72.5,33.0,No
202509,141,82.0,94.4,100,70.7,88.0,Healthy,72.5,33.2,No
202510,141,82.0,96.6,100,70.9,88.7,Healthy,72.5,32.7,No
202511,141,65.4,92.8,100,69.4,83.1,Healthy,72.5,36.4,No
202512,141,56.5,90.9,100,61.5,78.7,Watch,72.5,39.2,No
202601,141,47.3,93.5,100,60.5,77.0,Watch,72.5,40.3,No
202602,141,63.7,94.8,100,46.1,78.6,Watch,72.5,39.3,No
202603,141,66.2,89.1,33.3,44.1,60.4,At Risk,72.5,51.1,No
202604,141,48.8,94.9,86.2,40.8,70.4,Watch,72.5,44.6,No
202605,141,60.0,89.7,100,46.0,76.1,Watch,72.5,40.9,No
202606,141,57.5,91.0,100,45.8,75.8,Watch,72.5,41.1,No
202607,141,59.1,97.4,100,50.7,79.1,Watch,72.5,39.0,No
202608,141,64.7,91.9,100,59.2,80.6,Healthy,72.5,38.0,No
202609,141,59.1,98.1,100,58.1,80.8,Healthy,72.5,37.8,No
202610,141,58.2,93.7,100,48.0,77.2,Watch,72.5,40.2,No
202611,141,65.0,90.9,100,58.2,80.2,Healthy,72.5,38.3,No
202612,141,55.9,93.8,100,52.7,77.7,Watch,72.5,39.9,No
202501,142,82.0,46.9,0,74.2,49.4,Critical,83.0,61.9,Yes
202502,142,82.0,48.1,100,67.6,73.4,Watch,83.0,46.3,No
202503,142,82.0,42.4,100,65.1,71.2,Watch,83.0,47.7,No
202504,142,82.0,47.2,100,64.3,72.5,Watch,83.0,46.9,No
202505,142,73.7,44.5,100,58.0,68.4,Watch,83.0,49.6,No
202506,142,64.8,40.8,55.2,63.5,55.0,At Risk,83.0,58.3,Yes
202507,142,64.7,44.8,100,63.7,67.3,Watch,83.0,50.3,No
202508,142,60.9,42.8,100,73.2,67.7,Watch,83.0,50.0,No
202509,142,61.3,38.5,100,75.6,67.0,Watch,83.0,50.5,No
202510,142,71.4,44.4,100,74.3,71.0,Watch,83.0,47.9,No
202511,142,71.0,39.3,34.5,74.5,53.0,At Risk,83.0,59.6,Yes
202512,142,71.1,41.8,55.2,63.4,56.8,At Risk,83.0,57.1,No
202601,142,70.2,37.1,100,60.0,65.7,Watch,83.0,51.4,No
202602,142,60.3,34.7,100,56.6,61.8,At Risk,83.0,53.9,No
202603,142,60.7,33.5,100,51.0,60.4,At Risk,83.0,54.8,No
202604,142,62.3,37.7,100,46.9,61.3,At Risk,83.0,54.2,No
202605,142,72.2,36.1,100,49.6,63.8,At Risk,83.0,52.6,No
202606,142,78.0,36.7,72.4,55.2,59.6,At Risk,83.0,55.3,No
202607,142,65.2,33.4,100,54.8,62.3,At Risk,83.0,53.6,No
202608,142,77.6,33.7,100,57.8,66.1,Watch,83.0,51.1,No
202609,142,70.5,32.2,100,64.0,65.1,Watch,83.0,51.7,No
202610,142,64.5,31.4,46.0,54.2,47.9,Critical,83.0,62.9,Yes
202611,142,60.1,30.1,100,62.5,61.6,At Risk,83.0,54.0,No
202612,142,69.4,32.7,100,55.4,63.3,At Risk,83.0,52.9,No
202501,143,82.0,70.2,100,92.2,85.0,Healthy,67.0,33.2,No
202502,143,71.8,72.8,100,85.9,82.0,Healthy,67.0,35.2,No
202503,143,63.2,76.5,100,77.9,79.3,Watch,67.0,36.9,No
202504,143,67.0,71.0,100,81.8,79.4,Watch,67.0,36.8,No
202505,143,61.9,74.3,100,77.1,78.2,Watch,67.0,37.6,No
202506,143,65.7,69.1,100,85.1,79.2,Watch,67.0,37.0,No
202507,143,68.3,70.9,100,85.3,80.4,Healthy,67.0,36.2,No
202508,143,74.5,69.2,100,90.1,82.4,Healthy,67.0,34.9,No
202509,143,74.6,68.7,100,92.1,82.7,Healthy,67.0,34.7,No
202510,143,72.7,72.6,100,98.2,84.6,Healthy,67.0,33.5,No
202511,143,60.2,64.8,100,92.4,78.0,Watch,67.0,37.8,No
202512,143,74.2,69.5,100,88.2,82.0,Healthy,67.0,35.1,No
202601,143,63.3,67.1,46.0,83.8,64.2,At Risk,67.0,46.7,No
202602,143,77.2,70.3,46.0,73.3,66.5,Watch,67.0,45.2,No
202603,143,67.2,62.4,100,71.9,74.9,Watch,67.0,39.8,No
202604,143,67.8,65.2,55.2,67.7,63.8,At Risk,67.0,47.0,No
202605,143,62.3,66.4,72.4,69.7,67.5,Watch,67.0,44.6,No
202606,143,71.3,64.5,72.4,67.9,68.8,Watch,67.0,43.7,No
202607,143,73.5,66.1,100,71.8,77.6,Watch,67.0,38.0,No
202608,143,71.1,65.3,100,81.9,78.7,Watch,67.0,37.3,No
202609,143,66.9,64.8,100,80.4,77.2,Watch,67.0,38.2,No
202610,143,77.2,65.3,79.3,83.0,75.3,Watch,67.0,39.5,No
202611,143,61.3,63.1,100,78.0,74.8,Watch,67.0,39.8,No
202612,143,63.2,65.1,37.9,72.5,59.3,At Risk,67.0,49.9,No
202501,144,82.0,94.2,100,74.2,88.6,Healthy,77.5,34.5,No
202502,144,82.0,91.8,100,67.6,86.5,Healthy,77.5,35.9,No
202503,144,82.0,95.7,100,65.1,87.2,Healthy,77.5,35.4,No
202504,144,82.0,89.7,100,64.3,85.3,Healthy,77.5,36.7,No
202505,144,82.0,94.6,100,58.0,85.5,Healthy,77.5,36.5,No
202506,144,82.0,94.9,100,63.5,86.7,Healthy,77.5,35.8,No
202507,144,82.0,93.2,72.4,63.7,79.3,Watch,77.5,40.6,No
202508,144,93.0,91.6,100,73.2,90.4,Healthy,77.5,33.4,No
202509,144,87.6,96.4,100,75.6,90.9,Healthy,77.5,33.0,No
202510,144,84.2,92.9,100,74.3,88.8,Healthy,77.5,34.4,No
202511,144,77.8,95.5,100,74.5,88.0,Healthy,77.5,34.9,No
202512,144,87.4,91.8,100,63.4,87.1,Healthy,77.5,35.5,No
202601,144,91.4,94.3,100,60.0,88.1,Healthy,77.5,34.8,No
202602,144,83.5,96.9,100,56.6,86.3,Healthy,77.5,36.1,No
202603,144,90.9,91.5,100,51.0,85.4,Healthy,77.5,36.6,No
202604,144,84.7,92.8,100,46.9,83.4,Healthy,77.5,37.9,No
202605,144,86.4,95.4,100,49.6,85.1,Healthy,77.5,36.8,No
202606,144,84.6,97.1,100,55.2,86.3,Healthy,77.5,36.0,No
202607,144,82.7,91.0,100,54.8,83.9,Healthy,77.5,37.6,No
202608,144,87.6,95.2,100,57.8,87.0,Healthy,77.5,35.6,No
202609,144,79.6,92.9,100,64.0,85.6,Healthy,77.5,36.5,No
202610,144,87.3,95.4,100,54.2,86.3,Healthy,77.5,36.0,No
202611,144,87.6,91.7,100,62.5,86.9,Healthy,77.5,35.6,No
202612,144,80.9,95.0,100,55.4,84.8,Healthy,77.5,37.0,No
202501,145,82.0,98.9,100,64.8,88.1,Healthy,86.5,38.0,No
202502,145,82.0,92.8,95.4,55.9,83.4,Healthy,86.5,41.1,No
202503,145,82.0,94.0,100,52.9,84.3,Healthy,86.5,40.5,No
202504,145,82.0,91.9,100,50.4,83.1,Healthy,86.5,41.2,No
202505,145,82.0,95.4,100,49.5,84.0,Healthy,86.5,40.7,No
202506,145,82.0,93.8,100,54.1,84.5,Healthy,86.5,40.4,No
202507,145,82.0,96.1,100,54.2,85.2,Healthy,86.5,39.9,No
202508,145,82.0,97.0,100,59.0,86.4,Healthy,86.5,39.1,No
202509,145,92.9,96.1,100,66.7,90.4,Healthy,86.5,36.5,No
202510,145,80.2,98.0,100,63.5,87.2,Healthy,86.5,38.6,No
202511,145,92.5,96.6,100,64.5,90.0,Healthy,86.5,36.8,No
202512,145,83.7,94.9,100,55.3,85.5,Healthy,86.5,39.7,No
202601,145,85.5,96.0,95.4,55.8,85.2,Healthy,86.5,39.9,No
202602,145,90.5,93.1,100,41.5,83.8,Healthy,86.5,40.8,No
202603,145,89.0,95.0,100,41.6,84.1,Healthy,86.5,40.6,No
202604,145,81.3,97.4,100,37.7,82.1,Healthy,86.5,41.9,No
202605,145,78.7,94.5,100,37.2,80.5,Healthy,86.5,43.0,No
202606,145,86.4,89.8,100,37.9,81.1,Healthy,86.5,42.5,No
202607,145,89.1,95.6,100,42.9,84.5,Healthy,86.5,40.3,No
202608,145,83.6,92.8,100,49.7,83.7,Healthy,86.5,40.9,No
202609,145,88.7,92.5,100,54.3,85.8,Healthy,86.5,39.5,No
202610,145,85.5,96.1,86.2,47.0,81.2,Healthy,86.5,42.5,No
202611,145,80.7,91.9,100,53.8,83.5,Healthy,86.5,41.0,No
202612,145,80.6,97.9,100,48.7,84.3,Healthy,86.5,40.5,No
202501,146,71.9,72.7,77.0,70.3,73.1,Watch,77.0,44.4,No
202502,146,58.5,73.4,100,60.8,73.8,Watch,77.0,44.0,No
202503,146,69.1,68.4,100,58.7,74.5,Watch,77.0,43.5,No
202504,146,61.0,67.6,72.4,58.2,65.3,Watch,77.0,49.5,No
202505,146,59.9,69.7,100,51.8,71.2,Watch,77.0,45.6,No
202506,146,70.6,65.8,72.4,60.2,67.5,Watch,77.0,48.1,No
202507,146,69.4,66.9,72.4,61.3,67.8,Watch,77.0,47.9,No
202508,146,57.3,70.9,100,65.9,73.8,Watch,77.0,44.0,No
202509,146,61.5,66.9,100,70.7,74.6,Watch,77.0,43.5,No
202510,146,65.4,70.0,100,70.9,76.5,Watch,77.0,42.2,No
202511,146,71.3,65.8,100,69.4,76.4,Watch,77.0,42.3,No
202512,146,70.9,62.9,100,61.5,73.9,Watch,77.0,43.9,No
202601,146,65.6,67.4,100,60.5,73.7,Watch,77.0,44.0,No
202602,146,62.8,79.2,100,46.1,73.7,Watch,77.0,44.1,No
202603,146,64.3,78.8,100,44.1,73.5,Watch,77.0,44.2,No
202604,146,64.0,84.7,72.4,40.8,67.6,Watch,77.0,48.0,No
202605,146,68.0,83.9,100,46.0,76.4,Watch,77.0,42.3,No
202606,146,68.5,91.9,100,45.8,78.9,Watch,77.0,40.7,No
202607,146,68.2,93.2,100,50.7,80.1,Healthy,77.0,39.9,No
202608,146,71.4,93.2,100,59.2,82.7,Healthy,77.0,38.2,No
202609,146,72.9,93.2,100,58.1,82.8,Healthy,77.0,38.1,No
202610,146,70.9,93.2,100,48.0,80.3,Healthy,77.0,39.8,No
202611,146,76.0,93.2,55.2,58.2,72.4,Watch,77.0,44.9,No
202612,146,76.6,93.2,100,52.7,82.6,Healthy,77.0,38.2,No
202501,147,88.0,89.8,100,74.2,88.8,Healthy,64.5,29.9,No
202502,147,81.7,89.1,100,67.6,85.7,Healthy,64.5,31.9,No
202503,147,90.9,91.6,100,65.1,88.2,Healthy,64.5,30.2,No
202504,147,89.2,90.5,100,64.3,87.3,Healthy,64.5,30.8,No
202505,147,92.7,89.0,100,58.0,86.5,Healthy,64.5,31.4,No
202506,147,85.9,89.9,100,63.5,86.2,Healthy,64.5,31.6,No
202507,147,78.0,90.4,100,63.7,84.4,Healthy,64.5,32.7,No
202508,147,80.4,92.0,100,73.2,87.3,Healthy,64.5,30.8,No
202509,147,91.5,93.8,100,75.6,91.1,Healthy,64.5,28.3,No
202510,147,85.4,90.0,100,74.3,88.2,Healthy,64.5,30.2,No
202511,147,89.5,89.2,100,74.5,89.0,Healthy,64.5,29.7,No
202512,147,93.1,86.9,100,63.4,87.0,Healthy,64.5,31.0,No
202601,147,80.5,92.2,100,60.0,84.8,Healthy,64.5,32.5,No
202602,147,91.0,87.4,100,56.6,85.3,Healthy,64.5,32.1,No
202603,147,78.6,92.9,100,51.0,82.7,Healthy,64.5,33.8,No
202604,147,86.6,85.1,100,46.9,81.6,Healthy,64.5,34.5,No
202605,147,91.9,91.2,100,49.6,85.3,Healthy,64.5,32.2,No
202606,147,81.4,88.6,90.8,55.2,80.7,Healthy,64.5,35.1,No
202607,147,78.5,88.9,100,54.8,82.2,Healthy,64.5,34.1,No
202608,147,86.2,93.5,100,57.8,86.2,Healthy,64.5,31.6,No
202609,147,88.7,94.5,100,64.0,88.3,Healthy,64.5,30.2,No
202610,147,87.7,89.0,100,54.2,84.5,Healthy,64.5,32.7,No
202611,147,85.7,93.8,86.2,62.5,83.6,Healthy,64.5,33.2,No
202612,147,79.9,93.9,100,55.4,84.2,Healthy,64.5,32.8,No
202501,148,82.0,51.8,34.5,93.9,63.4,At Risk,55.0,43.0,No
202502,148,82.0,51.4,100,85.2,78.0,Watch,55.0,33.6,No
202503,148,82.0,46.3,100,77.4,74.9,Watch,55.0,35.6,No
202504,148,82.0,50.5,34.5,83.7,61.0,At Risk,55.0,44.6,No
202505,148,82.0,47.9,100,75.5,75.0,Watch,55.0,35.5,No
202506,148,82.0,47.3,100,87.7,77.2,Watch,55.0,34.0,No
202507,148,82.0,50.0,100,85.0,77.5,Watch,55.0,33.9,No
202508,148,67.5,50.0,46.0,94.7,62.3,At Risk,55.0,43.8,No
202509,148,73.4,49.1,100,95.1,77.1,Watch,55.0,34.1,No
202510,148,76.7,44.2,55.2,95.3,65.3,Watch,55.0,41.8,No
202511,148,74.4,42.7,100,92.8,75.0,Watch,55.0,35.5,No
202512,148,77.5,47.0,100,88.1,76.1,Watch,55.0,34.8,No
202601,148,60.4,44.4,100,86.5,70.7,Watch,55.0,38.3,No
202602,148,70.8,42.4,100,77.9,71.0,Watch,55.0,38.1,No
202603,148,60.0,44.2,100,75.2,68.3,Watch,55.0,39.9,No
202604,148,61.7,38.4,100,67.1,65.4,Watch,55.0,41.8,No
202605,148,62.1,42.4,72.4,69.6,60.3,At Risk,55.0,45.1,No
202606,148,77.0,43.8,55.2,69.2,60.0,At Risk,55.0,45.2,No
202607,148,68.8,41.1,100,73.1,69.1,Watch,55.0,39.3,No
202608,148,77.1,43.9,72.4,82.9,67.1,Watch,55.0,40.6,No
202609,148,62.0,37.4,100,79.8,67.7,Watch,55.0,40.3,No
202610,148,78.4,43.6,100,86.8,75.0,Watch,55.0,35.5,No
202611,148,74.5,43.2,100,82.4,73.1,Watch,55.0,36.8,No
202612,148,62.8,39.9,100,78.5,68.4,Watch,55.0,39.8,No
202501,149,82.0,93.4,81.6,74.2,83.8,Healthy,91.5,42.6,No
202502,149,82.0,88.9,100,67.6,85.7,Healthy,91.5,41.3,No
202503,149,82.0,91.1,100,65.1,85.9,Healthy,91.5,41.2,No
202504,149,82.0,94.8,100,64.3,86.8,Healthy,91.5,40.6,No
202505,149,82.0,94.8,100,58.0,85.6,Healthy,91.5,41.4,No
202506,149,82.0,93.8,100,63.5,86.4,Healthy,91.5,40.9,No
202507,149,82.0,86.5,100,63.7,84.2,Healthy,91.5,42.3,No
202508,149,82.0,87.8,100,73.2,86.5,Healthy,91.5,40.8,No
202509,149,82.0,87.5,100,75.6,86.9,Healthy,91.5,40.6,No
202510,149,82.0,89.9,100,74.3,87.3,Healthy,91.5,40.3,No
202511,149,82.0,94.5,100,74.5,88.8,Healthy,91.5,39.3,No
202512,149,89.0,91.4,100,63.4,87.4,Healthy,91.5,40.2,No
202601,149,78.7,89.4,100,60.0,83.5,Healthy,91.5,42.8,No
202602,149,80.0,87.5,90.8,56.6,80.3,Healthy,91.5,44.9,No
202603,149,82.3,91.4,90.8,51.0,80.9,Healthy,91.5,44.4,No
202604,149,93.2,90.4,100,46.9,84.8,Healthy,91.5,41.9,No
202605,149,77.7,85.8,79.3,49.6,74.9,Watch,91.5,48.3,No
202606,149,86.1,85.9,100,55.2,83.3,Healthy,91.5,42.9,No
202607,149,87.6,90.2,100,54.8,84.9,Healthy,91.5,41.8,No
202608,149,85.3,91.5,100,57.8,85.3,Healthy,91.5,41.6,No
202609,149,79.6,86.6,100,64.0,83.7,Healthy,91.5,42.6,No
202610,149,77.6,92.3,100,54.2,82.9,Healthy,91.5,43.1,No
202611,149,88.1,94.7,100,62.5,87.9,Healthy,91.5,39.9,No
202612,149,77.3,90.8,100,55.4,82.7,Healthy,91.5,43.3,No
202501,150,87.8,94.6,100,67.0,88.8,Healthy,92.0,39.5,No
202502,150,78.4,87.7,100,56.7,82.2,Healthy,92.0,43.8,No
202503,150,84.4,85.9,100,54.4,82.7,Healthy,92.0,43.4,No
202504,150,86.9,86.4,100,47.1,82.1,Healthy,92.0,43.9,No
202505,150,79.5,90.3,100,50.7,82.1,Healthy,92.0,43.8,No
202506,150,81.7,89.5,100,51.1,82.5,Healthy,92.0,43.6,No
202507,150,78.0,86.6,100,59.2,82.3,Healthy,92.0,43.7,No
202508,150,80.7,85.6,95.4,58.3,81.4,Healthy,92.0,44.3,No
202509,150,87.8,86.8,100,65.9,86.1,Healthy,92.0,41.2,No
202510,150,89.5,87.8,100,64.8,86.7,Healthy,92.0,40.9,No
202511,150,88.5,92.2,100,63.3,87.5,Healthy,92.0,40.4,No
202512,150,82.0,93.5,93.1,54.2,82.7,Healthy,92.0,43.5,No
202601,150,87.1,88.4,100,56.6,84.6,Healthy,92.0,42.2,No
202602,150,79.0,84.5,100,46.7,79.5,Watch,92.0,45.6,No
202603,150,86.9,86.0,100,45.0,81.5,Healthy,92.0,44.2,No
202604,150,81.6,91.8,100,38.2,80.6,Healthy,92.0,44.8,No
202605,150,85.4,87.7,100,36.8,80.0,Healthy,92.0,45.2,No
202606,150,77.9,91.4,100,42.8,80.5,Healthy,92.0,44.9,No
202607,150,90.9,92.4,100,47.8,85.0,Healthy,92.0,42.0,No
202608,150,85.9,85.0,100,52.4,82.5,Healthy,92.0,43.6,No
202609,150,89.1,88.4,100,54.0,84.6,Healthy,92.0,42.2,No
202610,150,82.6,87.7,100,51.9,82.3,Healthy,92.0,43.7,No
202611,150,90.8,87.8,100,54.7,85.0,Healthy,92.0,42.0,No
202612,150,92.7,87.6,100,48.1,84.1,Healthy,92.0,42.5,No
